id,lemma,display,pos,level,topic,currentZh,reviewedZh,reviewStatus,reviewerNote,reviewedOn
"名词|aktivitet","aktivitet","en aktivitet","名词","待拆级","未来计划与目标","活动；活跃状态（看语境）","活动；活跃状态（看语境）","已人工审校","Bokmålsordboka 分为两类：处于活动状态/活力（være i aktivitet）和一项具体活动、事务（en aktivitet / sosiale aktiviteter）。卡片例句 Vi skal velge en aktivitet for helgen 是“选一项活动”，而 Hun er i aktivitet hele dagen 是“一整天都在活动”；不是所有场景都指一场活动。https://ordbokene.no/bm/aktivitet","2026-09-26"
"名词|beslutning","beslutning","en beslutning","名词","待拆级","未来计划与目标","决定；决议（作出判断或决定这一行为/结果）","决定；决议（作出判断或决定这一行为/结果）","已人工审校","可指个人作出的决定，也可指机构正式决议；常搭配 ta/fatte/treffe en beslutning（作决定）。Bokmålsordboka 接受阳性或阴性：en beslutning / ei beslutning；本词条采用 en。Styret har fattet følgende beslutning 是“董事会作出了以下决定”。https://ordbokene.no/bm/beslutning","2026-09-26"
"名词|endring","endring","en endring","名词","待拆级","未来计划与目标","变化；改变（可指变化过程或变化后的结果）","变化；改变（可指变化过程或变化后的结果）","已人工审校","可指某事变得不同，也可指被提出/实施的一项具体改动。Bokmålsordboka 允许 en/ei：en endring / ei endring；本卡采用 en。gjøre noen endringer 是“做几处改动”，与发生变化的抽象过程略有区别。https://ordbokene.no/bm/endring","2026-09-26"
"形容词|energisk","energisk","energisk","形容词","待拆级","未来计划与目标","精力充沛的；干劲十足的","精力充沛的；干劲十足的","已人工审校","描述人或行动充满精力、积极主动；Bokmålsordboka 也记录副词用法 protestere energisk（积极/强烈地抗议）。专题例句 et energisk menneske 指一个精力旺盛的人，不等同于单纯‘性格外向’。https://ordbokene.no/bm/energisk","2026-09-26"
"动词|fokusere","fokusere","å fokusere","动词","待拆级","未来计划与目标","专注；集中注意力","专注；集中注意力","已人工审校","具体镜头/视线可用 fokusere linsen/blikket（调焦/聚焦）；注意力义常用 fokusere på + 名词或 på å + 动词原形，如 fokusere på å løse problemene（把注意力集中在解决问题上）。当前专题句 fokusere mer på norsk 表示把更多注意力放在挪威语上。https://ordbokene.no/bm/fokusere","2026-09-26"
"形容词|fokusert","fokusert","fokusert","形容词","待拆级","未来计划与目标","专注的；注意力集中的（常用 fokusert på）","专注的；注意力集中的（常用 fokusert på）","已人工审校","描述人的注意力集中，或工作/讨论的重点明确；常用 være fokusert på + 主题/任务。Jeg vil være mer fokusert på norsk 是“我想把更多注意力放在挪威语上”；形容词 fokuser(t) 不要与动词 fokusere（集中注意力）混为同一词形。https://ordbokene.no/bm/fokusere","2026-09-26"
"动词|forandre","forandre","å forandre","动词","待拆级","未来计划与目标","改变；使变化","改变；使变化","已人工审校","及物结构 forandre noe 是改变某物；反身 forandre seg 是自己/事物发生变化。专题句 Små steg kan forandre hverdagen 的 steg 指一步步行动，宜译‘一点点行动也能改变日常生活’，不要把 steg 误译成‘进步’。https://ordbokene.no/bm/forandre","2026-09-26"
"动词|forbedre","forbedre","å forbedre","动词","待拆级","未来计划与目标","改善；提高","改善；提高","已人工审校","及物用法改善某个对象：forbedre teknikken（改进技术）；被动 mye kan forbedres her 是‘这里有很多方面可以改进’。反身 forbedre seg 表示自身/状况变好，不能把两种句型都机械译成‘提高’。https://ordbokene.no/bm/forbedre","2026-09-26"
"名词|forbedring","forbedring","en forbedring","名词","待拆级","未来计划与目标","改善；改进；进步（相较之前变得更好）","改善；改进；进步（相较之前变得更好）","已人工审校","指改善这一过程或已经出现的较好结果：en klar forbedring（一项明显改进）；常见 forbedring av noe（对某事的改进）。和 framgang（持续进展/进步）相近，但 forbedring 更直接指“改好/改善”的变化或结果。允许 en/ei，本卡采用 en。https://ordbokene.no/bm/forbedring","2026-09-26"
"名词|forsett","forsett","et forsett","名词","待拆级","未来计划与目标","打算；意图；决心（新年计划常见于 nyttårsforsett）","打算；意图；决心（新年计划常见于 nyttårsforsett）","已人工审校","et forsett 指打算去做的事、意图或决心，语体较正式；常见 fullføre forsettet sitt（完成自己的打算）、ha et urokkelig forsett（有坚定决心）。新年计划常说 nyttårsforsett。法律语境另指故意，与过失相对；初学先掌握意图义。中性名词：et forsett – forsettet – forsetter – forsettene。https://ordbokene.no/bm/forsett","2026-09-26"
"名词|framgang","framgang","en framgang","名词","待拆级","未来计划与目标","进展；进步（朝更好的方向发展）","进展；进步（朝更好的方向发展）","已人工审校","指发展朝更好方向推进，也可表示顺利、成功；常说 være i framgang（正在进步/发展）、ha framgang（取得进展）。Bokmål 允许 framgang 和 fremgang 两种拼法；此词通常作为抽象单数概念使用。https://ordbokene.no/bm/framgang","2026-09-26"
"名词|framtid","framtid","en framtid","名词","待拆级","未来计划与目标","未来；前景（指将来的处境或发展可能）","未来；前景（指将来的处境或发展可能）","已人工审校","可指当前之后的时间，也可指某人/事物将来的前景：framtiden ligger åpen foran deg 不只是‘未来在你前方’，自然意为‘你的未来充满可能’。Bokmål 允许 framtid/fremtid；名词可用 en 或 ei，本卡采用 en。https://ordbokene.no/bm/framtid","2026-09-26"
"动词|fullføre","fullføre","å fullføre","动词","待拆级","未来计划与目标","完成；做完（把课程、任务等进行到底）","完成；做完（把课程、任务等进行到底）","已人工审校","及物动词，强调把课程、学业、任务或一轮谈判进行到结束：fullføre et studium（完成一项学业）。专题 Jeg skal fullføre kurset 是‘我打算完成这门课程’，不是只表示开始或参与。过去时 fullførte，完成分词 fullført。https://ordbokene.no/bm/fullf%C3%B8re","2026-09-26"
"名词|glede","glede","en glede","名词","待拆级","未来计划与目标","喜悦；快乐；令人高兴的事（依语境）","喜悦；快乐；令人高兴的事（依语境）","已人工审校","既可指喜悦这种感受，也可指令人高兴的事情：Det blir en glede å møte familien 是‘能见到家人会是一件令人高兴的事’。反身动词 glede seg til（期待）和 glede seg over（因……而高兴）另按对应结构学习，不要与名词 glede 混为一谈。https://ordbokene.no/bm/glede","2026-09-26"
"动词短语|glede seg","glede seg","å glede seg","动词短语","待拆级","未来计划与目标","期待；因……感到高兴（分别用 glede seg til / over）","期待；因……感到高兴（分别用 glede seg til / over）","已人工审校","这是带反身代词的固定动词短语：glede seg til + 将来的活动/时点=期待；glede seg over + 已有的人/事=为……感到高兴。Jeg gleder meg til reisen 中 jeg 对应 meg；换主语时反身代词也变，如 hun gleder seg。https://ordbokene.no/bm/glede","2026-09-26"
"名词|håp","håp","et håp","名词","待拆级","未来计划与目标","希望；盼望；有望实现的好结果","希望；盼望；有望实现的好结果","已人工审校","核心义是希望某件好事实现，也可指成功的机会或被寄予厚望的人：sette sitt håp til noen（把希望寄托在某人身上）；han er Norges håp（他是挪威的希望/夺冠希望）。中性名词不定复数与单数同形：et håp – håpet – håp – håpene。https://ordbokene.no/bm/h%C3%A5p","2026-09-26"
"名词|innsats","innsats","en innsats","名词","待拆级","未来计划与目标","努力；投入；贡献（依语境）","努力；投入；贡献（依语境）","已人工审校","描述为目标付出的努力/重要贡献时，gjøre en innsats for noe/someone 是“为……作出努力/贡献”；Med jevn innsats lærer jeg mer 表示“持续投入学习，我就能学得更多”。词典还有赌注、冒险投入等义，需由搭配判断。https://ordbokene.no/bm/innsats","2026-09-26"
"名词|karriere","karriere","en karriere","名词","待拆级","未来计划与目标","职业生涯；职业发展（马术语境另有“疾驰”义）","职业生涯；职业发展（马术语境另有“疾驰”义）","已人工审校","日常主要指一个人的职业路径/职业生涯：starte en ny karriere（开启新的职业生涯）、karriere som kunstner（艺术家职业生涯）。骑术专业语境另指一种快步/疾驰；一般学习和工作话题用职业义。阳性名词 en karriere。https://ordbokene.no/bm/karriere","2026-09-26"
"动词结构|komme til å","komme til å","å komme til å","动词结构","待拆级","未来计划与目标","将会；预计会（表达预测；另有“碰巧/得以”义）","将会；预计会（表达预测；另有“碰巧/得以”义）","已人工审校","未来义的结构是变位的 komme + til å + 动词原形：Hun kommer til å greie oppgaven（她会完成这项任务）；til å 后的主要动词用原形。过去时语境还可能表示“碰巧/得以”，如 han kom til å tenke på noe（他忽然/碰巧想到一件事），不可一律翻成将来。https://ordbokene.no/bm/komme%20til%20%C3%A5","2026-09-26"
"形容词|kreativ","kreativ","kreativ","形容词","待拆级","未来计划与目标","有创意的；善于产生并实现新想法的","有创意的；善于产生并实现新想法的","已人工审校","既可形容有新点子的人，也可形容具有创造性、能带来新意的做法或环境：en kreativ kunstner（一位有创意的艺术家）；løse oppgaven på en kreativ måte（用有创意的方法解决任务）。强调想法新颖并付诸实现。https://ordbokene.no/bm/kreativ","2026-09-26"
"名词|løsning","løsning","en løsning","名词","待拆级","未来计划与目标","解决办法；解决方案；（化学）溶液","解决办法；解决方案；（化学）溶液","已人工审校","常见日常义是问题的解决办法/答案：finne en god løsning（找到一个好办法）；化学中可指物质溶于液体形成的溶液。en løsning på et problem 中 på 引出要解决的问题；注意同一词在化学语境不是“解法”。名词可用 en/ei，本卡采用 en。https://ordbokene.no/bm/l%C3%B8sning","2026-09-26"
"副词|mer","mer","mer","副词","待拆级","未来计划与目标","更；更加；更多；（否定句中）不再/不……了","更；更加；更多；（否定句中）不再/不……了","已人工审校","此卡是副词 mer：放在动词后可表示多做一些（Jeg vil lese mer=我想多读一些）；放在形容词/副词比较级前可加强程度（mer fokusert=更加专注）。ikke … mer 表示不再。Bokmålsordboka 将 mer 列为 mye 的比较级；另一词条同时覆盖副词/限定词的用途。https://ordbokene.no/bm/mer","2026-09-26"
"名词|motivasjon","motivasjon","en motivasjon","名词","待拆级","未来计划与目标","行动意愿；动力（做某事的意愿）","行动意愿；动力（做某事的意愿）","已人工审校","指促使一个人行动的意愿或积极性，常说 motivasjon for + 活动/目标、motivasjon til å + 动词：motivasjon for langvarig skolegang（长期求学的动力）。家人给我动力的句子里是抽象名词，不是某一次“激励”。阳性名词 en motivasjon；通常抽象单数使用。https://ordbokene.no/bm/motivasjon","2026-09-26"
"形容词|motivert","motivert","motivert","形容词","待拆级","未来计划与目标","有动力的；对……有积极性的（常用 motivert for）","有动力的；对……有积极性的（常用 motivert for）","已人工审校","作表语时说明某人对某任务有意愿和动力：være motivert for oppgaven（对任务有动力）；也可用 motivert til å + 动词表达有积极性去做某事。它不表示任务本身“令人有动力”；如有需要要另用 motiverende。https://ordbokene.no/bm/%C3%A5%20motivere","2026-09-26"
"限定词/形容词|neste","neste","neste","限定词/形容词","待拆级","未来计划与目标","下一个；接下来的（按时间或顺序）","下一个；接下来的（按时间或顺序）","已人工审校","neste 修饰紧接当前之后的对象：neste stasjon（下一站）、neste uke（下周）、neste gang（下次）。当时间词搭配时，具体是哪一周/哪次由当前语境决定；不要误当成“最近的”，后者常用 nærmeste。词典将此用法列为形容词；教学上也可理解为限定名词的词。https://ordbokene.no/bm/neste","2026-09-26"
"名词|nyttår","nyttår","et nyttår","名词","待拆级","未来计划与目标","新年；岁末年初/新年时段","新年；岁末年初/新年时段","已人工审校","既可指新的一年，也可指年末到新年附近的时间；over nyttår 是“过了新年/新年之后”，mellom jul og nyttår 是“圣诞节到新年之间”。https://ordbokene.no/bm/nyttår","2026-09-25"
"介词|nær","nær","nær","介词","待拆级","未来计划与目标","靠近；距离不远（nær + 地点）","靠近；距离不远（nær + 地点）","已人工审校","在本专题的 nær byen/fjell 中表达空间距离近；还可描述关系亲密（nære venner），或作副词表示接近/几乎。虽然本词条按句中介词用法收录，词典基本条目把相关用法列在形容词和副词下。https://ordbokene.no/nno/bm/n%C3%A6r","2026-09-25"
"介词|om","om","om","介词","待拆级","未来计划与目标","关于；（时间）……后/……时（依时间表达）","关于；（时间）……后/……时（依时间表达）","已人工审校","om + 话题表示“关于”（snakke om framtida）；om + 一段时间表示“……之后”（om en uke）；om sommeren 则是“在夏天/每逢夏天”。需根据后面的词判断，不能固定只译成“关于”。https://ordbokene.no/nob/bm/42048","2026-09-25"
"时间短语|om fem år","om fem år","om fem år","时间短语","待拆级","未来计划与目标","五年后（从现在起计算）","五年后（从现在起计算）","已人工审校","om + 时间段表示从现在起过这段时间之后；om fem år = 五年后。与 for fem år siden（五年前）方向相反。例句按词典 om en uke 的时间用法扩展。https://ordbokene.no/nob/bm/42048","2026-09-25"
"动词|oppdage","oppdage","å oppdage","动词","待拆级","未来计划与目标","发现；察觉/注意到；（首次）发现某地或现象","发现；察觉/注意到；（首次）发现某地或现象","已人工审校","可指突然看见/注意到某人，也可指首次发现一个地方、自然现象或人才；按宾语判断，不局限于“发明”。https://ordbokene.no/bm/oppdage","2026-09-25"
"名词|opplevelse","opplevelse","en opplevelse","名词","待拆级","未来计划与目标","亲身经历；体验；经历的事情","亲身经历；体验；经历的事情","已人工审校","表示亲自经历的一件事或体验；与“工作经验/阅历”通常用 erfaring 表达的意思区分。名词可用 en 或 ei，本专题采用 en。https://ordbokene.no/bm/opplevelse","2026-09-25"
"动词|oppnå","oppnå","å oppnå","动词","待拆级","未来计划与目标","达到；实现","达到；实现","已人工审校","通常接目标、结果、共识或资格，表示成功达到/取得；例如 oppnå et godt resultat（取得好成绩）、oppnå enighet（达成一致）。已加入词典例句及译文。来源：https://ordbokene.no/bm/oppnå","2026-09-25"
"名词|plan","plan","en plan","名词","待拆级","未来计划与目标","计划；方案；打算/意图（依语境）","计划；方案；打算/意图（依语境）","已人工审校","本专题是 en 名词：en plan；可指执行方案，也可指对未来的打算。另有同形中性名词 plan 表示“平面/层面”，以及形容词 plan“平坦的”，词性和词形需区分。https://ordbokene.no/bm/plan","2026-09-25"
"形容词|positiv","positiv","positiv","形容词","待拆级","未来计划与目标","积极的；正面的；（检测结果）阳性的（依语境）","积极的；正面的；（检测结果）阳性的（依语境）","已人工审校","形容态度时可译积极/乐观；评价结果时可指有利、正面；医疗检测中 positiv 表示检测到了所测项目，即阳性，不代表“好消息”。另可表示数学上的正数。https://ordbokene.no/bm/positiv","2026-09-25"
"动词|prioritere","prioritere","å prioritere","动词","待拆级","未来计划与目标","优先考虑；优先处理；按优先级排列","优先考虑；优先处理；按优先级排列","已人工审校","及物动词，prioritere noe 是把某事置于其他事情之前；prioritere ned/up 分别表示降低/提高优先级。已加入“这件事应该优先处理”的词典例句。https://ordbokene.no/bm/46226","2026-09-25"
"名词|reise","reise","ei reise","名词","待拆级","未来计划与目标","一次旅行；旅程（名词；动词 å reise 表示旅行/出行）","一次旅行；旅程（名词；动词 å reise 表示旅行/出行）","已人工审校","名词表示一次较长行程/旅程，可说 dra på en/ei reise；动词 å reise 表示旅行、出发。名词 en 与 ei 两种性别均可用，变化分别是 reisen/reisa。https://ordbokene.no/bm/reise","2026-09-25"
"形容词|rolig","rolig","rolig","形容词","待拆级","未来计划与目标","平静的；安静的；从容的（依语境）","平静的；安静的；从容的（依语境）","已人工审校","描述海面/天气是平静，描述场所或声音是安静，描述人或行动是镇定、从容；作副词时也可表示平稳地/不慌不忙地。https://ordbokene.no/bm/rolig","2026-09-25"
"名词|rutine","rutine","en rutine","名词","待拆级","未来计划与目标","日常习惯；固定程序；熟练经验（依语境）","日常习惯；固定程序；熟练经验（依语境）","已人工审校","Bokmålsordboka 有三类常见义：重复的日常习惯、固定办事程序；通过练习获得的熟练/经验；机械重复的行为。fast rutine hver morgen 是每天固定的习惯，不是“工作经验”。https://ordbokene.no/nob/bm/rutine","2026-09-25"
"动词短语|se for seg","se for seg","å se for seg","动词短语","待拆级","未来计划与目标","想象；设想（在脑中形成画面或情景）","想象；设想（在脑中形成画面或情景）","已人工审校","短语义为 forestille seg（在脑中想象）；本专题的愿景语境是想象未来生活。代词随主语变化：jeg ser for meg、du ser for deg、de ser for seg。词典原例 de ser for seg en sydhavsøy 已加入语料。https://ordbokene.no/nob/bm/se%20for%20seg","2026-09-25"
"动词|skape","skape","å skape","动词","待拆级","未来计划与目标","创造；产生；造成（依语境）","创造；产生；造成（依语境）","已人工审校","既可指创造/形成某物，也可指引起某种状态或结果：skape noe nytt（创造新事物）、skape uro（引起不安）。不要只理解成艺术创作。https://ordbokene.no/nob/bm/skape","2026-09-25"
"动词|spare","spare","å spare","动词","待拆级","未来计划与目标","存钱；节省","存钱；节省","已人工审校","依宾语区分：spare penger 可表示存钱或省钱；spare tid/plass 表示节省时间/空间；spare noen for noe 表示使某人免受某事。所加例句因“在那儿购物”语境明确表示省钱。来源：https://ordbokene.no/bm/spare","2026-09-25"
"名词|suksess","suksess","en suksess","名词","待拆级","未来计划与目标","成功；顺利的结果","成功；顺利的结果","已人工审校","Bokmålsordboka 将其解释为顺利、成功的结果；既可说 boka ble en suksess（这本书很成功），也可说 ha suksess i en rolle（在某个角色/领域取得成功）。是阳性名词 en suksess。https://ordbokene.no/bm/suksess","2026-09-25"
"形容词|sunn","sunn","sunn","形容词","待拆级","未来计划与目标","健康的；有益健康的；明智/稳健的（依语境）","健康的；有益健康的；明智/稳健的（依语境）","已人工审校","描述人身体健康、食物/运动有益健康，也可表示理性明智（sunn skepsis）或稳健（sunn økonomi）。因此不能一律译成身体“健康”。https://ordbokene.no/bm/sunn","2026-09-25"
"动词|trene","trene","å trene","动词","待拆级","未来计划与目标","锻炼；训练；训练/执教某人（依结构）","锻炼；训练；训练/执教某人（依结构）","已人工审校","不带宾语或以身体为目标时常指锻炼；trene opp en evne 是训练/培养能力；trene noen、trene svømmerne 表示训练某人/运动员，也可表示担任教练。https://ordbokene.no/bm/TRENE","2026-09-25"
"形容词|tålmodig","tålmodig","tålmodig","形容词","待拆级","未来计划与目标","有耐心的；能等待或忍耐的","有耐心的；能等待或忍耐的","已人工审校","描述能平静等待、愿意容忍某事的人；常用 tålmodig med + 人/事（对……有耐心），也可 tålmodig vente（耐心等待）。词典例句已加入。https://ordbokene.no/bm/t%C3%A5lmodig","2026-09-25"
"名词|utvikling","utvikling","en utvikling","名词","待拆级","未来计划与目标","发展；变化过程；（论述）展开/说明（依语境）","发展；变化过程；（论述）展开/说明（依语境）","已人工审校","日常核心义是成长、进程或变化过程，不必然是向好发展，所以不能总译成“进步”；词典另列论述/解释义。本词性别允许 en 或 ei，定指单数可用 utviklingen 或 utviklinga。https://ordbokene.no/bm/utvikling","2026-09-25"
"名词|valg","valg","et valg","名词","待拆级","未来计划与目标","选择；（政治）选举/投票","选择；（政治）选举/投票","已人工审校","选择义指在多个可能性中取舍，常见 ta et valg、stå foran et valg；政治语境指选举/投票。中性名词 et valg，复数不定形式 valg。https://ordbokene.no/bm/valg","2026-09-25"
"名词|vennskap","vennskap","et vennskap","名词","待拆级","未来计划与目标","友谊；朋友间的良好关系","友谊；朋友间的良好关系","已人工审校","抽象名词，指成为朋友、相互善意和良好关系；不是一个“朋友”（venn）。中性名词 et vennskap，常见 vennskap mellom dem（他们之间的友谊）。https://ordbokene.no/bm/vennskap","2026-09-25"
"动词|bestå","bestå","å bestå","动词","待分级","待归类","通过考试；持续存在；由……组成（bestå av）","通过考试；持续存在；由……组成（bestå av）","已人工审校","Bokmålsordboka 分列通过考试、存在/持续、由……组成和在于……几种用法，必须连同补语记忆。词典例句 vann består av hydrogen og oksygen 已加入词汇语境。https://ordbokene.no/bm/best%C3%A5","2026-09-25"
"动词|søke","søke","å søke","动词","待分级","学习与工作","寻找；寻求；申请；前往（依结构）","寻找；寻求；申请；前往（依结构）","已人工审校","区分 søke etter（寻找）、søke hjelp（寻求帮助）、søke jobb/søke på en stilling（求职/申请职位）、søke om（申请某事）及 søke lege（去求医）。词典另列同形义“狗持续吠叫”，初级主释义不混入。https://ordbokene.no/bm/s%C3%B8ke","2026-09-25"
"名词|kjøledisk","kjøledisk","en kjøledisk","名词","A1","超市购物","冷藏展示柜；商店陈列冷藏食品的冷柜","冷藏展示柜；商店陈列冷藏食品的冷柜","已人工审校","复合词 kjøle-（冷藏）+ disk（柜台/展示台），指商店冷藏陈列设备，不是家用冰箱 kjøleskap。词典检索：https://ordbokene.no/nob/search?dict=bm%2Cnn&q=kj%C3%B8ledisk&scope=eif","2026-09-26"
"名词|kirke","kirke","ei kirke","名词","A1","城市与地点","教堂；基督教教会/团体（依语境）","教堂；基督教教会/团体（依语境）","已人工审校","可指举行基督教礼拜的建筑，也可指基督教团体；不要泛化成任何宗教的寺庙。阴性 ei kirke–kirka 与阳性 en kirke–kirken 均可用。https://ordbokene.no/bm/kirke","2026-09-26"
"名词|park","park","en park","名词","A1","城市与地点","公园；（复合词中）特定活动或设施所在区域","公园；（复合词中）特定活动或设施所在区域","已人工审校","日常指供休憩、散步或活动的公园；parkering/ parkeringsplass 才表示停车。也见于 dyrepark、nasjonalpark 等复合词。https://ordbokene.no/bm/park","2026-09-26"
"名词|gate","gate","ei gate","名词","A1","城市与方向","街；街道（城镇中通常两侧有房屋的道路）","街；街道（城镇中通常两侧有房屋的道路）","已人工审校","常见义是城镇街道；over gata 在中文可自然译作“过马路/街对面”。另有机场英语借词 gate“登机口”，需按语境区分。https://ordbokene.no/bm/gate","2026-09-26"
"名词|gågate","gågate","ei gågate","名词","A1","城市与方向","步行街；禁止或限制机动车通行、以行人为主的街道","步行街；禁止或限制机动车通行、以行人为主的街道","已人工审校","由 gå（步行）+ gate（街道）组成；车辆可完全或部分受限，不能绝对解释成所有车辆一律禁止。https://ordbokene.no/bm/g%C3%A5gate","2026-09-26"
"名词|katedral","katedral","en katedral","名词","A1","城市与文化","主教座堂；与主教相联系的主要教堂","主教座堂；与主教相联系的主要教堂","已人工审校","比一般 kirke（教堂）含义具体，指与主教相联系的主要教堂；不要把所有教堂都叫作 katedral。https://ordbokene.no/bm/katedral","2026-09-26"
"名词|katt","katt","en katt","名词","A1","宠物与动物","猫；家猫（也可泛指猫科动物）","猫；家猫（也可泛指猫科动物）","已人工审校","日常常指家猫；词本身不说明公母。定指 katten 通常指语境中已知的那只猫。https://ordbokene.no/bm/katt","2026-09-26"
"名词|bytur","bytur","en bytur","名词","A1","出行与活动","进城/到城里一趟；在城里的出行或游逛","进城/到城里一趟；在城里的出行或游逛","已人工审校","指到城里去一趟或在城里出行，不必然是购物、观光或办事；具体活动由上下文说明。https://ordbokene.no/bm/bytur","2026-09-26"
"名词|tur","tur","en tur","名词","A1","出行与活动","出行、散步或短途旅行；轮到的次序；一趟/一轮（依搭配）","出行、散步或短途旅行；轮到的次序；一趟/一轮（依搭配）","已人工审校","搭配决定意思：gå en tur（散步）、ta en tur til byen（进城一趟）、det er min tur（轮到我）。另有同形词 tur“运气”，需结合句法辨认。https://ordbokene.no/bm/tur","2026-09-26"
"名词|ovn","ovn","en ovn","名词","A1","厨房与家电","炉具；烤箱/烤炉；取暖炉（依复合词和用途）","炉具；烤箱/烤炉；取暖炉（依复合词和用途）","已人工审校","泛指加热、烹煮或烘烤用的炉具：stekeovn 是烤箱，vedovn 是柴炉；komfyr 通常指厨房炉灶，二者相关但不可随意互换。https://ordbokene.no/bm/ovn","2026-09-26"
"名词|bagett","bagett","en bagett","名词","A1","厨房与用餐","法棍；法式长棍面包","法棍；法式长棍面包","已人工审校","日常义是细长面包；词典另列宝石切工义，但初级日常语境通常指面包。https://ordbokene.no/bm/bagett","2026-09-26"
"名词|bolle","bolle","en bolle","名词","A1","厨房与用餐","碗；小圆面包/圆形烘焙食品（依搭配）","碗；小圆面包/圆形烘焙食品（依搭配）","已人工审校","已按 Bokmålsordboka 核对为阳性：en bolle–bollen–boller–bollene，不应标 ei bolle。容器义和烘焙食品义由搭配区分，如 en bolle suppe（一碗汤）、kanelbolle（肉桂小圆面包）。https://ordbokene.no/bm/bolle","2026-09-26"
"名词|gaffel","gaffel","en gaffel","名词","A1","厨房与用餐","叉子；餐叉；（器具中）叉状分叉部分","叉子；餐叉；（器具中）叉状分叉部分","已人工审校","餐桌语境指叉子/餐叉；也可指具有叉状分叉的器具部分，如自行车前叉。https://ordbokene.no/bm/gaffel","2026-09-26"
"名词|glass","glass","et glass","名词","A1","厨房与用餐","玻璃（材料）；玻璃杯；一杯饮品（依搭配）","玻璃（材料）；玻璃杯；一杯饮品（依搭配）","已人工审校","et glass 可指玻璃材料或玻璃杯；作量词时表示一杯饮料，如 et glass vann（一杯水）。由搭配和语境判断。https://ordbokene.no/bm/glass","2026-09-26"
"名词|is","is","en is","名词","A1","厨房与用餐","冰；冰块/冰层；冰淇淋或冰棒（依语境）","冰；冰块/冰层；冰淇淋或冰棒（依语境）","已人工审校","寒冷/结冰语境通常指冻结的水；甜品语境指冰淇淋或冰棒，如 spise is（吃冰淇淋）。不可只按一个中文义记。https://ordbokene.no/bm/is","2026-09-26"
"名词|kake","kake","ei kake","名词","A1","厨房与用餐","蛋糕；糕点；一份/一只蛋糕（依搭配）","蛋糕；糕点；一份/一只蛋糕（依搭配）","已人工审校","常见烘焙食品的统称；一块通常说 et stykke kake，一整只/一份要结合数量词和上下文。可用 ei kake 或 en kake。https://ordbokene.no/bm/kake","2026-09-26"
"名词|kjøkkenbenk","kjøkkenbenk","en kjøkkenbenk","名词","A1","厨房与用餐","厨房操作台；厨房台面","厨房操作台；厨房台面","已人工审校","指厨房里备餐和放置物品的固定工作台面，不是吃饭用的 spisebord（餐桌）。https://ordbokene.no/bm/kj%C3%B8kkenbenk","2026-09-26"
"名词|kniv","kniv","en kniv","名词","A1","厨房与用餐","刀；餐刀；机器中的刀刃（依用途）","刀；餐刀；机器中的刀刃（依用途）","已人工审校","kniv 是刀具通称，厨房或餐桌语境可具体指菜刀或餐刀；也可指机器上的切割刀刃。https://ordbokene.no/bm/kniv","2026-09-26"
"动词|koke","koke","å koke","动词","A1","厨房与用餐","煮；烧开；（水或其他液体）沸腾","煮；烧开；（水或其他液体）沸腾","已人工审校","区分句型：koke poteter 是煮土豆（及物）；vannet koker 是水在沸腾（不及物）；koke opp 是烧开。https://ordbokene.no/bm/koke","2026-09-26"
"名词|komfyr","komfyr","en komfyr","名词","A1","厨房与用餐","炉灶；厨房烹饪用的灶具（常含炉面和烤箱）","炉灶；厨房烹饪用的灶具（常含炉面和烤箱）","已人工审校","指厨房里用于烹饪的炉灶，常兼有炉面与烤箱；单指烤箱常用 stekeovn。https://ordbokene.no/bm/komfyr","2026-09-26"
"名词|kopp","kopp","en kopp","名词","A1","厨房与用餐","杯子；一杯的量（常用于饮品或计量）","杯子；一杯的量（常用于饮品或计量）","已人工审校","可指有把手的杯子，也可按容器所盛内容表示一杯/一份，如 en kopp kaffe（一杯咖啡）。https://ordbokene.no/bm/kopp","2026-09-26"
"名词|lunsj","lunsj","en lunsj","名词","A1","厨房与用餐","午餐；早餐与晚餐之间的一餐","午餐；早餐与晚餐之间的一餐","已人工审校","通常指一天中早餐与晚餐之间的一餐，不要求严格在正午；泛指餐次常用 spise lunsj。https://ordbokene.no/bm/lunsj","2026-09-26"
"名词|spisebord","spisebord","et spisebord","名词","A1","厨房与用餐","餐桌；吃饭用的桌子","餐桌；吃饭用的桌子","已人工审校","透明复合词 spise（吃）+ bord（桌子），指用餐的桌子；不等同于厨房备餐台 kjøkkenbenk。https://ordbokene.no/nob/search?dict=bm%2Cnn&q=spisebord&scope=eif","2026-09-26"
"名词|tallerken","tallerken","en tallerken","名词","A1","厨房与用餐","盘子；一盘的量/份（依搭配）","盘子；一盘的量/份（依搭配）","已人工审校","实体名词指盘子；en tallerken mat 可按语境指一盘饭菜/一份食物。https://ordbokene.no/bm/59713","2026-09-26"
"代词|en","en","en","代词","A1","代词与泛指","泛指一个人；人们；（面向一般人的）你","泛指一个人；人们；（面向一般人的）你","已人工审校","代词 en 用来泛指一般人，近似“人们/一个人/你”，不是男性代词，也不是名词前的冠词；同形的限定词 en 另有语法功能。https://ordbokene.no/nob/search?dict=bm%2Cnn&q=en&scope=eif","2026-09-26"
"名词|grav","grav","en grav","名词","A1","地点与生活","坟墓；墓穴；沟/壕（依语境）","坟墓；墓穴；沟/壕（依语境）","已人工审校","常见义是安葬死者的坟墓；也可指挖出的沟槽，如 skyttergrav（战壕）、vanngrav（沟渠）。https://ordbokene.no/bm/grav","2026-09-25"
"动词|falle","falle","å falle","动词","A1","动作与变化","落下；跌倒；下降；（日期、责任等）落在/归于（依搭配）","落下；跌倒；下降；（日期、责任等）落在/归于（依搭配）","已人工审校","不应把“进入某种状态”当成泛义；常见结构各有具体意思：falle i søvn（睡着）、prisene faller（价格下降）、dagen faller på en mandag（那天是星期一）。https://ordbokene.no/bm/falle","2026-09-25"
"动词|slå","slå","å slå","动词","A1","动作与身体","打；击；敲；打败（“打开/关掉”等通常要与 på/av 等小品词搭配）","打；击；敲；打败（“打开/关掉”等通常要与 på/av 等小品词搭配）","已人工审校","核心义是击打、敲击，也可表示打败；开关设备通常说 slå på/av + 设备，不能把“关闭”直接当作 slå 的独立义。https://ordbokene.no/nob/bm/sl%C3%A5","2026-09-25"
"动词|dytte","dytte","å dytte","动词","A1","动作与移动","推；推一下；把……推给/硬塞给（某人）","推；推一下；把……推给/硬塞给（某人）","已人工审校","可指身体上的推，也可比喻把工作等推给别人；轻重不固定，不能只释为“轻轻推”。https://ordbokene.no/bm/dytte","2026-09-25"
"名词|veikryss","veikryss","et veikryss","名词","A1","方向与道路","道路交叉口；路口（不一定呈十字形）","道路交叉口；路口（不一定呈十字形）","已人工审校","说明这是道路相交处，不一定是四条道路组成的十字路口；不是铁路道口。https://ordbokene.no/bm/veikryss","2026-09-25"
"副词|hjem","hjem","hjem","副词","A1","方向与位置","回家；到家；回自己的家/家乡（表示方向或目的地）","回家；到家；回自己的家/家乡（表示方向或目的地）","已人工审校","表示朝家或家乡移动，区别 hjemme（在家/处于家中）；因此说 dra hjem，不加 til。https://ordbokene.no/bm/hjem","2026-09-25"
"形容词|høyre","høyre","høyre","形容词","A1","方向与位置","右边的；右侧的；（政治）右翼的","右边的；右侧的；（政治）右翼的","已人工审校","核心空间义修饰名词：høyre arm（右臂）；til høyre 表示“向右/在右边”，是常见方向表达。另有政治语境义“右翼的”。https://ordbokene.no/nob/bm/25316","2026-09-25"
"动词|elske","elske","å elske","动词","A1","感受与关系","爱；深爱；非常喜欢（语气通常比 like 强）","爱；深爱；非常喜欢（语气通常比 like 强）","已人工审校","既可表达对人的爱，也可表达非常喜欢某事物；具体强度和对象看语境。https://ordbokene.no/bm/elske","2026-09-25"
"名词|adresse","adresse","ei adresse","名词","A1","个人信息","地址；住址；（电子）联系地址（依语境）","地址；住址；（电子）联系地址（依语境）","已人工审校","核心义是人或机构所在/可联系的地址；e-postadresse 是电子邮件地址。https://ordbokene.no/bm/adresse","2026-09-25"
"名词|bekreftelse","bekreftelse","en bekreftelse","名词","A1","个人信息","确认；确认通知或凭据（依语境）","确认；确认通知或凭据（依语境）","已人工审校","区分“确认这一行为”与“确认信息/书面凭据”；句中搭配可判断具体义。https://ordbokene.no/bm/bekreftelse","2026-09-25"
"名词|etternavn","etternavn","etternavn","名词","A1","个人信息","姓；姓氏（个人全名的最后一部分）","姓；姓氏（个人全名的最后一部分）","已人工审校","区别 fornavn（名字）和 etternavn（姓氏）；挪威语词典也称 familienavn/slektsnavn。https://ordbokene.no/bm/etternavn","2026-09-25"
"名词|fødselsdag","fødselsdag","en fødselsdag","名词","A1","个人信息","生日；每年纪念出生的日子","生日；每年纪念出生的日子","已人工审校","强调这是年度纪念日，不是出生证明上的具体日期；具体日期是 fødselsdato。https://ordbokene.no/bm/fødselsdag","2026-09-25"
"名词|fødselsdato","fødselsdato","en fødselsdato","名词","A1","个人信息","出生日期；出生的具体年月日","出生日期；出生的具体年月日","已人工审校","与 fødselsdag（每年过的生日）区分；登记表格通常询问具体出生年月日。https://ordbokene.no/bm/fødselsdato","2026-09-25"
"限定词|min","min","min","限定词","A1","个人信息","我的（阳性/阴性单数名词前；与 min/mitt/mine 配合）","我的（阳性/阴性单数名词前；与 min/mitt/mine 配合）","已人工审校","min 是所有格限定词，不是独立代词；按后接名词的性、数变化：min bil、mi bok/min bok、mitt hus、mine bøker。实际语法中阴性名词也常用 min。https://ordbokene.no/bm/min","2026-09-25"
"名词|pass","pass","et pass","名词","A1","个人信息","护照；通行证/许可证（依固定搭配）","护照；通行证/许可证（依固定搭配）","已人工审校","护照义最常见；其他“通行/许可”义应由搭配判断，不要泛化成任何卡证。https://ordbokene.no/bm/pass","2026-09-25"
"代词|vi","vi","vi","代词","A1","个人信息","我们（主格；宾格用 oss）","我们（主格；宾格用 oss）","已人工审校","vi 作主语：Vi bor her（我们住在这里）；作宾语要用 oss：Hun ser oss（她看见我们）。https://ordbokene.no/bm/vi","2026-09-25"
"名词|nummer","nummer","et nummer","名词","A1","个人信息与数字","号码；编号；（序列中的）号/名次；节目的一项（依语境）","号码；编号；（序列中的）号/名次；节目的一项（依语境）","已人工审校","号码/编号是日常核心义；nummer 也可指演出或节目中的一个节目项。不要把“期号”当作唯一或默认释义。https://ordbokene.no/bm/nummer","2026-09-25"
"代词|han","han","han","代词","A1","个人信息与指代","他（主格；宾格 ham；所有格 hans）","他（主格；宾格 ham；所有格 hans）","已人工审校","han 作主语，ham 作宾语，hans 表示“他的”；三者不能互换。https://ordbokene.no/bm/han","2026-09-25"
"代词|hun","hun","hun","代词","A1","个人信息与指代","她（主格；宾格 henne；所有格 hennes）","她（主格；宾格 henne；所有格 hennes）","已人工审校","hun 作主语，henne 作宾语，hennes 表示“她的”；三者不能互换。https://ordbokene.no/bm/hun","2026-09-25"
"代词|jeg","jeg","jeg","代词","A1","个人信息与指代","我（主格；宾格 meg）","我（主格；宾格 meg）","已人工审校","jeg 作主语：Jeg lærer norsk；作宾语使用 meg：Han ser meg。https://ordbokene.no/bm/jeg","2026-09-25"
"名词|kollega","kollega","en kollega","名词","A1","工作与关系","同事；一起工作的同事","同事；一起工作的同事","已人工审校","kollega 指工作关系中的同事，不表示朋友关系；词尾 -a 不意味着只能指女性。https://ordbokene.no/bm/kollega","2026-09-25"
"名词|administrasjon","administrasjon","en administrasjon","名词","A1","工作与机构","行政管理；管理工作；行政部门（依语境）","行政管理；管理工作；行政部门（依语境）","已人工审校","抽象语境可指行政/管理工作，指组织或单位时可指行政部门；应由冠词和搭配判断。https://ordbokene.no/bm/administrasjon","2026-09-25"
"动词|arbeide","arbeide","å arbeide","动词","A1","工作与学习","工作；劳动；从事某项工作（语气较正式）","工作；劳动；从事某项工作（语气较正式）","已人工审校","与日常口语 jobbe 意义相近；arbeide 稍正式，也常用于抽象的“从事/致力于”：arbeide med et prosjekt=从事一个项目。https://ordbokene.no/bm/arbeide","2026-09-25"
"名词|barnehage","barnehage","en barnehage","名词","A1","工作与学习","幼儿园；挪威面向学龄前儿童的日托与教育机构","幼儿园；挪威面向学龄前儿童的日托与教育机构","已人工审校","释义加上挪威制度语境，避免把 barnehage 误解成与中文学制完全一一对应的“幼儿园”；常说 gå i barnehage（上幼儿园）。https://ordbokene.no/bm/barnehage","2026-09-25"
"名词|bokhandel","bokhandel","en bokhandel","名词","A1","工作与学习","书店（出售书籍的商店）","书店（出售书籍的商店）","已人工审校","用功能解释避免与 bibliotek（图书馆）混淆。https://ordbokene.no/bm/bokhandel","2026-09-25"
"动词|forklare","forklare","å forklare","动词","A1","工作与学习","解释；说明（使某事更容易理解）","解释；说明（使某事更容易理解）","已人工审校","forklare noe for noen=向某人解释某事；可直接接解释对象。区别 fortelle（讲述/告诉某个信息）。https://ordbokene.no/bm/forklare","2026-09-25"
"名词|gitar","gitar","en gitar","名词","A1","工作与学习","吉他（六弦、平底的弹拨乐器）","吉他（六弦、平底的弹拨乐器）","已人工审校","词典定义为六弦乐器；乐器泛指活动常不加冠词（spille gitar），也有 akkompagnere seg selv på gitar（自弹吉他伴奏）等搭配。例句及译文加入词汇语境。https://ordbokene.no/bm/gitar","2026-09-25"
"名词|instrument","instrument","et instrument","名词","A1","工作与学习","乐器；仪器（看语境）","乐器；仪器（看语境）","已人工审校","收窄原释义中不够具体的“工具”；musikk/ spille 语境常指乐器，måle 语境常指测量仪器。https://ordbokene.no/bm/instrument","2026-09-25"
"名词|jus","jus","jus","名词","A1","工作与学习","法学；法律学（学科/专业）","法学；法律学（学科/专业）","已人工审校","本词条按学习专业义收录；不是同音同形的 juice/fruktjuice（果汁）。lov 通常指法律/法规。https://ordbokene.no/bm/jus","2026-09-25"
"名词|kamera","kamera","et kamera","名词","A1","工作与学习","相机；摄影机（拍摄影像的设备，依功能语境）","相机；摄影机（拍摄影像的设备，依功能语境）","已人工审校","日常可泛指拍摄设备；静态摄影相机可说 fotokamera，视频摄影设备可说 videokamera。https://ordbokene.no/bm/kamera","2026-09-25"
"名词|klasse","klasse","en klasse","名词","A1","工作与学习","班级；年级；类别；社会阶层（看语境）","班级；年级；类别；社会阶层（看语境）","已人工审校","去掉容易误解为“教室”的“课堂”；学校语境常指同一教学年级的学生群体，类别/阶层则见于其他搭配。https://ordbokene.no/bm/klasse","2026-09-25"
"名词|kontor","kontor","et kontor","名词","A1","工作与学习","办公室；办公地点/办事处（依语境）","办公室；办公地点/办事处（依语境）","已人工审校","可指工作的房间，也可指机构办事地点；kontorarbeid 是办公室工作。https://ordbokene.no/bm/kontor","2026-09-25"
"形容词|ledig","ledig","ledig","形容词","A1","工作与学习","空着的/未占用的；有空的；无工作的（依语境）","空着的/未占用的；有空的；无工作的（依语境）","已人工审校","词典义包括未被占用（ledig plass）、有空（er du ledig?）和没有工作（ble ledig）；不是所有语境都等于“失业”，常说 arbeidsledig 明确表示失业。https://ordbokene.no/bm/ledig","2026-09-25"
"名词|musikk","musikk","en musikk","名词","A1","工作与学习","音乐（通常作不可数名词）","音乐（通常作不可数名词）","已人工审校","泛指音乐时通常不数；要说“一首/一段音乐作品”可用 et musikkstykke 或 en sang（歌曲）。https://ordbokene.no/bm/musikk","2026-09-25"
"形容词|norsk","norsk","norsk","形容词","A1","工作与学习","挪威的；挪威语的；挪威人的（按所修饰对象理解）","挪威的；挪威语的；挪威人的（按所修饰对象理解）","已人工审校","norsk 需结合名词判断：norsk språk=挪威语，norsk person=挪威人，norsk mat=挪威的食物；语言名称也常写 norsk。https://ordbokene.no/bm/norsk","2026-09-25"
"名词|jobb","jobb","en jobb","名词","A1","工作与学习 / 日常基础","工作；职位；一项工作/任务（依语境）","工作；职位；一项工作/任务（依语境）","已人工审校","jobb 可指有薪工作或职位，也可指要完成的一项活儿；arbeid 更偏“劳动/工作”这一活动或抽象概念。https://ordbokene.no/bm/jobb","2026-09-25"
"动词|slutte","slutte","å slutte","动词","A1","工作与学习 / 时间与日常","停止；结束；辞职/退学；戒掉（依宾语和搭配）","停止；结束；辞职/退学；戒掉（依宾语和搭配）","已人工审校","slutte å gjøre noe=停止做某事；slutte i jobben/skolen=离职/退学；slutte med noe=不再做/戒掉某事。意义由介词与补语决定。https://ordbokene.no/bm/slutte","2026-09-25"
"动词|jobbe","jobbe","å jobbe","动词","A1","工作与学习 / 时间与日常 / 未来计划与目标","工作；干活；努力处理某事（依语境）","工作；干活；努力处理某事（依语境）","已人工审校","jobbe 常指从事工作，也可指投入精力处理任务；jobbe som lærer=当老师工作，jobbe med en oppgave=做一项任务。https://ordbokene.no/bm/jobbe","2026-09-25"
"动词|lære","lære","å lære","动词","A1","工作与学习 / 时间与日常 / 未来计划与目标","学习；学会；教（由句型区分）","学习；学会；教（由句型区分）","已人工审校","lære norsk=学挪威语，lære å kjøre=学会开车；lære noen noe=教某人某事。学习者作主语时通常译“学/学会”，施教者作主语且有人作宾语时译“教”。https://ordbokene.no/bm/lære","2026-09-25"
"副词|dit","dit","dit","副词","A1","公共交通与方向","到那里；往那个地方（表示朝向远处的目的地）","到那里；往那个地方（表示朝向远处的目的地）","已人工审校","强调移动到某处：dra dit=去那里；表示静态“在那里”通常用 der。https://ordbokene.no/bm/dit","2026-09-25"
"副词|fram","fram","fram","副词","A1","公共交通与方向","向前；往前；向前推进/取得进展（依搭配）","向前；往前；向前推进/取得进展（依搭配）","已人工审校","空间义如 gå fram=往前走；抽象义如 komme fram=显现/到达、legge fram et forslag=提出建议。https://ordbokene.no/bm/fram","2026-09-25"
"名词|holdeplass","holdeplass","en holdeplass","名词","A1","公共交通与方向","公交/电车停靠站；出租车候客点","公交/电车停靠站；出租车候客点","已人工审校","已核对词典：holdeplass 可指公交或轨道交通停靠处，也可指空车等候乘客的出租车站点。https://ordbokene.no/bm/24047","2026-09-25"
"副词|inn","inn","inn","副词","A1","公共交通与方向","进入；向里面；往里（表示朝内移动）","进入；向里面；往里（表示朝内移动）","已人工审校","表示进入某处或向内移动：kom inn=进来，reise inn til byen=进城；静态“在里面”用 inne。https://ordbokene.no/bm/inn","2026-09-25"
"名词|kryss","kryss","et kryss","名词","A1","公共交通与方向","交叉处；路口；叉号/勾选标记（看语境）","交叉处；路口；叉号/勾选标记（看语境）","已人工审校","词典核心义是线或物体相交形成的叉形；交通语境可指交叉路口，答题/表格中可指选择标记。https://ordbokene.no/nob/bm/kryss","2026-09-25"
"名词|lyskryss","lyskryss","et lyskryss","名词","A1","公共交通与方向","信号灯路口；设有交通信号灯的交叉路口","信号灯路口；设有交通信号灯的交叉路口","已人工审校","这是有交通信号灯的路口，不是交通灯本身（trafikklys）。https://ordbokene.no/bm/lyskryss","2026-09-25"
"名词|passkontroll","passkontroll","en passkontroll","名词","A1","公共交通与方向","护照查验；护照检查处/流程","护照查验；护照检查处/流程","已人工审校","指机场或边境核验护照的检查流程/关口，不是护照本身，也不等同于所有边检手续。https://ordbokene.no/bm/passkontroll","2026-09-25"
"名词|postkontor","postkontor","et postkontor","名词","A1","公共交通与方向","邮局；办理邮政业务的服务点","邮局；办理邮政业务的服务点","已人工审校","主要指办理寄信、寄件等邮政业务的地点；挪威的邮政服务也可能设在商店内。https://ordbokene.no/bm/postkontor","2026-09-25"
"名词|retning","retning","en retning","名词","A1","公共交通与方向","方向；发展走向/趋势；思想流派（依语境）","方向；发展走向/趋势；思想流派（依语境）","已人工审校","词典义包括移动方向、发展方向及思想/艺术流派；i retning av 表示朝……方向/趋向……。https://ordbokene.no/bm/48328","2026-09-25"
"名词|sentrum","sentrum","et sentrum","名词","A1","公共交通与方向","中心；（城镇的）市中心；活动/关注中心（依语境）","中心；（城镇的）市中心；活动/关注中心（依语境）","已人工审校","不只指城市中心：也可指几何中心、活动中心或关注焦点；政治语境还有中间派义。https://ordbokene.no/bm/sentrum","2026-09-25"
"名词|stasjon","stasjon","en stasjon","名词","A1","公共交通与方向","车站；站点；工作站/服务机构；广播电视台（依语境）","车站；站点；工作站/服务机构；广播电视台（依语境）","已人工审校","旅行语境常指火车、地铁等上下客站；复合词也可指加油站、消防站或广播电视台。https://ordbokene.no/bm/stasjon","2026-09-25"
"方向短语|til høyre","til høyre","til høyre","方向短语","A1","公共交通与方向","向右；在右侧（具体看动词和结构）","向右；在右侧（具体看动词和结构）","已人工审校","ta til høyre=向右转；til høyre for + 名词=在……右边。https://ordbokene.no/nob/bm/25316","2026-09-25"
"方向短语|til venstre","til venstre","til venstre","方向短语","A1","公共交通与方向","向左；在左侧（具体看动词和结构）","向左；在左侧（具体看动词和结构）","已人工审校","ta til venstre=向左转；til venstre for + 名词=在……左边。https://ordbokene.no/bm/venstre","2026-09-25"
"名词|vei","vei","en vei","名词","A1","公共交通与方向","路；道路；方法/途径（依语境）","路；道路；方法/途径（依语境）","已人工审校","具体的道路可说 veien；抽象义见 finne en vei（找到办法）等表达，固定短语 på vei til 表示正在去……的路上。https://ordbokene.no/bm/vei","2026-09-25"
"动词|bestille","bestille","å bestille","动词","A1","购物与服务","预订/订购；点餐；预约（依对象和场景）","预订/订购；点餐；预约（依对象和场景）","已人工审校","bestille mat=点餐，bestille billett=订票，bestille time=预约时间/就诊；不能把所有语境都译成“预订”。https://ordbokene.no/bm/bestille","2026-09-25"
"名词|kilo","kilo","et kilo","名词","A1","购物与数量","千克；公斤（质量单位；et kilo 表示一公斤）","千克；公斤（质量单位；et kilo 表示一公斤）","已人工审校","1 kilo=1000克；可说 et kilo epler（一公斤苹果）。Bokmål 中 kilo 可用 et 或 en；冠词选择和词形需成套学习。https://ordbokene.no/bm/kilo","2026-09-25"
"名词|liter","liter","en liter","名词","A1","购物与数量","升（容量单位；一 liter 等于 1000 毫升）","升（容量单位；一 liter 等于 1000 毫升）","已人工审校","en liter melk=一升牛奶；数量词后常用 liter，不加复数词尾。https://ordbokene.no/bm/liter","2026-09-25"
"名词|matbu","matbu","ei matbu","名词","A1","购物与用餐","食品摊；售卖食物或简餐的小摊/小店","食品摊；售卖食物或简餐的小摊/小店","已人工审校","由 mat（食物）+ bu（小屋/摊店）构成，常见于集市或活动场景；不泛指普通餐馆。https://ordbokene.no/bm/matbu","2026-09-25"
"介词|med","med","med","介词","A1","关系与工具介词 / 未来计划与目标","和/跟；带有/携带；用/乘坐（依搭配）","和/跟；带有/携带；用/乘坐（依搭配）","已人工审校","常见关系：sammen med noen（和某人一起）、med melk（加牛奶）、skrive med penn（用笔写）、reise med buss（乘公交）；不能只靠单个中文词判断。https://ordbokene.no/nob/bm/med","2026-09-25"
"限定词|ei","ei","ei","限定词","A1","冠词与名词","不定冠词“一/一位”（阴性名词前；也可用 en）","不定冠词“一/一位”（阴性名词前；也可用 en）","已人工审校","ei jente 表示一位女孩；若采用 ei，定指单数常配套 -a：ei jente → jenta。现代 Bokmål 也常见 en jente。https://ordbokene.no/bm/ei","2026-09-25"
"限定词|en","en","en","限定词","A1","冠词与名词","不定冠词“一/一位”（阳性或通性名词前；阴性名词也可用 en）","不定冠词“一/一位”（阳性或通性名词前；阴性名词也可用 en）","已人工审校","常见搭配 en bil；阴性名词既可用 ei bok，也常用 en bok。若用 ei，定指形式通常配 -a；en 作泛指代词另见代词词条。https://ordbokene.no/bm/en","2026-09-25"
"名词|småkake","småkake","ei småkake","名词","A1","烘焙与甜点","小甜饼；小饼干（常见于咖啡或节庆点心）","小甜饼；小饼干（常见于咖啡或节庆点心）","已人工审校","指小型甜烘焙点心，不是蛋糕的一小块；可用 en 或 ei småkake。https://ordbokene.no/bm/sm%C3%A5kake","2026-09-25"
"动词|møte","møte","å møte","动词","A1","会面与交流 / 家庭与人物","遇见；会见；迎接；面对（依宾语和搭配）","遇见；会见；迎接；面对（依宾语和搭配）","已人工审校","møte noen=遇见/会见某人，møte opp=到场，møte et problem=面对问题；与同形名词 et møte（会议/会面）区分。https://ordbokene.no/bm/m%C3%B8te","2026-09-25"
"名词|høst","høst","en høst","名词","A1","季节与天气","秋天；秋季（挪威通常为九月至十一月）","秋天；秋季（挪威通常为九月至十一月）","已人工审校","四季之一，在挪威通常包括九、十、十一月；此外可比喻收成/成果，但 A1 日常语境通常指季节。https://ordbokene.no/bm/25223","2026-09-25"
"名词|regn","regn","regn","名词","A1","季节与天气","雨；降雨（天气现象）","雨；降雨（天气现象）","已人工审校","表示降雨/雨水，常见表达 det regner=正在下雨；与 regnvær（雨天/雨天气）区分。https://ordbokene.no/bm/regn","2026-09-25"
"名词|sommer","sommer","en sommer","名词","A1","季节与天气","夏天；夏季（挪威通常为六月至八月）","夏天；夏季（挪威通常为六月至八月）","已人工审校","四季之一；也可用于年龄等修辞表达，但初级日常义是夏季。https://ordbokene.no/bm/sommer","2026-09-25"
"名词|vind","vind","en vind","名词","A1","季节与天气","风；空气的流动","风；空气的流动","已人工审校","天气语境指风；vindstyrke=风力，motvind=逆风，medvind=顺风。https://ordbokene.no/bm/vind","2026-09-25"
"名词|vinter","vinter","en vinter","名词","A1","季节与天气","冬天；冬季","冬天；冬季","已人工审校","一年四季之一；挪威不同地区冬季长短差异很大，因此不宜把它限定为固定月份。https://ordbokene.no/bm/vinter","2026-09-25"
"名词|vær","vær","et vær","名词","A1","季节与天气","天气；某一时段的天气状况","天气；某一时段的天气状况","已人工审校","描述天气时常见 spørre om været（问天气）、fint/dårlig vær（好/坏天气）；小写同形形式 vær 也可作 være 的命令式“要/请保持”，须由句法区分。https://ordbokene.no/bm/vær","2026-09-25"
"名词|vår","vår","en vår","名词","A1","季节与天气","春天；春季","春天；春季","已人工审校","本条是季节名词 vår（春天）；小写同形词 vår 也可作所有格“我们的”，需根据词性、位置和句意区分。https://ordbokene.no/bm/vår","2026-09-25"
"名词|inventarliste","inventarliste","ei inventarliste","名词","A1","家居与工作","物品清单；财产/设备目录（依场景）","物品清单；财产/设备目录（依场景）","已人工审校","逐项列出某处或某组织的物品/设备；学校、办公室或搬家场景可译“物品清单”，资产管理语境可译“财产目录”。https://ordbokene.no/bm/inventar","2026-09-25"
"名词|interiørbutikk","interiørbutikk","en interiørbutikk","名词","A1","家居与购物","家居用品店；销售室内家具或装饰用品的商店","家居用品店；销售室内家具或装饰用品的商店","已人工审校","由 interiør（室内陈设/家居装饰）+ butikk（商店）构成；商品可能包括家具、灯具和装饰品，不等于单纯的装修公司。","2026-09-25"
"名词|besøk","besøk","et besøk","名词","A1","家人和关系","拜访；来访；一次访问/探访","拜访；来访；一次访问/探访","已人工审校","et besøk 可指拜访这一行为，也可指一次来访；få besøk=有客来访，på besøk hos=去某人家拜访。https://ordbokene.no/bm/besøk","2026-09-25"
"动词|besøke","besøke","å besøke","动词","A1","家人和关系","拜访；探望；参观/访问（人或地点作宾语）","拜访；探望；参观/访问（人或地点作宾语）","已人工审校","besøke noen=拜访/探望某人，besøke et museum=参观博物馆；通常直接接宾语，不加 til。https://ordbokene.no/bm/besøke","2026-09-25"
"名词|bror","bror","en bror","名词","A1","家人和关系","兄弟；哥哥或弟弟（挪威语本身不区分年长年幼）","兄弟；哥哥或弟弟（挪威语本身不区分年长年幼）","已人工审校","bror 是男性兄弟的通称；想明确年龄需另说 eldre/ yngre bror。https://ordbokene.no/bm/bror","2026-09-25"
"名词|dame","dame","ei dame","名词","A1","家人和关系","女士；女性；（特定语境）妻子/女伴","女士；女性；（特定语境）妻子/女伴","已人工审校","dame 常作礼貌或一般称呼“女士”；称某人的伴侣时需有上下文，不能默认译为妻子。https://ordbokene.no/bm/dame","2026-09-25"
"名词|datter","datter","ei datter","名词","A1","家人和关系","女儿（相对于父母而言）","女儿（相对于父母而言）","已人工审校","明确表示女性子女；不区分年龄，不能译成“女朋友”。https://ordbokene.no/bm/datter","2026-09-25"
"名词|forelder","forelder","en forelder","名词","A1","家人和关系","父母中的一方；父亲或母亲；家长","父母中的一方；父亲或母亲；家长","已人工审校","单数 forelder 指孩子的父亲或母亲之一；复数 foreldre 通常指父母双方/父母。https://ordbokene.no/bm/forelder","2026-09-25"
"名词|gave","gave","en gave","名词","A1","家人和关系","礼物；赠送的东西","礼物；赠送的东西","已人工审校","日常常用义为送给别人的礼物；不要受英语 gift 影响。挪威语 gift 是另一个同形词，表示毒物或“已婚的”（依词性）。https://ordbokene.no/bm/gave","2026-09-25"
"形容词|gift","gift","gift","形容词","A1","家人和关系","已婚的；结了婚的","已婚的；结了婚的","已人工审校","本条是形容词 gift，常见结构 være gift med noen（与某人结婚）。另有同形名词 gift“毒物/毒药”，词性和词条不同，不能混为一义。https://ordbokene.no/bm/gift","2026-09-25"
"名词|gjest","gjest","en gjest","名词","A1","家人和关系","客人；来访者；住客（依场景）","客人；来访者；住客（依场景）","已人工审校","来家里的人可译“客人/来访者”，酒店等住宿场景可译“住客”；不是专指正式宴会宾客。https://ordbokene.no/bm/gjest","2026-09-25"
"名词|gutt","gutt","en gutt","名词","A1","家人和关系","男孩；小伙子（按年龄和语境）","男孩；小伙子（按年龄和语境）","已人工审校","通常指男性儿童或年轻男性；不可仅凭词本身断定精确年龄。https://ordbokene.no/bm/gutt","2026-09-25"
"动词|invitere","invitere","å invitere","动词","A1","家人和关系","邀请；请某人参加或到访","邀请；请某人参加或到访","已人工审校","常见结构 invitere noen til noe（邀请某人参加某事）或 invitere noen hjem（请某人到家里来）。https://ordbokene.no/bm/invitere","2026-09-25"
"名词|jente","jente","ei jente","名词","A1","家人和关系","女孩；年轻女性（依语境）","女孩；年轻女性（依语境）","已人工审校","常指女性儿童或年轻女性；若强调成年女性，kvinne 更中性准确。https://ordbokene.no/bm/jente","2026-09-25"
"名词|klem","klem","en klem","名词","A1","家人和关系","拥抱；亲昵地贴脸/搂抱；压力或夹紧（依语境）","拥抱；亲昵地贴脸/搂抱；压力或夹紧（依语境）","已人工审校","日常问候/亲昵语境里 en klem 是拥抱；på klem 形容门窗半开，klem på brystet 是胸口压迫感，须看搭配。https://ordbokene.no/bm/klem","2026-09-25"
"名词|kone","kone","ei kone","名词","A1","家人和关系","妻子；女性配偶；（较旧用法）年长妇女","妻子；女性配偶；（较旧用法）年长妇女","已人工审校","现代日常核心义是女性配偶；词典另收较旧的“年长妇女”义，初学者需结合上下文。https://ordbokene.no/bm/kone","2026-09-25"
"名词|mamma","mamma","en mamma","名词","A1","家人和关系","妈妈；母亲（亲属称呼）","妈妈；母亲（亲属称呼）","已人工审校","家庭中的亲属称呼；相较 mor 更亲昵、口语，但两者都可自然表示母亲。https://ordbokene.no/bm/mamma","2026-09-25"
"名词|morfar","morfar","en morfar","名词","A1","家人和关系","外祖父；母亲的父亲；外公","外祖父；母亲的父亲；外公","已人工审校","专指母亲的父亲；与父系的 farfar 区分。https://ordbokene.no/bm/morfar","2026-09-25"
"名词|mormor","mormor","ei mormor","名词","A1","家人和关系","外祖母；母亲的母亲；外婆","外祖母；母亲的母亲；外婆","已人工审校","专指母亲的母亲；与父系的 farmor 区分。https://ordbokene.no/bm/mormor","2026-09-25"
"名词|nabo","nabo","en nabo","名词","A1","家人和关系","邻居；住在附近的人/家庭","邻居；住在附近的人/家庭","已人工审校","通常指住在附近的人，也可按语境指邻近国家或相邻对象；不是仅指隔壁住户。https://ordbokene.no/bm/nabo","2026-09-25"
"名词|pappa","pappa","en pappa","名词","A1","家人和关系","爸爸；父亲（亲属称呼）","爸爸；父亲（亲属称呼）","已人工审校","家庭中的亲属称呼；通常比 far 更亲昵、口语。https://ordbokene.no/bm/pappa","2026-09-25"
"副词|sammen","sammen","sammen","副词","A1","家人和关系","一起；共同；合在一起（依句子关系）","一起；共同；合在一起（依句子关系）","已人工审校","表示共同做事（jobbe sammen）或聚合在一起（sette delene sammen）；不是单独表示“同时”。https://ordbokene.no/bm/sammen","2026-09-25"
"动词|smile","smile","å smile","动词","A1","家人和关系","微笑；露出笑容","微笑；露出笑容","已人工审校","表示面部露出笑容，通常不等于大笑；笑出声通常用 le。https://ordbokene.no/bm/smile","2026-09-25"
"名词|sønn","sønn","en sønn","名词","A1","家人和关系","儿子；男性子女","儿子；男性子女","已人工审校","明确表示男性子女；不区分年龄。https://ordbokene.no/bm/sønn","2026-09-25"
"名词|barn","barn","et barn","名词","A1","家人和关系 / 家庭与人物","孩子；儿童；某人的儿女（依语境）","孩子；儿童；某人的儿女（依语境）","已人工审校","barn 可指一个孩子，也可作为复数“孩子们”；说某人的子女时可译“儿女”。需由冠词、数量词和上下文判断数。https://ordbokene.no/bm/barn","2026-09-25"
"名词|far","far","en far","名词","A1","家人和关系 / 家庭与人物","父亲；爸爸（亲属称呼）","父亲；爸爸（亲属称呼）","已人工审校","常指孩子的男性家长；也有“祖先、创始者”等引申义，初级常用义由家庭语境确定。https://ordbokene.no/bm/far","2026-09-25"
"名词|kvinne","kvinne","ei kvinne","名词","A1","家人和关系 / 家庭与人物","女人；成年女性","女人；成年女性","已人工审校","一般指成年女性；与常指女孩或年轻女性的 jente 区分。https://ordbokene.no/bm/kvinne","2026-09-25"
"名词|mann","mann","en mann","名词","A1","家人和关系 / 家庭与人物","男人；丈夫（关系语境）","男人；丈夫（关系语境）","已人工审校","mann 单独通常指成年男性；min mann 等家庭/伴侣语境可指“我丈夫”，不要一律按丈夫翻译。https://ordbokene.no/bm/mann","2026-09-25"
"名词|mor","mor","ei mor","名词","A1","家人和关系 / 家庭与人物","母亲；妈妈（较中性/正式的亲属称呼）","母亲；妈妈（较中性/正式的亲属称呼）","已人工审校","指孩子的女性家长；亲昵称呼常用 mamma。https://ordbokene.no/bm/mor","2026-09-25"
"名词|navn","navn","et navn","名词","A1","家人和关系 / 家庭与人物","名字；名称（人、地点或事物的称呼）","名字；名称（人、地点或事物的称呼）","已人工审校","适用于人的名字和事物名称；人的姓是 etternavn，名字/名是 fornavn。https://ordbokene.no/bm/navn","2026-09-25"
"名词|venn","venn","en venn","名词","A1","家人和关系 / 家庭与人物","朋友；友人；（某些语境）伴侣/支持者","朋友；友人；（某些语境）伴侣/支持者","已人工审校","核心义是关系亲近、常有来往的人；具体语境中也可指恋人或支持者。语法上是阳性名词，但中文“朋友”不标性别。https://ordbokene.no/bm/venn","2026-09-25"
"名词|familie","familie","en familie","名词","A1","家人和关系 / 家庭与人物 / 未来计划与目标","家庭；一家人；家族（依语境）","家庭；一家人；家族（依语境）","已人工审校","指共同生活的一家人时译“家庭/一家人”；扩展到亲属群体时译“家族”。https://ordbokene.no/bm/familie","2026-09-25"
"名词|bestefar","bestefar","en bestefar","名词","A1","家人与关系","祖父或外祖父；爷爷或外公（不区分父系/母系）","祖父或外祖父；爷爷或外公（不区分父系/母系）","已人工审校","泛称祖辈男性；明确父系用 farfar、母系用 morfar。https://ordbokene.no/bm/bestefar","2026-09-25"
"名词|bestemor","bestemor","ei bestemor","名词","A1","家人与关系","祖母或外祖母；奶奶或外婆（不区分父系/母系）","祖母或外祖母；奶奶或外婆（不区分父系/母系）","已人工审校","泛称祖辈女性；明确父系用 farmor、母系用 mormor。https://ordbokene.no/bm/bestemor","2026-09-25"
"代词|hverandre","hverandre","hverandre","代词","A1","家人与社交","彼此；互相（表示相互关系）","彼此；互相（表示相互关系）","已人工审校","用于两个或多个参与者相互作用：De hjelper hverandre=他们互相帮助；通常不能单独指某个“对方”。https://ordbokene.no/bm/hverandre","2026-09-25"
"动词|treffe","treffe","å treffe","动词","A1","家人与社交 / 待归类","遇见；碰到；与某人会面；击中（依宾语）","遇见；碰到；与某人会面；击中（依宾语）","已人工审校","treffe en venn=遇见/约见朋友；treffe målet=击中目标。与 møte 部分重叠，但具体搭配和语境会影响译法。https://ordbokene.no/bm/treffe","2026-09-25"
"名词|bad","bad","et bad","名词","A1","家中物品与房间","浴室；洗澡/沐浴（依语境）","浴室；洗澡/沐浴（依语境）","已人工审校","et bad 可指浴室，也可指一次洗澡/沐浴；ta et bad=洗个澡，badet er lite=浴室很小。https://ordbokene.no/bm/bad","2026-09-25"
"名词|balkong","balkong","en balkong","名词","A1","家中物品与房间","阳台；建筑外墙外伸、可供站立或休憩的平台","阳台；建筑外墙外伸、可供站立或休憩的平台","已人工审校","指建筑物外侧的平台；与 terrasse（露台，常较大或在地面/屋顶）有所区别。https://ordbokene.no/bm/balkong","2026-09-25"
"名词|benk","benk","en benk","名词","A1","家中物品与房间","长椅；工作台/操作台（依用途）","长椅；工作台/操作台（依用途）","已人工审校","公共场所供多人坐的长椅，或用于工作的台面；厨房操作台常见复合词 kjøkkenbenk。https://ordbokene.no/bm/benk","2026-09-25"
"名词|bilde","bilde","et bilde","名词","A1","家中物品与房间","图像；图片；照片（依来源和语境）","图像；图片；照片（依来源和语境）","已人工审校","泛指视觉图像；照片可说 et bilde av familien，画作语境也可能译作“画/图”，但不应把“画作”列成默认义。https://ordbokene.no/bm/bilde","2026-09-25"
"名词|bokhylle","bokhylle","ei bokhylle","名词","A1","家中物品与房间","书架；放书的架子或书柜","书架；放书的架子或书柜","已人工审校","可指一层或多层放书的架子，也可指书柜；hylle 是架板/搁架或架子。https://ordbokene.no/bm/bokhylle","2026-09-25"
"名词|dyne","dyne","ei dyne","名词","A1","家中物品与房间","被子；盖在身上的被芯（常为羽绒或纤维填充）","被子；盖在身上的被芯（常为羽绒或纤维填充）","已人工审校","睡觉时盖在身上的被芯，不是床垫（madrass）；挪威语还用 dynetrekk 表示被套。https://ordbokene.no/bm/dyne","2026-09-25"
"名词|etasje","etasje","en etasje","名词","A1","家中物品与房间","楼层；建筑中的一层","楼层；建筑中的一层","已人工审校","表示建筑的楼层；中文计层习惯可能不同，具体第几层需看 første/andre etasje 等表达。https://ordbokene.no/bm/etasje","2026-09-25"
"名词|gardin","gardin","en gardin","名词","A1","家中物品与房间","窗帘；挂在窗前遮挡或装饰的布帘","窗帘；挂在窗前遮挡或装饰的布帘","已人工审校","通常指一片窗帘布；成对或多片可说 gardiner。https://ordbokene.no/bm/gardin","2026-09-25"
"名词|genser","genser","en genser","名词","A1","家中物品与房间","套头毛衣；针织上衣（通常无前开襟）","套头毛衣；针织上衣（通常无前开襟）","已人工审校","通常指套头穿的针织上衣；开襟款可称 cardigan/开衫，不能把所有针织衣都无差别称作 genser。https://ordbokene.no/bm/genser","2026-09-25"
"名词|hjørne","hjørne","et hjørne","名词","A1","家中物品与房间","角；拐角；角落（依位置关系）","角；拐角；角落（依位置关系）","已人工审校","可指两条边相交的角，也可指房间或街道的角落/拐角；i hjørnet=在角落里。https://ordbokene.no/bm/hjørne","2026-09-25"
"名词|hylle","hylle","ei hylle","名词","A1","家中物品与房间","搁板；架子（依结构）","搁板；架子（依结构）","已人工审校","可指墙上的一块搁板，也可指由多层搁板组成的架子；书架常说 bokhylle。https://ordbokene.no/bm/hylle","2026-09-25"
"名词|kjøleskap","kjøleskap","et kjøleskap","名词","A1","家中物品与房间","冰箱；用于冷藏食物等的电器","冰箱；用于冷藏食物等的电器","已人工审校","词典义是带制冷装置、用于保存食物或药品的柜子；是否带冷冻室看具体型号。https://ordbokene.no/bm/kjøleskap","2026-09-25"
"名词|klesskap","klesskap","et klesskap","名词","A1","家中物品与房间","衣柜；存放衣服的柜子","衣柜；存放衣服的柜子","已人工审校","与泛称 skap（柜子）相比，klesskap 明确用于放衣物；内置衣柜也可称 garderobeskap。https://ordbokene.no/bm/klesskap","2026-09-25"
"名词|kommode","kommode","en kommode","名词","A1","家中物品与房间","抽屉柜；带抽屉的收纳柜","抽屉柜；带抽屉的收纳柜","已人工审校","主要特征是有抽屉，用于收纳衣物或小物；不是泛指任何柜子。https://ordbokene.no/bm/kommode","2026-09-25"
"名词|lenestol","lenestol","en lenestol","名词","A1","家中物品与房间","扶手椅；带靠背和扶手的舒适单人椅","扶手椅；带靠背和扶手的舒适单人椅","已人工审校","词典义为舒适、带靠背和扶手的椅子；不等于多人坐的 sofa。https://ordbokene.no/bm/lenestol","2026-09-25"
"名词|lomme","lomme","ei lomme","名词","A1","家中物品与房间","口袋；衣物或包上的袋状夹层","口袋；衣物或包上的袋状夹层","已人工审校","可指衣服上的口袋，也可指包等物品上的袋状隔层；lommetørkle=手帕。https://ordbokene.no/bm/lomme","2026-09-25"
"名词|madrass","madrass","en madrass","名词","A1","家中物品与房间","床垫；供躺卧的软垫","床垫；供躺卧的软垫","已人工审校","通常铺在床架上供睡卧；区别于盖在身上的 dyne（被子）。https://ordbokene.no/bm/madrass","2026-09-25"
"名词|møbel","møbel","et møbel","名词","A1","家中物品与房间","家具；一件家具（可数）","家具；一件家具（可数）","已人工审校","指可移动的室内家具，如椅子、桌子和床；单数 møbel 指一件，复数 møbler 泛指家具。https://ordbokene.no/bm/møbel","2026-09-25"
"名词|salongbord","salongbord","et salongbord","名词","A1","家中物品与房间","茶几；客厅里的矮桌","茶几；客厅里的矮桌","已人工审校","客厅沙发前常用的低矮桌；不一定用于喝茶，不能按字面理解为“沙龙桌”。https://ordbokene.no/bm/salongbord","2026-09-25"
"名词|skap","skap","et skap","名词","A1","家中物品与房间","柜子；橱柜；衣柜（泛称，依用途）","柜子；橱柜；衣柜（泛称，依用途）","已人工审校","泛指带门或隔层的收纳柜；具体用途可由复合词说明，如 klesskap（衣柜）、kjøleskap（冰箱）。https://ordbokene.no/bm/skap","2026-09-25"
"名词|skjørt","skjørt","et skjørt","名词","A1","家中物品与房间","裙子；半身裙","裙子；半身裙","已人工审校","穿在腰部以下的裙装；不包括连衣裙（kjole）。https://ordbokene.no/bm/skjørt","2026-09-25"
"名词|skrivebord","skrivebord","et skrivebord","名词","A1","家中物品与房间","书桌；写字/办公用的桌子","书桌；写字/办公用的桌子","已人工审校","用于写作、学习或办公的桌子；与 spisebord（餐桌）按用途区分。https://ordbokene.no/bm/skrivebord","2026-09-25"
"名词|sofa","sofa","en sofa","名词","A1","家中物品与房间","沙发；供多人坐的软垫家具","沙发；供多人坐的软垫家具","已人工审校","通常有靠背、可供多人坐；区别 lenestol（单人扶手椅）。https://ordbokene.no/bm/sofa","2026-09-25"
"名词|soverom","soverom","et soverom","名词","A1","家中物品与房间","卧室；供睡觉的房间","卧室；供睡觉的房间","已人工审校","房间功能是睡觉，不一定只摆一张床；区别 stue（客厅/起居室）。https://ordbokene.no/bm/soverom","2026-09-25"
"名词|speil","speil","et speil","名词","A1","家中物品与房间","镜子；能反射影像的表面或器具","镜子；能反射影像的表面或器具","已人工审校","日常家居义是镜子；复合词也可表示反光镜等。https://ordbokene.no/bm/speil","2026-09-25"
"名词|stue","stue","ei stue","名词","A1","家中物品与房间","客厅；起居室","客厅；起居室","已人工审校","家庭中供休息、会客的房间；在复合词或其他专业语境中可能有不同含义。https://ordbokene.no/bm/stue","2026-09-25"
"名词|trapp","trapp","ei trapp","名词","A1","家中物品与房间","楼梯；一段台阶；门前台阶（依语境）","楼梯；一段台阶；门前台阶（依语境）","已人工审校","可指连接楼层的一串阶梯，也可指入口前的平台/台阶；gå opp trappa=上楼梯。https://ordbokene.no/bm/trapp","2026-09-25"
"名词|undertøy","undertøy","et undertøy","名词","A1","家中物品与房间","内衣；贴身衣物（集合称呼）","内衣；贴身衣物（集合称呼）","已人工审校","通常作为衣物类别/集合名词使用；要说一件具体内衣可用 undertøy-plagg 或具体衣物名称。https://ordbokene.no/bm/undertøy","2026-09-25"
"名词|vegg","vegg","en vegg","名词","A1","家中物品与房间","墙；墙壁（房间或建筑的竖直围护面）","墙；墙壁（房间或建筑的竖直围护面）","已人工审校","指建筑内部或外部的墙面；与围栏/栅栏 gjerde 区分。https://ordbokene.no/bm/vegg","2026-09-25"
"名词|vindu","vindu","et vindu","名词","A1","家中物品与房间","窗；窗户（也可指窗玻璃/窗口，依语境）","窗；窗户（也可指窗玻璃/窗口，依语境）","已人工审校","通常指建筑上的窗户；电脑界面中的 vindu 可指窗口。https://ordbokene.no/bm/vindu","2026-09-25"
"名词|bord","bord","et bord","名词","A1","家中物品与房间 / 家与房间","桌子；桌面；一桌饭菜（依语境）","桌子；桌面；一桌饭菜（依语境）","已人工审校","家具义最常见；sette noe på bordet=把东西放在桌上，et bord mat=一桌饭菜。https://ordbokene.no/bm/bord","2026-09-25"
"名词|dør","dør","ei dør","名词","A1","家中物品与房间 / 家与房间","门；出入口的门扇/门口（依语境）","门；出入口的门扇/门口（依语境）","已人工审校","可指门扇，也可在 stå i døra 等表达里指门口；门洞/入口另可用 inngang。https://ordbokene.no/bm/dør","2026-09-25"
"名词|hus","hus","et hus","名词","A1","家中物品与房间 / 家与房间","房子；住宅；建筑物（依语境）","房子；住宅；建筑物（依语境）","已人工审校","可指供人居住的房子，也可泛指建筑；hjem 更强调“家/归属之处”，不等于房屋建筑。https://ordbokene.no/bm/hus","2026-09-25"
"名词|kjøkken","kjøkken","et kjøkken","名词","A1","家中物品与房间 / 家与房间","厨房；做饭和备餐的房间/空间","厨房；做饭和备餐的房间/空间","已人工审校","指厨房空间；厨房设备/厨房整体也可能依搭配理解。https://ordbokene.no/bm/kjøkken","2026-09-25"
"名词|leilighet","leilighet","en leilighet","名词","A1","家中物品与房间 / 家与房间","公寓；住宅楼中的一套住房","公寓；住宅楼中的一套住房","已人工审校","通常是建筑物中的独立住宅单元；不要误译成酒店套房，后者常用 suite。https://ordbokene.no/bm/leilighet","2026-09-25"
"名词|rom","rom","et rom","名词","A1","家中物品与房间 / 家与房间","房间；空间；（旅馆等的）客房（依语境）","房间；空间；（旅馆等的）客房（依语境）","已人工审校","rom 可指有边界的房间，也可泛指空间；et rom på hotellet=酒店的一间客房。https://ordbokene.no/bm/rom","2026-09-25"
"名词|seng","seng","ei seng","名词","A1","家中物品与房间 / 家与房间","床；供睡觉或躺卧的家具/地方","床；供睡觉或躺卧的家具/地方","已人工审校","日常指床；在 en seng med blomster 等结构中也可指一畦/一层铺放物，按语境判断。https://ordbokene.no/bm/seng","2026-09-25"
"名词|stol","stol","en stol","名词","A1","家中物品与房间 / 家与房间","椅子；单人座椅；（机构中的）席位/职位（依语境）","椅子；单人座椅；（机构中的）席位/职位（依语境）","已人工审校","家具义通常是一人坐、有靠背的椅子；styrelederstol 等比喻用法可指职务/席位。https://ordbokene.no/bm/stol","2026-09-25"
"形容词|dyr","dyr","dyr","形容词","A1","价格与描述","贵的；价格高的；（代价、后果）惨重的；珍贵的（较少见，依语境）","贵的；价格高的；（代价、后果）惨重的；珍贵的（较少见，依语境）","已人工审校","形容词词典义包括价格高、付出代价大、稀少而珍贵，另收较少见的“神圣”。阳/阴性 dyr、中性 dyrt、复数/定指 dyre；比较级 dyrere，最高级 dyrest/dyreste。与名词 et dyr“动物”是不同词性卡。https://ordbokene.no/nob/bm/11376","2026-09-25"
"名词|helseforsikring","helseforsikring","ei helseforsikring","名词","A1","健康与保险","健康保险；医疗保险","健康保险；医疗保险","已人工审校","这是 helse（健康）+ forsikring（保险）的复合名词；挪威语词义不能据此推断具体报销项目、等待期或公共医疗资格，需看个人保单条款。词典未检索到独立词头，保留词条原有语境句，不标作词典原句。","2026-09-25"
"感叹词/副词|ja","ja","ja","感叹词/副词","A1","交流与回应","是；对；好（肯定回应；具体语气看上下文）","是；对；好（肯定回应；具体语气看上下文）","已人工审校","可直接肯定回答，也可表示同意或接受；不能一概译成“确实”。面对否定问句时挪威语常用 jo 表示“不是，正是/是的”。https://ordbokene.no/bm/ja","2026-09-25"
"感叹词/副词|nei","nei","nei","感叹词/副词","A1","交流与回应","不；不是；不，谢谢（否定、拒绝或反对）","不；不是；不，谢谢（否定、拒绝或反对）","已人工审校","既可作否定回答，也可用于拒绝或表达不同意见；nei takk=不用了，谢谢。https://ordbokene.no/bm/nei","2026-09-25"
"感叹词|hm","hm","hm","感叹词","A1","交流与语气","嗯；唔（表示思考、迟疑或不确定）","嗯；唔（表示思考、迟疑或不确定）","已人工审校","语气词，不是明确同意；具体态度要看语调和后续内容。","2026-09-25"
"副词|vel","vel","vel","副词","A1","交流与语气","大概；想必；吧（表示推测、确认期待或缓和语气）","大概；想必；吧（表示推测、确认期待或缓和语气）","已人工审校","vel 不等于强制性的“应该”；你 vel kommer i morgen? 可带“你明天大概/会来吧？”的确认语气，意义由位置和语调决定。https://ordbokene.no/bm/vel","2026-09-25"
"介词|av","av","av","介词","A1","交流与语言","从/由；……的；因；用……制成（由搭配决定）","从/由；……的；因；用……制成（由搭配决定）","已人工审校","常见关系包括来源/分离（komme av）、所属或组成部分（døra av tre）、原因/施事等；不要把所有 av 都机械译成“从”。https://ordbokene.no/bm/av","2026-09-25"
"副词|bare","bare","bare","副词","A1","交流与语言","只；仅仅；不过；就（限制或弱化语气，依语境）","只；仅仅；不过；就（限制或弱化语气，依语境）","已人工审校","bare to dager=只有两天；bare gjør det=就/只管做吧。表示“刚刚”通常用 nettopp，不要把 bare 的常用义误记成“刚刚”。https://ordbokene.no/bm/bare","2026-09-25"
"名词|brev","brev","et brev","名词","A1","交流与语言","信；信件；书面函件","信；信件；书面函件","已人工审校","通常指寄送或收到的书面信件；正式通知也可能是一封 brev，但不应把“通知”当成独立默认义。https://ordbokene.no/bm/brev","2026-09-25"
"代词|de","de","de","代词","A1","交流与语言","他们/她们/它们（主格）；大写 De 可敬称“您”（较正式）","他们/她们/它们（主格）；大写 De 可敬称“您”（较正式）","已人工审校","小写 de 是第三人称复数主格，宾格用 dem；大写 De 是传统正式称呼，现代日常较少见。https://ordbokene.no/bm/de","2026-09-25"
"代词|dere","dere","dere","代词","A1","交流与语言","你们（第二人称复数；主格和宾格同形）","你们（第二人称复数；主格和宾格同形）","已人工审校","dere 可作主语或宾语；物主形式是 deres（你们的）。https://ordbokene.no/bm/dere","2026-09-25"
"副词|derfor","derfor","derfor","副词","A1","交流与语言","因此；所以；因为这个原因","因此；所以；因为这个原因","已人工审校","承接前文原因并引出结果；若放句首，主句通常发生动词第二位倒装：Derfor går jeg hjem。https://ordbokene.no/bm/derfor","2026-09-25"
"副词|dessuten","dessuten","dessuten","副词","A1","交流与语言","此外；而且；除此之外","此外；而且；除此之外","已人工审校","用于补充一项信息或理由，常可译“而且/另外”；不是单纯的“此外某个地点”。https://ordbokene.no/bm/dessuten","2026-09-25"
"动词|diskutere","diskutere","å diskutere","动词","A1","交流与语言","讨论；就某事交换意见/进行辩论","讨论；就某事交换意见/进行辩论","已人工审校","diskutere noe=讨论某事，通常直接接讨论主题；并不必然意味着争吵。https://ordbokene.no/bm/diskutere","2026-09-25"
"代词|du","du","du","代词","A1","交流与语言","你（第二人称单数；日常称呼）","你（第二人称单数；日常称呼）","已人工审校","对一个人说“你”；现代挪威语日常通常使用 du，不使用正式大写 De。某些泛指句中 du 也可泛指一般人。https://ordbokene.no/bm/du","2026-09-25"
"介词|for","for","for","介词","A1","交流与语言","为；给；对；适合/用于；相对于（具体看结构）","为；给；对；适合/用于；相对于（具体看结构）","已人工审校","for 的含义依宾语和搭配变化：for deg=为你，bra for helsa=对健康有益，for barn=适合儿童。表达“因为”通常是 fordi；不能把因果连词义直接套到本条介词上。https://ordbokene.no/bm/15908","2026-09-25"
"副词|forresten","forresten","forresten","副词","A1","交流与语言","顺便说一下；对了（插入补充或转换话题）","顺便说一下；对了（插入补充或转换话题）","已人工审校","常用于补充想到的信息或轻轻转开话题；不是单纯表示“此外”的正式连接词。https://ordbokene.no/bm/forresten","2026-09-25"
"形容词|fransk","fransk","fransk","形容词","A1","交流与语言","法国的；法语的；（作语言名称）法语","法国的；法语的；（作语言名称）法语","已人工审校","修饰名词时表示“法国的/法语的”；snakke fransk（说法语）中 fransk 作语言名称。法国人通常是 franskmann/fransk kvinne。https://ordbokene.no/bm/fransk","2026-09-25"
"名词|frimerke","frimerke","et frimerke","名词","A1","交流与语言","邮票；（体育）盯防对方球员的人/战术","邮票；（体育）盯防对方球员的人/战术","已人工审校","邮票是日常核心义；Bokmålsordboka 还收录体育术语“紧贴盯防对方球员”。加入词典例句 sette frimerke på konvolutten 及译文。https://ordbokene.no/bm/18059","2026-09-25"
"副词|gjerne","gjerne","gjerne","副词","A1","交流与语言","愿意；乐意；很想；通常/往往（依语境）","愿意；乐意；很想；通常/往往（依语境）","已人工审校","vil gjerne=很愿意/很想；tar gjerne kaffe=乐意喝咖啡；barn blir gjerne utålmodige=孩子往往会不耐烦。不要只记成“经常”。https://ordbokene.no/bm/gjerne","2026-09-25"
"感叹词|hallo","hallo","hallo","感叹词","A1","交流与语言","你好；喂（打招呼或引起注意）","你好；喂（打招呼或引起注意）","已人工审校","既能作问候，也可用于叫人注意或确认有人在；电话中的用法常译“喂”。https://ordbokene.no/nob/bm/hallo","2026-09-25"
"感叹词|hei","hei","hei","感叹词","A1","交流与语言","你好；嗨（见面问候；也可作简短告别）","你好；嗨（见面问候；也可作简短告别）","已人工审校","常见见面问候；简短告别时也有人说 hei，但正式或明确说“再见”可用 ha det。https://ordbokene.no/bm/hei","2026-09-25"
"动词|hete","hete","å hete","动词","A1","交流与语言","名叫；名字是","名叫；名字是","已人工审校","常用来报姓名：Jeg heter Anna=我叫安娜；不能按英语 be 动词逐词对译。https://ordbokene.no/bm/hete","2026-09-25"
"动词|hilse","hilse","å hilse","动词","A1","交流与语言","问候；打招呼；代为向某人问好","问候；打招呼；代为向某人问好","已人工审校","hilse på noen=和某人打招呼/见到某人；hilse fra noen=代某人问好；hilse til noen=向某人致意。https://ordbokene.no/bm/hilse","2026-09-25"
"名词|hjelp","hjelp","hjelp","名词","A1","交流与语言","帮助；援助；帮忙；救命！（呼救时）","帮助；援助；帮忙；救命！（呼救时）","已人工审校","日常可指提供帮助，也可单独喊 Hjelp!（救命/救助）；be om hjelp=请求帮助。https://ordbokene.no/bm/hjelp","2026-09-25"
"介词|hos","hos","hos","介词","A1","交流与语言","在某人那里/家里；在某位专业人士或机构处","在某人那里/家里；在某位专业人士或机构处","已人工审校","hos legen=在医生那里/看医生，hos meg=在我家/我这里；侧重人与服务者/地点的关联，不能简单等同于任何“到……”。https://ordbokene.no/bm/hos","2026-09-25"
"代词|hva","hva","hva","代词","A1","交流与语言","什么；什么东西/事情；……的内容（依句型）","什么；什么东西/事情；……的内容（依句型）","已人工审校","可用于直接问句 Hva gjør du?（你在做什么？），也可引出间接疑问 Hun vet hva jeg sa（她知道我说了什么）。https://ordbokene.no/nob/bm/HVA","2026-09-25"
"限定词|hvilken","hvilken","hvilken","限定词","A1","交流与语言","哪一个/哪一种（修饰名词；词形随名词变化）","哪一个/哪一种（修饰名词；词形随名词变化）","已人工审校","用于从一组已知对象中询问选择；阳性/阴性 hvilken， 中性 hvilket，复数 hvilke。问类别“什么类型”常用 hva slags。https://ordbokene.no/bm/hvilken","2026-09-25"
"副词|hvor","hvor","hvor","副词","A1","交流与语言","哪里；多么/多（与形容词或副词连用）","哪里；多么/多（与形容词或副词连用）","已人工审校","hvor er du?=你在哪里；hvor gammel?=多大；hvor langt?=多远。问地点与程度要结合后续词判断。https://ordbokene.no/bm/hvor","2026-09-25"
"副词|hvordan","hvordan","hvordan","副词","A1","交流与语言","怎样；如何；怎么样（询问方式或状况）","怎样；如何；怎么样（询问方式或状况）","已人工审校","spørre hvordan noe gjøres=问某事怎么做；Hvordan er han? 可问“他怎么样/是什么样的人”，不只询问动作方式。https://ordbokene.no/bm/hvordan","2026-09-25"
"限定词|ingen","ingen","ingen","限定词","A1","交流与语言","没有一个；没有任何（修饰名词；形式随名词性数变化）","没有一个；没有任何（修饰名词；形式随名词性数变化）","已人工审校","修饰名词：ingen bil（没有车）、ingen bøker（没有书）、intet/ikke noe hus（没有房子，现代用法有差异）；单独指“无人”时需看句型。https://ordbokene.no/bm/ingen","2026-09-25"
"限定词|ingenting","ingenting","ingenting","限定词","A1","交流与语言","什么也没有；没有任何东西/事情","什么也没有；没有任何东西/事情","已人工审校","词典将其归为限定词类，但它可独立使用：Jeg vet ingenting=我什么都不知道；修饰名词通常用 ingen/ikke noe。https://ordbokene.no/bm/ingenting","2026-09-25"
"动词|kalle","kalle","å kalle","动词","A1","交流与语言","叫；召唤；叫作/给……取名；称……为；（贬义）辱骂","叫；召唤；叫作/给……取名；称……为；（贬义）辱骂","已人工审校","把 kalle på noen（叫某人/召唤）、kalle inn til møte（召集开会）、kalle noen Nils（给某人取名/称作）分开记；不是只有“称呼”。已加入词典例句 kalle inn til møte 及译文。https://ordbokene.no/bm/kalle","2026-09-25"
"名词|måte","måte","en måte","名词","A1","交流与语言","方式；做法；方法；适度/限度（依搭配）","方式；做法；方法；适度/限度（依搭配）","已人工审校","指事情进行的方式，也可指适当的数量或程度。på en måte 是“某种程度上/可以说”，på ingen måte 是“绝不”，drikke med måte 是“适量饮酒”；不可只靠孤立汉语“样子”记忆。https://ordbokene.no/bm/m%C3%A5te","2026-09-25"
"副词|også","også","også","副词","A1","交流与语言","也；还；同样；（语气表达中）竟然/真是","也；还；同样；（语气表达中）竟然/真是","已人工审校","核心义是表示情况相同或增加补充；词典也列 pokker også 等感叹用法。普通主句中注意位置：Jeg kommer også（我也来）。词典原例 nei, kommer du også? 已加入语料。https://ordbokene.no/bm/ogs%C3%A5","2026-09-25"
"动词|ringe","ringe","å ringe","动词","A1","交流与语言","响铃；按铃/门铃；打电话给","响铃；按铃/门铃；打电话给","已人工审校","电话作主语时 ringe 是“响”；ringe på døra 是按门铃/门铃响；ringe noen opp、ringe til Bergen 是打电话。补语决定中文，不能把全部用法都译成“打电话”。https://ordbokene.no/bm/ringe","2026-09-25"
"动词|sende","sende","å sende","动词","A1","交流与语言","发送；寄送；派遣；递给；投掷/发射；发出/播送（依语境）","发送；寄送；派遣；递给；投掷/发射；发出/播送（依语境）","已人工审校","词典义从寄信、派人、把物品递给他人到发射/播送均有。初级优先掌握 sende en melding/en pakke/send meg hammeren；传达目光或微笑也是自然搭配。https://ordbokene.no/bm/sende","2026-09-25"
"名词|takk","takk","en takk","名词","A1","交流与语言","感谢；谢意；道谢的话；礼貌地接受或拒绝","感谢；谢意；道谢的话；礼貌地接受或拒绝","已人工审校","该卡作名词收录，但 Takk! 在日常对话中也常作感叹/礼貌表达；takk for hjelpen、ja takk、nei takk 的功能不同。Bokmålsordboka 还列 en takk skyldig 等名词用法。https://ordbokene.no/bm/takk","2026-09-25"
"动词|takke","takke","å takke","动词","A1","交流与语言","感谢；道谢；接受（takke ja）；谢绝（takke nei）；归因于/归功于（依结构）","感谢；道谢；接受（takke ja）；谢绝（takke nei）；归因于/归功于（依结构）","已人工审校","takke noen for noe（因某事感谢某人）；takke ja/nei til noe（接受/谢绝）；也可说 være noen å takke for noe（某事应归因于某人）。别把 takke nei 当作单词独立义。https://ordbokene.no/nno/bm/takke","2026-09-25"
"感叹词|unnskyld","unnskyld","unnskyld","感叹词","A1","交流与语言","对不起/抱歉；劳驾/请问（礼貌地引起注意）","对不起/抱歉；劳驾/请问（礼貌地引起注意）","已人工审校","权威词典明确区分道歉与礼貌引起对方注意两种用法；问路时 unnskyld, kan du si meg veien til byen? 不是承认犯错。https://ordbokene.no/bm/unnskyld","2026-09-25"
"动词|vise","vise","å vise","动词","A1","交流与语言","给……看；展示；指路；显示/表明；转交或引介（依结构）","给……看；展示；指路；显示/表明；转交或引介（依结构）","已人工审校","vise noen noe（给某人看某物）、vise noen veien（给某人指路）、仪表 vise en verdi（显示数值）、vise tillit（表示信任）各是不同搭配。已加入词典例句 Hun viste meg arbeidsplassen sin 及译文。https://ordbokene.no/bm/vise","2026-09-25"
"动词|høre","høre","å høre","动词","A1","交流与语言 / 待归类","听见；听到；听取；听说；（事物）属于/归于（依搭配）","听见；听到；听取；听说；（事物）属于/归于（依搭配）","已人工审校","høre en lyd/sang 是听见声音/歌曲；høre på musikk 是听音乐；høre om noe 是听说某事；høre til 表示属于。Bokmålsordboka 词典例句已补入语料。https://ordbokene.no/nob/bm/h%C3%B8re","2026-09-25"
"动词|mene","mene","å mene","动词","A1","交流与语言 / 待归类","认为；觉得；意思是；指的是","认为；觉得；意思是；指的是","已人工审校","mene at 引出观点；mene noe med 表示用某句话/词想表达什么。词典例句 Jeg skjønner ikke hva du mener 展示“你的意思”。https://ordbokene.no/bm/mene","2026-09-25"
"动词|skulle","skulle","å skulle","动词","A1","交流与语言 / 待归类 / 未来计划与目标","将要；应该；过去曾打算/需要（依语境）","将要；应该；过去曾打算/需要（依语境）","已人工审校","skal 常表达安排、承诺或义务；过去式 skulle 可用于过去计划和间接引语，也可表达建议、假设等。后接另一动词时用原形，不加 å。https://ordbokene.no/nob/bm/skulle","2026-09-25"
"动词|ville","ville","å ville","动词","A1","交流与语言 / 待归类 / 未来计划与目标","想要；愿意；将会/会（依语境）","想要；愿意；将会/会（依语境）","已人工审校","vil gjerne 表愿望；礼貌问句 vil du ha …? 可译“你想要……吗”；条件句中 ville 常相当于“会”。具体意思看句型，不把 ville 一律译为“想”。https://ordbokene.no/bm/ville","2026-09-25"
"动词|fortelle","fortelle","å fortelle","动词","A1","交流与语言 / 家庭与人物","讲述；告诉","讲述；告诉","已人工审校","fortelle noen noe / fortelle noe til noen 表示告诉某人某事；fortelle en historie 是讲故事。词典例句 Fortell mer! 已加入语料。https://ordbokene.no/bm/fortelle","2026-09-25"
"动词|snakke","snakke","å snakke","动词","A1","交流与语言 / 家庭与人物","说话；交谈；讲某种语言","说话；交谈；讲某种语言","已人工审校","snakke med noen 是和某人交谈；snakke norsk 是说挪威语；snakke om noe 是谈论某事。谈论某人时也可能有“议论”语气，须结合上下文。https://ordbokene.no/bm/snakke","2026-09-25"
"动词|spørre","spørre","å spørre","动词","A1","交流与语言 / 家庭与人物","问；询问","问；询问","已人工审校","spørre noen om noe 是向某人询问某事；spørre om hjelp 是求助；spørre etter veien 是问路。挪威语常把被问的人直接放在动词后。https://ordbokene.no/nob/bm/sp%C3%B8rre","2026-09-25"
"动词|si","si","å si","动词","A1","交流与语言 / 健康与看医生","说；告诉；表达（说出内容）","说；告诉；表达（说出内容）","已人工审校","si noe 是说出某内容；si noe til noen 是对某人说；si fra 是告知/提醒；si opp 是辞职或终止订阅。词典例句 Hun sier at det regner 展示直接引述内容。https://ordbokene.no/bm/si","2026-09-25"
"介词|til","til","til","介词","A1","交流与语言 / 未来计划与目标","到/向；给；用于/供；直到；属于/关于（依结构）","到/向；给；用于/供；直到；属于/关于（依结构）","已人工审校","常见结构：dra til Oslo（去奥斯陆）、gi noe til noen（把某物给某人）、en kopp til kaffe（咖啡杯）。此外 til 也可构成“直到”结构；不要仅凭单词孤立翻译。https://ordbokene.no/bm/til","2026-09-25"
"动词|forstå","forstå","å forstå","动词","A1","交流与语言 / 学习与工作","理解；听懂；明白","理解；听懂；明白","已人工审校","forstå hva noen sier/mener 是听懂或明白某人的话；jeg forstår deg 可表示理解你的处境；forstå seg på kunst 是懂艺术。https://ordbokene.no/bm/forst%C3%A5","2026-09-25"
"名词|bagasje","bagasje","bagasje","名词","A1","交通与出行","行李；旅行时携带的物品（通常作集合名词）","行李；旅行时携带的物品（通常作集合名词）","已人工审校","通常整体指一批行李，不像 koffert 那样指一个具体箱子；reise med lite bagasje=轻装出行。Bokmålsordboka：https://ordbokene.no/bm%2Cnn/bagasje","2026-09-25"
"名词|bensinstasjon","bensinstasjon","en bensinstasjon","名词","A1","交通与出行","加油站；为机动车加注燃料的场所","加油站；为机动车加注燃料的场所","已人工审校","词义是加油站，不是泛指汽车维修厂；复合词由 bensin（汽油）+ stasjon（站点）构成。Bokmålsordboka：https://ordbokene.no/bm%2Cnn/bensinstasjon","2026-09-25"
"名词|bil","bil","en bil","名词","A1","交通与出行","汽车；机动车（通常指轿车）","汽车；机动车（通常指轿车）","已人工审校","日常可泛指汽车；与 buss（公交车）、lastebil（卡车）区分。常见结构 kjøre bil（开车）、ta bilen（开车/乘自己的车）。","2026-09-25"
"名词|billett","billett","en billett","名词","A1","交通与出行","票；车票；入场券（凭票乘车或进入活动/场所）","票；车票；入场券（凭票乘车或进入活动/场所）","已人工审校","具体译法看用途：bussbillett 是公交车票，billett til en forestilling 是演出入场票；不应只限于交通票。Bokmålsordboka：https://ordbokene.no/bm/billett","2026-09-25"
"名词|buss","buss","en buss","名词","A1","交通与出行","公共汽车；公交车","公共汽车；公交车","已人工审校","常指公共交通巴士；乘坐通常说 ta buss/ta bussen，换乘说 bytte buss。","2026-09-25"
"名词|bussjåfør","bussjåfør","en bussjåfør","名词","A1","交通与出行","公交车司机；驾驶公共汽车的人","公交车司机；驾驶公共汽车的人","已人工审校","复合词 buss（公交车）+ sjåfør（司机），范围比 sjåfør（各类司机）窄。","2026-09-25"
"名词|bussrute","bussrute","ei bussrute","名词","A1","交通与出行","公交线路；公交车固定行驶的路线","公交线路；公交车固定行驶的路线","已人工审校","指线路/路线，不等于时刻表；“时刻表”通常是 rutetabell。Bokmålsordboka：https://ordbokene.no/bm/bussrute","2026-09-25"
"名词|busstur","busstur","en busstur","名词","A1","交通与出行","一趟公交车程；乘公交的一次行程","一趟公交车程；乘公交的一次行程","已人工审校","复合词 buss + tur；强调乘公交的一趟行程，不是公交线路，也不一定是观光旅游。","2026-09-25"
"名词|by","by","en by","名词","A1","交通与出行","城市；市镇；（定指 byen 依语境可指）城里/市中心","城市；市镇；（定指 byen 依语境可指）城里/市中心","已人工审校","常见 byen 可表示“城里、进城”；byen 不总是抽象的整座城市，需结合方向与搭配理解。Bokmålsordboka：https://ordbokene.no/bm/by","2026-09-25"
"动词|bytte","bytte","å bytte","动词","A1","交通与出行","更换；交换；换乘（依宾语和结构）","更换；交换；换乘（依宾语和结构）","已人工审校","bytte tog/buss=换乘火车/公交；bytte klær=换衣服；bytte én ting mot en annen=以一物换另一物。Bokmålsordboka：https://ordbokene.no/bm/bytte","2026-09-25"
"名词|båt","båt","en båt","名词","A1","交通与出行","船；船只（常见水上交通工具）","船；船只（常见水上交通工具）","已人工审校","可指小船或一般船只；具体船型由语境决定。交通语境常与 buss、tog 并列。","2026-09-25"
"动词|dra","dra","å dra","动词","A1","交通与出行","去；出发/前往；拉、拽（依结构和语境）","去；出发/前往；拉、拽（依结构和语境）","已人工审校","dra hjem=回家，dra til Bergen=去卑尔根；dra i døra=拉门。先看宾语/方向补语来区分“出行”和“拉”。Bokmålsordboka：https://ordbokene.no/bm/dra","2026-09-25"
"名词|fly","fly","et fly","名词","A1","交通与出行","飞机；（依语境）航班/班机","飞机；（依语境）航班/班机","已人工审校","此条是中性名词 et fly，指飞机；注意与阴性名词 ei flue（苍蝇）以及动词 å fly（飞）区分。Bokmålsordboka：https://ordbokene.no/bm/15542","2026-09-25"
"名词|flybuss","flybuss","en flybuss","名词","A1","交通与出行","机场巴士；往返机场与市区等地点的巴士","机场巴士；往返机场与市区等地点的巴士","已人工审校","复合词 fly + buss，通常指连接机场和市区/交通枢纽的巴士；不是飞机本身。","2026-09-25"
"介词|fra","fra","fra","介词","A1","交通与出行","从；来自；自……起（表示地点、来源或时间起点）","从；来自；自……起（表示地点、来源或时间起点）","已人工审校","fra Oslo=从奥斯陆；et brev fra henne=她寄来的信；fra mandag=从周一开始。具体关系由后面的地点、来源或时间决定。","2026-09-25"
"名词|jernbanestasjon","jernbanestasjon","en jernbanestasjon","名词","A1","交通与出行","铁路车站；火车站","铁路车站；火车站","已人工审校","指铁路列车停靠的车站；日常语境也常说 togstasjon 或 stasjon，不能理解成公交站。","2026-09-25"
"名词|kart","kart","et kart","名词","A1","交通与出行","地图；图表/菜单等以图示或列表呈现的内容（依语境）","地图；图表/菜单等以图示或列表呈现的内容（依语境）","已人工审校","et kart over Norge=挪威地图；词典也列有 spisekart（菜单）、vinkart（酒单）等复合词用法。另有同形阳性词 kart，指未成熟果实，需由词性/语境区分。Bokmålsordboka：https://ordbokene.no/nob/bm/kart","2026-09-25"
"名词|kilometer","kilometer","en kilometer","名词","A1","交通与出行","公里；千米（长度单位，1 公里 = 1,000 米）","公里；千米（长度单位，1 公里 = 1,000 米）","已人工审校","表示距离/长度：gå flere kilometer=走好几公里；复数通常 kilometer 或 kilometre。与 klokkeslett（时间）无关。","2026-09-25"
"动词|kjøre","kjøre","å kjøre","动词","A1","交通与出行","驾驶；开车；乘车行驶；开车运送（依句型）","驾驶；开车；乘车行驶；开车运送（依句型）","已人工审校","kjøre bil=开车；bussen kjører=公交车行驶；kjøre noen hjem=开车送某人回家。结合主语和宾语判断是谁在驾驶、行驶或被运送。Bokmålsordboka：https://ordbokene.no/bm/kj%C3%B8re","2026-09-25"
"名词|koffert","koffert","en koffert","名词","A1","交通与出行","行李箱；旅行箱","行李箱；旅行箱","已人工审校","指一个装旅行物品的箱子；与集合概念 bagasje（行李）不同。pakke kofferten=收拾行李箱。","2026-09-25"
"动词|kontrollere","kontrollere","å kontrollere","动词","A1","交通与出行","检查；核对；控制（依对象和语境）","检查；核对；控制（依对象和语境）","已人工审校","kontrollere passet/billetten=检查护照/车票；对信息再次确认可译“核对”；控制设备时才译“控制”。相较 sjekke 通常较正式。","2026-09-25"
"名词|lastebil","lastebil","en lastebil","名词","A1","交通与出行","卡车；货车（用于载运货物的较大型汽车）","卡车；货车（用于载运货物的较大型汽车）","已人工审校","和普通 bil（汽车）区分；较小的厢式送货车常叫 varebil。Bokmålsordboka：https://ordbokene.no/bm%2Cnn/lastebil","2026-09-25"
"名词|lufthavn","lufthavn","ei lufthavn","名词","A1","交通与出行","机场；航空港（较正式说法）","机场；航空港（较正式说法）","已人工审校","与更日常的 flyplass 同义或近义；复合名称中常见 Oslo lufthavn。","2026-09-25"
"名词|sjåfør","sjåfør","en sjåfør","名词","A1","交通与出行","司机；驾驶员","司机；驾驶员","已人工审校","泛指驾驶车辆的人；bussjåfør=公交车司机，drosjesjåfør=出租车司机。","2026-09-25"
"名词|tog","tog","et tog","名词","A1","交通与出行","火车；列车；（固定表达中）游行队伍/队列","火车；列车；（固定表达中）游行队伍/队列","已人工审校","交通语境是火车/列车，如 toget går（火车发车）；gå i tog 是“参加游行”，不是乘坐火车。Bokmålsordboka：https://ordbokene.no/bm/tog","2026-09-25"
"动词|reise","reise","å reise","动词","A1","交通与出行 / 未来计划与目标","旅行；出行；乘坐交通工具出行","旅行；出行；乘坐交通工具出行","已人工审校","reise med buss/tog/båt=乘公交/火车/船出行；表示出发或去某地也常用 dra。Bokmålsordboka：https://ordbokene.no/bm/reise","2026-09-25"
"名词|sykehus","sykehus","et sykehus","名词","A1","就医与健康","医院；收治病人并提供诊疗的医疗机构","医院；收治病人并提供诊疗的医疗机构","已人工审校","på sykehus 常指住院/在医院接受治疗；på sykehuset 通常指语境中那家具体医院。中性名词，单复数形式需结合冠词判断。https://ordbokene.no/bm/sykehus","2026-09-25"
"动词|lukke","lukke","å lukke","动词","A1","开与关","关上；关闭；合上（门、窗、眼睛等）","关上；关闭；合上（门、窗、眼睛等）","已人工审校","lukke vinduet/døra 是把窗/门关上，lukke øynene 是闭眼；商店停止营业通常用 stenge。固定表达 lukke øynene for noe 是对某事视而不见。https://ordbokene.no/bm/lukke","2026-09-25"
"名词|møte","møte","et møte","名词","A1","课程与工作","会议；会面/见面（一次聚会或约见）","会议；会面/见面（一次聚会或约见）","已人工审校","名词 et møte 指会议或一次会面；动词 å møte 是“遇见/会见”，两者同形但词性、冠词和词形不同。https://ordbokene.no/bm/m%C3%B8te","2026-09-25"
"名词|oppgave","oppgave","ei oppgave","名词","A1","课程与工作","任务；作业；练习题/题目；职责（依语境）","任务；作业；练习题/题目；职责（依语境）","已人工审校","学校里可指作业或一道题；工作中可指任务或职责。det er din oppgave å … 表示“……是你的职责/任务”。https://ordbokene.no/bm/oppgave","2026-09-25"
"名词|pause","pause","en pause","名词","A1","课程与工作","休息；暂停；休息时间；（体育）中场休息","休息；暂停；休息时间；（体育）中场休息","已人工审校","ta en pause 是休息一下；会议或演讲中的 pause 是短暂停顿；体育比赛中可指中场。它不是 ferie（假期/休假）。https://ordbokene.no/nno/bm/pause","2026-09-25"
"感叹词|oi","oi","oi","感叹词","A1","口语回应与感叹","哎呀；哦；哇（表示突然注意到、惊讶或轻微担心，依语调）","哎呀；哦；哇（表示突然注意到、惊讶或轻微担心，依语调）","已人工审校","oi 常用于口语感叹；oi, her blir det vanskelig å velge! 表示“哎呀，这下很难选了！”。语气可惊讶也可略带担心，不固定对应某个中文语气词。https://ordbokene.no/bm/oi","2026-09-25"
"从属连词|at","at","at","从属连词","A1","连接词与句子","（从属连词）引出“……这件事/……的话”等从句；也用于结果、比较等结构","（从属连词）引出“……这件事/……的话”等从句；也用于结果、比较等结构","已人工审校","最常见的是引出内容从句：Hun sier at det snør（她说正在下雪）。at 后是从句语序；勿与不定式标记 å 混淆。Bokmålsordboka 还列出结果、比较和感叹等结构。https://ordbokene.no/nno/bm%2Cnn/at","2026-09-25"
"并列连词|men","men","men","并列连词","A1","连接词与句子","但是；可是；不过；（纠正前项）而是","但是；可是；不过；（纠正前项）而是","已人工审校","连接有转折或对比关系的并列成分：A, men B（A，但是B）；ikke A, men B 表示“不是A，而是B”。后接主句仍用主句语序。词典例句已加入语料。https://ordbokene.no/bm/men","2026-09-25"
"从属连词|mens","mens","mens","从属连词","A1","连接词与句子","当……时；与此同时；而/然而（表示对比）","当……时；与此同时；而/然而（表示对比）","已人工审校","引导从句：可表示两件事同时发生，也可对照两个事实。语义看前后分句，不能一律翻成“当……时”。词典例句对比两个姐妹的偏好。https://ordbokene.no/bm/mens","2026-09-25"
"并列连词|og","og","og","并列连词","A1","连接词与句子","和；并且；而且（连接同等成分或分句）","和；并且；而且（连接同等成分或分句）","已人工审校","连接词、短语或两个并列主句；与从属连词不同，og 后主句保持主语在变位动词前的语序。Bokmålsordboka 词典例句已加入。https://ordbokene.no/nob/bm%2Cnn/og","2026-09-25"
"并列连词|eller","eller","eller","并列连词","A1","连接词与选择","或者；还是（选择问句中）；或类似的","或者；还是（选择问句中）；或类似的","已人工审校","连接选项：陈述中常译“或者”，直接询问对方选哪项时常译“还是”。在句尾也可引出带确认意味的反问。词典例句已加入。https://ordbokene.no/bm/eller","2026-09-25"
"名词|mobilnummer","mobilnummer","et mobilnummer","名词","A1","联系方式","手机号码；手机号","手机号码；手机号","已人工审校","mobilnummer 是 mobil（移动电话）+ nummer（号码）构成的复合词，具体指手机号码；不是手机设备（mobiltelefon）。常问 Hva er mobilnummeret ditt?（你的手机号是多少？）。这句为练习语境自编，未作为词典引文。","2026-09-25"
"名词|guide","guide","en guide","名词","A1","旅行与参观","导游；指南/使用指南（依指人还是资料）","导游；指南/使用指南（依指人还是资料）","已人工审校","en guide 可指带领游客的人，也可指帮助读者了解或使用某事物的指南；动词 å guide 是带领/指导。结合冠词和句子对象判断。","2026-09-25"
"动词|selge","selge","å selge","动词","A1","买卖与付款 / 待归类","卖；出售；销售；推销/争取支持（固定结构中）","卖；出售；销售；推销/争取支持（固定结构中）","已人工审校","selge noe til noen 表示把某物卖给某人；selge inn 可表示向市场推出产品，也可比喻争取他人支持。selge seg dyrt 是固定表达，不能按字面理解。Bokmålsordboka 例句已加入语料。https://ordbokene.no/bm/selge","2026-09-25"
"名词|avis","avis","ei avis","名词","A1","媒体与阅读","报纸；报刊；（转指）报社或报社所在地","报纸；报刊；（转指）报社或报社所在地","已人工审校","核心义是定期刊登新闻和时事的报刊；也可转指出版报纸的企业或其办公场所。名词允许 ei avis 或 en avis；词典例句 det stod i avisen i går 体现“报纸上刊登”的用法。https://ordbokene.no/bm/avis","2026-09-25"
"名词|lås","lås","en lås","名词","A1","门锁与安全","锁；锁具；锁住/上锁的状态（名词）","锁；锁具；锁住/上锁的状态（名词）","已人工审校","指用于关闭、固定或保护物品的装置；Bokmålsordboka 接受 en lås 和 et lås 两种性别，本卡选用阳性 en 这一组词形。与动词 å låse“锁上”区分。https://ordbokene.no/bm/l%C3%A5s","2026-09-25"
"动词|låse","låse","å låse","动词","A1","门锁与安全","锁上；锁住；用锁固定；（låse seg）卡住/僵住","锁上；锁住；用锁固定；（låse seg）卡住/僵住","已人工审校","及物时锁门、锁车或用锁固定物品；låse noen inn/ut 是把某人锁在里面/外面；反身 låse seg 还可表示卡住或陷入僵局。反义结构 låse opp 是开锁。https://ordbokene.no/bm/l%C3%A5se","2026-09-25"
"名词|loff","loff","en loff","名词","A1","面包与食物","白面包；白面包条（用精白小麦粉烤制）","白面包；白面包条（用精白小麦粉烤制）","已人工审校","在食物语境中指用精白小麦粉烤制的白面包；词典另收固定表达 på loffen（四处漂泊），这是相关但独立的表达，不要把旅行义套到面包名词上。词典例句是短语片段，译文保持短语性质。https://ordbokene.no/nob/bm/loff","2026-09-25"
"形容词|forskjellig","forskjellig","forskjellig","形容词","A1","描述与比较","不同的；各不相同的；多种多样的（形容词，也可作副词）","不同的；各不相同的；多种多样的（形容词，也可作副词）","已人工审校","修饰名词时表示性质或种类不同：forskjellige typer；作副词时表示以不同方式：reagere forskjellig。阳/阴性和中性单数同形，复数及定指常用 forskjellige。https://ordbokene.no/bm/16844","2026-09-25"
"副词|alene","alene","alene","副词","A1","描述与感受","独自；一个人；单是/仅仅（依句法）","独自；一个人；单是/仅仅（依句法）","已人工审校","表示没有同伴时是“独自/一个人”，但不必然感到孤独；在 alene om å + 动词中表示“唯一/不只有某人”：du er ikke alene om å mene det（不只有你这么认为）。强调寂寞通常用 ensom。https://ordbokene.no/bm/alene","2026-09-25"
"形容词|billig","billig","billig","形容词","A1","描述与感受","便宜的；价格低的；（评价、胜利等）不光彩/廉价的（依搭配）","便宜的；价格低的；（评价、胜利等）不光彩/廉价的（依搭配）","已人工审校","价格语境表示花费少；billig seier、billige vitser 是贬义的“不光彩的胜利/低俗笑话”，不是价格便宜。比较级 billigere，最高级 billigst/billigste。https://ordbokene.no/nob/bm/billig","2026-09-25"
"形容词|blå","blå","blå","形容词","A1","描述与感受","蓝色的；蓝的；（政治）保守派/右翼的；（天气/路况）寒冷结冰的","蓝色的；蓝的；（政治）保守派/右翼的；（天气/路况）寒冷结冰的","已人工审校","最常见是颜色义，修饰中性名词用 blått（et blått hav）；政治语境可指保守派/右翼，蓝色路况或温度表达可与寒冷、冰雪有关。词典例句片段：blå himmel og blått hav（蓝色的天空和蓝色的海）。来源：https://ordbokene.no/nno/bm/bl%C3%A5","2026-09-25"
"形容词|bra","bra","bra","形容词","A1","描述与感受","好；不错；令人满意/有用；（健康）恢复正常；相当、挺（依语境）","好；不错；令人满意/有用；（健康）恢复正常；相当、挺（依语境）","已人工审校","bra 可作形容词，也可作副词。评价天气、结果时是“不错/好”；det gikk bra 表示事情进展顺利；身体语境可表示恢复健康；程度副词 bra sliten 是“相当累”。来源：https://ordbokene.no/nno/bm/bra","2026-09-25"
"形容词|brun","brun","brun","形容词","A1","描述与感受","棕色的；褐色的；晒黑的（依语境）","棕色的；褐色的；晒黑的（依语境）","已人工审校","颜色义常修饰物品或头发；人晒太阳后皮肤变深可说 bli brun（晒黑）。挪威语颜色形容词随名词性数变化：brun, brunt, brune。词典例句为短语片段。来源：https://ordbokene.no/search?dict=bm&page=7&q=farge&scope=eif","2026-09-25"
"副词|dessverre","dessverre","dessverre","副词","A1","描述与感受","遗憾的是；很遗憾；可惜；不幸的是","遗憾的是；很遗憾；可惜；不幸的是","已人工审校","表达说话者对不理想事实的遗憾，常放在句中动词附近或句首；本身不表示原因。例句中的 dessverre 修饰“不能来”。来源：https://ordbokene.no/nob/search?dict=bm%2Cnn&q=dessverre&scope=eif","2026-09-25"
"形容词|fin","fin","fin","形容词","A1","描述与感受","好；不错；漂亮的；令人愉快的；细的/精细的；体贴得体的（依语境）","好；不错；漂亮的；令人愉快的；细的/精细的；体贴得体的（依语境）","已人工审校","不能只记成“漂亮”：fin løsning=不错的解决办法，en fin dag=愉快的一天，fin sand=细沙；也可表示待人得体、体贴。作副词时 fint 常见于 det går fint（进展顺利/没问题）。来源：https://www.ordbokene.no/nob/bm/fin","2026-09-25"
"形容词|fornøyd","fornøyd","fornøyd","形容词","A1","描述与感受","满意的；感到满足的；（口语）受够了、不想再继续的（依语境）","满意的；感到满足的；（口语）受够了、不想再继续的（依语境）","已人工审校","fornøyd med noe 表示对某事满意；在 hun er fornøyd av hele greia 这类口语结构中，也可表示对某事感到厌烦、受够了，须看上下文。来源：https://ordbokene.no/nob/bm/forn%C3%B8yd","2026-09-25"
"名词|fotball","fotball","en fotball","名词","A1","描述与感受","足球；足球运动（可指球，也可指这项运动）","足球；足球运动（可指球，也可指这项运动）","已人工审校","指球这个物件时可说 en fotball / fotballen；指运动时通常说 spille fotball，不加冠词。注意词性为阳性名词。来源：https://ordbokene.no/bm/fotball","2026-09-25"
"形容词|fæl","fæl","fæl","形容词","A1","描述与感受","可怕的；糟透的；令人不舒服/厌恶的；（程度）非常、厉害（依语境）","可怕的；糟透的；令人不舒服/厌恶的；（程度）非常、厉害（依语境）","已人工审校","语气通常比“有点糟”强，可形容可怕的经历、难看的景象或恶劣天气；也可作程度副词，表示“非常/厉害”，如 være fæl til å banne（特别爱说脏话）。来源：https://ordbokene.no/bm/f%C3%A6l","2026-09-25"
"形容词|gammel","gammel","gammel","形容词","A1","描述与感受","年老的；旧的；年代久的；原来的；有经验的；……岁（依语境）","年老的；旧的；年代久的；原来的；有经验的；……岁（依语境）","已人工审校","形容人时可指年纪大；物品语境是旧的/用久的；gammel venn 是认识很久的老朋友，不表示朋友年纪大；数字 + år gammel 表示……岁。来源：https://ordbokene.no/bm/gammel","2026-09-25"
"副词|ganske","ganske","ganske","副词","A1","描述与感受","相当；挺；比较；完全、根本（依语境和搭配）","相当；挺；比较；完全、根本（依语境和搭配）","已人工审校","常作程度副词，修饰形容词、副词或数量：ganske flink=挺能干；但在 ganske alene、ganske enkelt ikke 等固定上下文中可加强为“完全/根本”。来源：https://ordbokene.no/bm/ganske","2026-09-25"
"形容词|grei","grei","grei","形容词","A1","描述与感受","清楚易懂的；好相处的、通情达理的；没问题的；方便实用的（依语境）","清楚易懂的；好相处的、通情达理的；没问题的；方便实用的（依语境）","已人工审校","描述说明/解释时是清楚易懂；描述人时是好相处、通情达理；det er greit 表示可以/没问题；安排或方法语境可指方便实用。作副词 greit 也可表示顺利、还不错。来源：https://ordbokene.no/bm/grei","2026-09-25"
"形容词|grønn","grønn","grønn","形容词","A1","描述与感受","绿色的；（人）缺乏经验的；未成熟的；环保的（依语境）","绿色的；（人）缺乏经验的；未成熟的；环保的（依语境）","已人工审校","颜色是基础义；grønn på et område 表示在某领域缺乏经验；果实可指未成熟；政策、能源等语境中表示环保。注意中性形式 grønt，如 grønt gress。来源：https://ordbokene.no/nob/bm/gr%C3%B8nn","2026-09-25"
"形容词|grå","grå","grå","形容词","A1","描述与感受","灰色的；（天气）阴沉/多云的；（人）面色灰白或头发花白的；乏味单调的；灰色地带的（依语境）","灰色的；（天气）阴沉/多云的；（人）面色灰白或头发花白的；乏味单调的；灰色地带的（依语境）","已人工审校","除颜色外，grå dag/grått vær 可指阴沉天气；grå tilværelse 是乏味单调的生活；grått arbeidsmarked 等可指未受正式监管的非正规领域。来源：https://ordbokene.no/bm/gr%C3%A5","2026-09-25"
"形容词|gøy","gøy","gøy","形容词","A1","描述与感受","有趣的；好玩的；令人开心的（形容词）","有趣的；好玩的；令人开心的（形容词）","已人工审校","此处词条按形容词记录：dette var gøy（这很好玩）。Bokmålsordboka 还收录同形阳性/中性名词 gøy，义为玩乐、热闹；本词库这条是形容词，不要与名词混为一项。来源：https://ordbokene.no/bm/g%C3%B8y","2026-09-25"
"副词|heldigvis","heldigvis","heldigvis","副词","A1","描述与感受","幸好；幸亏；幸运的是","幸好；幸亏；幸运的是","已人工审校","表达说话者认为某个结果值得庆幸，通常修饰整句；不是“有希望地”。例句中说明事情结果不错。来源：https://ordbokene.no/bm%2Cnn/heldigvis","2026-09-25"
"形容词|hemmelig","hemmelig","hemmelig","形容词","A1","描述与感受","秘密的；保密的；未公开的；暗自怀有的（依语境）","秘密的；保密的；未公开的；暗自怀有的（依语境）","已人工审校","可指只让少数人知道的事物，也可指不公开的感情/想法；holde noe hemmelig 是“把某事保密”。https://ordbokene.no/bm/hemmelig","2026-09-25"
"形容词|hyggelig","hyggelig","hyggelig","形容词","A1","描述与感受","令人愉快的；温馨舒适的；友善亲切的（依语境）","令人愉快的；温馨舒适的；友善亲切的（依语境）","已人工审校","描述聚会、谈话或惊喜时可译“愉快”；描述住所可译“温馨舒适”；描述人时是友善亲切。不要一律翻成“舒服”或“友好”。来源：https://ordbokene.no/bm/hyggelig","2026-09-25"
"副词|ikke","ikke","ikke","副词","A1","描述与感受","不；没有；并非（否定动词、形容词或句子成分；具体否定范围看语序）","不；没有；并非（否定动词、形容词或句子成分；具体否定范围看语序）","已人工审校","ikke 通常否定动词或句子内容；位置会影响它否定什么。主句中常位于变位动词之后（Han kjører ikke bil），从句中常位于变位动词之前（at han ikke kjører）。也可只否定某个成分，如 ikke te（不是茶）。来源：https://ordbokene.no/bm/ikke","2026-09-25"
"形容词|interessant","interessant","interessant","形容词","A1","描述与感受","有趣的；引人关注的；令人感兴趣的","有趣的；引人关注的；令人感兴趣的","已人工审校","指某事能引起兴趣、让人愿意了解；不一定意味着好玩或轻松，也可指值得关注、耐人寻味。固定结构 gjøre seg interessant 是刻意引人注意，不能按普通形容词义直译。来源：https://ordbokene.no/bm/interessant","2026-09-25"
"形容词|kald","kald","kald","形容词","A1","描述与感受","冷的；寒冷的；（态度/眼神）冷淡无情的；（比赛中）沉着冷静的（依语境）","冷的；寒冷的；（态度/眼神）冷淡无情的；（比赛中）沉着冷静的（依语境）","已人工审校","温度义可描述天气、食物或人的身体感受；kaldt vann 是冷水。描述表情/态度时可指冷淡或冷酷；球员 kald foran mål 是临门沉着，不是温度冷。来源：https://ordbokene.no/bm/kald","2026-09-25"
"形容词|kjempebra","kjempebra","kjempebra","形容词","A1","描述与感受","特别好；棒极了；进展非常顺利（口语强化）","特别好；棒极了；进展非常顺利（口语强化）","已人工审校","kjempe- 在口语中作强化成分，相当于“特别/非常”；整体是 bra 的强烈肯定，不是字面上的“巨大的好”。https://ordbokene.no/bm/kjempebra","2026-09-25"
"形容词|kjempefin","kjempefin","kjempefin","形容词","A1","描述与感受","特别好；非常漂亮/愉快的（口语强化，具体随 fin 的搭配）","特别好；非常漂亮/愉快的（口语强化，具体随 fin 的搭配）","已人工审校","kjempe- 强调程度；可形容外观，也可形容体验、天气或其他令人满意的事物。不要一律只译成“特别漂亮”。https://ordbokene.no/bm/kjempefin","2026-09-25"
"形容词|kjempeflink","kjempeflink","kjempeflink","形容词","A1","描述与感受","特别能干的；非常擅长的；表现特别出色的（口语强化）","特别能干的；非常擅长的；表现特别出色的（口语强化）","已人工审校","kjempe- 是口语强化成分；flink til å + 动词表示擅长做某事，flink med + 名词表示善于处理/使用某物。这里表达技能或表现出色，不等同于聪明。词典依据 flink 条目：https://ordbokene.no/bm/flink","2026-09-25"
"动词|kjenne","kjenne","å kjenne","动词","A1","描述与感受","认识；熟悉；感受到；察觉到；触摸/检查（依宾语和搭配）","认识；熟悉；感受到；察觉到；触摸/检查（依宾语和搭配）","已人工审校","kjenne noen 表示认识某人；kjenne til noe 是知道/了解某事；kjenne smerte/lukt 是感受到疼痛/气味；kjenne på 可表示触摸检查，也可表示感受。注意 å kjenne 同形名词义（标记/特征）是另一个词条。https://ordbokene.no/bm/kjenne","2026-09-25"
"形容词|koselig","koselig","koselig","形容词","A1","描述与感受","温馨舒适的；令人愉快的；讨人喜欢、亲切的（依语境）","温馨舒适的；令人愉快的；讨人喜欢、亲切的（依语境）","已人工审校","描述家或聚会时指温馨、令人舒服愉快；描述人时指讨人喜欢、亲切。它着重温暖舒适的氛围，不只是外表“漂亮”。https://ordbokene.no/nob/bm/koselig","2026-09-25"
"形容词|lang","lang","lang","形容词","A1","描述与感受","长的；（人）个子高的；持续时间长的；（裤子/裙子）长款的（依语境）","长的；（人）个子高的；持续时间长的；（裤子/裙子）长款的（依语境）","已人工审校","可描述物体尺寸、人的身高、时间长度或衣物长度；形容头发用 langt hår（长头发），人高可说 hun er lang。勿与 høy 在所有语境下简单等同。https://ordbokene.no/bm/lang","2026-09-25"
"动词|le","le","å le","动词","A1","描述与感受","笑；发笑；嘲笑/取笑（依搭配和语气）","笑；发笑；嘲笑/取笑（依搭配和语气）","已人工审校","通常表示因开心、好笑而笑，也可表示嘲弄。le av noe 可表示觉得某事好笑；le av noen / le noen ut 可能带嘲笑某人的意思。过去式 lo，完成分词 ledd。https://ordbokene.no/bm/le","2026-09-25"
"形容词|liten","liten","liten","形容词","A1","描述与感受","小的；年幼的；幼小的；（尺寸/份量）少的（依语境）","小的；年幼的；幼小的；（尺寸/份量）少的（依语境）","已人工审校","形式不规则：en liten bil、et lite hus、små barn、mindre、minst。描述年龄时可指年幼；en liten porsjon 是一小份；“个子矮/身材小”也可用 liten av vekst。https://ordbokene.no/bm/liten","2026-09-25"
"形容词|morsom","morsom","morsom","形容词","A1","描述与感受","好笑的；有趣的；令人愉快的（依语境）","好笑的；有趣的；令人愉快的（依语境）","已人工审校","通常指让人发笑、觉得好玩的；在 morsomt å vite 中可指值得了解、有意思；在礼貌表达 så morsomt at du kunne komme 中是“很高兴你能来”，不一定表示好笑。https://ordbokene.no/bm/morsom","2026-09-25"
"形容词|ny","ny","ny","形容词","A1","描述与感受","新的；刚来的/刚加入的；新出现的；重新开始的（依语境）","新的；刚来的/刚加入的；新出现的；重新开始的（依语境）","已人工审校","可指刚制造或刚开始使用，也可指刚上任/新加入（ny i tjenesten）、此前未知，或事情出现新变化。nytt 不只等于“全新物品”。形态：ny/nytt/nye。https://ordbokene.no/bm/ny","2026-09-25"
"形容词|nysgjerrig","nysgjerrig","nysgjerrig","形容词","A1","描述与感受","好奇的；很想知道/了解的","好奇的；很想知道/了解的","已人工审校","常说 være nysgjerrig på noe/noen（对某事/某人好奇）；也可说 nysgjerrig etter å høre/vite（急于听到/知道）。形容人主动想了解，不等同于怀疑。https://ordbokene.no/bm/nysgjerrig","2026-09-25"
"形容词|rett","rett","rett","形容词","A1","描述与感受","直的；正确的；合适的；正当的；径直/恰好（副词用法，依语境）","直的；正确的；合适的；正当的；径直/恰好（副词用法，依语境）","已人工审校","本条是形容词 rett：不弯曲（en rett linje）、符合法规/事实或恰当（det rette ordet）。rett 另有名词“权利/法律/一道菜”等同形词义，需按词性区分；rett fram 等是副词搭配。https://ordbokene.no/bm/rett","2026-09-25"
"形容词|riktig","riktig","riktig","形容词","A1","描述与感受","正确的；合乎事实/规则的；恰当的；（副词）很、正好、确实（依搭配）","正确的；合乎事实/规则的；恰当的；（副词）很、正好、确实（依搭配）","已人工审校","形容词表示答案、方向或做法正确；作副词时可加强程度（riktig pent=相当漂亮）或表示正好/确实。与 rett 重叠，但 riktig 更常突出“正确无误”，rett 还常表示直、合适或正当。https://ordbokene.no/bm/riktig","2026-09-25"
"形容词|sann","sann","sann","形容词","A1","描述与感受","真实的；符合事实的；真诚的；真正的（依语境）","真实的；符合事实的；真诚的；真正的（依语境）","已人工审校","描述信息/故事时指与事实相符；描述人、朋友或感情时可指真诚、真正的。另有口语感叹“对了/说起来”；此处主词条是形容词。https://ordbokene.no/bm/sann","2026-09-25"
"形容词|stor","stor","stor","形容词","A1","描述与感受","大的；规模大的；重要的；（人）高大的；大量的（依语境）","大的；规模大的；重要的；（人）高大的；大量的（依语境）","已人工审校","可描述尺寸、范围、规模或重要程度；谈人时常指身材高大。比较级 større、最高级 størst。金额/时间搭配中 stor 也可表示充裕，如 ha god/stor plass；需看名词搭配。https://ordbokene.no/bm/stor","2026-09-25"
"形容词|trist","trist","trist","形容词","A1","描述与感受","难过的；悲伤的；令人遗憾的；乏味沉闷的（依语境）","难过的；悲伤的；令人遗憾的；乏味沉闷的（依语境）","已人工审校","描述人的心情时是难过；描述消息/事件时是令人遗憾或悲伤；描述颜色、生活等也可指沉闷、缺少活力。https://ordbokene.no/bm/trist","2026-09-25"
"形容词|trøtt","trøtt","trøtt","形容词","A1","描述与感受","疲倦的；困倦的；厌倦的；（事物）乏味老套的（依语境）","疲倦的；困倦的；厌倦的；（事物）乏味老套的（依语境）","已人工审校","可指精力耗尽（工作后累）、想睡觉（药物使人犯困）、对某事厌烦（trøtt av skolen），也能形容乏味老套的事物。翻译要由主语与搭配决定。https://ordbokene.no/bm/tr%C3%B8tt","2026-09-25"
"形容词|varm","varm","varm","形容词","A1","描述与感受","热的；暖和的；温暖亲切的；（颜色/情绪）暖调、热烈的（依语境）","热的；暖和的；温暖亲切的；（颜色/情绪）暖调、热烈的（依语境）","已人工审校","描述温度时是热/暖；衣物语境是保暖；笑容、感谢或言语可表示亲切真挚；愤怒等情绪中可表示激烈。varm takk 是“热情/诚挚的感谢”，不是温度。https://ordbokene.no/bm/varm","2026-09-25"
"形容词|våken","våken","våken","形容词","A1","描述与感受","醒着的；清醒的；警觉、留心的（依语境）","醒着的；清醒的；警觉、留心的（依语境）","已人工审校","最常见是“没有睡着”；形容人或注意力时也可指机敏、留神。våken 是形容词；动词“醒来”是 våkne，勿混为同一个词条。https://ordbokene.no/bm/v%C3%A5ken","2026-09-25"
"动词|tenke","tenke","å tenke","动词","A1","描述与感受 / 待归类 / 未来计划与目标","思考；考虑；想象；打算；认为（依结构）","思考；考虑；想象；打算；认为（依结构）","已人工审校","tenke på = 想到/考虑；tenke over = 仔细考虑；tenke seg = 想象；tenke å/ha tenkt å = 打算；tenke at = 认为。不能把所有结构都译作“想”。https://ordbokene.no/bm/tenke","2026-09-25"
"形容词|flink","flink","flink","形容词","A1","描述与感受 / 未来计划与目标","能干的；擅长的；做得好的（依语境）","能干的；擅长的；做得好的（依语境）","已人工审校","flink til å + 动词表示擅长做某事；flink med + 名词表示善于使用/处理某物。强调能力或熟练，不等于聪明，也不只是“乖”。https://ordbokene.no/bm/flink","2026-09-25"
"形容词|glad","glad","glad","形容词","A1","描述与感受 / 未来计划与目标","高兴的；开心的；喜欢、珍惜（glad i）；令人愉快的（颜色等）","高兴的；开心的；喜欢、珍惜（glad i）；令人愉快的（颜色等）","已人工审校","glad for noe/at ... 表示因某事高兴；glad i noen/noe 表示喜欢、疼爱；glade farger 指明快鲜亮的颜色。注意 glad i 不是单纯的“对……开心”。https://ordbokene.no/bm/glad","2026-09-25"
"形容词|god","god","god","形容词","A1","描述与感受 / 未来计划与目标","好的；优质的；美味/令人舒服的；善良的；擅长的；充足的（依搭配）","好的；优质的；美味/令人舒服的；善良的；擅长的；充足的（依搭配）","已人工审校","质量评价：en god kniv；味道/舒适感：god mat；能力：god i norsk；品格：et godt menneske；数量充足：god tid/god plass。比较级 bedre，最高级 best。https://ordbokene.no/bm/god","2026-09-25"
"副词|kanskje","kanskje","kanskje","副词","A1","描述与感受 / 未来计划与目标","也许；可能；说不定；（句尾问句）难道不是/是吧（依语气）","也许；可能；说不定；（句尾问句）难道不是/是吧（依语气）","已人工审校","常作句子副词，表达不确定的可能性：kommer kanskje i morgen；也可放在句尾，带确认或反问语气，不能总译成“也许”。https://ordbokene.no/bm/kanskje","2026-09-25"
"限定词|/ ei / et","/ ei / et","en / ei / et","限定词","A1","名词与冠词","一个/一位/一件；阳性名词前用 en、阴性前用 ei 或 en、中性前用 et","一个/一位/一件；阳性名词前用 en、阴性前用 ei 或 en、中性前用 et","已人工审校","这是不定冠词，须与名词的性别搭配：en bil、ei bok（也可 en bok）、et hus。bokmål 允许阴性名词使用 en；强调数量“一”时写 én/éi/ett。语料例句为本专题配对练习，不冒充词典引文。","2026-09-25"
"名词|mål","mål","et mål","名词","A1","目标与交流 / 未来计划与目标","目标；目的；球门/进球；度量单位；语言/口语（依语境）","目标；目的；球门/进球；度量单位；语言/口语（依语境）","已人工审校","sette seg et mål 是设定目标；scora mål 是进球；meter 是长度单位；mål 也可指某地区/群体使用的语言或方言。通过动词搭配判断具体义。https://ordbokene.no/bm/m%C3%A5l","2026-09-25"
"名词|kø","kø","en kø","名词","A1","排队与服务","排队的人/车辆；等候队伍；（台球）球杆（依语境）","排队的人/车辆；等候队伍；（台球）球杆（依语境）","已人工审校","日常最常见指等待服务或通行的人/车辆：stå i kø（排队）；也可指台球杆。kø 不是一群人的泛称，重点是“按顺序等待”。https://ordbokene.no/bm/k%C3%B8","2026-09-25"
"名词|oppskrift","oppskrift","ei oppskrift","名词","A1","烹饪与食谱","食谱；制作/操作说明；惯用方法、套路（依语境）","食谱；制作/操作说明；惯用方法、套路（依语境）","已人工审校","做菜或编织时是具体步骤说明；etter oppskriften 可比喻按惯常方法/套路进行；药品处方通常是 resept，不宜把 oppskrift 一概理解为处方。https://ordbokene.no/bm/oppskrift","2026-09-25"
"形容词|flott","flott","flott","形容词","A1","评价与感受","漂亮的；出色的；很棒的；顺利地（依搭配）","漂亮的；出色的；很棒的；顺利地（依搭配）","已人工审校","日常描述外观可译漂亮/气派，描述表现、活动可译出色/很棒；det gikk flott 是“进展顺利”。词典另收较少见的“漂浮”义，按上下文区分。https://ordbokene.no/bm/flott","2026-09-25"
"名词|bluse","bluse","ei bluse","名词","A1","起床与出门","女式衬衫；女式罩衫（通常较轻薄、宽松）","女式衬衫；女式罩衫（通常较轻薄、宽松）","已人工审校","指女装上衣，类似衬衫但常用较轻薄面料、版型较宽松；不要泛化为所有上衣。词典接受阳性或阴性：en bluse / ei bluse。https://ordbokene.no/bm/bluse","2026-09-25"
"名词|bukse","bukse","ei bukse","名词","A1","起床与出门","裤子；一条裤子（单数名词；常以复数 bukser 指裤装）","裤子；一条裤子（单数名词；常以复数 bukser 指裤装）","已人工审校","衣物名称。日常说“穿裤子”常用 gå i bukse / ha på seg bukser；数一条时可说 ei/en bukse，也可用 et par bukser。词典接受阳性或阴性。https://ordbokene.no/bm/bukse","2026-09-25"
"名词|jakke","jakke","ei jakke","名词","A1","起床与出门","夹克；外套（穿在衬衫、罩衫或毛衣外面的长袖上衣）","夹克；外套（穿在衬衫、罩衫或毛衣外面的长袖上衣）","已人工审校","指上身外穿、通常前襟可开合的衣物；可以是夹克、外套，不限于厚冬衣。词典接受阳性或阴性：en jakke / ei jakke。https://ordbokene.no/bm/jakke","2026-09-25"
"名词（复数）|klær","klær","klær","名词（复数）","A1","起床与出门","衣服；衣物；一身衣着（集合性复数名词）","衣服；衣物；一身衣着（集合性复数名词）","已人工审校","klær 通常以复数形式表示衣物整体或多件衣服；定指 klærne 是“这些/那些衣服”。单件衣物要说 en skjorte、ei jakke 等，不能把 klær 当作“衣服”单数。https://ordbokene.no/bm/kl%C3%A6r","2026-09-25"
"名词|nøkkel","nøkkel","en nøkkel","名词","A1","起床与出门","钥匙；扳手；关键、解决办法（依语境）","钥匙；扳手；关键、解决办法（依语境）","已人工审校","开锁用的是钥匙；修理工具语境可指扳手；抽象表达 nøkkelen til ... 是“……的关键/诀窍”。读名词搭配和上下文判断。https://ordbokene.no/bm/n%C3%B8kkel","2026-09-25"
"名词|sko","sko","en sko","名词","A1","起床与出门","鞋；鞋子（通常指不高过脚踝的鞋）","鞋；鞋子（通常指不高过脚踝的鞋）","已人工审校","常用复数 sko 泛指鞋/鞋子；一双鞋是 et par sko，特指那双鞋可说 skoene。词典还有同形动词 sko“给马钉蹄铁/给车辆装配”，本条是名词。https://ordbokene.no/bm/SKO","2026-09-25"
"名词|telefon","telefon","en telefon","名词","A1","起床与出门","电话机；电话通话；来电/电话联系（依语境）","电话机；电话通话；来电/电话联系（依语境）","已人工审校","可指设备（trådløs telefon）、正在通话（være i telefonen）、一通电话/来电（få en telefon）。移动电话口语常简称 mobil；不要把 telefon 只理解为手机设备。https://ordbokene.no/bm/telefon","2026-09-25"
"名词|vekkerklokke","vekkerklokke","en vekkerklokke","名词","A1","起床与出门","闹钟；可以设定时间响铃的时钟","闹钟；可以设定时间响铃的时钟","已人工审校","用于设定时间叫醒或提醒；也可写 vekkeklokke。与 klokke（钟/表）相比，vekkerklokke 明确有定时响铃功能。https://ordbokene.no/bm/vekkerklokke","2026-09-25"
"名词|humør","humør","et humør","名词","A1","情绪与感受","心情；情绪状态；性情、脾气（依搭配）","心情；情绪状态；性情、脾气（依搭配）","已人工审校","通常指某一时刻的心情：være i godt/dårlig humør；也可指一个人的性情或面对困难时的精神状态。humør 与 humor（幽默感/幽默作品）相关但不是同一个词义。https://ordbokene.no/bm/hum%C3%B8r","2026-09-25"
"形容词|fattig","fattig","fattig","形容词","A1","人物与生活状况","贫困的；贫乏的；缺少某种资源/内容的（依语境）","贫困的；贫乏的；缺少某种资源/内容的（依语境）","已人工审校","描述经济状况时是贫困；fattig på tid 是缺少时间；fattig jord 是贫瘠的土壤；抽象事物也可表示内容贫乏或令人失望。必须看后接名词，不能把所有用法都理解成没钱。https://ordbokene.no/bm/fattig","2026-09-25"
"动词|bestemme","bestemme","å bestemme","动词","A1","日常动作","决定；确定/规定；判定、辨认（依宾语）","决定；确定/规定；判定、辨认（依宾语）","已人工审校","bestemme et tidspunkt = 确定时间；bestemme regler = 制定/规定规则；bestemme seg for noe/å gjøre noe = 自己决定做某事。表达个人下决定时常用反身结构 bestemme seg for。https://ordbokene.no/bm/bestemme","2026-09-25"
"动词|bety","bety","å bety","动词","A1","日常动作","意思是；表示；意味着、导致；重要、有影响（依语境）","意思是；表示；意味着、导致；重要、有影响（依语境）","已人工审校","问 Hva betyr ...? 是问“……是什么意思”；主语为事件时 bety at ... 表示“意味着……”；bety mye for noen 表示对某人很重要。不要只记成“翻译成”。https://ordbokene.no/bm/bety","2026-09-25"
"动词|brenne","brenne","å brenne","动词","A1","日常动作","燃烧；着火；烧/烤/焚烧；灼痛；热切投入（依主语和宾语）","燃烧；着火；烧/烤/焚烧；灼痛；热切投入（依主语和宾语）","已人工审校","不及物：låven brenner（谷仓着火）；及物：brenne søppel（焚烧垃圾）；皮肤/伤口可有灼烧感；brenne for en sak 表示热切支持某事业。词典区分“自己着火”和“使某物燃烧”两组用法。https://ordbokene.no/bm/brenne","2026-09-25"
"动词|dele","dele","å dele","动词","A1","日常动作","分开；切分；分配；分享；共同拥有（依结构）","分开；切分；分配；分享；共同拥有（依结构）","已人工审校","dele noe i ... = 把某物分成……；dele noe mellom/på = 分配；dele noe med noen = 与某人分享；dele rom/omsorg = 共同使用或承担。宾语和介词决定中文意思。https://ordbokene.no/bm/dele","2026-09-25"
"动词|dusje","dusje","å dusje","动词","A1","日常动作","洗淋浴；给……淋浴；（水等）喷洒/洒落（依主语）","洗淋浴；给……淋浴；（水等）喷洒/洒落（依主语）","已人工审校","人作主语时通常是淋浴：dusje etter trening；及物用法可给植物喷水；水流作主语时可表示细水喷洒。不要把 dusje 限定为“洗澡”的泛称。https://ordbokene.no/bm/dusje","2026-09-25"
"动词|fortsette","fortsette","å fortsette","动词","A1","日常动作","继续；接着做；持续、继续存在（依主语）","继续；接着做；持续、继续存在（依主语）","已人工审校","人作主语时常表示接着进行某活动：fortsette samtalen；事件/天气作主语时表示持续：solskinnet fortsetter；常用 fortsette med noe 或 fortsette å gjøre noe。https://ordbokene.no/bm/%C3%A5%20fortsette","2026-09-25"
"动词|hente","hente","å hente","动词","A1","日常动作","去取回；去接（人）；取来；获得/获取（抽象资源）","去取回；去接（人）；取来；获得/获取（抽象资源）","已人工审校","核心是去某处取得并带回：hente posten（取邮件）、hente noen på stasjonen（去车站接人）；抽象语境可表示获得荣誉、从来源提取信息。搭配宾语决定译法。https://ordbokene.no/bm/hente","2026-09-25"
"动词|hoppe","hoppe","å hoppe","动词","A1","日常动作","跳；跳跃；蹦；跳过/略过；突然弹动（依结构）","跳；跳跃；蹦；跳过/略过；突然弹动（依结构）","已人工审校","身体离地或越过障碍是“跳”：hoppe over gjerdet；hoppe over et spørsmål 不是跳过去，而是跳过/略过问题；心脏或物体也可表示突然跳动、弹起。https://ordbokene.no/bm/hoppe","2026-09-25"
"动词|klappe","klappe","å klappe","动词","A1","日常动作","鼓掌；轻拍、抚摸；拍合/拍平；（船）靠岸；（心脏）乱跳（依语境）","鼓掌；轻拍、抚摸；拍合/拍平；（船）靠岸；（心脏）乱跳（依语境）","已人工审校","掌声用 klappe；对人或动物轻拍、爱抚也用 klappe；klappe sammen boka 是把书合上；klappe til kai 是靠岸。若说 klappe til noen 则可能是打某人一巴掌，语气和结构很重要。https://ordbokene.no/bm/klappe","2026-09-25"
"动词|løfte","løfte","å løfte","动词","A1","日常动作","抬起；举起；提起；提高/提升；举杯祝酒（依宾语）","抬起；举起；提起；提高/提升；举杯祝酒（依宾语）","已人工审校","具体物体向上移动是抬/举：løfte en stein；抽象事物可译提升：løfte nivået；løfte glasset 是举杯。搭配反身代词的 løfte seg selv etter håret 是“不可能自举”的固定表达。https://ordbokene.no/bm/34404","2026-09-25"
"动词|rope","rope","å rope","动词","A1","日常动作","喊；大声呼喊；呼唤；要求/索要（rope på noe）（依结构）","喊；大声呼喊；呼唤；要求/索要（rope på noe）（依结构）","已人工审校","大声发声可为呼喊、求助：rope om hjelp；rope på noen 是呼唤某人；rope på høyere lønn 则是要求更高工资，不是“对工资喊叫”。https://ordbokene.no/bm/rope","2026-09-25"
"动词|stoppe","stoppe","å stoppe","动词","A1","日常动作","停下；停止；使……停下；塞住/填塞；织补（依搭配）","停下；停止；使……停下；塞住/填塞；织补（依搭配）","已人工审校","交通工具或人 stoppe 是停下来；stoppe motoren 是让发动机停止；stoppe pipa 是把管道/烟囱塞住；stoppe strømper 是织补袜子。具体义由宾语判断。https://ordbokene.no/bm/stoppe","2026-09-25"
"动词|synge","synge","å synge","动词","A1","日常动作","唱；唱歌；（鸟、流水等）发出悦耳声；叮当作响（依主语）","唱；唱歌；（鸟、流水等）发出悦耳声；叮当作响（依主语）","已人工审校","人用声音唱旋律是最常见义；动物、流水或金属也可用 synge 描写类似歌声的声音。synge en sang（唱一首歌）；synge på en sang 是嘴里哼/唱着某首歌。https://ordbokene.no/bm/synge","2026-09-25"
"动词|våkne","våkne","å våkne","动词","A1","日常动作","醒来；醒过来；（兴趣、自然等）开始活跃/苏醒（依主语）","醒来；醒过来；（兴趣、自然等）开始活跃/苏醒（依主语）","已人工审校","人从睡眠或麻醉中醒来时是不及物动词，主语就是醒来的人；学习兴趣、自然等作主语时可表示开始显现活力。不要与形容词 våken（醒着的）混淆。https://ordbokene.no/bm/v%C3%A5kne","2026-09-25"
"动词|åpne","åpne","å åpne","动词","A1","日常动作","打开；开启；开放/开始营业；发起、开场；使……成为可能（依搭配）","打开；开启；开放/开始营业；发起、开场；使……成为可能（依搭配）","已人工审校","打开门窗、信件是具体动作；咖啡馆作主语 åpner klokka ni 表示九点开门营业；åpne et møte 是开会；åpne for 表示为某事创造可能或接受某方案。https://ordbokene.no/bm/%C3%A5pne","2026-09-25"
"动词|bruke","bruke","å bruke","动词","A1","日常动作 / 待归类","使用；利用；消耗/花费；习惯于、通常（依结构）","使用；利用；消耗/花费；习惯于、通常（依结构）","已人工审校","bruke briller 是使用眼镜；bruke tid/penger 是花时间/钱；bruke å + 动词（常见于口语）可表示习惯做某事。bruke opp 强调用完。https://ordbokene.no/bm/%C3%A5%20bruke","2026-09-25"
"动词|bære","bære","å bære","动词","A1","日常动作 / 待归类","拿/提/搬；背负、承受；穿戴；支撑、承载（依宾语）","拿/提/搬；背负、承受；穿戴；支撑、承载（依宾语）","已人工审校","移动物品是拿/提/搬；穿民族服装、帽子可用 bære；承受重量或压力也可用 bære。过去式 bar，完成分词 båret/båret（依词典范式）。https://ordbokene.no/bm/b%C3%A6re","2026-09-25"
"动词|gi","gi","å gi","动词","A1","日常动作 / 待归类","给；递给；提供；给予（依宾语和结构）","给；递给；提供；给予（依宾语和结构）","已人工审校","gi noen noe 是‘给某人某物’；也可表示提供机会、帮助、答案等。注意 gi opp 是放弃/报出，gi seg 是停止或让步，需连固定搭配一起记。例句及译文已加入语料。https://ordbokene.no/bm/%C3%A5%20gi","2026-09-25"
"动词|holde","holde","å holde","动词","A1","日常动作 / 待归类","拿着；握住；保持；遵守；举行/举办；容纳、支撑（依结构）","拿着；握住；保持；遵守；举行/举办；容纳、支撑（依结构）","已人工审校","holde noe i hånden 是手里拿着；holde seg hjemme 是待在家；holde ord 是守信用；holde konsert 是举办音乐会。holde på med 表示正在做某事。例句及译文已加入语料。https://ordbokene.no/bm/holde","2026-09-25"
"动词|kunne","kunne","å kunne","动词","A1","日常动作 / 待归类","会；能；可以；可能（依语境）","会；能；可以；可能（依语境）","已人工审校","表示学会的技能：kunne sykle；表示能力或条件：kunne gjøre noe；也可表示可能性：det kan skje。情态动词后接动词原形，通常不加 å。例句及译文已加入语料。https://ordbokene.no/bm/%C3%A5%20kunne","2026-09-25"
"动词|løpe","løpe","å løpe","动词","A1","日常动作 / 待归类","跑；奔跑；快速移动；（时间、期限等）流逝/到期（依主语）","跑；奔跑；快速移动；（时间、期限等）流逝/到期（依主语）","已人工审校","人或动物用脚快速移动是‘跑’；河流、道路、地球等作主语时可表示延伸/流动；løpe fra ansvaret 是逃避责任，løpe ut 可表示期限到期。例句及译文已加入语料。https://ordbokene.no/nob/bm/l%C3%B8pe","2026-09-25"
"动词|måtte","måtte","å måtte","动词","A1","日常动作 / 待归类","必须；不得不；可以/获准（较少见）；推测上必定（依语境）","必须；不得不；可以/获准（较少见）；推测上必定（依语境）","已人工审校","最常见的是义务或必要性：måtte gå；过去式 måtte 表示当时不得不。也可表达推测：Det må være sant。情态动词后接不带 å 的动词原形。https://ordbokene.no/nno/bm/m%C3%A5ttet%7Cm%C3%A5tte","2026-09-25"
"动词|hjelpe","hjelpe","å hjelpe","动词","A1","日常动作 / 家庭与人物","帮助；帮忙；（措施、药物等）起作用、有效（依语境）","帮助；帮忙；（措施、药物等）起作用、有效（依语境）","已人工审校","帮助某人可直接接宾语；帮忙做某事常用 hjelpe til med；药物或办法作主语时 hjelpe mot 表示对……有效。例句及译文已加入语料。https://ordbokene.no/bm/23710","2026-09-25"
"动词|se","se","å se","动词","A1","日常动作 / 家庭与人物","看见；看、观看；理解/看出；经历、发现；认为（依结构）","看见；看、观看；理解/看出；经历、发现；认为（依结构）","已人工审校","眼睛感知是‘看见’，有意观看常用 se på TV/en film；se at 表示看出/意识到；Jeg ser det annerledes 是‘我对此看法不同’。过去式 så、完成分词 sett。https://ordbokene.no/bm/50315","2026-09-25"
"动词|ligge","ligge","å ligge","动词","A1","日常动作 / 家与房间","躺；平放、静置；位于；处于某种状态/水平（依主语）","躺；平放、静置；位于；处于某种状态/水平（依主语）","已人工审校","人/动物身体呈水平状态用 ligge；物品平放或地点所在也用 ligge。对比 sette（放置动作）与 ligge（平放/所在状态）；竖放常用 stå。https://ordbokene.no/nob/bm/ligger%7Cligge","2026-09-25"
"动词|sette","sette","å sette","动词","A1","日常动作 / 家与房间","放置；摆放；使进入某种位置/状态；设置、安排；投入/种植（依宾语）","放置；摆放；使进入某种位置/状态；设置、安排；投入/种植（依宾语）","已人工审校","sette 是让某人/物到某处的动作：sette maten på bordet；反身 sette seg 是坐下。对比 sitte（坐着的状态）和 ligge（平放/位于的状态）。https://ordbokene.no/bm%2Cnn/sette","2026-09-25"
"动词|sitte","sitte","å sitte","动词","A1","日常动作 / 家与房间","坐；坐着；就座；停留/位于；牢固嵌在某处；任职（依主语和搭配）","坐；坐着；就座；停留/位于；牢固嵌在某处；任职（依主语和搭配）","已人工审校","人坐着是核心义；钥匙插在锁里也可用 sitte。对比 sette seg（坐下动作）与 sitte（坐着状态），以及物品平放的 ligge。https://ordbokene.no/nno/bm/sitte","2026-09-25"
"动词|stå","stå","å stå","动词","A1","日常动作 / 家与房间","站；竖立；放置/位于；处于某种状态；保持不动（依主语）","站；竖立；放置/位于；处于某种状态；保持不动（依主语）","已人工审校","人站着可用 stå；书本等竖放或按惯常方式摆放也常用 stå。对比 sette（放置动作）与 stå（已经在某处/保持竖立的状态）。https://ordbokene.no/bm/%C3%A5%20st%C3%A5","2026-09-25"
"动词|finne","finne","å finne","动词","A1","日常动作 / 交通与出行","找到；发现；想出/得出；认为、觉得（finne noen/noe + 形容词）（依结构）","找到；发现；想出/得出；认为、觉得（finne noen/noe + 形容词）（依结构）","已人工审校","寻找后找到：finne en nøkkel；思考后得出：finne en løsning；表达评价可用 finne noe vanskelig/mistenkelig，也可用 finne noen skyldig（认为某人有罪）。finne at 可引出判断。https://ordbokene.no/nno/bm/finne","2026-09-25"
"动词|få","få","å få","动词","A1","日常动作 / 日常基础","得到；收到；获得；有机会/获准；使、让（få noen til å gjøre noe）；不得不/可以（依结构）","得到；收到；获得；有机会/获准；使、让（få noen til å gjøre noe）；不得不/可以（依结构）","已人工审校","få brev/svar 是收到；få lov/anledning til 是获准/有机会；få noen til å le 是使某人发笑；få gjort 是设法完成。情态义须结合结构理解。https://ordbokene.no/bm%2Cnn/%C3%A5%20f%C3%A5","2026-09-25"
"动词|gå","gå","å gå","动词","A1","日常动作 / 日常基础","走；步行；去/前往；运转、进行；变得/结果（依主语和搭配）","走；步行；去/前往；运转、进行；变得/结果（依主语和搭配）","已人工审校","人作主语时可表示步行或前往；机器可表示运转；事情作主语时常表示进展：det går bra。gå på kino 是去看电影。过去式 gikk、完成分词 gått。https://ordbokene.no/nob/bm/%C3%A5%20g%C3%A5","2026-09-25"
"动词|ha","ha","å ha","动词","A1","日常动作 / 日常基础","有；拥有；带着/具有；经历、患有；安排/进行；作助动词（依搭配）","有；拥有；带着/具有；经历、患有；安排/进行；作助动词（依搭配）","已人工审校","ha bil 是拥有车；ha vondt i magen 是肚子疼；ha det bra 是过得好；ha møte/eksamen 是有会议/考试。ha 也构成完成时。https://ordbokene.no/bm/ha","2026-09-25"
"动词|komme","komme","å komme","动词","A1","日常动作 / 日常基础","来；到达；出现/传来；进入某种状态；来自；将会（komme til å）（依结构）","来；到达；出现/传来；进入某种状态；来自；将会（komme til å）（依结构）","已人工审校","komme fram 表示到达/显现；komme i gang 是开始；komme fra 表示来自；komme til å + 动词表示将会。与 gå 对照时需看参照点。https://ordbokene.no/bm/KOMME","2026-09-25"
"动词|ta","ta","å ta","动词","A1","日常动作 / 日常基础","拿；取；带走/乘坐；接受/服用；花费/占用；承担（依搭配）","拿；取；带走/乘坐；接受/服用；花费/占用；承担（依搭配）","已人工审校","ta boka 是拿书；ta bussen 是乘公交；ta med seg 是带上；ta medisiner 是服药；ta tid 是花时间；ta ansvar 是承担责任。介词或宾语常决定含义。https://ordbokene.no/bm%2Cnn/%C3%A5%20ta","2026-09-25"
"动词|være","være","å være","动词","A1","日常动作 / 日常基础","是；在/处于；存在；举行/发生；作为助动词构成状态或被动（依结构）","是；在/处于；存在；举行/发生；作为助动词构成状态或被动（依结构）","已人工审校","身份/性质、地点、状态、事件安排均可用 være；也可组成被动或状态表达。现在时 er、过去时 var、完成分词 vært。https://ordbokene.no/nob/bm/v%C3%A6re","2026-09-25"
"动词|bli","bli","å bli","动词","A1","日常动作 / 日常基础 / 未来计划与目标","变成；成为；变得；留下/继续处于；构成被动（依结构）","变成；成为；变得；留下/继续处于；构成被动（依结构）","已人工审校","bli lege/syk 表示成为/变得；bli hjemme/igjen 表示留下；bli + 过去分词构成被动。være 表示已处于某状态，bli 常强调进入该状态或继续留下。https://ordbokene.no/bm/6390","2026-09-25"
"动词|gjøre","gjøre","å gjøre","动词","A1","日常动作 / 日常基础 / 未来计划与目标","做；进行；完成；使/造成；表现、行事；（代替前文动词）（依结构）","做；进行；完成；使/造成；表现、行事；（代替前文动词）（依结构）","已人工审校","gjøre en jobb 是做工作；gjøre noen glad 是使某人高兴；也可代替前文动词。gjøre seg til、gjøre om 等固定结构另记。https://ordbokene.no/bm/gj%C3%B8re","2026-09-25"
"动词|begynne","begynne","å begynne","动词","A1","日常动作 / 时间与日常","开始；着手；开始发生/出现（begynne å / begynne på）（依结构）","开始；着手；开始发生/出现（begynne å / begynne på）（依结构）","已人工审校","begynne å + 动词表示开始做某事；begynne på + 名词表示开始某项活动/课程；事件或季节作主语表示开始。https://ordbokene.no/bm/begynne","2026-09-25"
"动词|glemme","glemme","å glemme","动词","A1","日常动作 / 时间与日常","忘记；遗忘；忘带/落下；忘了做、疏忽未做；不再计较（依结构）","忘记；遗忘；忘带/落下；忘了做、疏忽未做；不再计较（依结构）","已人工审校","glemme hva noen heter 是忘记名字；glemme boka hjemme 是把书忘在家；glemme å slokke lyset 是忘了关灯。glemme + 名词与 glemme å + 动词的结构不同。https://ordbokene.no/nob/bm/glemme","2026-09-25"
"动词|huske","huske","å huske","动词","A1","日常动作 / 时间与日常","记得；记住；想起；记着要做（huske å / huske på）（本词条指记忆义）","记得；记住；想起；记着要做（huske å / huske på）（本词条指记忆义）","已人工审校","huske 另有‘上下摇晃’的同形动词义，此卡只练记忆义。huske noen/noe 是记得某人/某事；huske å gjøre noe 是记得去做；husk å ... 用于提醒。https://ordbokene.no/bm/huske","2026-09-25"
"动词|vente","vente","å vente","动词","A1","日常动作 / 时间与日常","等；等待；等候；预期、料想；（事情/机会）等待着（依结构）","等；等待；等候；预期、料想；（事情/机会）等待着（依结构）","已人工审校","vente på 是等待；vente med å gjøre noe 是暂缓；vente at 表示预料。注意 vente på 与 vente med 意义不同。https://ordbokene.no/bm/vente","2026-09-25"
"动词|like","like","å like","动词","A1","日常动作 / 食物与购物","喜欢；喜爱；觉得……不错/满意（like noe / like å gjøre noe）","喜欢；喜爱；觉得……不错/满意（like noe / like å gjøre noe）","已人工审校","like + 名词表示喜欢某物/人；like å + 动词表示喜欢做某事；like seg 表示过得自在。不要与形容词/副词 like（相同/同样）混淆。https://ordbokene.no/bm/like","2026-09-25"
"动词|prøve","prøve","å prøve","动词","A1","日常动作 / 食物与购物 / 未来计划与目标","试；试用、测试；试穿；尝试、试着做；考查（依搭配）","试；试用、测试；试穿；尝试、试着做；考查（依搭配）","已人工审校","试用/测试：prøve en bil；试穿常用 prøve på；prøve å + 动词原形表示尝试做某事；prøve seg fram 表示摸索。https://ordbokene.no/nob/bm/pr%C3%B8ve","2026-09-25"
"名词|mat","mat","mat","名词","A1","日常基础","食物；饭菜；一顿饭/用餐（依语境）；食物、营养（较少见）","食物；饭菜；一顿饭/用餐（依语境）；食物、营养（较少见）","已人工审校","通常是不可数名词：mat og drikke；也可指一顿饭，如 før maten。词典还收‘一片面包/开放三明治’等语境义，初级先掌握食物和饭菜。此核心名词卡用泛指 mat / 定指 maten，不练不定单数冠词。https://ordbokene.no/nob/bm/MAT","2026-09-25"
"名词|dusj","dusj","en dusj","名词","A1","日常家务","淋浴；一阵细密喷洒；淋浴喷头/设备；淋浴间（依语境）","淋浴；一阵细密喷洒；淋浴喷头/设备；淋浴间（依语境）","已人工审校","ta en dusj 是洗一次淋浴；i dusjen 可指在淋浴间/设备下；rom med dusj 中指淋浴间。也可指水或香水细喷洒。阳性：en dusj – dusjen。例句是据词典搭配改写的练习句。https://ordbokene.no/bm/dusj","2026-09-25"
"名词|oppvaskmaskin","oppvaskmaskin","en oppvaskmaskin","名词","A1","日常家务","洗碗机；用于清洗餐具的机器","洗碗机；用于清洗餐具的机器","已人工审校","阳性名词，en oppvaskmaskin–oppvaskmaskinen–oppvaskmaskiner–oppvaskmaskinene；复合词末尾 maskin 决定词性。NTNU 教材定义并在厨房课文中使用该词；另加 Preply 生活句，译为‘晚饭后，我们把所有餐具都放进了洗碗机’，注明这不是启动机器。https://ordbokene.no/nob/bm/oppvaskmaskin；https://www.hf.ntnu.no/now/learnnow/misc/LearnNoWTextbook.pdf；https://preply.com/en/blog/kitchen-items-in-norwegian/","2026-09-25"
"名词|orden","orden","en orden","名词","A1","日常家务","秩序；整齐、有条理；顺序；（i orden）正常、妥当、没问题","秩序；整齐、有条理；顺序；（i orden）正常、妥当、没问题","已人工审校","阳性名词，区分排列顺序、事务有条理和状态正常。定指复数 ordenene，勿与 et ord 的定指复数 ordene 混淆；已加入词典原句及自然译文。https://ordbokene.no/bm/orden","2026-09-25"
"动词|ordne","ordne","å ordne","动词","A1","日常家务","整理；安排；处理；解决；（ordne seg）自行解决、好转","整理；安排；处理；解决；（ordne seg）自行解决、好转","已人工审校","根据搭配区分整理物品、安排预约/交通、处理事务；det ordner seg 是‘事情会解决/好起来’，不可按字面‘整理自己’翻译。已加入词典例句和译文。https://ordbokene.no/bm/43268","2026-09-25"
"名词|vaskemaskin","vaskemaskin","en vaskemaskin","名词","A1","日常家务","洗衣机；用于洗涤衣物的机器","洗衣机；用于洗涤衣物的机器","已人工审校","阳性名词，en vaskemaskin–vaskemaskinen–vaskemaskiner–vaskemaskinene；区别 oppvaskmaskin（洗碗机）。语境例句来自 NorwegianClass101 洗衣主题材料，译文和定指用法说明已加入；词义可对照 Bokmålsordboka。https://ordbokene.no/bm/66825；https://www.norwegianclass101.com/norwegian-vocabulary-lists/talking-about-doing-the-laundry","2026-09-25"
"动词|legge","legge","å legge","动词","A1","日常家务 / 家与房间","放置；把……放下/摆好；铺设；制定/安排；（legge seg）躺下、上床","放置；把……放下/摆好；铺设；制定/安排；（legge seg）躺下、上床","已人工审校","及物放置动作与反身 legge seg（躺下/上床）分开理解；与 ligge（处于躺着/放着的状态）对比。已加入 Bokmålsordboka 原句、整句译文及句型提示。https://ordbokene.no/nob/bm/%C3%A5%20legge","2026-09-25"
"动词|vaske","vaske","å vaske","动词","A1","日常家务 / 家与房间","洗；清洗；擦洗/打扫；（vaske opp）洗碗","洗；清洗；擦洗/打扫；（vaske opp）洗碗","已人工审校","按宾语选择中文译法：洗手、洗衣、打扫；vaske opp 是洗碗。例句采用 Bokmålsordboka 原句/固定表达并注明短语片段，提供准确译文。https://ordbokene.no/nob/bm/vaske","2026-09-25"
"动词|vekke","vekke","å vekke","动词","A1","日常作息","叫醒；唤醒；引起/唤起（兴趣、反应等）","叫醒；唤醒；引起/唤起（兴趣、反应等）","已人工审校","及物动词，主语让某人醒来；抽象义可‘引起兴趣’。与不及物 våkne（自己醒来）对比；词典两条例句分别覆盖具体和抽象义。https://ordbokene.no/nob/bm/vekke","2026-09-25"
"名词|konge","konge","en konge","名词","A1","社会与文化","国王；君主；（口语形容用法 konge）很棒、极好","国王；君主；（口语形容用法 konge）很棒、极好","已人工审校","阳性名词的四形为 en konge–kongen–konger–kongene；词典另收口语形容词 konge，但本词条按名词为主并显式提示词性差别。已加入词典例句和翻译。https://ordbokene.no/bm/konge","2026-09-25"
"名词|kne","kne","et kne","名词","A1","身体部位","膝盖；膝关节；（på kne）跪着","膝盖；膝关节；（på kne）跪着","已人工审校","中性名词；单数 et kne–kneet，复数不规则 knær–knærne。身体疼痛与跪姿搭配不同；已加入词典原例片段、准确翻译和用法说明。https://ordbokene.no/nno/bm/kne","2026-09-25"
"名词|lår","lår","et lår","名词","A1","身体部位","大腿；髋部至膝盖之间的腿部","大腿；髋部至膝盖之间的腿部","已人工审校","中性名词，et lår–låret–lår–lårene；指髋与膝之间的部分，与小腿 legg 区分。词典例句片段按自然中文译为‘拍着大腿大笑’。https://ordbokene.no/bm/l%C3%A5r","2026-09-25"
"名词|nakke","nakke","en nakke","名词","A1","身体部位","后颈；颈部后侧；（依语境）上背部","后颈；颈部后侧；（依语境）上背部","已人工审校","阳性名词 en nakke–nakken–nakker–nakkene，也可用阴性 ei nakke–nakka。通常指脖子后面，不等于泛指整个脖子/喉咙 hals；Bokmålsordboka 还列有‘上背部’义。已加入词典例句及译文。https://ordbokene.no/bm/nakke","2026-09-25"
"名词|tunge","tunge","ei tunge","名词","A1","身体部位","舌头；（较书面）语言；动物舌头（作食物）","舌头；（较书面）语言；动物舌头（作食物）","已人工审校","阴性名词，可用 ei tunge–tunga–tunger–tungene，也可用 en tunge–tungen。区分舌头、语言（fremmed tunge）和舌肉食物（smørbrød med tunge）；同形鱼名不纳入本初级词条。例句及译文来自 Bokmålsordboka。https://ordbokene.no/nob/bm/tunge","2026-09-25"
"名词|øre","øre","et øre","名词","A1","身体部位","耳朵；听觉/听力；欧尔（挪威克朗的百分之一，现主要见于金额表达）","耳朵；听觉/听力；欧尔（挪威克朗的百分之一，现主要见于金额表达）","已人工审校","身体部位的词形为 et øre–øret–ører–ørene。ha vondt i øret 指耳朵疼，øre for musikk 指乐感；金额 femti øre 中的 øre 是货币单位，不是耳朵。已加入词典例句和语义标注。https://ordbokene.no/nno/bm/%C3%98RE","2026-09-25"
"名词|øye","øye","et øye","名词","A1","身体部位","眼睛；视力/视觉；目光、看法；（依搭配）孔眼/开口","眼睛；视力/视觉；目光、看法；（依搭配）孔眼/开口","已人工审校","中性名词 et øye–øyet–øyne–øynene，复数不规则。få øye på 是看见/发现，i noens øyne 是在某人看来。已补充词典例句、译文和搭配提示。https://ordbokene.no/bm/%C3%98YE","2026-09-25"
"名词（通常不可数）|blod","blod","et blod","名词（通常不可数）","A1","身体与健康","血；血液；（引申）血统、生命力或性情","血；血液；（引申）血统、生命力或性情","已人工审校","通常不可数：et blod–blodet；日常说血液时不用复数。词典也列出少见复数及引申义：hett blod 指热情/急性子，blått blod 指贵族血统。已加入词典搭配及译文。https://ordbokene.no/nno/bm/blod","2026-09-25"
"名词|hjerte","hjerte","et hjerte","名词","A1","身体与健康","心脏；心（情感、内心或象征图案）；中心/核心（依语境）","心脏；心（情感、内心或象征图案）；中心/核心（依语境）","已人工审校","中性名词 et hjerte–hjertet–hjerter–hjertene。区分身体器官、情感/内心、心形图案和‘核心’义；词典例句及固定搭配已入库并翻译。https://ordbokene.no/bm%2Cnn/hjerte%7Chjarta","2026-09-25"
"名词|hånd","hånd","ei/en hånd","名词","A1","身体与健康","手；手掌及手指所在的手部；（引申/固定搭配）帮助、掌控、亲手","手；手掌及手指所在的手部；（引申/固定搭配）帮助、掌控、亲手","已人工审校","可用 ei/en hånd；单数定指 ei hånd–hånda 或 en hånd–hånden，不规则复数 hender–hendene。区分 arm（手臂）；gi noen en hånd 是帮忙，for hånd 是手工/亲手。https://ordbokene.no/bm/hand","2026-09-25"
"名词|hår","hår","et hår","名词","A1","身体与健康","头发；毛发；一根头发/毛（可数时）","头发；毛发；一根头发/毛（可数时）","已人工审校","中性名词 et hår–håret–hår–hårene，定指复数也可说 håra。泛指头发通常不可数、无冠词；指单根毛发才用 et hår。例句和区分说明根据官方词典加入。https://ordbokene.no/nob/bm/25500","2026-09-25"
"名词|nese","nese","en nese","名词","A1","身体与健康","鼻子；嗅觉；（引申）发现线索的敏锐度；物体尖端/前端","鼻子；嗅觉；（引申）发现线索的敏锐度；物体尖端/前端","已人工审校","可用 ei/en nese；脸上的器官、嗅觉能力、发现线索的敏锐度以及物体前端需按语境区分。鼻塞常说 være tett i nesa；ha nese for noe 表示善于发现。已加入词典例句译文。https://ordbokene.no/nob/bm/nese","2026-09-25"
"名词|sminke","sminke","en sminke","名词","A1","身体与健康","化妆品；妆；（动词 sminke seg）化妆","化妆品；妆；（动词 sminke seg）化妆","已人工审校","名词可用 ei/en sminke，也可用 en sminke；本词卡按阳性四形 en sminke–sminken–sminker–sminkene。泛指时常不可数无冠词；ta av seg sminken 是卸妆。注意同形动词 sminke（给……化妆）。https://ordbokene.no/bm/54826","2026-09-25"
"名词|ansikt","ansikt","et ansikt","名词","A1","身体与外貌","脸；面部；（转指）人物/面孔；（固定表达）颜面、面子","脸；面部；（转指）人物/面孔；（固定表达）颜面、面子","已人工审校","中性名词 et ansikt–ansiktet–ansikter–ansiktene。具体义是头部前侧的脸；‘新面孔’可转指新人。miste ansikt 是丢面子，ansikt til ansikt 是面对面。已加入官方词典例句及译文。https://ordbokene.no/nob/bm/ANSIKT","2026-09-25"
"名词|feber","feber","feber","名词","A1","身体与症状","发烧；发热；（复合词中）热潮、狂热","发烧；发热；（复合词中）热潮、狂热","已人工审校","阳性名词，常说 ha feber（发烧），通常无冠词；feberen 指具体这次发烧。考试紧张和淘金热等比喻义常见于复合词 eksamensfeber、gullfeber。https://ordbokene.no/bm/feber","2026-09-25"
"名词|kropp","kropp","en kropp","名词","A1","身体与症状","身体；躯体；（技术）主体/机身；（口语）家伙、人","身体；躯体；（技术）主体/机身；（口语）家伙、人","已人工审校","阳性名词 en kropp–kroppen–kropper–kroppene。通常指人或动物的身体整体；hele kroppen 是全身。技术语境也可指机器主体，口语 denne kroppen 可指‘这个人/家伙’。词典例句及译文已加入。https://ordbokene.no/bm/32315","2026-09-25"
"动词|leve","leve","å leve","动词","A1","生活与状态","生活；活着、生存；居住；以……为生；过……样的生活；（记忆、作品等）延续","生活；活着、生存；居住；以……为生；过……样的生活；（记忆、作品等）延续","已人工审校","规则变化 leve–lever–levde–levd。根据结构区分：leve i Norge 可指居住，leve av jordbruk 是靠农业为生，leve et godt liv 是过某种生活，minnet lever videre 是记忆延续。已加入词典原句与中文解释。https://ordbokene.no/bm/leva%7Cleve","2026-09-25"
"动词|dø","dø","å dø","动词","A1","生命与健康","死亡；去世；（声音、记忆、物种等）消失、终止","死亡；去世；（声音、记忆、物种等）消失、终止","已人工审校","不及物动词 dø–dør–døde–dødd。人和动物均可用；谈人的死亡时 gå bort 更委婉。dø ut 表物种灭绝或习俗消失，dø bort 可指声音渐弱。词典例句已加入。https://ordbokene.no/bm/d%C3%B8","2026-09-25"
"形容词|endelig","endelig","endelig","形容词","A1","时间与感受","终于；总算；最终/确定的；（强调）偏要、非要（依句法和语气）","终于；总算；最终/确定的；（强调）偏要、非要（依句法和语气）","已人工审校","虽然这条教学卡兼注副词义，但库存中形容词 endelig 单独计条。作定语表示最终/确定的：et endelig svar；副词义见独立的副词 endelig 词条。相关原句和翻译均纳入语境。https://ordbokene.no/bm/endelig","2026-09-25"
"介词/从属连词|om","om","om","介词/从属连词","A1","时间与关系介词","关于；围绕；再过……（时间）；在……期间/每逢；如果；是否（依句法结构）","关于；围绕；再过……（时间）；在……期间/每逢；如果；是否（依句法结构）","已人工审校","snakke om noe（关于某事）是介词；om en uke（一周后）、om sommeren（在夏天）；om du har lyst（如果你愿意）和 spørre om hun kommer（问她是否来）是从属连词用法。需看后面是名词短语还是小句，不能一律译‘关于’。https://ordbokene.no/bm/om","2026-09-25"
"副词|da","da","da","副词","A1","时间与句子连接","那时；当时；接着/于是；那么、那样的话；（语气词）倒、还、嘛（依语境）","那时；当时；接着/于是；那么、那样的话；（语气词）倒、还、嘛（依语境）","已人工审校","本条按副词处理：过去时点、叙事顺序、推论语境以及语气副词用法要分开；另有从属连词 da（当……时/既然），句法功能不同。词典例句及 V2 语序提示已加入。https://ordbokene.no/bm/DA","2026-09-25"
"副词|så","så","så","副词","A1","时间与句子连接","然后；接着；于是/因此；那么、如此；（连接语篇）另外/而且（依句法）","然后；接着；于是/因此；那么、如此；（连接语篇）另外/而且（依句法）","已人工审校","副词表示动作顺序或承接前文结果，也可表示程度。注意同形连词 så（所以）和动词 se 的过去式 så（看见了），通过句法位置辨认。词典原例和人工翻译已加入。https://ordbokene.no/nob/bm/59446","2026-09-25"
"名词|ettermiddag","ettermiddag","en ettermiddag","名词","A1","时间与日程","下午；午后（大致从中午到傍晚）","下午；午后（大致从中午到傍晚）","已人工审校","阳性名词 en ettermiddag–ettermiddagen–ettermiddager–ettermiddagene。i ettermiddag 通常是今天下午；om ettermiddagen 通常指习惯性时段。词典定义为中午/正午至晚间的时段。https://ordbokene.no/bm/ettermiddag","2026-09-25"
"名词|formiddag","formiddag","en formiddag","名词","A1","时间与日程","上午；中午以前的一段时间","上午；中午以前的一段时间","已人工审校","阳性名词 en formiddag–formiddagen–formiddager–formiddagene。指早晨到中午之间；i formiddag 通常指今天上午，om formiddagen 常指习惯性上午时段。Bokmålsordboka 例句片段及译文已加入语境库。https://ordbokene.no/bm/formiddag","2026-09-25"
"形容词|forrige","forrige","forrige","形容词","A1","时间与日程","前一个的；最近过去的；上一个的（需依时间参照判断）","前一个的；最近过去的；上一个的（需依时间参照判断）","已人工审校","通常指参照点之前最近的一个：i forrige uke=上周，forrige gang=上一次；在‘不是最近那次，而是前一次’对比中也可表示倒数第二个。词典例句已加入语境库。https://ordbokene.no/nob/bm/forrige","2026-09-25"
"副词|først","først","først","副词","A1","时间与日程","首先；最先；直到……才（依语序和语境）","首先；最先；直到……才（依语序和语境）","已人工审校","可表示步骤先后（Først må vi vaske opp=我们得先洗碗），也可表示事情要到某时才发生（vi reiser først i overmorgen=我们要到后天才出发）。别把后一用法误当成‘最早’。词典原句和译文已加入语境库。https://ordbokene.no/nno/bm/f%C3%B8rst","2026-09-25"
"形容词|første","første","første","形容词","A1","时间与日程","第一的；最先的；（引申）首要的、最重要的","第一的；最先的；（引申）首要的、最重要的","已人工审校","序数词形式，表示顺序中的第一个：første kapittel=第一章，for første gang=第一次；也可引申为首要/最重要的。词典例句片段及译文已加入语境库。https://ordbokene.no/nno/bm/fyrste%7Cf%C3%B8rste","2026-09-25"
"名词|gang","gang","en gang","名词","A1","时间与日程","次；回；次数；走廊/通道；（事情的）进程（依搭配）","次；回；次数；走廊/通道；（事情的）进程（依搭配）","已人工审校","次数义见 én gang（一次）、for første gang（第一次）；房屋内狭长通道也叫 gang（走廊）。需靠搭配识别，不能将所有 gang 都译成‘次’。词典原句和译文已加入语境库。https://ordbokene.no/bm/gang","2026-09-25"
"形容词|halv","halv","halv","形容词","A1","时间与日程","半的；一半的；（报时）差半小时到某整点","半的；一半的；（报时）差半小时到某整点","已人工审校","halv 的词形会随名词性数变化：en halv time（半小时）、et halvt brød（半个面包）、halve dagen（半天）。挪威报时‘halv ti’是距十点还有半小时，即 09:30，不是 10:30。词典原句与译文已加入语境库。https://ordbokene.no/bm/halv","2026-09-25"
"名词|klokke","klokke","ei klokke","名词","A1","时间与日程","钟；表；时间/钟点；铃（依语境）","钟；表；时间/钟点；铃（依语境）","已人工审校","可用 en 或 ei：en klokke–klokken–klokker–klokkene；ei klokke–klokka–klokker–klokkene。可指计时器具，也可在 klokka er åtte、hva er klokka? 中表示钟点；词典还收‘钟铃’。词典例句已加入语境库。https://ordbokene.no/bm/30187","2026-09-25"
"数词/副词|kvart","kvart","kvart","数词/副词","A1","时间与日程","四分之一；一刻钟；（报时）差一刻/过一刻","四分之一；一刻钟；（报时）差一刻/过一刻","已人工审校","作名词时 en kvart 表示四分之一；用于时间时 kvart over ett=一点一刻，kvart på fire=差一刻四点（3:45）。注意 kvart over/på 后面数字的方向。词典原句与译文已加入语境库。https://ordbokene.no/bm/kvart","2026-09-25"
"名词|kvarter","kvarter","et kvarter","名词","A1","时间与日程","一刻钟（15分钟）；街区/城区；驻地、住处（依语境）","一刻钟（15分钟）；街区/城区；驻地、住处（依语境）","已人工审校","中性名词 et kvarter–kvarteret–kvarter/kvarterer–kvartera/kvarterene。日常最常见是15分钟：bussen går hvert kvarter（公交车每15分钟一班）；也可指城区或驻地，不能一律理解成时间。例句和人工译文已加入语境库。https://ordbokene.no/bm/33037","2026-09-25"
"名词|meter","meter","en meter","名词","A1","时间与日程","米；长度单位（符号 m）","米；长度单位（符号 m）","已人工审校","阳性名词 en meter–meteren–meter–meterne。用于长度测量；价格等表达中 meteren 可表示‘每米’。复合词中也常作计量单位成分，如 centimeter。例句和人工译文已加入语境库。https://ordbokene.no/bm/meter","2026-09-25"
"名词|minutt","minutt","et minutt","名词","A1","时间与日程","分钟；片刻；（角度单位）分","分钟；片刻；（角度单位）分","已人工审校","中性名词 et minutt–minuttet–minutter–minuttene。时间义是一小时的六十分之一；计量单位语境也可指角度的六十分之一度。noen minutter 表示几分钟。词典原句及译文已加入语境库。https://ordbokene.no/bm/minutt","2026-09-25"
"副词|nå","nå","nå","副词","A1","时间与日程","现在；此刻；如今；（语气副词）倒、嘛、到底等（依重音和上下文）","现在；此刻；如今；（语气副词）倒、嘛、到底等（依重音和上下文）","已人工审校","时间义可指此时此刻（Nå drar vi=我们现在出发），也可指现阶段/如今（nå for tiden=近来）；轻读时还可用于归纳或加强语气。词典列有不同词性同形词，当前条目只审副词。词典原句和译文已加入语境库。https://ordbokene.no/bm/n%C3%A5","2026-09-25"
"副词|siden","siden","siden","副词","A1","时间与日程","后来；此后；……以前（for + 时间段 + siden）；从那时起（依结构）","后来；此后；……以前（for + 时间段 + siden）；从那时起（依结构）","已人工审校","本条只审副词 siden。for to år siden=两年前，siden har jeg ikke prøvd=此后我没再试过；siden nyttår（从新年以来）在项目中另按介词处理，siden vi var små 则是从属连词用法，不能混为一个句法类别。例句和译文已加入语境库。https://ordbokene.no/bm/siden","2026-09-25"
"限定词|sju","sju","sju","限定词","A1","时间与日程","七（基数词/数量限定词；也可写 syv）","七（基数词/数量限定词；也可写 syv）","已人工审校","Bokmålsordboka 将 sju/syv 列为 determinativ kvantor（数量限定词），表示基数7；书写 sju 与 syv 都规范。作数词修饰名词时不随名词性数变化：sju dager。例句和译文已加入语境库。https://ordbokene.no/bm/sju","2026-09-25"
"副词|snart","snart","snart","副词","A1","时间与日程","很快；不久；快要；几乎/差不多（依语境）","很快；不久；快要；几乎/差不多（依语境）","已人工审校","时间义表示不久后：komme snart=很快来；也可作程度副词，表示‘几乎、差不多’，如 jeg vet snart verken ut eller inn。结合句法判断，别一律译成‘马上’。词典例句已加入语境库。https://ordbokene.no/bm/55055","2026-09-25"
"副词|straks","straks","straks","副词","A1","时间与日程","马上；立刻；即将/快要；几乎（依语境）","马上；立刻；即将/快要；几乎（依语境）","已人工审校","可表示立即（gå i gang straks=马上开始），也可表示‘差一点到某时’：klokka er straks ti=快十点了。词典还列有与‘紧挨着/就在旁边’相关的较少见用法，初级先掌握时间义。例句和译文已加入语境库。https://ordbokene.no/nob/bm/straks","2026-09-25"
"名词|time","time","en time","名词","A1","时间与日程","小时；课时/一节课；预约时段（依语境）","小时；课时/一节课；预约时段（依语境）","已人工审校","阳性名词 en time–timen–timer–timene。既可指60分钟，也可指常见40或45分钟的教学课时；hos legen/frisøren 的 time 是预约的诊疗/服务时段，不一定恰好一小时。例句和译文已加入语境库。https://ordbokene.no/bm/time","2026-09-25"
"名词|dag","dag","en dag","名词","A1","时间与日程 / 日常基础","白天；一天/日期；工作日；（问候语中）一天（依语境）","白天；一天/日期；工作日；（问候语中）一天（依语境）","已人工审校","阳性名词 en dag–dagen–dager–dagene。可指有日光的白天，也可指完整的24小时或某个日期；god dag 是问候语，ha en fin dag 是祝愿对方今天过得愉快。具体义看搭配。例句和译文已加入语境库。https://ordbokene.no/bm/dag","2026-09-25"
"名词|tid","tid","ei tid","名词","A1","时间与日程 / 日常基础","时间；时刻；时期/时代；（语法）时态（依语境）","时间；时刻；时期/时代；（语法）时态（依语境）","已人工审校","可用 ei/en tid；本卡采用阴性：ei tid–tida–tider–tidene。表示时间长短、某个时刻或历史时期；语言学习中 verbets tider 指动词时态。ha tid 表示有空/有时间，ta seg god tid 是慢慢来。例句和译文已加入语境库。https://ordbokene.no/bm/TID","2026-09-25"
"名词|kveld","kveld","en kveld","名词","A1","时间与日程 / 时间与日常","傍晚；晚上；晚间（大致从天黑到午夜）","傍晚；晚上；晚间（大致从天黑到午夜）","已人工审校","阳性名词 en kveld–kvelden–kvelder–kveldene。i kveld 通常指今天晚上；om kvelden 表示习惯性晚间；ta kvelden 可表示收工/结束当天活动，口语中也可能有其他引申义。例句和译文已加入语境库。https://ordbokene.no/nno/bm/kveld","2026-09-25"
"名词|morgen","morgen","en morgen","名词","A1","时间与日程 / 时间与日常","早晨；上午较早时段；（问候语中）早上好","早晨；上午较早时段；（问候语中）早上好","已人工审校","阳性名词 en morgen–morgenen–morgener–morgenene。指日出前后到一天较早时段；i morgen 是‘明天’（副词短语），om morgenen 常指习惯性的早晨。God morgen 是问候语。例句和译文已加入语境库。https://ordbokene.no/nob/bm/morgen","2026-09-25"
"名词|uke","uke","ei uke","名词","A1","时间与日程 / 时间与日常","星期；一周（七天）；工作周；持续约一周的节庆/活动（依语境）","星期；一周（七天）；工作周；持续约一周的节庆/活动（依语境）","已人工审校","阴性 ei uke–uka–uker–ukene（也可用 en uke）。七天可按星期一至星期日计算，也可指任意连续七天；arbeidsuke/skoleuke 指工作周/上学周。Bokmålsordboka 原例 i neste uke、være på ferie i to uker 已加入并逐条翻译。https://ordbokene.no/bm%2Cnn/uke","2026-09-25"
"名词|år","år","et år","名词","A1","时间与日程 / 时间与日常","年；一年；年龄中的岁；某一年的经营/收成状况（依语境）","年；一年；年龄中的岁；某一年的经营/收成状况（依语境）","已人工审校","中性 et år–året–år–årene/åra；不定复数与原形相同。表示年龄时用 barnet fyller to år；表示以前用 for ... år siden。Bokmålsordboka 原例 vente til neste år、barnet fyller snart to år 已加入并翻译。https://ordbokene.no/eng/bm/1055","2026-09-25"
"名词|natt","natt","ei natt","名词","A1","时间与昼夜","夜；夜晚；夜班（依语境）","夜；夜晚；夜班（依语境）","已人工审校","阴性 ei natt–natta–netter–nettene，也可用 en natt–natten。i natt 的时间指向取决于说话时间；jobbe natt 表示上夜班。已加入并翻译词典原例 klokka tre i natt、han skal jobbe natt den neste uka。https://ordbokene.no/bm/natt","2026-09-25"
"形容词|sein","sein","sein","形容词","A1","时间与状态","晚的；迟的；迟到的；（时间上）较后的、后期的；生长期较长的（依语境）","晚的；迟的；迟到的；（时间上）较后的、后期的；生长期较长的（依语境）","已人工审校","Bokmål 规范 sen/se(i)n 两套形式都可见：sen/sent/sene/senere/senest 与 sein/seint/seine/seinere/seinest。赴约迟到常说 komme for sent；senere i dag 是今天晚些时候。词典原例片段已加入并翻译。https://ordbokene.no/bm/sein","2026-09-25"
"名词|fisk","fisk","en fisk","名词","A1","食物与动物","鱼；鱼肉；鱼类（依语境）","鱼；鱼肉；鱼类（依语境）","已人工审校","阳性 en fisk–fisken–fisker–fiskene。指一条条鱼时可数并用 fisker；作为食物/鱼肉时常作不可数名词，如 lite fisk、kokt fisk。词典另收船舶技术同形义，本初级词条不混入。Bokmålsordboka 的鱼、鱼获与餐食例项均已加入语料并翻译。https://ordbokene.no/nob/bm/fisk","2026-09-25"
"名词|bakeri","bakeri","et bakeri","名词","A1","食物与购物","面包店；烘焙店/烘焙坊（制作或销售烘焙食品的场所/企业）","面包店；烘焙店/烘焙坊（制作或销售烘焙食品的场所/企业）","已人工审校","中性 et bakeri–bakeriet–bakerier–bakeriene；与 baker（面包师/烘焙师）区分。词典条目提供释义但没有完整例句，app 购物句依据该释义编写，明确标作教学语境、不冒充词典引文。https://ordbokene.no/nob/search?dict=bm%2Cnn&q=bakeri&scope=eif","2026-09-25"
"名词|brødhylle","brødhylle","ei brødhylle","名词","A1","食物与购物","面包货架；商店里摆放面包的货架","面包货架；商店里摆放面包的货架","已人工审校","阴性 ei brødhylle–brødhylla–brødhyller–brødhyllene。透明复合词 brød（面包）+ hylle（架子）；词典未独立收录该复合词，故依 hylle/butikkhylle 释义编写并翻译购物语境，明确不是原句。https://ordbokene.no/search?dict=bm%2Cnn&page=5&q=hylla%7Chylle&scope=eif","2026-09-25"
"名词|egg","egg","et egg","名词","A1","食物与购物","鸡蛋；鸟类、爬行动物和昆虫的卵（此卡为常见食物义）","鸡蛋；鸟类、爬行动物和昆虫的卵（此卡为常见食物义）","已人工审校","本卡是中性名词 et egg–egget–egg–eggene，指生物的卵及食品鸡蛋。同形阴/阳性 egg（刀刃、山脊）是另一词条，不能混淆性别或释义。已加入 Bokmålsordboka 下蛋母鸡及 hardkokt egg 等原例片段并翻译。https://ordbokene.no/bm/egg","2026-09-25"
"名词|ekspeditør","ekspeditør","en ekspeditør","名词","A1","食物与购物","售货员；店员；在商店或柜台为顾客服务的人；也可指办理货运/票务的人（依场景）","售货员；店员；在商店或柜台为顾客服务的人；也可指办理货运/票务的人（依场景）","已人工审校","阳性 en ekspeditør–ekspeditøren–ekspeditører–ekspeditørene。词义范围不止零售店员；日常也常说 butikkansatt。词典原例 arbeide som ekspeditør 已加入并翻译；完整购物句则标明依据词义编写。https://ordbokene.no/bm/12064","2026-09-25"
"名词|eple","eple","et eple","名词","A1","食物与购物","苹果；（较少见）形状像苹果的东西","苹果；（较少见）形状像苹果的东西","已人工审校","中性 et eple–eplet–epler–eplene。日常主要指苹果水果；也用于 bite i det sure eplet（不得不接受不喜欢的事）等固定表达。已加入并翻译词典原例 høste epler、lage eplemost av eplene。https://ordbokene.no/bm/eple","2026-09-25"
"名词|gebyr","gebyr","et gebyr","名词","A1","食物与购物","手续费；服务费；办理某项服务或违规事项时需缴纳的费用","手续费；服务费；办理某项服务或违规事项时需缴纳的费用","已人工审校","中性 et gebyr–gebyret–gebyrer–gebyrene。是因服务、手续或违规而收取的具体费用，不等于税（skatt）或所有支出（utgift）。词典原例 kreve et gebyr 已按语义译为“收取一笔费用”。https://ordbokene.no/bm/gebyr","2026-09-25"
"动词|handle","handle","å handle","动词","A1","食物与购物","购物；买东西；经商；采取行动/行事；handle om 表示“内容是、谈的是”","购物；买东西；经商；采取行动/行事；handle om 表示“内容是、谈的是”","已人工审校","handle mat/handle hos ... 表示购物；handle raskt 是迅速采取行动；handle om + 主题表示作品讲述什么。不能一律译为“处理”。已加入原句 Har du handlet alt vi trenger? 与 boka handler om en spion，并按场景翻译。https://ordbokene.no/bm/handle","2026-09-25"
"名词|handlekurv","handlekurv","en handlekurv","名词","A1","食物与购物","购物篮；购物时用来装商品的篮子","购物篮；购物时用来装商品的篮子","已人工审校","阳性 en handlekurv–handlekurven–handlekurver–handlekurvene，也可用阴性 ei handlekurv–handlekurva。手提的篮子，与带轮子的 handlevogn（购物车）区分；场景句根据词典定义编写，标明不是原句。https://ordbokene.no/bm/handlekurv","2026-09-25"
"名词|handleliste","handleliste","ei handleliste","名词","A1","食物与购物","购物清单；准备购买的商品列表","购物清单；准备购买的商品列表","已人工审校","阳性或阴性：en handleliste–handlelisten–handlelister–handlelistene，也可用 ei handleliste–handlelista。是购物前提醒自己要买什么的清单，不是购物小票 kvittering。词典原例 skrive handleliste 已加入。https://ordbokene.no/bm/handleliste","2026-09-25"
"名词|handlevogn","handlevogn","ei handlevogn","名词","A1","食物与购物","购物车；超市里供顾客推着装商品的车","购物车；超市里供顾客推着装商品的车","已人工审校","可用阳性或阴性：en handlevogn–handlevognen–handlevogner–handlevognene，也可用 ei handlevogn–handlevogna。带轮推行的车，与手提 handlekurv 区分。词典例项 stå i kø bak folk med fulle handlevogner 已加入并按真实场景翻译。https://ordbokene.no/bm%2Cnn/handlevogn","2026-09-25"
"名词|kasse","kasse","ei kasse","名词","A1","食物与购物","箱子；收银台/结账处；收银机或账款；资金账户（依语境）","箱子；收银台/结账处；收银机或账款；资金账户（依语境）","已人工审校","en kasse–kassen–kasser–kassene，也可用 ei kasse–kassa。商店里的 sitte i kassa 是在收银岗工作，不是坐在箱子里；pakke bøker i kasser 才是把书装箱。词典两种用法的原例片段均已加入。https://ordbokene.no/nob/bm/kasse","2026-09-25"
"名词|kjøtt","kjøtt","et kjøtt","名词","A1","食物与购物","肉；肉类；动物或植物柔软的组织（依语境）","肉；肉类；动物或植物柔软的组织（依语境）","已人工审校","中性 et kjøtt–kjøttet–kjøtt–kjøtta/kjøttene。餐食语境泛指肉类时通常不可数：spise kjøtt；词典例句 vi spiser kjøtt to ganger i uka 自然译为“我们每周吃两次肉”。kjøttet 则指前文已知的肉；也可指鱼肉或果肉。https://ordbokene.no/bm/29827","2026-09-25"
"名词|klesbutikk","klesbutikk","en klesbutikk","名词","A1","食物与购物","服装店；卖衣服的商店","服装店；卖衣服的商店","已人工审校","阳性 en klesbutikk–klesbutikken–klesbutikker–klesbutikkene。指卖衣服的店，与 kleshandel（服装买卖/服装行业）区分。练习例句是依据词典释义编写的场景句，不冒称词典原句。https://ordbokene.no/nob/search?dict=bm%2Cnn&q=klesbutikk&scope=eif","2026-09-25"
"名词|kylling","kylling","en kylling","名词","A1","食物与购物","小鸡；鸡；鸡肉/鸡肉菜肴（依语境）","小鸡；鸡；鸡肉/鸡肉菜肴（依语境）","已人工审校","阳性 en kylling–kyllingen–kyllinger–kyllingene。农场和孵化语境指小鸡；菜单或 spise ... til middag 语境指鸡肉。也有口语贬义“年轻、没经验的小伙子”，此处先掌握动物与食物义。词典的两类原例已加入并区分翻译。https://ordbokene.no/bm/KYLLING","2026-09-25"
"名词|laks","laks","en laks","名词","A1","食物与购物","鲑鱼；三文鱼；鲑鱼肉/三文鱼菜肴（依语境）","鲑鱼；三文鱼；鲑鱼肉/三文鱼菜肴（依语境）","已人工审校","阳性 en laks–laksen–lakser–laksene。指一条条鱼时可数（tre lakser）；讲鱼肉、食材或菜单时常作不可数名词。词典例项 bakt laks med agurksalat 与 få tre lakser på kroken 已分别译为菜肴和三条鱼。https://ordbokene.no/bm/laks","2026-09-25"
"名词|melk","melk","melk","名词","A1","食物与购物","牛奶；乳汁；植物奶（如椰奶，依语境）","牛奶；乳汁；植物奶（如椰奶，依语境）","已人工审校","通常作不可数名词，指牛奶或其他乳汁；说一盒/一瓶时数的是容器：en kartong melk。drikke melk 是“喝牛奶”；melka har skilt seg 指牛奶分层/变质。https://ordbokene.no/bm%2Cnn/melk","2026-09-25"
"名词|ost","ost","en ost","名词","A1","食物与购物","奶酪；乳酪","奶酪；乳酪","已人工审校","阳性 en ost–osten–oster–ostene。作食物泛指时常不加冠词；按种类、块或具体奶酪计数时可数。另有同形名词 ost“东”，是独立词义，不属于这张食物词条。https://ordbokene.no/bm/ost","2026-09-25"
"名词|pakke","pakke","en pakke","名词","A1","食物与购物","包裹；包装/一包；一套组合（依语境）","包裹；包装/一包；一套组合（依语境）","已人工审校","阳性 en pakke–pakken–pakker–pakkene。可指邮寄包裹、一包商品，也可指成套方案；动词 å pakke 是“打包/收拾”，不要与名词混淆。https://ordbokene.no/bm/43889","2026-09-25"
"名词|penge","penge","en penge","名词","A1","食物与购物","钱；钱币；钱款（泛指金钱时通常用复数 penger）","钱；钱币；钱款（泛指金钱时通常用复数 penger）","已人工审校","单数 en penge–pengen 通常指一枚硬币/一张纸币；日常泛指“钱”更常用复数 penger，如 ha penger i lommeboka。记忆一般金钱义时优先记 penger，不要误以为词头 penge 在句中总是单数形式。https://ordbokene.no/nob/bm/penge","2026-09-25"
"名词|pose","pose","en pose","名词","A1","食物与购物","袋子；一袋的量；眼袋（依语境）","袋子；一袋的量；眼袋（依语境）","已人工审校","阳性 en pose–posen–poser–posene。可指装东西的袋子，也可作容器量词表达“一袋……”；under øynene 的 pose 则指眼袋。https://ordbokene.no/nob/bm/45690","2026-09-25"
"名词|pris","pris","en pris","名词","A1","食物与购物","价格；奖项/名次；赞誉（依搭配）","价格；奖项/名次；赞誉（依搭配）","已人工审校","阳性 en pris–prisen–priser–prisene。prisen på melk 是商品价格；ta første pris 是获得第一名/奖项；赞誉义见特定搭配。根据上下文判义，不要一律译成“价格”。https://ordbokene.no/bm/46236","2026-09-25"
"名词|pølse","pølse","ei pølse","名词","A1","食物与购物","香肠；热狗香肠；香肠状物（依语境）","香肠；热狗香肠；香肠状物（依语境）","已人工审校","阳性 en pølse–pølsa/pølsen–pølser–pølsene。常见食物义是香肠；pølse med brød 通常指夹面包吃的香肠/热狗，也可指细长的香肠状物体。https://ordbokene.no/nob/bm/p%C3%B8lse","2026-09-25"
"形容词|sulten","sulten","sulten","形容词","A1","食物与购物","饿的；渴望……的（比喻）","饿的；渴望……的（比喻）","已人工审校","形容词形式：sulten（阳/阴性）、sultent（中性）、sultne（复数/定指）。描述身体饥饿；sulten på mer 是“渴望更多/想更进一步”的比喻义，常形容仍有进取心。https://ordbokene.no/bm/SULTEN","2026-09-25"
"形容词|tørst","tørst","tørst","形容词","A1","食物与购物","口渴的；渴望……的（比喻）","口渴的；渴望……的（比喻）","已人工审校","形容词形式：tørst（阳/阴性）、tørst（中性）、tørste（复数/定指）。描述口渴；tørst på seier 是“渴望胜利”。另有名词 en tørst 和动词 å tørste，词性与句法不同。https://ordbokene.no/bm/t%C3%B8rste","2026-09-25"
"形容词|fersk","fersk","fersk","形容词","A1","食物与描述","新鲜的；刚发生/刚获得的；缺乏经验的（依语境）","新鲜的；刚发生/刚获得的；缺乏经验的（依语境）","已人工审校","形容词形式 fersk–ferskt–ferske。食物语境常指新鲜；ferske nyheter 是最新消息；fersk i faget 表示刚入行、经验尚浅。https://ordbokene.no/bm/fersk","2026-09-25"
"形容词|grov","grov","grov","形容词","A1","食物与描述","粗的；粗糙的；粗粒的；（面包/谷物）用粗磨或全谷物面粉制成的；粗俗/严重的（依语境）","粗的；粗糙的；粗粒的；（面包/谷物）用粗磨或全谷物面粉制成的；粗俗/严重的（依语境）","已人工审校","形容词变化 grov–grovt–grove。食物搭配 grovt brød 通常指全谷物/粗粮面包，并非“口感粗糙的面包”；grov løgn 是严重/粗俗的谎言，grov sand 是粗砂。https://ordbokene.no/nob/bm/grov","2026-09-25"
"形容词|kjempegod","kjempegod","kjempegod","形容词","A1","食物与描述","特别好的；特别美味的；棒极了（口语强化）","特别好的；特别美味的；棒极了（口语强化）","已人工审校","kjempe- 在此是口语强化成分，相当于“特别/非常”，不按字面理解为“巨人”。可评价食物、环境或人际关系；形式随性数变化：kjempegod mat、kjempegode venner、kjempegodt miljø，也可作副词 kjempegodt（特别好地/非常美味）。https://ordbokene.no/bm%2Cnn/kjempegod","2026-09-25"
"名词|saus","saus","en saus","名词","A1","食物与烹饪","酱汁；调味汁；肉汁；（比喻）混杂的一堆东西","酱汁；调味汁；肉汁；（比喻）混杂的一堆东西","已人工审校","阳性 en saus–sausen–sauser–sausene。日常多指配菜的液体调味汁，如 brun saus（棕色肉汁）、hvit saus（白酱）；比喻义表示不同因素杂糅在一起，通常由 saus av 引出。https://ordbokene.no/nob/bm/saus","2026-09-25"
"名词|grønnsak","grønnsak","en grønnsak","名词","A1","蔬菜与食物","蔬菜；供烹饪食用的植物或植物部分（不包括谷物）","蔬菜；供烹饪食用的植物或植物部分（不包括谷物）","已人工审校","阳性 en grønnsak–grønnsaken–grønnsaker–grønnsakene，也可用阴性 ei grønnsak。泛指蔬菜类别时常用复数 grønnsaker；指一种/一份蔬菜时用 en/ei grønnsak。https://ordbokene.no/bm%2Cnn/gr%C3%B8nnsak","2026-09-25"
"名词|gulrot","gulrot","ei gulrot","名词","A1","蔬菜与食物","胡萝卜；胡萝卜根；（比喻）诱因/奖励","胡萝卜；胡萝卜根；（比喻）诱因/奖励","已人工审校","阳性或阴性名词：en gulrot–gulroten–gulrøtter–gulrøttene，也可 ei gulrot–gulrota；不规则复数词干变为 gulrøtt-。日常食物义指橙黄色可食根部；比喻义是吸引人行动的奖励或诱因。https://ordbokene.no/bm/gulrot","2026-09-25"
"名词|paprika","paprika","en paprika","名词","A1","蔬菜与食物","甜椒/彩椒；红椒粉（调味料，依搭配）","甜椒/彩椒；红椒粉（调味料，依搭配）","已人工审校","阳性 en paprika–paprikaen–paprikaer–paprikaene。指完整植物或新鲜果实时是甜椒；在薯片或汤的口味搭配中，paprika 常指红椒粉调味。菜谱若需明确粉末，可用 paprikapulver。https://ordbokene.no/bm/paprika","2026-09-25"
"名词|potet","potet","en potet","名词","A1","蔬菜与食物","土豆；马铃薯；（固定表达中）难题或多面手（依搭配）","土豆；马铃薯；（固定表达中）难题或多面手（依搭配）","已人工审校","阳性 en potet–poteten–poteter–potetene；也可用阴性 ei potet–poteta。日常多指可食块茎；固定表达 en varm/het potet 是棘手、敏感的问题，være som poteten 是形容一个人什么都能做、适应性强。https://ordbokene.no/bm/potet","2026-09-25"
"限定词/副词|litt","litt","litt","限定词/副词","A1","数量与程度","一点；少量；稍微；一会儿（依句法）","一点；少量；稍微；一会儿（依句法）","已人工审校","作数量限定词时修饰不可数名词：litt mat/litt vann；作副词时表示程度或短时间：litt kort（稍短）、vent litt（等一会儿）。一般不说 litt epler 表示“几个苹果”，要按数量改用 noen/få。https://ordbokene.no/bm/litt","2026-09-25"
"限定词|mange","mange","mange","限定词","A1","数量与程度","许多；很多；（独立使用）许多人/很多个","许多；很多；（独立使用）许多人/很多个","已人工审校","mange 修饰可数名词复数：mange bøker/dager；可独立作代词，指“许多人/很多个”。固定表达 klokka er mange 表示“时间很晚”，不可按字面理解；不可数名词一般用 mye。https://ordbokene.no/bm/mange","2026-09-25"
"副词/限定词|mer","mer","mer","副词/限定词","A1","数量与程度","更多；再一些；更；（否定句中）不再/不……了","更多；再一些；更；（否定句中）不再/不……了","已人工审校","mer 是 mye 的比较级，可表示数量增加（mer kaffe=更多咖啡），也可修饰动词/形容词表示程度增加（trene mer=多锻炼；mer energisk=更有活力）；ikke … mer 表示不再。可数复数名词前通常用 flere。这个词条同时覆盖副词和数量限定用法。https://ordbokene.no/bm/mer","2026-09-26"
"形容词|hel","hel","hel","形容词","A1","数量与整体 / 描述物品与数量","完整的；整个的；全……的；整整（依结构）","完整的；整个的；全……的；整整（依结构）","已人工审校","形式随性数变化：hel（阳/阴性）、helt（中性）、hele（复数/定指）。可指物品没有破损、未拆分的整体，也可强调完整时段/数量（en hel time=整整一小时）；helt 还可作副词“完全”。https://ordbokene.no/bm/hel","2026-09-25"
"限定词/代词|all","all","all","限定词/代词","A1","数量与指代","所有的；全部的；整个；大家/一切（依性数和句法）","所有的；全部的；整个；大家/一切（依性数和句法）","已人工审校","与名词性数呼应：all（阳/阴性单数：all fritid）、alt（中性单数：alt vann；也可独立指“一切”）、alle（复数或指人：alle foreldrene / alle kom）。alle sammen 常指“所有人”；不能把 all/alt/alle 当成不同词头。https://ordbokene.no/nno/bm/all","2026-09-25"
"限定词/形容词|annen","annen","annen","限定词/形容词","A1","数量与指代","另一个；另外的；不同的；第二个（序数用法，依语境）","另一个；另外的；不同的；第二个（序数用法，依语境）","已人工审校","性数形式：annen（阳/阴性）、annet（中性）、andre（复数/定指），如 en annen dag（另一天）、et annet hus（另一栋房子）、andre mennesker（其他人）。annen 还可表示“不同的”；序数“第二”主要用 andre，如 for det andre。https://ordbokene.no/bm/ann%7Cannen","2026-09-25"
"限定词|noen","noen","noen","限定词","A1","数量与指代","一些；几个；某些；任何；有人/某人（依句法和语气）","一些；几个；某些；任何；有人/某人（依句法和语气）","已人工审校","修饰可数复数名词可译“一些/几个”；疑问句和否定句中常相当于“任何”；单独指人时可表示“有人/某些人”。阳性/阴性或复数用 noen，中性单数常用 noe：noen bøker、noe svar。https://ordbokene.no/nob/bm/noen","2026-09-25"
"限定词|atten","atten","atten","限定词","A1","数字与数量","十八；18","十八；18","已人工审校","基数词，不随名词性数变化：atten dager（十八天）、atten år（十八岁/年）。用于时刻时是24小时制的18:00，即下午六点；数字本身不是序数“第十八”。https://ordbokene.no/bm/atten","2026-09-25"
"缩写|ca.","ca.","ca.","缩写","A1","数字与数量","约；大约（cirka 的缩写）","约；大约（cirka 的缩写）","已人工审校","ca. 是 cirka 的书面缩写，意为“约/大约”，常放在估算数字或金额前，且保留句点：ca. 20 minutter（约20分钟）、ca. 100 kr（约100克朗）。说话时通常读作 cirka，而不是逐字母拼读。https://ordbokene.no/bm%2Cnn/ca.","2026-09-25"
"数词|én","én","én","数词","A1","数字与数量","一个；一位；正好一（重读时强调数量）","一个；一位；正好一（重读时强调数量）","已人工审校","én 是基数词1的重读写法，用来强调“一个/仅一个”；在名词前还需配合性别：én person（一个人）、éi bok（一本书）、ett eple（一个苹果）。不强调数量时常写普通冠词 en/ei/et；重音符号不是随意装饰。https://ordbokene.no/bm/%C3%A9n","2026-09-25"
"限定词|fem","fem","fem","限定词","A1","数字与数量","五；5；（学校评分）5分","五；5；（学校评分）5分","已人工审校","基数词5，不随名词性数变化；klokka fem 是“五点”，fem minutter 是“五分钟”。在挪威学校评分语境中，fem 还可指等级5；序数“第五”写 femte。https://ordbokene.no/bm/fem","2026-09-25"
"数词|fire","fire","fire","数词","A1","数字与数量","四；4；（评分语境）4分/等级4","四；4；（评分语境）4分/等级4","已人工审校","基数词4，通常不变形：fire år、fire stoler；序数“第四”是 fjerde，不是 fire。在挪威学校评分语境中，fire 也可指等级4。https://ordbokene.no/bm/fire","2026-09-25"
"限定词|fjorten","fjorten","fjorten","限定词","A1","数字与数量","十四；14","十四；14","已人工审校","基数词14，不随名词性数变化：fjorten dager（十四天）、fjorten år（十四岁/年）。用于时刻时 klokka fjorten 是14:00，即下午两点；“第十四”需用序数形式。https://ordbokene.no/bm%2Cnn/fjorten","2026-09-25"
"限定词|førti","førti","førti","限定词","A1","数字与数量","四十；40","四十；40","已人工审校","Bokmålsordboka 将其列为数量限定词，表示基数40；拼写是 førti，不是 fjorten（14）。用于年龄、金额、时长时形式不变，如 fylle førti år（满四十岁）。词典例句已按自然场景加入词库。https://ordbokene.no/bm/f%C3%B8rti","2026-09-25"
"数词|hundre","hundre","hundre","数词","A1","数字与数量","一百；百；（强调/概数）许多","一百；百；（强调/概数）许多","已人工审校","Bokmålsordboka 区分两种相关用法：作基数词表示100（to hundre år=两百年）；作名词 et hundre 表示一百的数量。hundre ganger 也可夸张地表示“很多次”。本卡重点教数字用法，不把名词词形误当成数量词变化。https://ordbokene.no/bm/hundre","2026-09-25"
"限定词|ni","ni","ni","限定词","A1","数字与数量","九；9","九；9","已人工审校","数量限定词，表示基数9，形式不随后面的名词变化：ni uker（九周）；klokka ni 是九点。固定表达 ha ni liv 指猫等生命力顽强，初级记忆先掌握数字本义。https://ordbokene.no/bm/ni","2026-09-25"
"形容词|niende","niende","niende","形容词","A1","数字与数量","第九；第九个/位/次","第九；第九个/位/次","已人工审校","序数词，表示顺序中的第九，词典将其归为形容词；用于名词前时按形容词规则搭配，如 den niende dagen。日期可说 den niende mai（5月9日）。与基数 ni“九”区分。词典说明 -ende 可构成部分基数词的序数词。https://ordbokene.no/bm/-ende","2026-09-25"
"限定词|seks","seks","seks","限定词","A1","数字与数量","六；6；（挪威中学阶段评分）最高等级6分","六；6；（挪威中学阶段评分）最高等级6分","已人工审校","数量限定词表示基数6，形式不变：seks år、seks meter；klokka seks 是六点。学校评分语境中 6 是中学/高中评分量表的最高分；不要误认为是全挪威所有教育阶段统一的评分标准。https://ordbokene.no/bm/seks","2026-09-25"
"动词|telle","telle","å telle","动词","A1","数字与数量","数；清点；按顺序报数；算数/有分量（依结构）","数；清点；按顺序报数；算数/有分量（依结构）","已人工审校","telle + 物品表示逐个计数或清点（telle koppene）；telle til tolv 是按顺序数到十二；telle med/ha betydning 表示“算数、重要”。词典例句 hun talte hvor mange kopper hun hadde 已加入词库并配自然译文。https://ordbokene.no/bm/60235","2026-09-25"
"限定词|ti","ti","ti","限定词","A1","数字与数量","十；10","十；10","已人工审校","数量限定词，表示基数10，形式不变：ti minutter（十分钟）；klokka ti 表示十点。序数“第十”是 tiende；旧式书面语中的 ti 还可能是连词/副词，但不是本数字卡的用法。https://ordbokene.no/bm/ti","2026-09-25"
"形容词|tiende","tiende","tiende","形容词","A1","数字与数量","第十；第十个/位/次；（日期）每月十日","第十；第十个/位/次；（日期）每月十日","已人工审校","序数词，表示顺序中的第十，词典将该用法列为形容词；den tiende dagen=第十天，den tiende hver måned=每月十日。注意同形的旧名词 tiende 是历史上的什一税，本卡不教该名词义；基数“十”是 ti。https://ordbokene.no/search?dict=bm%2Cnn&q=tiende%7Ctiend&scope=eif","2026-09-25"
"限定词|to","to","to","限定词","A1","数字与数量","二；两个；2；（挪威学校评分）2分","二；两个；2；（挪威学校评分）2分","已人工审校","数量限定词，表示基数2，形式不随名词变化：to barn、to dager；klokka to 是两点。词典也收录学校评分2和少量习语，如 på en, to, tre（转眼间/很快）；不要把这些语境义混成基数本义。https://ordbokene.no/bm/to","2026-09-25"
"限定词|tre","tre","tre","限定词","A1","数字与数量","三；三个；3；（挪威学校评分）3分","三；三个；3；（挪威学校评分）3分","已人工审校","数量限定词，表示基数3，形式不随名词变化：tre uker、tre meter。也可表示学校评分3。注意同形 et tre 是“树”，动词 tre 可表示“迈入/进入”，都是不同词性词条，不属于数字义。https://ordbokene.no/bm/tre","2026-09-25"
"限定词|trettiåtte","trettiåtte","trettiåtte","限定词","A1","数字与数量","三十八；38","三十八；38","已人工审校","由 tretti（30）和 åtte（8）组成的基数数量限定词；形式不变：trettiåtte elever（三十八名学生）。Bokmålsordboka 将构成部分 tretti 和 åtte 都列为 determinativ kvantor。https://ordbokene.no/bm/tretti https://ordbokene.no/bm/%C3%A5tte","2026-09-25"
"名词|tusen","tusen","et tusen","名词","A1","数字与数量","一千这个数量；数千（复数或约数语境）","一千这个数量；数千（复数或约数语境）","已人工审校","此词条是中性名词 et tusen（一个千这个数量），词形为 et tusen–tusenet–tusen/tusener–tusena/tusenene。Bokmålsordboka 另列同形数量限定词 tusen（tusen kroner），不要把限定词义并入名词词性。https://ordbokene.no/bm/62971 https://ordbokene.no/bm/tusen","2026-09-25"
"限定词|åtte","åtte","åtte","限定词","A1","数字与数量","八；8","八；8","已人工审校","Bokmålsordboka 将 åtte 列为数量限定词，表示基数8，修饰名词时不变：åtte dager。om åtte dager 是“八天后”，for åtte dager siden 是“八天前”；序数“第八”是 åttende。https://ordbokene.no/bm/%C3%A5tte","2026-09-25"
"名词|fruktdisk","fruktdisk","en fruktdisk","名词","A1","水果与购物","水果柜台；商店里摆放、售卖水果的区域","水果柜台；商店里摆放、售卖水果的区域","已人工审校","frukt + disk 构成的透明复合名词，词义是水果陈列/售卖柜台。Bokmålsordboka 收录 disk（商店柜台）并举 frysedisk、kjøledisk 等复合词，但未检索到 fruktdisk 独立词头；故释义据构词法和实际零售语境说明，不冒充词典定义。https://ordbokene.no/bm/disk https://ordbokene.no/bm/18230","2026-09-25"
"名词|appelsin","appelsin","en appelsin","名词","A1","水果与食物","橙子；橙（水果）","橙子；橙（水果）","已人工审校","Bokmålsordboka 定义为橙树结的橙色果皮水果，没有把甜度规定为定义条件，因此主释义不写“甜橙”。标准阳性词形为 appelsin–appelsinen–appelsiner–appelsinene。https://ordbokene.no/bm/2394","2026-09-25"
"名词|frukt","frukt","en frukt","名词","A1","水果与食物","水果；（植物学）果实；（比喻）成果、收获","水果；（植物学）果实；（比喻）成果、收获","已人工审校","区分日常可食用的水果、植物学上含种子的果实，以及 fruktene av arbeidet（劳动成果）的比喻义。泛指水果常不加冠词：kjøpe frukt。https://ordbokene.no/bm/18230","2026-09-25"
"名词|pære","pære","ei/en pære","名词","A1","水果与食物","梨；灯泡（按语境）","梨；灯泡（按语境）","已人工审校","Bokmålsordboka 将水果梨和梨形电灯泡列在同一词头下；可用阴性 ei pære–pæra 或阳性 en pære–pæren，复数 pærer–pærene。skifte pære i lampa 是“更换灯泡”。https://ordbokene.no/bm/47020","2026-09-25"
"名词|lommebok","lommebok","ei/en lommebok","名词","A1","随身物品","钱包；（比喻）个人/家庭的钱财与经济承受力","钱包；（比喻）个人/家庭的钱财与经济承受力","已人工审校","实义为口袋大小、用于装钱和卡片的钱夹；转义可指经济状况/个人财力，如 prisoppgangen påvirker folks lommebok（物价上涨让人们的钱包更吃紧）。阴性 lommeboka 和阳性 lommeboken 均规范，复数为 lommebøker。https://ordbokene.no/bm/lommebok","2026-09-25"
"限定词|din","din","din","限定词","A1","所有关系与指代","你的（所有者为单数“你”；形式随被拥有名词性数变化）","你的（所有者为单数“你”；形式随被拥有名词性数变化）","已人工审校","din 指一个听话者“你”的所有物；din/di/ditt/dine 按被拥有名词的性数变化，而非按所有者性别变化。可置于名词前或定指名词后；标准 Bokmål 中“你们的”用 deres，不用 din。https://ordbokene.no/bm/10171","2026-09-25"
"限定词|hans","hans","hans","限定词","A1","所有关系与指代","他的；属于他的","他的；属于他的","已人工审校","hans 形式不随被拥有名词的性数变化，可放在名词前（hans bil）或后（bilen hans）。若所有者是句子主语，通常用 sin/si/sitt/sine；hans 通常指另一个男性。https://ordbokene.no/bm/HANS","2026-09-25"
"名词|kakestykke","kakestykke","et kakestykke","名词","A1","甜点与用餐","一块蛋糕；一份切下来的蛋糕","一块蛋糕；一份切下来的蛋糕","已人工审校","由 kake（蛋糕）+ stykke（块/片）组成。et kakestykke 和 et stykke kake 都指一块蛋糕；整只蛋糕通常说 en/ei kake。词典搭配 forsyne seg med et kakestykke 可自然译作“给自己拿一块蛋糕”。https://ordbokene.no/bm%2Cnn/kakestykke","2026-09-25"
"名词|lag","lag","et lag","名词","A1","团队与社交","队/团队；层；群体、阶层；聚会或社交场合（依搭配）","队/团队；层；群体、阶层；聚会或社交场合（依搭配）","已人工审校","et fotballag=一支球队；et lag maling=一层油漆；samfunnslag=社会阶层；i lystig lag=在愉快的聚会/伙伴中。不定复数 lag 与单数同形。https://ordbokene.no/bm/lag","2026-09-25"
"介词|mot","mot","mot","介词","A1","位置与关系","朝向；靠着/碰到；反对；针对；临近（依语境）","朝向；靠着/碰到；反对；针对；临近（依语境）","已人工审校","mot 标记多种关系：gå mot sentrum（朝市中心走）、lene seg mot veggen（靠着墙）、være mot et forslag（反对提案）、middel mot rust（防锈剂）、mot slutten（临近结束）。https://ordbokene.no/bm/mot","2026-09-25"
"名词|nærhet","nærhet","ei/en nærhet","名词","A1","位置与关系","附近；亲近、亲密；接近（依语境）","附近；亲近、亲密；接近（依语境）","已人工审校","阴性 ei nærhet–nærheta，也可用阳性 en nærhet–nærheten。地点义常出现在固定表达 i nærheten (av …)；关系语境中的 nærhet 是抽象的亲近/亲密。https://ordbokene.no/bm/n%C3%A6rhet","2026-09-25"
"副词|ute","ute","ute","副词","A1","位置与日常活动","在外面/户外；外出、不在家；结束或过期（依语境）","在外面/户外；外出、不在家；结束或过期（依语境）","已人工审校","地点义见 barna leker ute；fristen er ute 表示期限已过。være ute 是状态，gå ut 表示向外移动；别把 ute 所有用法都硬译成“户外”。https://ordbokene.no/bm/ute","2026-09-25"
"副词|borte","borte","borte","副词","A1","位置与指示","在远处；不在场；不见了/消失了","在远处；不在场；不见了/消失了","已人工审校","描述位置或状态：være borte=不在/在别处，bli borte=消失、找不到。与表示离开方向的 bort 区分：gå bort=走开，være borte=人已不在这里。https://ordbokene.no/bm/borte","2026-09-25"
"代词|den","den","den","代词","A1","位置与指示","他；她；它；那一个（指代阳性或阴性名词）","他；她；它；那一个（指代阳性或阴性名词）","已人工审校","单独使用的代词 den 回指前文阳性或阴性名词；中文须按先行词翻译，如 bilen … den=这辆车……它。名词短语前的 den 是限定词，另列一条，避免把词性和中文义混为一谈。https://ordbokene.no/bm/den","2026-09-25"
"限定词|den","den","den","限定词","A1","位置与指示","那个；这/那（阳性或阴性名词）；形容词前定指标记","那个；这/那（阳性或阴性名词）；形容词前定指标记","已人工审校","den 作指示限定词可表示“那个”，也用于 den nye bilen 这类“限定词+形容词+定指名词”的结构。den er ny 中单独回指名词的用法则属于代词，另列一条。https://ordbokene.no/bm/den","2026-09-25"
"副词|der","der","der","副词","A1","位置与指示","那里；在那一点/那时；（存在句）有；……的地方（关系副词）","那里；在那一点/那时；（存在句）有；……的地方（关系副词）","已人工审校","具体功能看句型：stå der=站在那里；der var mange folk=有很多人；huset der vi bor=我们住的那栋房子/我们住的地方。存在句中的 der 是引出存在信息的形式成分，不要和 det er（是/有/天气句）机械互换。https://ordbokene.no/bm/der","2026-09-25"
"代词|det","det","det","代词","A1","位置与指示","它；这件事；（形式主语）句法占位形式","它；这件事；（形式主语）句法占位形式","已人工审校","det 可回指中性名词，也常作形式主语：Det regner=下雨了，中文不必译出 det。det store huset 中名词短语前的限定词用法另列一条。https://ordbokene.no/bm/det","2026-09-25"
"限定词|det","det","det","限定词","A1","位置与指示","那个；这/那（中性名词）；形容词前定指标记","那个；这/那（中性名词）；形容词前定指标记","已人工审校","det 作指示限定词可表示“那栋房子”，也用于 det store huset 这类“限定词+形容词+定指中性名词”结构。Det regner 中的形式主语用法属于代词，另列一条。https://ordbokene.no/bm/det","2026-09-25"
"介词|etter","etter","etter","介词","A1","位置与指示","在……之后；跟在……后面；根据/按照；寻找或询问（固定搭配）","在……之后；跟在……后面；根据/按照；寻找或询问（固定搭配）","已人工审校","意思由补语和搭配决定：etter middag（晚饭后）、gå etter noen（跟在某人后面）、etter planen（按计划）、spørre etter legen（打听医生在哪儿）。etter at 引导从句时是连词，不属于本介词卡。https://ordbokene.no/bm/etter","2026-09-25"
"介词|foran","foran","foran","介词","A1","位置与指示","在……前面；排在……前；面临；（时间上）未来还有……","在……前面；排在……前；面临；（时间上）未来还有……","已人工审校","空间位置 foran huset；抽象 stå foran et valg=面临选择；ha livet foran seg=未来还有人生；排名上 Danmark vant foran Norge=丹麦获胜，挪威排第二。一般表示事件在……之前用 før。https://ordbokene.no/nob/bm%2Cnn/foran","2026-09-25"
"介词|forbi","forbi","forbi","介词","A1","位置与指示","从……旁边经过；走过/开过；（时间、事情）过去、结束","从……旁边经过；走过/开过；（时间、事情）过去、结束","已人工审校","gå forbi huset=从房子旁边走过；tiden er forbi=时间已过。snakke forbi hverandre 是“彼此没听懂/话没说到一块儿”，不可照字面翻译。https://ordbokene.no/bm/forbi","2026-09-25"
"介词|gjennom","gjennom","gjennom","介词","A1","位置与指示","穿过；从头到尾；经历；通过/借助（渠道）","穿过；从头到尾；经历；通过/借助（渠道）","已人工审校","走过空间、覆盖整个时段、经历过程或经由某渠道都可用 gjennom：gå gjennom rommet、gjennom hele året、komme gjennom en tung periode、få vite det gjennom andre。阅读文件时 gå gjennom 文档通常是“逐项审阅”。https://ordbokene.no/bm/gjennom","2026-09-25"
"副词|her","her","her","副词","A1","位置与指示","这里；在这里；此处；（时间/语境中）这时、这里","这里；在这里；此处；（时间/语境中）这时、这里","已人工审校","主要指说话人所在地点，与 der（那里）相对。也可指当前领域，或用于 her og nå（此时此刻）、her en dag（有一天）等时间表达。https://ordbokene.no/bm/her","2026-09-25"
"介词|i","i","i","介词","A1","位置与指示","在……里/中；进入……；在……期间；处于……状态/领域（依搭配）","在……里/中；进入……；在……期间；处于……状态/领域（依搭配）","已人工审校","i 的用法很广，应与搭配一起学：i huset（在屋里）、gå i kirken（去/进教堂）、i morgen（明天）、i en time（一小时）、glad i mat（喜欢吃东西）、professor i historie（历史学教授）。不要一律直译成“在……里面”。https://ordbokene.no/bm/25544","2026-09-25"
"副词|inne","inne","inne","副词","A1","位置与指示","在里面/室内；临近目标；（时间）到了；熟悉；流行（依语境）","在里面/室内；临近目标；（时间）到了；熟悉；流行（依语境）","已人工审校","先记静态地点义，与表示进入动作的 inn 区分。tiden er inne=时机到了；være inne i saken=熟悉此事；gjenbruk er inne=重复利用正流行。https://ordbokene.no/bm/inne https://ordbokene.no/bm/INN","2026-09-25"
"介词|mellom","mellom","mellom","介词","A1","位置与指示","在……之间；介于……范围；（关系）双方/彼此之间；在……当中","在……之间；介于……范围；（关系）双方/彼此之间；在……当中","已人工审校","除空间位置外，也用于时间或数值区间，以及双方关系：mellom jul og nyttår、mellom tre og elleve år、dette får bli mellom oss。mellom linjene 在固定表达 lese mellom linjene 中指“字里行间”。https://ordbokene.no/nob/bm%2Cnn/mellom","2026-09-25"
"形容词|nær","nær","nær","形容词","A1","位置与指示","近的；亲近的；密切的（依语境）","近的；亲近的；密切的（依语境）","已人工审校","nær sentrum 描写距离近；et nært forhold 表示关系亲密；i nær framtid 表示不久的将来。比较级近/更近常见 nærmere，也有 nærere；最高级 nærmest/nærest，定指形式 nærmeste/næreste。https://ordbokene.no/bm/41476","2026-09-25"
"副词|opp","opp","opp","副词","A1","位置与指示","向上；起身；出现/找到；增加；打开或完成（依搭配）","向上；起身；出现/找到；增加；打开或完成（依搭配）","已人工审校","常作为动词小品词，含义随动词组合变化：stå opp（起床）、dukke opp（出现）、gå opp（上涨）、låse opp（解锁）、spise opp（吃完）。静态“在楼上”常说 oppe。https://ordbokene.no/bm/opp","2026-09-25"
"介词|over","over","over","介词","A1","位置与指示","在……上方/覆盖着；到另一边/越过；超过；结束；关于（依语境）","在……上方/覆盖着；到另一边/越过；超过；结束；关于（依语境）","已人工审校","lampa over bordet（桌上方）、gå over gata（过马路）、over hundre（超过一百）、forestillingen er over（演出结束）、tenke over noe（考虑某事）。根据后项或动词判断是位置、跨越、数量、结束还是思考对象。https://ordbokene.no/bm/over","2026-09-25"
"介词|rundt","rundt","rundt","介词","A1","位置与指示","围着/绕着；到处；（时间、数量）大约；整段期间（依语境）","围着/绕着；到处；（时间、数量）大约；整段期间（依语境）","已人工审校","围着中心：løpe rundt huset；四处活动：reise landet rundt；数字前约数：rundt 100 kroner；døgnet rundt=全天候。Bokmålsordboka 也将其列作可用副词，结合句法区分。https://ordbokene.no/bm/rundt","2026-09-25"
"副词|ut","ut","ut","副词","A1","位置与指示","向外/出去；向外延伸；耗尽、结束或公开（依动词搭配）","向外/出去；向外延伸；耗尽、结束或公开（依动词搭配）","已人工审校","ut 常和动词组成小品词结构：gå ut（出去）、ta noe ut（拿出）、fylle ut et skjema（填写表格）、gi ut ei bok（出版）。表达人在外面的静态位置用 ute。https://ordbokene.no/nob/bm/ut","2026-09-25"
"介词|utenfor","utenfor","utenfor","介词","A1","位置与指示","在……外面/范围之外；不属于、不参与（依语境）","在……外面/范围之外；不属于、不参与（依语境）","已人工审校","既可指建筑/区域外，也可指不在某范围或群体内：utenfor kommunen、stå utenfor NATO。感觉被排斥用 føle seg utenfor；være helt utenfor（状态不好）是固定整体表达，不等于介词独立义。https://ordbokene.no/bm/utenfor","2026-09-25"
"介词|ved","ved","ved","介词","A1","位置与指示","在……旁边/附近；在……机构或活动中；借助；（时间）在……时（依搭配）","在……旁边/附近；在……机构或活动中；借助；（时间）在……时（依搭配）","已人工审校","sitte ved bordet（坐在桌边）、studere ved universitetet（在大学就读）、ved femtiden（五点左右）、ved hjelp av（借助）、ved å sykle（通过骑车）。另有同形名词 ved“柴火”，此条只审介词。https://ordbokene.no/nob/bm/VED","2026-09-25"
"介词|på","på","på","介词","A1","位置与指示 / 未来计划与目标","在……上/处；去/在某些场所；关于、针对；借助/乘坐（依搭配）","在……上/处；去/在某些场所；关于、针对；借助/乘坐（依搭配）","已人工审校","学习固定搭配：på bordet、på jobb/skole、på kino、på bussen、snakke på norsk、vente på noen。不同场合选 på 或 i 不能按中文“在”机械替换，需连同名词、活动和动词一起记。https://ordbokene.no/bm/p%C3%A5","2026-09-25"
"名词|museum","museum","et museum","名词","A1","文化与地点","博物馆；收藏、保存并展出艺术或自然科学/历史文化藏品的机构或建筑","博物馆；收藏、保存并展出艺术或自然科学/历史文化藏品的机构或建筑","已人工审校","中性名词 et museum–museet–museer–museene。词典定义重点是收藏与展出具有艺术、自然科学或文化历史价值的物品；不等同于一次临时展览。https://ordbokene.no/bm/museum","2026-09-25"
"形容词|kjær","kjær","kjær","形容词","A1","问候与关系","珍爱的；深爱的；亲爱的（依句法和语气）","珍爱的；深爱的；亲爱的（依句法和语气）","已人工审校","kjær gjest=珍爱的/亲爱的客人；et kjært minne=珍贵的回忆；Kjære + 人名用于信件称呼；ha noen kjær 表示深爱、珍惜某人；kjær i noen 表示爱上某人。形态 kjær–kjært–kjære，比较级/最高级 kjærere–kjærest/kjæreste。https://ordbokene.no/bm/29672","2026-09-25"
"形容词/感叹词|velkommen","velkommen","velkommen","形容词/感叹词","A1","问候与社交","受欢迎的；欢迎！（迎接某人时）；令人乐见的（依语境）","受欢迎的；欢迎！（迎接某人时）；令人乐见的（依语境）","已人工审校","Velkommen hit!/tilbake! 是欢迎语；føle seg velkommen 表示感到受欢迎；en velkommen fridag 指令人高兴、盼望已久的休息日。形容词形式按性数变化为 velkommen–velkomment–velkomne。https://ordbokene.no/nob/bm/velkommen","2026-09-25"
"动词|greie","greie","å greie","动词","A1","问题与日常动作","设法做到；能够应付；处理/解决；（greie på）弄清、获知","设法做到；能够应付；处理/解决；（greie på）弄清、获知","已人工审校","结构决定义项：greie å gjøre noe（设法做到）、greie seg（应付）、greie opp i（处理/解决）、greie ut（说明/阐明）、få greie på（获知/弄清）。不要把获知义当成单独动词 greie 的通用意思。https://ordbokene.no/nob/bm/greie","2026-09-25"
"名词|pute","pute","ei pute","名词","A1","卧室与床上用品","枕头；靠垫；（缓冲/填充用）垫子","枕头；靠垫；（缓冲/填充用）垫子","已人工审校","阴性 ei pute–puta，也可用阳性 en pute–puten，复数 puter–putene。可指床上枕头、沙发靠垫，以及 kollisjonspute（安全气囊）等缓冲垫。https://ordbokene.no/nob/bm/Pute","2026-09-25"
"副词|aldri","aldri","aldri","副词","A1","习惯与频率","从不；从来没有；绝不（依句意）","从不；从来没有；绝不（依句意）","已人工审校","aldri 的核心是“在任何时候都没有/不”，普通句中本身已表达否定：Jeg har aldri vært der（我从来没去过那里）；aldri i livet! 是“绝不/想都别想”。https://ordbokene.no/bm/aldri","2026-09-25"
"副词|allerede","allerede","allerede","副词","A1","习惯与频率","已经；早已；竟然已经/这么早就（依语气）","已经；早已；竟然已经/这么早就（依语气）","已人工审校","表示截至参照时间已发生/成立；疑问句中可表达意外。词典还收录 allerede dette（仅凭这一点/光是这一点）的强调用法。与 ennå（还、仍未）对照学习。https://ordbokene.no/bm/allerede","2026-09-25"
"副词|alltid","alltid","alltid","副词","A1","习惯与频率","总是；一直；始终（依语境）","总是；一直；始终（依语境）","已人工审校","表示反复发生或一直持续：alltid hjemme（总有人在家）、alltid være tidlig ute（总是提早准备）；for alltid 表示“永远”。个别惯用句里也可有“总会有办法”一类语气。https://ordbokene.no/bm/ALLTID","2026-09-25"
"副词|ennå","ennå","ennå","副词","A1","习惯与频率","还；仍然；尚未；（比较时）还要、更（依句型）","还；仍然；尚未；（比较时）还要、更（依句型）","已人工审校","表示状态截至某时仍持续；ennå ikke 表示“还没有”；比较结构 ennå bedre 是“还要好”。词典核心义是“在那时仍然”，与 enda 的可互换范围须看具体结构。https://ordbokene.no/nob/bm/enn%C3%A5","2026-09-25"
"副词|etterpå","etterpå","etterpå","副词","A1","习惯与频率","之后；随后；过后（具体间隔看语境）","之后；随后；过后（具体间隔看语境）","已人工审校","副词，回指前面谈到的事情之后；并不保证马上发生。后接名词表示“……之后”要用 etter + 名词（etter middag），不能将 etterpå 当介词。https://ordbokene.no/nno/search?dict=bm%2Cnn&q=etterp%C3%A5&scope=eif","2026-09-25"
"限定词|hver","hver","hver","限定词","A1","习惯与频率","每个；每一；各自的（强调逐个分配；依名词性别和语境）","每个；每一；各自的（强调逐个分配；依名词性别和语境）","已人工审校","hver/hvert 修饰单数名词，既可表达重复频率（hver dag=每天），也可强调“每人/每个各自有一份”（hvert sitt puslespill=每人各一份拼图）。阳性/阴性用 hver，中性用 hvert；“全部/所有人”通常用 alle。https://ordbokene.no/bm/hver","2026-09-25"
"副词|igjen","igjen","igjen","副词","A1","习惯与频率","又；再一次；回来/回到原处；还剩；留在原处（依搭配）","又；再一次；回来/回到原处；还剩；留在原处（依搭配）","已人工审校","搭配决定具体意思：gjøre noe igjen=再做一次；komme hjem igjen=回到家；legge noe igjen hjemme=把东西落在家里；det er én igjen=还剩一个；lukke igjen døra=把门关上。https://ordbokene.no/bm/igjen","2026-09-25"
"形容词|sist","sist","sist","形容词","A1","习惯与频率","最后的；最近一次的；上一个/上周的（sist uke 等固定时间搭配）","最后的；最近一次的；上一个/上周的（sist uke 等固定时间搭配）","已人工审校","形容词义包括“排在最后”和“紧邻现在之前的/上一个”：sist uke=上周；名词前常见 siste（den siste dagen=最后一天）。不要把 sist uke 生硬翻译为“最后一周”。https://ordbokene.no/bm/sist","2026-09-25"
"副词|sist","sist","sist","副词","A1","习惯与频率","上次；最后；最近一次（依上下文）","上次；最后；最近一次（依上下文）","已人工审校","独立作副词时表示事件发生在上一次，或在顺序中排在最后：komme sist av alle=最后一个到；Det lovet jeg sist=那件事我上次答应过。与形容词搭配 sist uke（上周）分开记。https://ordbokene.no/bm/sist","2026-09-25"
"副词/形容词|tidlig","tidlig","tidlig","副词/形容词","A1","习惯与频率","早；较早的；早期的（依修饰对象）","早；较早的；早期的（依修饰对象）","已人工审校","作副词：stå opp tidlig（早起）；作形容词：en tidlig morgen（很早的早晨）、en tidlig utgave（较早的版本）。tidligere 可表示“更早地/更早的”，也可表示“以前的/前任的”（tidligere kollega）；tidligst 常表示“最早/最早也要到”。https://ordbokene.no/bm/tidlig","2026-09-25"
"副词|vanligvis","vanligvis","vanligvis","副词","A1","习惯与频率","通常；一般情况下；平时","通常；一般情况下；平时","已人工审校","说明通常/大多数情况下的习惯，不保证每一次都如此。主句可放句首或变位动词后；若放句首，变位动词仍在第二位。与 ofte“经常”相比，vanligvis 更像交代常态。https://ordbokene.no/bm/vanligvis","2026-09-25"
"副词|ofte","ofte","ofte","副词","A1","习惯与频率 / 未来计划与目标","经常；常常；频繁地（强调事情发生次数多）","经常；常常；频繁地（强调事情发生次数多）","已人工审校","ofte 强调事情发生次数多；比较级 oftere=更经常，最高级 oftest=最常。主句里常在变位动词后，也可在句首强调；不应误说成唯一固定位置。与 vanligvis“通常、按一般情况”区分。https://ordbokene.no/bm/ofte","2026-09-25"
"名词|august","august","august","名词","A1","星期与安排","八月；一年中的第八个月","八月；一年中的第八个月","已人工审校","月份名通常小写：i august（在八月）、i august måned（在八月份）。日期可说 16. august；第一天可说 den første august / 1. august。https://ordbokene.no/bm/august","2026-09-25"
"名词|helg","helg","ei helg","名词","A1","星期与安排","周末；周末休息时段","周末；周末休息时段","已人工审校","Bokmål 中可用阴性 ei helg–helga，也可用阳性 en helg–helgen；两套单数形式都规范。通常指周五下午至周一早晨前后的周末时段。i helga 常指这个周末；i helgene 指每逢周末。https://ordbokene.no/bm/helg","2026-09-25"
"名词|mandag","mandag","en mandag","名词","A1","星期与安排","星期一；某个星期一","星期一；某个星期一","已人工审校","星期名在挪威语中小写。på mandag 常指本周/语境中约定的星期一；på mandager（复数）表示每周一。具体日期里可直接写 mandag 4. august。https://ordbokene.no/bm/mandag","2026-09-25"
"名词|onsdag","onsdag","en onsdag","名词","A1","星期与安排","星期三；某个星期三","星期三；某个星期三","已人工审校","星期名在挪威语中小写。på onsdag 常指本周/语境中约定的星期三；på onsdager（复数）表示每周三。具体日期可直接写 onsdag 4. august。https://ordbokene.no/bm/onsdag","2026-09-25"
"名词|tirsdag","tirsdag","en tirsdag","名词","A1","星期与安排","星期二；某个星期二","星期二；某个星期二","已人工审校","星期名在挪威语中小写。på tirsdag 常指本周/语境中约定的星期二；på tirsdager（复数）表示每周二。也可直接说 tirsdag morgen（星期二早上）。https://ordbokene.no/bm/tirsdag","2026-09-25"
"动词|spille","spille","å spille","动词","A1","休闲与兴趣","参加/进行（游戏或球类运动）；演奏、播放；扮演（角色）；赌博/下注；（事情）起作用、产生影响（依搭配）","参加/进行（游戏或球类运动）；演奏、播放；扮演（角色）；赌博/下注；（事情）起作用、产生影响（依搭配）","已人工审校","球类/游戏：spille fotball、spille bridge；乐器可说 spille piano 或 spille på fiolin，不能说成乐器前一律必须用定指形式。spille en rolle 可指扮演角色或发挥作用；spille på travbanen 是下注。另有同形动词 spille melk（把牛奶洒出来），应看宾语和句意。https://ordbokene.no/bm/56061","2026-09-25"
"动词|tegne","tegne","å tegne","动词","A1","休闲与兴趣","画；绘制；记下/写下；签署、登记或认购；投保（依搭配）","画；绘制；记下/写下；签署、登记或认购；投保（依搭配）","已人工审校","tegne et hus=画房子；tegne ned noen ord=把词记下来；tegne seg på talerlista=在名单登记；tegne forsikring=投保。过去时和完成分词都可用 tegnet 或 tegna。https://ordbokene.no/nob/bm/60044","2026-09-25"
"名词|antropologi","antropologi","en antropologi","名词","A1","学习领域与专业","人类学；研究人类作为物种及社会性存在的学科","人类学；研究人类作为物种及社会性存在的学科","已人工审校","阳性名词：en antropologi–antropologien。介绍专业时通常不加冠词：studere antropologi。NAOB 定义为研究人类作为物种和社会性存在的学问；词形复数存在，但学科泛指时通常不用复数。https://naob.no/ordbok/antropologi","2026-09-25"
"名词|arkitektur","arkitektur","en arkitektur","名词","A1","学习领域与专业","建筑学；建筑的设计/风格；构造、整体结构（依语境）","建筑学；建筑的设计/风格；构造、整体结构（依语境）","已人工审校","阳性名词 en arkitektur–arkitekturen。指建筑规划和艺术设计学科、建筑物风格，也可比喻系统的整体构造；cellenes arkitektur 是“细胞的整体构造”。学科义一般用单数。https://ordbokene.no/bm/2670","2026-09-25"
"名词|notatbok","notatbok","ei/en notatbok","名词","A1","学习用品","笔记本；记事本","笔记本；记事本","已人工审校","透明复合词 notat（笔记）+ bok（本）。阴性 ei notatbok–notatboka 或阳性 en notatbok–notatboken；复数为 notatbøker–notatbøkene。词条来自 NoW 课程词表；分别标注词源结构和规范变化，不虚称独立词典定义。","2026-09-25"
"名词|penn","penn","en penn","名词","A1","学习用品","用墨水书写的笔；钢笔、圆珠笔等（具体种类看搭配）","用墨水书写的笔；钢笔、圆珠笔等（具体种类看搭配）","已人工审校","词典核心义是用墨水的书写工具；铅笔是 blyant。具体笔种可说 kulepenn（圆珠笔）、fyllepenn（钢笔）。penn 也可比喻文风，或转指记者/作者。https://ordbokene.no/bm/penn","2026-09-25"
"名词|ordbok","ordbok","ei/en ordbok","名词","A1","学习用品与工具","词典；字典（按字母收录词语并提供释义等信息）","词典；字典（按字母收录词语并提供释义等信息）","已人工审校","既可查同语释义，也可查双语对应词，常附发音、词形、词源和用法；与只列词目/对应词的 ordliste（词表）有别。阴性 ei ordbok–ordboka 或阳性 en ordbok–ordboken；复数词干为 ordbøker。https://ordbokene.no/bm/ordbok","2026-09-25"
"名词|ungdomsskole","ungdomsskole","en ungdomsskole","名词","A1","学校与学习","初中阶段（挪威基础教育第8—10年级）；初中学校建筑","初中阶段（挪威基础教育第8—10年级）；初中学校建筑","已人工审校","在挪威主要指 grunnskole 中的 ungdomstrinn（第8至第10年级），也可指校舍。中文“初中”只是最接近的理解，需记住挪威学制范围；与 barneskole（小学阶段）、videregående skole（高中阶段）区分。https://ordbokene.no/bm/64505","2026-09-25"
"名词|skole","skole","en skole","名词","A1","学校与学习 / 学习与工作","学校；上学/学校教育；学校里的师生群体；（学术、艺术）流派（依语境）","学校；上学/学校教育；学校里的师生群体；（学术、艺术）流派（依语境）","已人工审校","可指教育机构/校舍、全体师生或学术艺术流派。gå på skole 泛指上学/接受教育；gå på skolen 常指去那所学校或在那里上学；hele skolen hadde fri 中 skole 指全校师生。https://ordbokene.no/bm/skole","2026-09-25"
"名词|kantine","kantine","ei/en kantine","名词","A1","学校与用餐","学校、单位等机构内供员工/学生自助用餐的食堂","学校、单位等机构内供员工/学生自助用餐的食堂","已人工审校","专指学校、企业等机构内部的自助食堂，不泛指所有餐馆。阴性 ei kantine–kantina 或阳性 en kantine–kantinen；复数 kantiner–kantinene。https://ordbokene.no/bm/kantine","2026-09-25"
"名词|farge","farge","en farge","名词","A1","颜色与描述","颜色；色彩；染料/颜料；（纸牌）花色；风格、立场或特征（依搭配）","颜色；色彩；染料/颜料；（纸牌）花色；风格、立场或特征（依搭配）","已人工审校","阳性名词。最常见是视觉颜色：skifte farge（变色）；也可指着色剂、纸牌花色，或比喻某种政治/文化色彩。å farge 是另一个同形动词，意为染色/使……呈现某种特征。https://ordbokene.no/bm/farge","2026-09-25"
"形容词|gul","gul","gul","形容词","A1","颜色与描述","黄色的；呈蛋黄或成熟柠檬那样的黄色","黄色的；呈蛋黄或成熟柠檬那样的黄色","已人工审校","修饰名词时按性数变化：en gul bil、et gult hus、gule blomster；作表语也随主语变化：Huset er gult。固定搭配 gul og blå 是“青一块紫一块/浑身淤青”，不要按颜色字面理解。名词 gult 另指黄色，属不同词性。https://ordbokene.no/bm/21501","2026-09-25"
"名词|lyst","lyst","ei lyst","名词","A1","意愿与感受","想做某事的愿望/兴致；想要某物的念头；欲望（依语境）","想做某事的愿望/兴致；想要某物的念头；欲望（依语境）","已人工审校","阴性/阳性名词（ei lyst，也可 en lyst），但日常最常见是 ha lyst til å + 动词（想做某事）和 ha lyst på + 名词（想要某物），通常不单独加不定冠词。也可指性欲或乐趣，需看上下文；不要把英语 lust 的狭义色彩套到所有用法上。https://ordbokene.no/nob/bm/lyst","2026-09-25"
"名词|banan","banan","en banan","名词","A1","饮食与购物","香蕉；香蕉果实","香蕉；香蕉果实","已人工审校","阳性名词。词典核心义是香蕉植物结出的黄色长形果实；说吃一根香蕉用 spise en banan，熟了的几根可说 modne bananer。https://ordbokene.no/bm/banan","2026-09-25"
"名词|brus","brus","brus","名词","A1","饮食与购物","汽水；含气泡的甜味软饮料；一瓶/一杯汽水（按份数说）","汽水；含气泡的甜味软饮料；一瓶/一杯汽水（按份数说）","已人工审校","饮料义是阳性名词，核心指加了二氧化碳和甜味/香味的软饮料。drikke brus、tre flasker brus 中泛指饮料；点单 en brus 或说 fem brus 时，按一份/一杯来计数。另有中性名词 brus，指轰鸣/呼啸声，是不同词条。https://ordbokene.no/bm/brus","2026-09-25"
"名词|brødskive","brødskive","ei brødskive","名词","A1","饮食与购物","一片面包；通常指一片切下来的面包，常抹酱或加配料后当作一份简餐","一片面包；通常指一片切下来的面包，常抹酱或加配料后当作一份简餐","已人工审校","brødskive 是从面包上切下的一片；在挪威日常饮食里通常会抹黄油、奶酪或其他配料后作为早餐/简餐。词典允许阴性或阳性：ei brødskive–brødskiva，也可 en brødskive–brødskiven；复数 brødskiver–brødskivene。不要把它理解成一整条面包。https://ordbokene.no/bm%2Cnn/br%C3%B8dskive","2026-09-25"
"名词|kafé","kafé","en kafé","名词","A1","饮食与购物","咖啡馆；供应饮料和简餐的场所","咖啡馆；供应饮料和简餐的场所","已人工审校","Bokmålsordboka 收录 kafé、kafe 两种拼写，本词库统一采用带重音的 kafé；词条列为阳性。通常供应饮料和简餐，与提供较完整餐食的 restaurant 有区别。gå på kafé 是去咖啡馆/在外喝咖啡，不一定只去喝咖啡。https://ordbokene.no/bm/kaf%C3%A9","2026-09-25"
"形容词|kjempesulten","kjempesulten","kjempesulten","形容词","A1","饮食与购物","饿极了；特别饿（口语强调）","饿极了；特别饿（口语强调）","已人工审校","kjempe- 在这里作口语强化成分，相当于“特别/极其”，加在 sulten“饿的”前。按形容词性数变化：en kjempesulten gutt、et kjempesultent barn、kjempesultne barn。sulten 也可比喻渴望更多，但 kjempesulten 的初级常用义通常是生理上的饿。https://ordbokene.no/bm/SULTEN","2026-09-25"
"名词|kjøpesenter","kjøpesenter","et kjøpesenter","名词","A1","饮食与购物","购物中心；汇集多家商店的商业场所","购物中心；汇集多家商店的商业场所","已人工审校","中性名词。指多种商店集中在同一屋顶下的购物中心；不要和 enkeltbutikk（一家商店）混淆。词典列出不规则复数 kjøpesentre–kjøpesentrene。https://ordbokene.no/bm/kj%C3%B8pesenter","2026-09-25"
"名词|kort","kort","et kort","名词","A1","饮食与购物","卡片；用于特定用途的小纸片/塑料卡，如银行卡、证件；贺卡/明信片；扑克牌（依语境）","卡片；用于特定用途的小纸片/塑料卡，如银行卡、证件；贺卡/明信片；扑克牌（依语境）","已人工审校","本卡讲名词 kort：可指银行卡/证件等塑料卡、贺卡/明信片等小卡片，也可指扑克牌。具体看搭配：betale med kort=刷卡，sende et kort=寄卡片，spille kort=打牌。形容词 kort 是“短的”，属不同词性；银行卡更明确地说 bankkort。https://ordbokene.no/bm/kort","2026-09-25"
"动词|koste","koste","å koste","动词","A1","饮食与购物","花费；价格为；使付出代价；（另一同形动词）用扫帚扫/掸","花费；价格为；使付出代价；（另一同形动词）用扫帚扫/掸","已人工审校","日常购物中 koste 通常表示‘价格是/花费’：Hva koster den?（这个多少钱？）；det koster mye（很贵）。也可说 noe koster noen dyrt，表示某事让某人付出沉重代价。另一个同形动词 koste 表示用扫帚扫，如 koste av trappa（把楼梯上的东西扫掉）；看宾语和上下文区分。https://ordbokene.no/bm/koste","2026-09-25"
"名词|krone","krone","ei krone","名词","A1","饮食与购物","克朗；一克朗硬币；皇冠/冠冕（依语境）","克朗；一克朗硬币；皇冠/冠冕（依语境）","已人工审校","可用阳性 en krone–kronen 或阴性 ei krone–krona；复数 kroner–kronene。金额中 kroner 是货币单位：35 kroner（35克朗）；en krone 也可指一枚硬币。皇冠义常见于历史、王室或复合词语境，避免把价格句里的 krone 误解成皇冠。https://ordbokene.no/bm/krone","2026-09-25"
"名词（常作不可数）|mat","mat","mat","名词（常作不可数）","A1","饮食与购物","食物；饭菜；一顿饭/用餐（依语境）；食物、营养（较少见）","食物；饭菜；一顿饭/用餐（依语境）；食物、营养（较少见）","已人工审校","通常是不可数名词：mat og drikke；也可指一顿饭，如 før maten。词典还收‘一片面包/开放三明治’等语境义，初级先掌握食物和饭菜。此 V2 词条采用泛指 mat / 定指 maten 的两种形式。https://ordbokene.no/nob/bm/MAT","2026-09-25"
"名词（通常不可数）|melk","melk","melk","名词（通常不可数）","A1","饮食与购物","牛奶；乳汁；植物奶（如椰奶，依语境）","牛奶；乳汁；植物奶（如椰奶，依语境）","已人工审校","通常作不可数名词，指牛奶或其他乳汁；说一盒/一瓶时数的是容器：en kartong melk。drikke melk 是“喝牛奶”；melka har skilt seg 指牛奶分层/变质。https://ordbokene.no/bm%2Cnn/melk","2026-09-25"
"名词|vann","vann","et vann","名词","A1","饮食与购物 / 日常基础","水；一片水域/小湖（可数义）","水；一片水域/小湖（可数义）","已人工审校","中性名词 et vann–vannet；表示饮用水或水这种物质时通常不可数、无冠词：drikke vann、et glass vann。表示一处小湖/水域时可数：et lite vann；复数 vann 通常不变，定指复数 vannene。不要把所有 vann 都译成‘湖泊’。https://ordbokene.no/bm/vann","2026-09-25"
"动词|betale","betale","å betale","动词","A1","饮食与购物 / 食物与购物","付款；支付；偿付；（引申）为某事付出代价","付款；支付；偿付；（引申）为某事付出代价","已人工审校","常见结构 betale for noe（为某物付款）、betale med kort（用卡支付）、betale noen（付钱给某人）和 betale regningen（付账单）。在 betale for feilen 这类语境中可指为错误承担代价；不能把 for、med 等介词搭配互换。https://ordbokene.no/bm/betale","2026-09-25"
"名词|brød","brød","et brød","名词","A1","饮食与购物 / 食物与购物","面包；泛指面包这种食物；整条/整块面包（按数量）","面包；泛指面包这种食物；整条/整块面包（按数量）","已人工审校","中性名词 et brød–brødet；泛指面包这种食物常不加冠词：spise brød。一个整条/整块面包可说 et brød，切片是一片 brødskive 或 ei skive brød；复数形式与单数不定形同为 brød，定指复数 brødene。固定表达 tjene sitt brød 是‘谋生’，不是字面赚面包。https://ordbokene.no/bm/br%C3%B8d","2026-09-25"
"名词|butikk","butikk","en butikk","名词","A1","饮食与购物 / 食物与购物","商店；店铺；（口语/比喻）生意、经营业务","商店；店铺；（口语/比喻）生意、经营业务","已人工审校","阳性 en butikk–butikken–butikker–butikkene。日常指零售商店：gå på butikken（去商店/买东西）；matbutikk 是食品店。比喻义常出现在 legge ned hele butikken（把整个业务关掉）或 gjøre god butikk（生意做得好）等表达中，需看完整搭配。https://ordbokene.no/bm/butikk","2026-09-25"
"动词|drikke","drikke","å drikke","动词","A1","饮食与购物 / 食物与购物","喝；饮用；喝酒（依语境）；（引申）消耗/耗用","喝；饮用；喝酒（依语境）；（引申）消耗/耗用","已人工审校","不规则变化 drikke–drikker–drakk–drukket。drikke vann/kaffe 是喝水/咖啡；不带宾语或在聚会语境中，drikke 也常指喝酒，但不能把它一概译为喝酒。机器或车辆作主语时还可表示耗用液体/燃料，需结合宾语理解。https://ordbokene.no/bm/drikke","2026-09-25"
"名词|frokost","frokost","en frokost","名词","A1","饮食与购物 / 食物与购物","早餐；早餐这一餐/时段","早餐；早餐这一餐/时段","已人工审校","阳性名词 en frokost–frokosten–frokoster–frokostene。说日常吃早餐常用零冠词：spise frokost；说某一顿具体早餐或一份早餐可用 en frokost，谈双方已知的那顿则用 frokosten。例：Vi spiser frokost klokka sju（我们七点吃早餐）；Frokosten står på bordet（早餐已经摆在桌上）。https://ordbokene.no/bm/frokost","2026-09-25"
"名词|kaffe","kaffe","en kaffe","名词","A1","饮食与购物 / 食物与购物","咖啡；一杯咖啡；（社交语境）咖啡茶点/喝咖啡聚会","咖啡；一杯咖啡；（社交语境）咖啡茶点/喝咖啡聚会","已人工审校","阳性名词 en kaffe–kaffen；咖啡豆/咖啡饮料泛指时常用零冠词：drikke kaffe。点单时 en kaffe 可数，表示一杯；be noen på kaffe 或 be noen til kaffe 可指请人来喝咖啡、吃咖啡茶点。用搭配判断是饮料、份数还是社交活动。https://ordbokene.no/bm/kaffe","2026-09-25"
"动词|kjøpe","kjøpe","å kjøpe","动词","A1","饮食与购物 / 食物与购物","买；购买；（引申）收买；接受/相信某种说法（依语境）","买；购买；（引申）收买；接受/相信某种说法（依语境）","已人工审校","核心义是付钱取得物品：kjøpe mat（买食物）、kjøpe en bil（买一辆车）。kjøpe noe til noen 是给某人买某物；kjøpe seg fri 是花钱脱身/买通；口语中 jeg kjøper ikke den forklaringen 表示‘我不接受/不相信这个解释’，并非真的购物。https://ordbokene.no/bm/kj%C3%B8pe","2026-09-25"
"动词|lage","lage","å lage","动词","A1","饮食与购物 / 食物与购物","制作/做出；做饭；造成、引发（依语境）","制作/做出；做饭；造成、引发（依语境）","已人工审校","核心是使一个实体或抽象成果产生：lage en kake（做蛋糕）、lage musikk（创作音乐）；lage middag 是准备/做晚饭。还可表示造成某种情况，如 lage bråk（制造吵闹）。laget 是过去时和完成分词；Bokmål 也有 lagde/lagd 变体，当前卡采用 laget。https://ordbokene.no/bm/lage","2026-09-25"
"动词|spise","spise","å spise","动词","A1","饮食与购物 / 食物与购物 / 未来计划与目标","吃；用餐；（引申）耗掉、占去（依语境）","吃；用餐；（引申）耗掉、占去（依语境）","已人工审校","常见用法是吃食物或一餐：spise brød、spise frokost（吃早餐，餐名通常零冠词）。spise opp 表示把食物吃完；作比喻时也可表示逐渐占去/耗掉资源或时间，如 tv-titting spiser mye tid（看电视占去很多时间）。此外另有阳性名词 spise‘可食之物/菜肴’，本条审的是动词。https://ordbokene.no/bm/spise","2026-09-25"
"形容词|mett","mett","mett","形容词","A1","用餐与感受","饱的；吃饱了的；（引申）满足了、不再想要更多的","饱的；吃饱了的；（引申）满足了、不再想要更多的","已人工审校","最常见是吃饱后的状态：Jeg er mett（我吃饱了）；spise seg mett 是‘吃到饱’。按性数变化：en mett gjest、et mett barn、mette gjester。mett av inntrykk/medaljer 则表示对经历/奖牌等感到满足或已经够了，不是身体吃饱。https://ordbokene.no/bm/mett","2026-09-25"
"名词|middag","middag","en middag","名词","A1","用餐与时间","正餐；中午前后或之后的一天主餐（挪威语中常指下午/晚上的主餐）","正餐；中午前后或之后的一天主餐（挪威语中常指下午/晚上的主餐）","已人工审校","阳性名词 en middag–middagen–middager–middagene。可指中午时段，也指一天的主餐；挪威日常家庭中常在下午或傍晚吃，所以不宜固定翻成中文‘午餐’或英语 dinner。午间较轻的一餐通常叫 lunsj。spise middag 泛指吃正餐，middagen 指这顿具体的饭。https://ordbokene.no/bm/middag","2026-09-25"
"名词|postkort","postkort","et postkort","名词","A1","邮件与明信片","明信片；一面有图、另一面可写问候和地址的邮寄卡片","明信片；一面有图、另一面可写问候和地址的邮寄卡片","已人工审校","中性名词 et postkort–postkortet–postkort–postkortene。典型明信片一面印照片/图景，另一面写问候、收件地址并贴邮票：sende et postkort fra Paris（从巴黎寄一张明信片）。旧式预付邮资卡片也是词典收录的历史义。https://ordbokene.no/bm%2Cnn/postkort","2026-09-25"
"名词|fiskemarked","fiskemarked","et fiskemarked","名词","A1","鱼类与购物","鱼市；专门销售鱼类和海鲜的市场","鱼市；专门销售鱼类和海鲜的市场","已人工审校","透明复合词 fisk（鱼）+ marked（市场）；这里按两个组成词的常见义解释，未将该复合词伪称为独立词典词条。通常指卖新鲜鱼和海鲜的市场/鱼市，不泛指海鲜餐馆；fiskemarkedet 是定指单数‘那个鱼市’。组成词词典：https://ordbokene.no/bm/fisk 及 https://ordbokene.no/bm/marked","2026-09-25"
"副词/形容词|faktisk","faktisk","faktisk","副词/形容词","A1","语气与表达 / 连接与语气","实际的；实际上；确实（形容词/副词，依句法和语气）","实际的；实际上；确实（形容词/副词，依句法和语气）","已人工审校","作形容词时表示‘实际的/真实存在的’，要随名词性数变化：faktisk grunn、et faktisk problem、faktiske forhold；作副词时形式不变，表示‘实际上/确实’，常用来补充事实或修正预期：Jeg vet faktisk ikke（我其实确实不知道）。语气轻重取决于上下文，不必每次硬译成‘事实上’。https://ordbokene.no/bm/faktisk","2026-09-25"
"名词/形容词|engelsk","engelsk","engelsk","名词/形容词","A1","语言与国籍","英语；英国/英格兰的；英语的（依词性与搭配）","英语；英国/英格兰的；英语的（依词性与搭配）","已人工审校","作名词时指英语/英语课程：snakke engelsk、ha engelsk på skolen；作形容词时表示与 England（英格兰）或 Storbritannia（英国）及其语言相关，按性数变化：engelsk kultur、et engelsk ord、engelske bøker。指地区时要区分 England 与整个 Storbritannia；不能把所有 engelsk 一概译为‘英国的’。https://ordbokene.no/bm/engelsk","2026-09-25"
"名词|italiener","italiener","en italiener","名词","A1","语言与国籍","意大利人；来自意大利的人","意大利人；来自意大利的人","已人工审校","阳性名词 en italiener–italieneren–italienere–italienerne。人的国籍义指来自意大利的人；italienerne 可指特定的一群意大利人，也可泛指意大利人群体。词典另收录一种意大利原产的鸡，但日常初级语境中通常是人的意思。‘意大利的/意大利语’用 italiensk。https://ordbokene.no/bm/italiener","2026-09-25"
"形容词/语言名词|italiensk","italiensk","italiensk","形容词/语言名词","A1","语言与国籍","意大利的；意大利语的；意大利语（作语言名词）","意大利的；意大利语的；意大利语（作语言名词）","已人工审校","修饰名词时是形容词，随性数变化：italiensk mat、et italiensk ord、italienske byer；独立作语言名词时形式不变：snakke italiensk（说意大利语）。它本身不表示‘一个意大利人’；人称名词是 italiener，国家名是 Italia。https://ordbokene.no/nno/search?dict=bm&q=italiener%7Citaliensk&scope=eif","2026-09-25"
"名词|brosjyre","brosjyre","en brosjyre","名词","A1","阅读与信息","宣传册；介绍资料小册子","宣传册；介绍资料小册子","已人工审校","阳性名词 en brosjyre–brosjyren–brosjyrer–brosjyrene。词典核心义是印刷品，用来提供信息或宣传；如 en brosjyre om norskkurs 是‘挪威语课程介绍册’。它不必是说明手册，也不一定是广告册，按内容和用途译。https://ordbokene.no/bm/brosjyre","2026-09-25"
"名词|historie","historie","ei historie","名词","A1","阅读与叙事","历史；历史学；故事；某人的经历/身世；事情、插曲（依语境）","历史；历史学；故事；某人的经历/身世；事情、插曲（依语境）","已人工审校","可用 ei historie–historia 或 en historie–historien，复数 historier–historiene。norsk historie 可指挪威历史，也可指学校里的历史学科；fortelle en historie 是讲故事；hele hennes historie 是她的整段经历/人生故事。dyr historie 可指代价高或麻烦的一件事，不是‘昂贵的历史’。https://ordbokene.no/bm/historie","2026-09-25"
"动词|lese","lese","å lese","动词","A1","阅读与学习 / 学习与工作","阅读；读出/朗读；解读；学习、备考（依结构）","阅读；读出/朗读；解读；学习、备考（依结构）","已人工审校","lese en bok 是阅读一本书；lese høyt/lese opp 是大声朗读；lese et tegn som R 是把符号解读为 R；lese kjemi 或 lese til eksamen 是学化学/备考。读文字的基础义与学习某学科的用法看宾语和介词结构区分。https://ordbokene.no/bm/lese","2026-09-25"
"名词|bok","bok","ei bok","名词","A1","阅读与语言 / 学习与工作","书；书本；记事本/练习本（依用途）","书；书本；记事本/练习本（依用途）","已人工审校","常用性别形式为 ei bok–boka 或 en bok–boken；不规则复数 bøker–bøkene。可指阅读的书，也可指用来写/画的本子：lese ei bok（读一本书）、notere i ei bok（记在本子里）。同形名词 bok 另指山毛榉树或山毛榉木，是不同词义；结合冠词和上下文判断。https://ordbokene.no/bm/bok","2026-09-25"
"名词|fotballspiller","fotballspiller","en fotballspiller","名词","A1","运动与人物","足球运动员；踢足球的人","足球运动员；踢足球的人","已人工审校","透明复合词 fotball（足球）+ spiller（选手）。可指职业球员，也可泛指业余踢球的人；en fotballspiller 不自动表示职业身份。fotballspilleren 是特指单数，fotballspillere 是不定复数。https://ordbokene.no/bm/fotball 与 https://ordbokene.no/bm/spiller","2026-09-25"
"名词|pålegg","pålegg","et pålegg","名词","A1","早餐与食物","面包配料/冷切片；指令、命令；工资增加/附加额（依语境）","面包配料/冷切片；指令、命令；工资增加/附加额（依语境）","已人工审校","中性名词 et pålegg–pålegget–pålegg–påleggene。早餐语境中指放在面包片上的奶酪、火腿等：brød og pålegg；få pålegg om å gjøre noe 是接到‘必须做某事’的指令；få pålegg i lønna 则是工资上调。不要只记成面包配料。https://ordbokene.no/bm/p%C3%A5legg","2026-09-25"
"名词|fotoautomat","fotoautomat","en fotoautomat","名词","A1","证件与服务","自助照相亭；自动拍照并输出照片的机器","自助照相亭；自动拍照并输出照片的机器","已人工审校","由 foto（照片）+ automat（自动服务设备）构成；此处按复合词和证件服务语境理解，并未把它冒称为独立词典释义。通常指可自行拍摄证件照、自动输出照片的封闭式设备/亭，不是普通摄影棚或路边测速照相机。https://ordbokene.no/bm/foto 与 https://ordbokene.no/bm/automat","2026-09-25"
"指示限定词/代词|dette","dette","dette","指示限定词/代词","A1","指示与限定","这个；这件事/这个东西；中性单数的“这/这个”","这个；这件事/这个东西；中性单数的“这/这个”","已人工审校","作限定词时放在中性单数名词前：dette huset（这栋房子）；也可独立作指示代词，指眼前或刚提到的事物：Hva er dette?（这是什么？）、Hva synes du om dette?（你觉得这件事怎么样？）。阳/阴性单数用 denne，复数用 disse。https://ordbokene.no/bm/dette","2026-09-25"
"指示限定词/代词|disse","disse","disse","指示限定词/代词","A1","指示与限定","这些；这些人/这些东西；复数的“这/这些”","这些；这些人/这些东西；复数的“这/这些”","已人工审校","作限定词时修饰复数名词：disse bøkene（这些书）；独立使用时作指示代词：Hvem er disse?（这些人是谁？）。它是 denne/dette 的复数形式，不区分名词性别。注意 i disse dager 是固定说法“近来/眼下”。https://ordbokene.no/bm/disse","2026-09-25"
"指示限定词/代词|denne","denne","denne","指示限定词/代词","A1","指示与指代","这个/这位/这件；阳性或阴性单数的近指形式","这个/这位/这件；阳性或阴性单数的近指形式","已人工审校","放在阳性或阴性单数名词前：denne bilen（这辆车）、denne uka（这周）；也可独立指眼前或刚提到的人/物。中性单数用 dette，复数用 disse。denne 表示时间、空间或话题上较近，不是简单等同于定冠词 den。https://ordbokene.no/bm/denne","2026-09-25"
"指示限定词|samme","samme","samme","指示限定词","A1","指示与指代","同一个；相同的；共同的；原来的/未改变的（依句型）","同一个；相同的；共同的；原来的/未改变的（依句型）","已人工审校","Bokmålsordboka 将 samme 归为指示限定词。den samme boka 指同一本书；samme dag 指同一天；samme måte 指相同的方式。det samme 可独立使用，表示‘同一件事/也一样’；være den samme 表示仍和以前一样。注意 ‘samme tid’ 可表示同一时间，具体关系看名词和句子。形式通常不随名词性别变化。https://ordbokene.no/bm/samme","2026-09-25"
"动词|bygge","bygge","å bygge","动词","A1","住房与建造","建造；修建；搭建；建立/培养（抽象关系）；增强肌肉（依宾语）","建造；修建；搭建；建立/培养（抽象关系）；增强肌肉（依宾语）","已人工审校","实体建筑用 bygge et hus/en vei；搭积木或模型也可用 bygge。抽象宾语会转成‘建立、培养’，如 bygge tillit（建立信任）、bygge videre på en idé（在想法基础上继续发展）；bygge muskler 是练出/增强肌肉。bygd/bygd 或 bygget/bygget 都是可接受的过去时与完成分词搭配，词条选用 bygde–bygd。https://ordbokene.no/bm/bygge","2026-09-25"
"动词|banke","banke","å banke","动词","A1","住房与居住","敲；叩；敲打；（心脏/机器）有节奏地跳动或发出敲击声；反复灌输（依搭配）","敲；叩；敲打；（心脏/机器）有节奏地跳动或发出敲击声；反复灌输（依搭配）","已人工审校","banke på døra 是用手敲门；banke noe mot noe 是把某物敲向另一物。心脏或发动机作主语时，banke 可描述有节奏的跳动/敲击声；banke inn en beskjed 是反复把信息灌输给某人。注意 banke opp 表示殴打，语气强，不能当作普通‘敲’。过去时常用 banket，也可见口语形式 banka。https://ordbokene.no/nob/bm/banke","2026-09-25"
"名词|bygning","bygning","en bygning","名词","A1","住房与居住","建筑物；楼房；建筑结构/构造（依语境）","建筑物；楼房；建筑结构/构造（依语境）","已人工审校","阳性或阴性名词：en bygning–bygningen–bygninger–bygningene，也可用 ei bygning–bygninga。指一栋实际建筑时可译‘建筑物/楼房’，常比 hus 正式且范围更广；在 beinbygning 等复合词中表示身体或事物的结构、构造，不是楼房。https://ordbokene.no/nob/bm/bygning","2026-09-25"
"动词|flytte","flytte","å flytte","动词","A1","住房与居住","移动；挪动；搬家/迁居（依结构）","移动；挪动；搬家/迁居（依结构）","已人工审校","flytte + 物品表示把东西挪动：flytte stolen litt til høyre（把椅子往右挪一点）；flytte til/inn i + 地点表示搬去/搬进某地；flytte hjemmefra 是搬离父母家。flytte seg 则是自己移动/挪位置。宾语和介词决定是搬物品还是迁居，不能把每处都译成‘搬家’。https://ordbokene.no/nob/bm/flytte","2026-09-25"
"名词|flyttebil","flyttebil","en flyttebil","名词","A1","住房与居住","搬家货车；搬运家具和箱子的货车","搬家货车；搬运家具和箱子的货车","已人工审校","透明复合词 flytte（搬家/搬运）+ bil（汽车）。通常指搬家时用于运输物品的货车，不是搬家公司，也不特指某一种吨位；leie en flyttebil 是租一辆搬家货车。此处依构词和搬家场景释义，没有把复合词伪称为词典独立释义。https://ordbokene.no/nob/bm/flytte 与 https://ordbokene.no/nno/search?dict=bm%2Cnn&q=bil&scope=eif","2026-09-25"
"名词|flyttebyrå","flyttebyrå","et flyttebyrå","名词","A1","住房与居住","搬家公司；搬家服务公司","搬家公司；搬家服务公司","已人工审校","透明复合词 flytte（搬家）+ byrå（办事机构/公司）。指承接搬家业务的公司或服务机构；句中说公司搬运家具时，中文自然译作‘搬家公司把家具搬上楼’，不是把 byrå 理解为政府部门。该复合词按构词与居住服务语境解释，并未冒称为词典单独释义。中性名词 et flyttebyrå。https://ordbokene.no/nob/bm/flytte 与 https://ordbokene.no/bm/byr%C3%A5","2026-09-25"
"名词|garasje","garasje","en garasje","名词","A1","住房与居住","车库；停放车辆的车库房间/建筑","车库；停放车辆的车库房间/建筑","已人工审校","阳性名词 en garasje–garasjen–garasjer–garasjene。词典义是存放车辆的建筑或房间；可独立建成，也可属于住宅。parkere i garasjen 表示把车停进/停在车库里；停车位通常是 parkeringsplass，不等于 garasje。https://ordbokene.no/bm%2Cnn/garasje","2026-09-25"
"副词|hjemme","hjemme","hjemme","副词","A1","住房与居住","在家；在家乡/本国；（作名词）家乡、家里（依语境）","在家；在家乡/本国；（作名词）家乡、家里（依语境）","已人工审校","hjemme 表示所在状态或出身地点：Jeg er hjemme 是‘我在家’，han var hjemme fra USA 是‘他从美国回国探亲/回到本国’。作名词时可指‘家/家乡’。区分方向：gå hjem 是‘回家’，不是 gå hjemme；føle seg hjemme 可指感到自在，være hjemme i et fag 表示熟悉/精通某领域。https://ordbokene.no/nno/bm/hjemme","2026-09-25"
"名词|hybel","hybel","en hybel","名词","A1","住房与居住","出租单间；住宅或楼房内的小型独立住处（常见于学生租住）","出租单间；住宅或楼房内的小型独立住处（常见于学生租住）","已人工审校","阳性名词 en hybel–hybelen–hybler–hyblene。词典释义是较大住宅/建筑中的一间居住单位；挪威现实中常指学生或单身者租住的小住处。它可能有自己的简易厨房/卫生间，也可能共用设施；不要一概译成‘合租房’，也不一定等于标准一居室公寓。bo på hybel 是‘住在出租单间/小住处’。https://ordbokene.no/nno/search?dict=bm&page=0&q=hybel&scope=eif","2026-09-25"
"名词|kontrakt","kontrakt","en kontrakt","名词","A1","住房与居住","合同；契约；具有法律约束力的协议（租房时为租赁合同）","合同；契约；具有法律约束力的协议（租房时为租赁合同）","已人工审校","阳性名词 en kontrakt–kontrakten–kontrakter–kontraktene。核心义是具有法律约束力的协议，不限于租房，也不必然指已经签字的纸质文件；leiekontrakt 才明确是租赁合同。inngå en kontrakt 是订立合同，skrive under på kontrakten 是在合同上签字，bryte kontrakten 是违约/违反合同。https://ordbokene.no/nob/bm/kontrakt","2026-09-25"
"名词|nabohus","nabohus","et nabohus","名词","A1","住房与居住","隔壁的房子；邻居家的房子","隔壁的房子；邻居家的房子","已人工审校","词典核心义是“紧挨着自家的一栋房子”，通常就是隔壁邻居的房子；不是泛指附近任意一栋房屋。nabo（邻居）+ hus（房子）有助记忆，但实际指哪栋仍由上下文确定。https://ordbokene.no/bm%2Cnn/nabohus","2026-09-25"
"名词|nabolag","nabolag","et nabolag","名词","A1","住房与居住","邻里；附近的街区/社区","邻里；附近的街区/社区","已人工审校","可指住在附近的一群邻居，也可指某处周边的街区。nabo 是一个邻居；nabolag 是周围的邻里/社区。i nabolaget 通常译“在附近/在这个街区”，不一定是行政意义上的‘社区’。https://ordbokene.no/nob/bm/nabolag","2026-09-25"
"名词|plass","plass","en plass","名词","A1","住房与居住","地方；位置；座位/名额；空间（依语境）","地方；位置；座位/名额；空间（依语境）","已人工审校","plass 的核心是“可以坐、放置或占据的位置”。på bussen 指公交车上的座位；plass til bilen 指能停放汽车的空间；få en plass 可指获得一个名额。句中 Er det plass til en stol? 问的是“还能不能放下一把椅子”，不是在问椅子的座位。https://ordbokene.no/bm/plass","2026-09-25"
"动词|bo","bo","å bo","动词","A1","住房与居住 / 家庭与人物","居住；住；（比喻）存在于某人心中/体内","居住；住；（比喻）存在于某人心中/体内","已人工审校","表示居住时，bo i + 城市/国家：bo i Oslo；bo på + 居住场所：bo på hybel；bo hos + 人：bo hos en venn；bo sammen 表示共同居住。不要和 bygge et hus（盖房子）混为一谈。词典还有文学/比喻用法，如 en tanke bor i ham（一个念头存在于他心中），先掌握“居住”核心义。https://ordbokene.no/bm/bo","2026-09-25"
"名词|hjem","hjem","et hjem","名词","A1","住房与居住 / 日常基础","家；住所；家庭共同生活的地方","家；住所；家庭共同生活的地方","已人工审校","et hjem 可指居住处，也强调这里是某人生活、安顿和归属的家；hus 更侧重房屋建筑。机构名称里的 hjem 也可指供人长期居住照护的场所，如 sykehjem（养老院）。注意名词 et hjem 与表示方向的副词 hjem（回家）是不同词性；gå hjem 不加 til。https://ordbokene.no/bm/hjem","2026-09-25"
"形容词|ferdig","ferdig","ferdig","形容词","A1","状态与描述","完成的；准备好的；用完的；筋疲力尽的（依语境）","完成的；准备好的；用完的；筋疲力尽的（依语境）","已人工审校","være ferdig med noe 是“做完某事”；maten er ferdig 是“饭菜做好了”；ferdig til å dra 是“准备出发”。描述人时 helt ferdig 还可表示“筋疲力尽”；形容事物时也可能表示已经不能再用/不再适用。形式：ferdig（阳/阴性、中性表语）、ferdige（复数及定指形式）。https://ordbokene.no/bm/FERDIG","2026-09-25"
"形容词|klar","klar","klar","形容词","A1","状态与描述","准备好的；畅通无阻的；清澈/清晰/明确的；（较少见）筋疲力尽的","准备好的；畅通无阻的；清澈/清晰/明确的；（较少见）筋疲力尽的","已人工审校","klar 有多个形容词义：Er du klar? 是“你准备好了吗”；klar bane 是畅通无阻的道路/赛道；klart vann、et klart svar 分别是清澈的水、清楚明确的答复；某些语境里 være klar 也可指筋疲力尽。这里的“清楚”不是一律译成“明显”。形式随性数变化：klar–klart–klare。https://ordbokene.no/bm/119503 与 https://ordbokene.no/bm/klar","2026-09-25"
"名词|blomst","blomst","en blomst","名词","A1","自然与动物","花；花朵；开花植物（依语境）","花；花朵；开花植物（依语境）","已人工审校","日常最常见的是植物上的花朵；blomst 也可指茎不木质的开花植物或花形装饰。plukke blomster 是“采花”，en bukett blomster 是“一束花”；i blomst 表示“正在开花”，slå ut i full blomst 可比喻发展到鼎盛。https://ordbokene.no/bm/blomst","2026-09-25"
"名词|dyr","dyr","et dyr","名词","A1","自然与动物","动物；牲畜；野生动物（依语境）","动物；牲畜；野生动物（依语境）","已人工审校","本卡是中性名词 et dyr，指动物，日常可概括家养、野生或作为食物来源的动物；通常不包括人。相同拼写的形容词 dyr 意为“贵的”，如 en dyr bil–bilen er dyr；词性和句法不同，不能把两义混记。https://ordbokene.no/bm/dyr","2026-09-25"
"名词|fugl","fugl","en fugl","名词","A1","自然与动物","鸟；鸟类；（餐食语境）禽肉","鸟；鸟类；（餐食语境）禽肉","已人工审校","通常指鸟这种动物；菜单或 spise fugl til middag 一类语境中可转指禽肉。en fugl–fuglen–fugler–fuglene；人称“生灵/人物”的比喻义和习语先结合固定上下文学习，不当作初级核心义。https://ordbokene.no/nob/bm/fugl","2026-09-25"
"名词|hav","hav","et hav","名词","A1","自然与动物","海；海洋；（比喻）大量","海；海洋；（比喻）大量","已人工审校","主要指地球上连成大片的咸水海域；常说 havet（海/大海），也可用于 et hav av folk（人山人海）、et hav av tid（大量时间）。词典另有滑雪板的翘起部分/把手义，属于较少见的同形词义。https://ordbokene.no/bm/hav","2026-09-25"
"名词|høy","høy","et høy","名词","A1","自然与动物","干草；晒干后作饲料的草","干草；晒干后作饲料的草","已人工审校","中性名词 et høy，指晒干后用作动物饲料的草，日常通常按物质名词使用：gi dyrene høy（给动物喂干草）、høyet（这批/这些干草）。同形形容词 høy 是“高的”，如 et høyt hus；本卡只学名词，不能把高矮义带进来。https://ordbokene.no/bm/h%C3%B8y","2026-09-25"
"名词|skog","skog","en skog","名词","A1","自然与动物","森林；树林；（比喻）密集的一大片","森林；树林；（比喻）密集的一大片","已人工审校","通常指长有树木的大片区域；i skogen 表示“在森林里”，til skogs 表示“到森林里去”。词典也用 en skog av master 比喻“密密麻麻的一片桅杆”。https://ordbokene.no/nob/bm/skog","2026-09-25"
"名词|stein","stein","en stein","名词","A1","自然与动物","石头；石块；石材/石料（依语境）","石头；石块；石材/石料（依语境）","已人工审校","可指一块天然石头，也可指建筑或铺设用的加工石材：kaste en stein 是扔一块石头，legge stein på taket 是在屋顶铺瓦/石板。另一个同形名词 stein 还指核果的硬核、结石或宝石等，需由搭配区分；本卡先学常见石块义。https://ordbokene.no/bm/stein","2026-09-25"
"名词|elv","elv","ei elv","名词","A1","自然与水域","河；河流；（比喻）奔流的一股/大量","河；河流；（比喻）奔流的一股/大量","已人工审校","指天然流动的水道，通常流向海、湖或另一条河。名词可用阴性 ei elv–elva，也可用阳性 en elv–elven；相应复数分别 elver–elvene。与较小的 bekk（小溪/溪流）区分。比喻中 en elv av blod 是“大量的血/血流成河”。https://ordbokene.no/bm/elv","2026-09-25"
"名词|innsjø","innsjø","en innsjø","名词","A1","自然与水域","湖；内陆湖（与海洋没有直接连通的较大水体）","湖；内陆湖（与海洋没有直接连通的较大水体）","已人工审校","词典义是地表较大的蓄水洼地，且与海洋没有直接连通；不要求四周都是陆地或湖岸完全封闭。和 hav（海）区分；某些语境中 vann 也可表示湖。虽然可拆成 inn + sjø 帮助记忆，但不要按字面译成“里面的海”。https://ordbokene.no/bm/innsj%C3%B8","2026-09-25"
"名词|himmel","himmel","en himmel","名词","A1","自然与天气","天空；天；（宗教语境）天堂","天空；天；（宗教语境）天堂","已人工审校","日常说头顶的天空，最常见的是定指形式 himmelen，如 på himmelen（在天空中）。宗教语境中可指天堂；sky 则是云，不能因为英语 sky 而把两词记反。https://ordbokene.no/nno/bm/himmel","2026-09-25"
"名词|måne","måne","en måne","名词","A1","自然与天气","月亮；卫星；（比喻）秃头上的光斑","月亮；卫星；（比喻）秃头上的光斑","已人工审校","可指围绕行星运行的卫星；特指地球的天然卫星时，常说 månen。其他行星的卫星可说 Jupiters måner。口语/比喻里 måne 也可指秃头上的一块光亮区域。https://ordbokene.no/bm/m%C3%A5ne","2026-09-25"
"名词|sky","sky","ei sky","名词","A1","自然与天气","云；一片云；云层","云；一片云；云层","已人工审校","挪威语 sky 指天空中的云，不是英语 sky 的“天空”；天空通常说 himmel。名词可用阴性 ei sky–skya，也可用阳性 en sky–skyen；复数为 skyer–skyene。还可指烟、尘或数据云，要由搭配判断。https://ordbokene.no/nob/bm/sky","2026-09-25"
"名词（通常不可数）|snø","snø","snø","名词（通常不可数）","A1","自然与天气","雪；雪花/积雪（依语境）","雪；雪花/积雪（依语境）","已人工审校","名词通常不可数：mye snø（很多雪）、måke snø（铲雪）；snøen 可指眼前/前文提到的积雪。snøer、snøene 不是日常“雪”的常规说法，初学阶段先记不定/泛指 snø 与定指 snøen。同形动词 snø 表示“下雪”，如 Det snør；动词必须看句法与变位辨认。https://ordbokene.no/bm/sn%C3%B8","2026-09-25"
"名词|sol","sol","ei sol","名词","A1","自然与天气","太阳；阳光/日照；（比喻）带来快乐的人或事物","太阳；阳光/日照；（比喻）带来快乐的人或事物","已人工审校","地球所在太阳系的恒星通常用定指 sola；在 det er sol（有阳光/天晴）、i sola（在阳光下）中，sol 指阳光/日照。标准 Bokmål 也可用阳性 en sol–solen；soler 作复数时可指其他行星系统的恒星。另有音乐音名 sol 等同形词，属其他词条义。https://ordbokene.no/bm/sol","2026-09-25"
"名词|stjerne","stjerne","ei stjerne","名词","A1","自然与天气","星星；星形标记；（质量评级）星级；明星（依语境）","星星；星形标记；（质量评级）星级；明星（依语境）","已人工审校","天体义是初级核心义；也可指星形物/标记、酒店餐厅的星级或某领域的明星。可用 en stjerne–stjernen。https://ordbokene.no/bm/stjerne","2026-09-25"
"名词|gress","gress","et gress","名词","A1","自然与植物","草；草类植物；覆盖地面的草（依语境）","草；草类植物；覆盖地面的草（依语境）","已人工审校","常作集合/物质名词：gresset er grønt（草是绿的）、klippe gresset（修剪草坪上的草）。若指修整好的草坪，常用 plen；一根草可说 et gresstrå。词典另有马铃薯等根茎植物的茎叶义及俚语 cannabis 义，初级日常先掌握植物/地表覆盖义。https://ordbokene.no/bm/gress","2026-09-25"
"形容词|sikker","sikker","sikker","形容词","A2","安全与确定","安全的；可靠的；确定的/有把握的；（作副词）很可能；稳当地","安全的；可靠的；确定的/有把握的；（作副词）很可能；稳当地","已人工审校","描述人或事物时，可表示不会带来危险、值得信赖，或对判断有把握：et sikkert sted、være sikker på svaret。sikkert 作副词时可表示‘很可能’（Hun kommer sikkert senere），也可表示‘稳妥地/可靠地’（arbeide sikkert）。形容词与副词需按句法区分；固定搭配 sikre seg 表示确保/为自己争取。https://ordbokene.no/bm/sikker","2026-09-25"
"名词|kontroll","kontroll","en kontroll","名词","A2","办事与检查","检查/查验；监督；控制权/掌控；检查站或查验人员；控制器（依语境）","检查/查验；监督；控制权/掌控；检查站或查验人员；控制器（依语境）","已人工审校","gå til kontroll 只表示去做检查，是否‘复查’要看之前是否检查过；孕期可具体译产检，牙医句通常说去检查。billettkontroll/passkontroll 是查票/证件检查；ha kontroll på noe 是掌控某事；fjernkontroll 是遥控器。https://ordbokene.no/nob/bm/kontroll","2026-09-25"
"名词|skjema","skjema","et skjema","名词","A2","办事与文件","表格/申请表；时间表；程序或固定模式（依语境）","表格/申请表；时间表；程序或固定模式（依语境）","已人工审校","最常见的是带空格供填写的表格：fylle ut et skjema（填表）。也可指流程/安排模式（etter et fast skjema，按固定程序）或时间进度表（ligge foran skjemaet，进度领先计划）。不定复数可用 skjema 或 skjemaer。https://ordbokene.no/bm/53026","2026-09-25"
"名词|sekk","sekk","en sekk","名词","A2","包袋与出行","袋子；大袋/麻袋（依材质和用途）；背包（特定语境）","袋子；大袋/麻袋（依材质和用途）；背包（特定语境）","已人工审校","泛指可装物品的袋状容器；ryggsekk 才明确是背在背上的包。不要把 sekk 单独固定翻成“背包”。","2026-09-25"
"形容词|bedre","bedre","bedre","形容词","A2","比较与变化","更好；更合适；更熟练；（健康/状态）好转；更……地（作副词）","更好；更合适；更熟练；（健康/状态）好转；更……地（作副词）","已人工审校","bedre 是 bra/god 的不规则比较级，形容词各性数形式都写 bedre；可表示质量更好、能力更强、方案更合适或身体好转。作副词时修饰动作程度：forstå bedre（理解得更好）、høre bedre etter（听得更仔细）。它也有独立动词 bedre（改善），本卡仅讲形容词/副词。https://ordbokene.no/nob/bm/4841","2026-09-25"
"从属连词|enn","enn","enn","从属连词","A2","比较与连接","（比较级后）比；（en annen enn 等结构中）与……不同/不是原以为的；（固定结构）除了……之外/只不过","（比较级后）比；（en annen enn 等结构中）与……不同/不是原以为的；（固定结构）除了……之外/只不过","已人工审校","最常见的是比较级 + enn + 比较对象：billigere enn den andre（比另一个便宜）。‘不是……而是……’通常用 men；enn 不能单独当作‘而是’。ikke annet enn å klage 整体是‘除了抱怨什么也不做’，‘除了/只不过’来自固定结构，不能当作 enn 的通用义。https://ordbokene.no/bm/enn","2026-09-25"
"动词|ligne","ligne","å ligne","动词","A2","比较与描述","像；与……相似；比较；（税务）核定/征收","像；与……相似；比较；（税务）核定/征收","已人工审校","ligne på noen 可说外貌或特征像某人；ligne hverandre 表示彼此相似；ligne A med B 是把 A 与 B 比较。税务语境的 ligne 指核定/征收税款。它不是英语 like 的‘喜欢’；喜欢用 like。https://ordbokene.no/bm/ligne","2026-09-25"
"形容词|best","best","best","形容词","A2","比较与评价","最好/最优秀；最合适；最……地（依句法）","最好/最优秀；最合适；最……地（依句法）","已人工审校","best 是 bra/god 的最高级。作表语或副词时常用 best（Hun er best；jeg jobber best）；定指名词短语中用 beste（den beste løsningen）。可表示技能最强、最合适或最令人满意；‘最好’具体评价什么由句子决定。https://ordbokene.no/nob/bm/best","2026-09-25"
"形容词|mindre","mindre","mindre","形容词","A2","比较与数量","更小；较少；年纪较小；程度较低/较不（依语境）","更小；较少；年纪较小；程度较低/较不（依语境）","已人工审校","liten 的不规则比较级，和最高级 minst 构成比较链。说体积/规模时是‘更小’；数量按可数性译作‘较少/更少’（mindre tid、mindre enn ti elever）；说孩子或兄弟姐妹时可指‘年纪较小’。也可作副词表示程度较低，如 mindre interessert（兴趣较低）。https://ordbokene.no/bm/mindre","2026-09-25"
"形容词|minst","minst","minst","形容词","A2","比较与数量","最小的；最年幼的；最少的；最不……（依结构）","最小的；最年幼的；最少的；最不……（依结构）","已人工审校","liten/lite/små 的不规则最高级。作表语用 minst（rommet er minst）；修饰定指名词短语时常用 minste（det minste rommet）。作副词还可表示‘至少’（minst tre år）或‘最不/程度最低’，须按句法区分。https://ordbokene.no/bm/minst","2026-09-25"
"形容词|størst","størst","størst","形容词","A2","比较与数量","最大；规模最大；（兄弟姐妹中）年纪最大","最大；规模最大；（兄弟姐妹中）年纪最大","已人工审校","stor 的比较级是 større，最高级是 størst；作表语说 størst，定指名词短语中通常说 den største bilen。Bokmålsordboka 还列出形容兄弟姐妹时的年龄义‘年纪最大’。‘最重要’是 størst betydning 等搭配的整体意思，不应当作 størst 单独的基本义。https://ordbokene.no/bm/st%C3%B8rst","2026-09-25"
"动词|vinne","vinne","å vinne","动词","A2","比赛与结果","获胜/赢得；获得/争取到；（抽象场景）有所得、得到改善（依搭配）","获胜/赢得；获得/争取到；（抽象场景）有所得、得到改善（依搭配）","已人工审校","比赛、竞选或诉讼中可译‘获胜/赢得’；宾语为奖品时是赢得奖项，抽象宾语可表示获得或争取到（vinne tillit，赢得信任；vinne tilslutning，争取支持）。还可说 vinne tid（争取时间），或描述某物因改变而改善（rommet har vunnet på ommøbleringen）。常见动词变位为 vinne–vinner–vant–vunnet。https://ordbokene.no/bm/vinne","2026-09-25"
"名词|forandring","forandring","en forandring","名词","A2","变化与计划","变化；改变；具体改动；改变后的状态（依语境）","变化；改变；具体改动；改变后的状态（依语境）","已人工审校","名词可用 en 或 ei。既可指变化的过程/状态，也可指具体改动：gjøre en forandring（做一项改变）、forandringer i planen（计划中的几处变动）。固定表达 til en forandring 常表示‘破例地/与平时不同地’；forandring fryder 是‘换换样也挺好’。https://ordbokene.no/bm/forandring","2026-09-25"
"动词|skifte","skifte","å skifte","动词","A2","变化与日常动作","换掉/更换；换衣服；发生变化；轮流（依结构）","换掉/更换；换衣服；发生变化；轮流（依结构）","已人工审校","skifte klær 是‘换衣服’；skifte noe（如 bosted/mening）是更换或改变某物；天气、颜色作主语时表示变化；skifte på å gjøre noe 表示轮流做，skifte ut 表示换掉/更新。名词 et skifte 是同形不同词性，可指变化、轮班等。https://ordbokene.no/bm/skifte","2026-09-25"
"名词|fall","fall","et fall","名词","A2","变化与事件","跌倒；下降/减少；高低落差；（政权等的）倒台/陷落","跌倒；下降/减少；高低落差；（政权等的）倒台/陷落","已人工审校","本条是中性名词 et fall，常指跌倒、价格/温度下降、高度落差，也可指政府或政权垮台/城市陷落。‘瀑布’通常是复合词 fossefall，不是单独的 fall；‘秋天’是 høst。词典另收同形的头发卷曲/垂落义，属另一词条。https://ordbokene.no/bm/fall","2026-09-25"
"副词|slik","slik","slik","副词","A2","表达与方式","这样；以这种方式；如此（作方式副词）","这样；以这种方式；如此（作方式副词）","已人工审校","本条聚焦 slik 的方式副词用法：gjør det slik（照这样做）、det ser slik ut（看起来如此）。slik at + 从句引出目的或结果，须结合上下文译作‘以便/从而’。slik 也可作指示限定词，这是另一种词性/句法用法。https://ordbokene.no/bm/slik","2026-09-25"
"副词|sånn","sånn","sånn","副词","A2","表达与方式","这样；那样；以这种方式；（独立作话语标记）好了/就这样（口语）","这样；那样；以这种方式；（独立作话语标记）好了/就这样（口语）","已人工审校","本条聚焦副词/话语标记用法：gjør det sånn（就这样做）；句首单独说 Sånn! 可表示事情做好了（好了！）。sånn 也可作指示限定词，性数形式有 sånt、sånne；约数语境中还可表示‘大约’，都不能不看句法地套用同一译法。https://ordbokene.no/nob/bm/s%C3%A5nn","2026-09-25"
"形容词|selvsagt","selvsagt","selvsagt","形容词","A2","表达与强调","理所当然的；不言而喻的；（作副词）当然/自然","理所当然的；不言而喻的；（作副词）当然/自然","已人工审校","修饰名词或作表语时是形容词：et selvsagt valg（理所当然的选择）、Det er selvsagt at ...（……显而易见）。作副词时表示‘当然/自然’，如 Han vet selvsagt ikke om det。单独回答 Selvsagt! 是‘当然！’。https://ordbokene.no/bm/selvsagt","2026-09-25"
"副词|virkelig","virkelig","virkelig","副词","A2","表达与强调","确实；真的；（加强程度）真是/非常","确实；真的；（加强程度）真是/非常","已人工审校","副词用法表示事实确实如此，或加强后面的形容词/副词：Det er virkelig sant（这确实是真的）；virkelig god（非常好）。问题句中也可表达惊讶或不敢相信。virkelig 另有形容词义‘真实的/实际存在的’，是不同句法用法。https://ordbokene.no/bm/virkelig","2026-09-25"
"形容词|stakkars","stakkars","stakkars","形容词","A2","表达与情绪","可怜的；真不幸（表达同情）","可怜的；真不幸（表达同情）","已人工审校","常置于名词前或用来称呼某人，表达说话人的怜悯/同情，不是单纯陈述‘穷困’或‘倒霉’。这个形容词不变形：stakkars mannen、stakkars barn。https://ordbokene.no/bm/56593","2026-09-25"
"名词|presentasjon","presentasjon","en presentasjon","名词","A2","表达与展示","展示/介绍；演示或汇报；（把人互相介绍的）介绍环节","展示/介绍；演示或汇报；（把人互相介绍的）介绍环节","已人工审校","指把内容、结果或作品呈现给别人，也可指把两个人介绍认识。具体是课堂汇报、产品展示还是人物介绍，要看宾语和场景；不应一律理解成幻灯片。https://ordbokene.no/bm/search?q=presentasjon","2026-09-25"
"动词|presentere","presentere","å presentere","动词","A2","表达与展示","展示/陈述；介绍某人；自我介绍；（剧院等）推出作品","展示/陈述；介绍某人；自我介绍；（剧院等）推出作品","已人工审校","presentere noe 是展示内容或作品；presentere noen for noen 是把某人介绍给另一人；presentere seg 是介绍自己/报上姓名。宾语和介词结构决定具体意思。常见变位 presentere–presenterer–presenterte–har presentert。https://ordbokene.no/bm/presentere","2026-09-25"
"名词|bomull","bomull","bomull","名词","A2","材料与衣物","棉花；棉纤维；棉布/棉制材料（依语境）","棉花；棉纤维；棉布/棉制材料（依语境）","已人工审校","可指棉株、纺织用棉纤维或棉絮/药棉等材料；说衣物时常用 bomull 表示棉料。通常作为材料名不可数。词典列阳性 en bomull，也允许阴性 ei bomull。https://ordbokene.no/bm/bomull","2026-09-25"
"名词|matpakke","matpakke","ei matpakke","名词","A2","餐食与学校","自带午餐；外带午餐（挪威常见为面包片和配料）","自带午餐；外带午餐（挪威常见为面包片和配料）","已人工审校","通常指自己准备、带去学校或工作场所吃的一餐，在挪威常见内容是面包片/三明治；不一定是中式饭盒或热饭。词典允许阳性 en 和阴性 ei：matpakken / matpakka。https://ordbokene.no/bm/37395","2026-09-25"
"名词|servitør","servitør","en servitør","名词","A2","餐饮与服务","餐厅服务员；侍者","餐厅服务员；侍者","已人工审校","指在餐馆等场所负责接待、点单、上菜的工作人员。词形上是阳性名词 en servitør，但职业本身不限定性别；需明确性别时可用 kvinnelig/mannlig servitør。https://ordbokene.no/bm/servitør","2026-09-25"
"名词|taktikk","taktikk","en taktikk","名词","A2","策略与比赛","战术；为达到目标制定的策略/具体做法","战术；为达到目标制定的策略/具体做法","已人工审校","体育/军事语境多译‘战术’；为达到某个目标而选择的安排或行动方法可译‘策略/做法’。强调具体手段，不必然等同于整体长期规划（战略）。https://ordbokene.no/bm/taktikk","2026-09-25"
"名词|omgangssyke","omgangssyke","en omgangssyke","名词","A2","常见疾病","传染性胃肠炎；俗称肠胃炎（常伴呕吐、腹泻）","传染性胃肠炎；俗称肠胃炎（常伴呕吐、腹泻）","已人工审校","特指具有传染性的胃肠道疾病，常见症状是呕吐和腹泻；不是泛指胃不舒服，也不代表已确定某一种病原体。表示患病常说 ha omgangssyke。https://ordbokene.no/bm/42111","2026-09-25"
"副词|naturligvis","naturligvis","naturligvis","副词","A2","常用副词","当然；自然；理所当然（表示说话人认为某事顺理成章）","当然；自然；理所当然（表示说话人认为某事顺理成章）","已人工审校","表达说话人认为某事合乎预期或理所当然，常译‘当然’。它修饰整句表达判断，不是描述动作以‘自然的方式’完成。https://ordbokene.no/bm/naturligvis","2026-09-25"
"介词|bak","bak","bak","介词","A2","常用介词","在……后面；（时间/顺序）在……之前；（引申）背后、支持","在……后面；（时间/顺序）在……之前；（引申）背后、支持","已人工审校","空间位置：bak huset（在房子后面）；时间/顺序上可表示早于或位于前几代：generasjonene bak oss；也可指幕后原因/负责人或支持某立场：drivkraften bak planen、ha folket bak seg。‘一周后’说 om en uke，不说 bak en uke。https://ordbokene.no/nob/bm/bak","2026-09-25"
"介词|under","under","under","介词","A2","常用介词","在……下面；在……期间；低于/少于；处于……管理或影响之下","在……下面；在……期间；低于/少于；处于……管理或影响之下","已人工审校","under bordet 是空间‘桌子下面’；under møtet 是‘会议期间’；under 20 år 是‘不到20岁’；under press 是‘承受压力’。依据后接地点、时间、数值或状态名词判断。https://ordbokene.no/bm/under","2026-09-25"
"介词|uten","uten","uten","介词","A2","常用介词","没有/缺少；不做……；不带……；除……之外","没有/缺少；不做……；不带……；除……之外","已人工审校","uten + 名词表示缺少某物/某人；uten å + 动词原形表示没有做某事；列举时也可表示排除，如 alle uten henne（除了她以外的所有人）。https://ordbokene.no/bm/uten","2026-09-25"
"介词|via","via","via","介词","A2","常用介词","经由；通过（路线、渠道或媒介）","经由；通过（路线、渠道或媒介）","已人工审校","可指路线中途经过某处（via Hamar），也可指信息或服务传递渠道（via en venn）。须符合路径/传递媒介语境，不是任何‘借助’都能用 via。https://ordbokene.no/bm/via","2026-09-25"
"名词|torg","torg","et torg","名词","A2","城市与地点","城镇广场；集市（通常指在广场上举行的市场）","城镇广场；集市（通常指在广场上举行的市场）","已人工审校","中性名词 et torg。可指城镇公共广场，也可指在广场上卖菜、卖花的集市；møtes på torget 是在广场见面，kjøpe grønnsaker på torget 则是在集市买菜。https://ordbokene.no/bm/torg","2026-09-25"
"名词|hovedgate","hovedgate","en hovedgate","名词","A2","城市与方向","主街；城镇的主要街道","主街；城镇的主要街道","已人工审校","由 hoved（主要）+ gate（街）构成，指城镇中具有主要地位的一条街，不一定是唯一或最长的街。阳性定指 hovedgaten，也可用阴性 hovedgata。https://ordbokene.no/bm/hovedgate","2026-09-25"
"名词|storby","storby","en storby","名词","A2","城市与方向","大城市；人口较多的城市","大城市；人口较多的城市","已人工审校","词典核心定义以居民数量多为准；它并不自动表示首都或行政特区。例子包括 London 和 Paris。Bokmålsordboka：https://ordbokene.no/bm/storby","2026-09-25"
"名词|senter","senter","et senter","名词","A2","城市与购物","中心；（商业/服务）中心；购物中心（依语境）","中心；（商业/服务）中心；购物中心（依语境）","已人工审校","本条是中性名词 et senter，可指几何中心或商店/服务集中的场所。i sentrum 通常指在市中心，på senteret 常指去购物中心。另有阳性同形词 en senter（体育中锋），是另一词条。https://ordbokene.no/bm/senter","2026-09-25"
"副词|enda","enda","enda","副词","A2","程度与比较","还/仍然；再/另外；更加；尽管如此/还是（依句法）","还/仍然；再/另外；更加；尽管如此/还是（依句法）","已人工审校","副词可表示状态仍持续、再增加一次/一些、比较程度进一步提高，或‘尽管如此/还是’；enda 另有连词用法‘虽然/尽管’，需按后续结构区分。https://ordbokene.no/bm/enda","2026-09-25"
"形容词|mest","mest","mest","形容词","A2","程度与比较","最多的；最大程度的；最……（用于构成最高级）","最多的；最大程度的；最……（用于构成最高级）","已人工审校","mye/mange 的最高级，也可作副词。表示数量最多、动作程度最大或构成最高级；还可表示‘通常/主要’，弱读时有‘几乎’义。de fleste 才是常见的‘大多数人/物’，不可把 mest 与 flest 一概混用。https://ordbokene.no/bm/mest","2026-09-25"
"副词|altfor","altfor","altfor","副词","A2","程度与描述","太；过于；（否定结构中）不怎么/不算特别","太；过于；（否定结构中）不怎么/不算特别","已人工审校","肯定结构表示程度过头（altfor dyr，太贵）；ikke altfor bra 常是‘不太好/不算特别好’，语气没有‘非常糟糕’那么强。https://ordbokene.no/bm/altfor","2026-09-25"
"形容词|gammeldags","gammeldags","gammeldags","形容词","A2","程度与描述","老式的；过时的；传统的（依语境和评价）","老式的；过时的；传统的（依语境和评价）","已人工审校","中性说风格来自过去可译‘老式/传统’；评价观念或规则不合现代时常带‘过时’的批评意味。也可作方式副词 gammeldags。https://ordbokene.no/bm/gammeldags","2026-09-25"
"名词|grad","grad","en grad","名词","A2","程度与描述","度；程度；级别/学位（依语境）","度；程度；级别/学位（依语境）","已人工审校","阳性名词 en grad。温度/角度常用 grader；i høy grad 是‘在很大程度上’；还可指学历、军衔等级和语法比较等级。https://ordbokene.no/nob/bm/grad","2026-09-25"
"形容词|hard","hard","hard","形容词","A2","程度与描述","硬的；艰难/艰苦的；强烈/严厉的；（副词）努力地/猛烈地","硬的；艰难/艰苦的；强烈/严厉的；（副词）努力地/猛烈地","已人工审校","看所修饰对象：hard seng 是硬床，hard prøve 是艰难的考试，harde kår 是艰苦条件，hard dom 是严厉判决；修饰动词时常用副词 hardt。浓咖啡更常说 sterk kaffe。https://ordbokene.no/bm/hard","2026-09-25"
"形容词|herlig","herlig","herlig","形容词","A2","程度与描述","极好的；令人愉快的；（副词）美妙地/非常（依结构）","极好的；令人愉快的；（副词）美妙地/非常（依结构）","已人工审校","形容天气、食物、假期或人时语气热情；作副词可表示味道/感受极好，也可在特定搭配中加强程度。https://ordbokene.no/bm/herlig","2026-09-25"
"形容词|kjent","kjent","kjent","形容词","A2","程度与描述","熟悉的；为人所知的；知名的（依结构）","熟悉的；为人所知的；知名的（依结构）","已人工审校","kjent for 是因某事出名；kjent med 是熟悉某事。说‘我认识某人’通常用 kjenne ham/henne，而不是把 kjent 当动词‘认识’。https://ordbokene.no/bm/29548","2026-09-25"
"形容词|merkelig","merkelig","merkelig","形容词","A2","程度与描述","奇怪的；不同寻常的；（依语境）特别/耐人寻味的","奇怪的；不同寻常的；（依语境）特别/耐人寻味的","已人工审校","可表示引人注意、出乎寻常，也可表示独特、有意思；不应一律译成负面的‘古怪’。还可作副词修饰后词。https://ordbokene.no/nob/bm/merkelig","2026-09-25"
"形容词|ordentlig","ordentlig","ordentlig","形容词","A2","程度与描述","像样的；规矩/得体的；真正的；（副词）好好地/非常","像样的；规矩/得体的；真正的；（副词）好好地/非常","已人工审校","可评价质量、行为；作副词时可表示得体地/好好地，也可加强程度为‘非常’。https://ordbokene.no/bm/ordentlig","2026-09-25"
"形容词|rask","rask","rask","形容词","A2","程度与描述","快的；迅速的；敏捷的；健康而有活力的（依语境）","快的；迅速的；敏捷的；健康而有活力的（依语境）","已人工审校","可说速度/反应快，也可在 frisk og rask 中指健康、有精神；副词形式为 raskt。另有同形名词 et rask‘垃圾/废料’。https://ordbokene.no/bm/rask","2026-09-25"
"形容词|sterk","sterk","sterk","形容词","A2","程度与描述 / 未来计划与目标","强壮的；强劲/牢固的；强烈/浓烈的；擅长的（依搭配）","强壮的；强劲/牢固的；强烈/浓烈的；擅长的（依搭配）","已人工审校","可描述力量、耐用、意志、声音/味道强度；sterk kaffe 是浓咖啡，sterk i regning 是数学擅长。由搭配判断具体义。https://ordbokene.no/bm/sterk","2026-09-25"
"形容词/副词|utrolig","utrolig","utrolig","形容词/副词","A2","程度与评价","难以置信的；令人惊讶的；（加强语气）非常","难以置信的；令人惊讶的；（加强语气）非常","已人工审校","作形容词是难以相信的；口语里常作加强副词‘非常’，如 utrolig flink（特别能干）。https://ordbokene.no/bm/utrolig","2026-09-25"
"副词|helt","helt","helt","副词","A2","程度与强调","完全；彻底；（作程度副词）非常","完全；彻底；（作程度副词）非常","已人工审校","本卡的 helt 是副词：helt ferdig（完全做完）、helt sikker（完全确定）、helt fantastisk（非常棒）。它不是‘整整一年’中的 helt：et helt år 里 helt 是形容词 hel 的中性形式；句法位置和所修饰的词决定词性。词典将副词义列在 hel 词条下。https://ordbokene.no/bm/hel","2026-09-25"
"形容词|absolutt","absolutt","absolutt","形容词","A2","程度与确定性","绝对的；无条件的；完全的","绝对的；无条件的；完全的","已人工审校","作形容词时表示不附带条件或限制：et absolutt krav（绝对要求）。absolutt 也可作副词表示‘坚决地/一定要’，或单独回答‘当然、绝对可以’；这些副词用法不应混进形容词主释义。形容词形式 absolutt 在阳性/阴性和中性相同，复数及定指形式为 absolutte。https://ordbokene.no/bm/absolutt","2026-09-25"
"副词|bitte","bitte","bitte","副词","A2","程度与数量","极其（常修饰“小”）；极少、一点点（bitte litt）","极其（常修饰“小”）；极少、一点点（bitte litt）","已人工审校","bitte 是程度副词，常放在 liten/lite/små 前表示‘极小’，或放在 litt 前表示‘极少、一点点’：et bitte lite hus（一栋极小的房子）、bitte litt mer tid（再多一点点时间）。不要把它当英语 please‘请’。https://ordbokene.no/bm/bitte","2026-09-25"
"副词|nesten","nesten","nesten","副词","A2","程度与数量","几乎；差一点；大约；（缓和判断）差不多可以说","几乎；差一点；大约；（缓和判断）差不多可以说","已人工审校","表示接近某个状态或数量，但通常尚未完全达到：nesten ferdig（差不多完成）、nesten alle（几乎所有）。在 jeg tror nesten det 中，它不是‘差一点相信’，而是让判断听起来不那么绝对，可译‘我想大概是吧’。https://ordbokene.no/bm/nesten","2026-09-25"
"副词|nokså","nokså","nokså","副词","A2","程度与语气","相当；颇；还算（程度副词）","相当；颇；还算（程度副词）","已人工审校","表示达到一定程度，常译‘相当/颇/还算’，语气通常没有 veldig（非常）那么强。可以修饰性质形容词（nokså liten，相当小）或数量表达（nokså mange，相当多）；具体褒贬由所修饰内容决定。https://ordbokene.no/bm/nokså","2026-09-25"
"动词|vare","vare","å vare","动词","A2","持续与经营","持续；延续；（商品、优惠等）有效；够用/耐用（依主语）","持续；延续；（商品、优惠等）有效；够用/耐用（依主语）","已人工审校","时间或活动作主语时表示持续多久：Filmen varer i to timer（电影时长两小时）；优惠作主语时表示有效期：Tilbudet varer til fredag（优惠有效至周五）。物品作主语可表示能用多久/耐用多久，不是‘保存某物’。注意同形名词 en vare 是‘商品’。https://ordbokene.no/bm/vare","2026-09-25"
"名词|ryggsekk","ryggsekk","en ryggsekk","名词","A2","出行与随身物品","背包；背在背上的包","背包；背在背上的包","已人工审校","字面由 rygg（背）+ sekk（袋）构成，指背在身上的包，不专指登山包；徒步用途可进一步说 tursekk。","2026-09-25"
"动词|skjære","skjære","skjære","动词","A2","厨房与动作","切；割；切开/切成片（依宾语和结构）","切；割；切开/切成片（依宾语和结构）","已人工审校","用刀等锋利工具分开或切开：skjære brød（切面包）、skjære noe i skiver（把某物切成片）；skjære seg 表示把自己划伤。过去式是 skar，完成分词是 skåret。词典还收录‘交叉、急速移动、发出刺耳声’等引申义，需由主语和搭配判断。https://ordbokene.no/bm/skj%C3%A6re","2026-09-25"
"动词|feile","feile","å feile","动词","A2","错误与解决","出错；犯错；失败；（固定句式中）有毛病/不舒服","出错；犯错；失败；（固定句式中）有毛病/不舒服","已人工审校","人做事没成功或判断错误时，feile 表示‘失败/出错’：Han prøvde og feilet（他尝试了，但失败了）。问 Hva feiler det deg? 是‘你哪里不舒服/你怎么了？’；这里用的是 det feiler noen noe 的结构，不是把 feile 直接理解成‘生病’。https://ordbokene.no/bm/feile","2026-09-25"
"名词|mastergradsstudent","mastergradsstudent","en mastergradsstudent","名词","A2","大学学习","硕士研究生；正在攻读硕士学位的学生","硕士研究生；正在攻读硕士学位的学生","已人工审校","由 mastergrad（硕士学位）+ student（学生）构成，指正在读硕士项目的人，不表示此人已经取得硕士学位。mastergradsstudent 是复合名词，中心词 student 为阳性：en mastergradsstudent。https://www.ntnu.edu/now/vocabulary/table-m","2026-09-25"
"名词|semesteravgift","semesteravgift","en semesteravgift","名词","A2","大学与费用","学期费；（尤指）高校学生每学期缴纳的费用","学期费；（尤指）高校学生每学期缴纳的费用","已人工审校","semesteravgift 是每半年/每学期缴纳的费用，尤其指大学和学院学生缴纳的学期费。挪威语词典将它定义为学生向高校相关制度缴纳的半年费用；不要直接等同于学费 studieavgift 或某门课程的 kursavgift。https://ordbokene.no/bm%2Cnn/semesteravgift","2026-09-25"
"名词|semesterkort","semesterkort","et semesterkort","名词","A2","大学与费用","学期学生证；学生身份卡","学期学生证；学生身份卡","已人工审校","按 NTNU NoW 课程词汇，semesterkort 是能证明学生身份的学期卡。复合词中心词 kort 决定性别：et semesterkort；与银行卡/交通票卡不是同一概念，具体功能可能因学校而异。https://www.ntnu.edu/now/vocabulary/table-s","2026-09-25"
"名词|studieplan","studieplan","en studieplan","名词","A2","大学与学习安排","学习项目计划；专业课程安排","学习项目计划；专业课程安排","已人工审校","Bokmålsordboka 将 studieplan 解释为‘某项学习项目的计划’。因此它通常指某专业/课程项目的结构安排，不是个人每天的自习时间表。https://ordbokene.no/bm/studieplan","2026-09-25"
"名词|studium","studium","et studium","名词","A2","大学与学习安排","大学/学院的专业或学位项目；大学学习（过程）","大学/学院的专业或学位项目；大学学习（过程）","已人工审校","Bokmålsordboka 的两个核心义分别是高校学习项目，以及就读一个或多个此类项目的过程/时段。不是泛指一节课；与 et kurs（课程/培训班）区分。https://ordbokene.no/bm/studium","2026-09-25"
"名词|seminar","seminar","et seminar","名词","A2","大学与学习活动","研讨课；研讨会","研讨课；研讨会","已人工审校","在大学课程中，seminar 通常是以练习和讨论为主的教学形式；在工作或学术活动中也可指有专业报告与讨论的会议。翻译成‘研讨课’还是‘研讨会’要看它是否属于课程。https://ordbokene.no/bm/seminar","2026-09-25"
"名词|område","område","et område","名词","A2","地点与范围","区域；领域；范围（依语境）","区域；领域；范围（依语境）","已人工审校","指具体地理区域时是‘地区/区域’；用于专业或话题时是‘领域’，如 være spesialist på et område（是某领域的专家）。‘范围’用于抽象覆盖边界，不要把它误当成必然有行政边界的地区。https://ordbokene.no/bm/OMR%C3%85DE","2026-09-25"
"副词|overalt","overalt","overalt","副词","A2","地点与方位","到处；所有地方","到处；所有地方","已人工审校","Bokmålsordboka 的核心释义是 alle steder（所有地方）；overalt 是不变地点副词，可说 lete overalt（到处找），也可描述抽象事物传播各处。清除了原释义末尾混入的英文 everywhere。https://ordbokene.no/bm/overalt","2026-09-25"
"名词|sted","sted","et sted","名词","A2","地点与空间","地方；地点；（较小的）部位；住所/房产（依语境）","地方；地点；（较小的）部位；住所/房产（依语境）","已人工审校","可指地理地点、较大物体中的一个部位，也可指城镇、住处或房产。固定表达 finne sted 意为‘发生’，不是‘找到一个地方’；具体义由搭配判断。https://ordbokene.no/bm/sted","2026-09-25"
"名词|festning","festning","ei/en festning","名词","A2","地点与历史","要塞；防御工事；（引申）难以攻破的堡垒","要塞；防御工事；（引申）难以攻破的堡垒","已人工审校","指有城墙、壕沟等防御设施的大型军事建筑；可用阳性 en 或阴性 ei。它不等于以居住/宫廷功能为主的 slott（城堡/宫殿）；比喻义可指难以突破或动摇的事物。https://ordbokene.no/bm%2Cnn/festning","2026-09-25"
"动词|registrere","registrere","å registrere","动词","A2","登记与申请","登记/录入；记录、注意到；自动测量（依语境）","登记/录入；记录、注意到；自动测量（依语境）","已人工审校","登记资料时表示把信息录入名册/系统；也可表示记下、注意到，或仪器自动测量（如 seismograf registrerer jordskjelv）。registrere seg 是‘登记自己/注册’，不能把所有语境都译成行政备案。https://ordbokene.no/bm/registrere","2026-09-25"
"名词|telefonsamtale","telefonsamtale","en telefonsamtale","名词","A2","电话与联系","电话交谈；一次电话通话","电话交谈；一次电话通话","已人工审校","由 telefon + samtale 构成，重点是通过电话进行的谈话过程/内容；和电话设备、一次来电区分。Bokmålsordboka 将‘电话交谈’列为 telefon 的一个义项。https://ordbokene.no/bm/telefon","2026-09-25"
"形容词|bærbar","bærbar","bærbar","形容词","A2","电脑与设备","便携的；可携带的","便携的；可携带的","已人工审校","词典义是体积/重量小到可以携带，常修饰 datamaskin（电脑）；bærbar 本身并不专指笔记本电脑，省略 datamaskin/PC 时才可名词化指便携电脑。https://ordbokene.no/bm/b%C3%A6rbar","2026-09-25"
"名词|tast","tast","en tast","名词","A2","电脑与设备","按键；键盘键；（设备上的）按钮","按键；键盘键；（设备上的）按钮","已人工审校","指电脑、电话等设备上可按下的单个键/按钮。键盘整体是 tastatur，门钥匙是 nøkkel；根据设备语境译为‘键’或‘按钮’。https://ordbokene.no/nob/search?dict=bm%2Cnn&q=tast&scope=eif","2026-09-25"
"名词|brukernavn","brukernavn","et brukernavn","名词","A2","电脑与网络","用户名；登录名","用户名；登录名","已人工审校","由 bruker（使用者）+ navn（名称）构成，指系统用来识别账户的名称；不等于 passord（密码），也不一定是真实姓名。登录时常与 passord 成对出现。https://ordbokene.no/bm/bruker","2026-09-25"
"名词|datamaskin","datamaskin","en datamaskin","名词","A2","电脑与网络","计算机；电脑（可处理大量数据的电子设备）","计算机；电脑（可处理大量数据的电子设备）","已人工审校","Bokmålsordboka 的定义强调自动处理大量数据；可指台式机、笔记本等，不限于个人电脑。pc 通常特指面向单个用户的个人电脑。https://ordbokene.no/bm/datamaskin","2026-09-25"
"名词|snøball","snøball","en snøball","名词","A2","冬季活动","雪球；（比喻）愈滚愈大的连锁发展","雪球；（比喻）愈滚愈大的连锁发展","已人工审校","本义是用湿雪团成的圆球；比喻 snøballen begynner å rulle 指某种发展一旦启动就不断扩大，常说 snøballeffekt（滚雪球效应），不是“雪球战”。https://ordbokene.no/bm/55278","2026-09-25"
"名词|snøballkrig","snøballkrig","en snøballkrig","名词","A2","冬季活动","打雪仗；雪球战","打雪仗；雪球战","已人工审校","透明复合词 snøball（雪球）+ krig（战争/争斗），日常指互相投雪球的游戏，不是军事战争。要说一场打雪仗，可结合语境译作“打雪仗”。https://ordbokene.no/bm/55278","2026-09-25"
"名词|snømann","snømann","en snømann","名词","A2","冬季活动","雪人；用湿雪堆成的人形雪雕","雪人；用湿雪堆成的人形雪雕","已人工审校","由湿雪堆成、做成人形的雪雕；阳性名词，复数是不规则形式 snømenn–snømennene，不要按普通名词规律写成 snømanners。https://ordbokene.no/bm/55325","2026-09-25"
"名词|man","man","en man","名词","A2","动物与自然","（马颈上的）鬃毛","（马颈上的）鬃毛","已人工审校","这是名词 man（可用 en 或 ei），指马颈上方又长又厚的毛；不是 mann（男人），也不是代词 man（泛指‘人/大家’）。https://ordbokene.no/nno/bm/man","2026-09-25"
"名词|sjiraff","sjiraff","en sjiraff","名词","A2","动物与自然","长颈鹿","长颈鹿","已人工审校","指生活在非洲、脖子很长的反刍动物。sjiraff 是阳性名词 en sjiraff；描述动物时词的语法性别不表示具体动物一定是雄性。https://ordbokene.no/bm/sjiraff","2026-09-25"
"动词|trekke","trekke","å trekke","动词","A2","动作与变化","拉/拖；抽出；吸入；吸引；撤回；扣除；（食物）浸煮；迁徙（依结构）","拉/拖；抽出；吸入；吸引；撤回；扣除；（食物）浸煮；迁徙（依结构）","已人工审校","不规则变化 trekke–trekker–trakk–trukket。核心动作是拉动/带动，但宾语和结构会改变译法：trekke pusten（吸气）、trekke et kort（抽一张牌）、trekke tilbake et forslag（撤回提案）、trekke fra（扣除）、pølsene skal trekke（香肠用热水浸煮）。https://ordbokene.no/bm/62055","2026-09-25"
"动词|stikke","stikke","å stikke","动词","A2","动作与出行","刺；戳；伸入/放入；（stikke innom/bort）顺道去一下","刺；戳；伸入/放入；（stikke innom/bort）顺道去一下","已人工审校","含义高度依赖结构：stikke seg på en nål=被针扎；stikke papirene i veska=把文件塞进包里；stikke innom=顺道拜访；stikke bort i butikken=去商店一趟。Bokmålsordboka：https://ordbokene.no/bm/stikke","2026-09-25"
"动词|stanse","stanse","å stanse","动词","A2","动作与交通","停下；使……停止；拦下/拦住","停下；使……停止；拦下/拦住","已人工审校","不及物时表示自身停止（bussen stanset）；及物时表示使某物/某人停下（stanse bilen/en person）。也可表示停止某项活动/付款。Bokmålsordboka：https://ordbokene.no/nob/bm/stanse","2026-09-25"
"动词|skrive","skrive","å skrive","动词","A2","读写与学习 / 学习与工作","写；书写；撰写；（日期/时间）写作；创作音乐（依语境）","写；书写；撰写；（日期/时间）写作；创作音乐（依语境）","已人工审校","除用笔或键盘写文字外，词典也收录日期表达（i dag skriver vi den 14. februar）、创作音乐等义。常见结构 skrive et brev（写信）、skrive på PC（用电脑写）、skrive om（改写/修订）；skrivemåten følger konteksten。https://ordbokene.no/bm/%C3%A5%20skrive","2026-09-25"
"动词|leke","leke","å leke","动词","A2","儿童与活动","玩耍；做游戏；假装扮演；（引申）轻率摆弄/拿……开玩笑","玩耍；做游戏；假装扮演；（引申）轻率摆弄/拿……开玩笑","已人工审校","孩子玩耍时可说 leke ute 或 leke med dokker；leke spion 是假装当间谍；leke med andres følelser 是拿别人的感情开玩笑。另有“轻快地掠过/浮现”用法，如 et smil lekte om munnen。https://ordbokene.no/nob/bm/leke","2026-09-25"
"名词|barne-tv","barne-TV","en barne-TV","名词","A2","儿童与媒体","儿童电视节目；少儿节目","儿童电视节目；少儿节目","已人工审校","Bokmålsordboka 定义为面向儿童的电视节目；阳性名词 en barne-TV，定指 barne-TV-en，复数 barne-TV-er。这里说的是节目类型，不是儿童使用的电视机。https://ordbokene.no/bm/barne-tv","2026-09-25"
"名词|dokke","dokke","ei/en dokke","名词","A2","儿童与玩具","玩偶；娃娃；（依语境）人体模型","玩偶；娃娃；（依语境）人体模型","已人工审校","dokke 与 dukke 都是词典认可的拼写，常用性别 en/ei；可指儿童玩具娃娃，也可指橱窗人体模型。比喻指打扮精致的女性或没有主见的人时带评价色彩，不适合作普通中性称呼。https://ordbokene.no/bm/10526","2026-09-25"
"代词|seg","seg","seg","代词","A2","反身代词","自己；自身（第三人称反身代词）","自己；自身（第三人称反身代词）","已人工审校","第三人称单复数反身代词，通常回指同一句主语：Hun vasker seg（她洗澡/清洗自己），De gleder seg（他们很期待/感到高兴）。具体中文常不必逐字译出“自己”；还常出现在固定结构里，如 sette seg（坐下）、føle seg ...（感觉……）。https://ordbokene.no/bm/seg","2026-09-25"
"副词|hjemover","hjemover","hjemover","副词","A2","方向与出行","朝家/家乡方向；往回家的路上","朝家/家乡方向；往回家的路上","已人工审校","表示朝家或家乡方向移动，不等同于已到家；på vei hjemover=在回家的路上。与 hjem（回家/到家）比较。Bokmålsordboka：https://ordbokene.no/bm/hjemover","2026-09-25"
"形容词|bratt","bratt","bratt","形容词","A2","方向与地形","陡的；陡峭的；（曲线或变化）急剧的","陡的；陡峭的；（曲线或变化）急剧的","已人工审校","描述坡面/道路时指倾斜很大；描述价格、曲线时可指变化幅度大，如 bratt fall（急剧下跌）。bratt 也可作副词，修饰 stige/skråne。Bokmålsordboka：https://ordbokene.no/bm/bratt","2026-09-25"
"动词|snu","snu","å snu","动词","A2","方向与动作","转身；转向/掉头；翻转；扭转趋势（依宾语和语境）","转身；转向/掉头；翻转；扭转趋势（依宾语和语境）","已人工审校","snu seg=转过身；snu bilen=把车掉头；snu stolen mot vinduet=把椅子转向窗户；snu utviklingen=扭转发展趋势。Bokmålsordboka：https://ordbokene.no/bm/snu","2026-09-25"
"形容词|direkte","direkte","direkte","形容词","A2","方向与方式","直达的；直接的；直率的；（副词）径直/直接地（依语境）","直达的；直接的；直率的；（副词）径直/直接地（依语境）","已人工审校","交通中 uten omveier eller avbrudd：direkte bussforbindelse（直达公交）；直接沟通/没有中间环节；描述说话方式时可指直率。Bokmålsordboka：https://ordbokene.no/bm/direkte","2026-09-25"
"副词|bort","bort","bort","副词","A2","方向与位置","到别处去；离开原处；不见/消失（依搭配）","到别处去；离开原处；不见/消失（依搭配）","已人工审校","核心方向是从当前位置移到更远的另一处，与表示向下的 ned 相区别：reise bort=离开去别处；visne bort=逐渐枯萎消失。Bokmålsordboka：https://ordbokene.no/bm/bort","2026-09-25"
"副词|hit","hit","hit","副词","A2","方向与位置","到这里；朝这里来；（书/分类中）归入这一处/组","到这里；朝这里来；（书/分类中）归入这一处/组","已人工审校","表示朝说话者所在处移动，与表示离开说话者位置的 dit 相对：kom hit=到这里来；haren hører hit=兔子归入这一类。注意 hit 还有同形名词义，需按词性区分。Bokmålsordboka：https://ordbokene.no/bm/hit","2026-09-25"
"副词|ned","ned","ned","副词","A2","方向与位置","向下；下来/下去；降低/减少（依搭配）","向下；下来/下去；降低/减少（依搭配）","已人工审校","表示从较高处到较低处，也可表示程度或数量降低；ned til Frankrike 在部分挪威语地理视角中可表示南下法国。方向相反的是 opp。Bokmålsordboka：https://ordbokene.no/bm/ned","2026-09-25"
"副词|tilbake","tilbake","tilbake","副词","A2","方向与移动","返回原处；回来/回去；向后；（数量/趋势）减少（依语境）","返回原处；回来/回去；向后；（数量/趋势）减少（依语境）","已人工审校","回到出发点可译“回来/回去”：vi er snart tilbake；也可指向后或回落，如 folketallet går tilbake（人口减少）。注意返回方向要结合说话者位置判断。Bokmålsordboka：https://ordbokene.no/bm/tilbake","2026-09-25"
"名词|hage","hage","en hage","名词","A2","房屋与户外空间","花园；院子；（较少见）围起来的牧场","花园；院子；（较少见）围起来的牧场","已人工审校","通常指住宅或农场旁可种花草、果蔬的围合土地；菜园可说 kjøkkenhage/grønnsakshage。词典还列有围起来的牧场义，常见于复合词；口语同形动词 hage 是“做园艺”，词性不同。https://ordbokene.no/bm/hage","2026-09-25"
"名词|hull","hull","et hull","名词","A2","房屋与物品状态","洞；孔；路面坑洼；空缺/知识漏洞；（口语贬义）偏僻破败的地方","洞；孔；路面坑洼；空缺/知识漏洞；（口语贬义）偏僻破败的地方","已人工审校","核心义是穿透或开在某物上的洞；在道路上指坑，在知识/论证中指缺漏。口语 et hull 可贬称偏僻或条件很差的地方；在某些语境也指监狱牢房。复数不定形式与原形相同：et hull–hull–hullene。https://ordbokene.no/bm/hull","2026-09-25"
"名词|avgift","avgift","en avgift","名词","A2","费用与服务","税费；规定收取的费用","税费；规定收取的费用","已人工审校","词典核心义是与某物销售、使用或消费相关缴纳的间接税；日常也常指规定收取的费用。具体是税、服务费还是手续费，要看复合词和收费对象；可用阳性 en avgift 或阴性 ei avgift。不要不加区分地等同于所有学费。https://ordbokene.no/bm/avgift","2026-09-25"
"动词|risikere","risikere","å risikere","动词","A2","风险与决定","冒……的风险；可能遭遇（通常是不利结果）","冒……的风险；可能遭遇（通常是不利结果）","已人工审校","常接名词或 å + 动词原形：risikere en bot（冒着被罚款的风险）、risikere å komme for sent（可能会迟到）。这里不是中性的“有可能”，通常暗示说话人不希望发生该结果。https://ordbokene.no/bm/risikere","2026-09-25"
"名词|frisør","frisør","en frisør","名词","A2","服务与日常","理发师；从事剪发、造型等工作的发型师","理发师；从事剪发、造型等工作的发型师","已人工审校","指以理发/头发造型为职业的人；gå til frisøren 通常是“去理发”，不一定是去找某位已知理发师。Bokmålsordboka 标为阳性名词 en frisør。https://ordbokene.no/bm/fris%C3%B8r","2026-09-25"
"动词|bedre","bedre","å bedre","动词","A2","改善与变化","改善；使……好转；（bedre seg）情况好转","改善；使……好转；（bedre seg）情况好转","已人工审校","及物用法表示让情况、健康或关系变得更好：bedre situasjonen（改善情况）；反身短语 bedre seg 表示自己/局势好转：været bedret seg（天气好转了）。请勿与形容词比较级 bedre（更好）混为一张动词卡。https://ordbokene.no/bm/bedre","2026-09-25"
"动词|dufte","dufte","å dufte","动词","A2","感官与日常","散发香气；闻起来香","散发香气；闻起来香","已人工审校","主语通常是花、咖啡、食物等气味来源，可说 det dufter kaffe（飘着咖啡香）或 dufte av blomster（散发花香）。这个动词本身带宜人香味的倾向；中性或难闻气味通常用 lukte。https://ordbokene.no/bm/dufte","2026-09-25"
"名词|larm","larm","en larm","名词","A2","感官与日常","喧闹声；嘈杂声；喧嚣","喧闹声；嘈杂声；喧嚣","已人工审校","指令人烦扰的吵闹或喧嚣，不是泛指任何声音；常用于城市、交通、人群等背景：byens larm（城市喧嚣）。词典标为阳性名词 en larm。https://ordbokene.no/bm/larm","2026-09-25"
"动词|lukte","lukte","å lukte","动词","A2","感官与日常","闻；嗅；散发气味；闻起来（依结构）","闻；嗅；散发气味；闻起来（依结构）","已人工审校","人或动物作主语时，lukte på noe 是主动去闻某物；某物作主语时，det lukter ... 表示散发某种气味，可好闻也可难闻。区别 dufte：后者通常强调香气。固定说 lukte lunta 是“察觉到不对劲”。https://ordbokene.no/bm/lukte","2026-09-25"
"动词|virke","virke","virke","动词","A2","感受与功能","起作用；产生效果；运转；显得/似乎；从事（依结构）","起作用；产生效果；运转；显得/似乎；从事（依结构）","已人工审校","medisinen virker 表示药开始起作用；maskinen virker 表示机器正常运转；han virker trøtt 表示他看起来累；virke for en sak 则是为某项事业工作/努力。词典还另列同形名词 virke（工作/木材），不要混入动词释义。https://ordbokene.no/bm/virke","2026-09-25"
"形容词|urettferdig","urettferdig","urettferdig","形容词","A2","感受与评价","不公平的；不公正的；（指指控等）无根据的","不公平的；不公正的；（指指控等）无根据的","已人工审校","描述判决、分配或待遇不符合公平原则；修饰 beskyldning（指控）时可表示“无根据的”。通常不直接评价某人“人品不好”。比较级常用 mer urettferdig。https://ordbokene.no/bm/urettferdig","2026-09-25"
"动词|føle","føle","å føle","动词","A2","感受与情绪","触摸检查；感觉到；感受到/觉得（依语境）","触摸检查；感觉到；感受到/觉得（依语境）","已人工审校","føle varsomt på såret 是轻轻触摸检查伤口；føle smerte 是感到疼痛；føle seg ensom 是觉得孤独；føle for noe 表示想做某事，føle med noen 则是同情某人。宾语和搭配决定是身体触感还是内心感受。https://ordbokene.no/bm/f%C3%B8le","2026-09-25"
"形容词|sliten","sliten","sliten","形容词","A2","感受与身体状态","疲惫的；用旧的、磨损的（物品/建筑）","疲惫的；用旧的、磨损的（物品/建筑）","已人工审校","人因劳动、压力或活动而疲惫：sliten etter jobb（下班后很累）；物品或房屋则表示明显用旧、状态欠佳：et slitent hus（一栋破旧的房子）。不要把物品的磨损义误用于描述人的情绪。https://ordbokene.no/bm/sliten","2026-09-25"
"名词|overraskelse","overraskelse","en overraskelse","名词","A2","感受与事件","惊讶；令人意外的事；惊喜（依语境）","惊讶；令人意外的事；惊喜（依语境）","已人工审校","既可指人感到意外这一反应，也可指让人意外的事物/事件；ha med en overraskelse til barna 是带一份惊喜给孩子们。它不必然是开心的，语气由上下文决定。https://ordbokene.no/bm/overraskelse","2026-09-25"
"动词|trives","trives","å trives","动词","A2","感受与适应","（在某处/做某事时）过得舒心；适应得好；（植物等）长势良好","（在某处/做某事时）过得舒心；适应得好；（植物等）长势良好","已人工审校","人作主语时常说 trives i byen / med arbeidet，表示在城市/工作中感觉舒适、适应良好；植物作主语时表示生长状态好。它不是单纯‘喜欢’，而是强调在环境或活动中的状态。https://ordbokene.no/bm/trives","2026-09-25"
"形容词|sur","sur","sur","形容词","A2","感受与味道","酸的；阴冷潮湿的；不高兴、板着脸的；（化学）酸性的","酸的；阴冷潮湿的；不高兴、板着脸的；（化学）酸性的","已人工审校","食物/味道可指酸味或变酸；天气 surt 表示阴冷、湿冷；描述人时是闷闷不乐、恼火。化学语境指 pH 小于 7。中文应按修饰对象选择，不要只记‘闹情绪’。https://ordbokene.no/bm/sur","2026-09-25"
"名词|huff","huff","et huff","名词","A2","感叹与反应","一声叹气；一声表示厌烦/不适的‘唉’","一声叹气；一声表示厌烦/不适的‘唉’","已人工审校","可数名词 et huff，指发出的一声 huff/叹气；和感叹词 huff（直接说出的‘唉呀/真烦’）分属不同词性。词典例句 utstøtte et huff 是‘发出一声叹息’。https://ordbokene.no/bm/huff","2026-09-25"
"感叹词|huff","huff","huff","感叹词","A2","感叹与反应","唉呀；哎哟；真烦/真糟（表达不满、惊惧或不舒服）","唉呀；哎哟；真烦/真糟（表达不满、惊惧或不舒服）","已人工审校","放在句首独立感叹，表达厌烦、惊惧或身体不适；如 huff, så mye mas!（唉，真够烦的！）。与名词 et huff（发出的一声叹息）区分。https://ordbokene.no/bm/huff","2026-09-25"
"动词|merke","merke","å merke","动词","A2","感知与标记","标记；留下痕迹；注意到/察觉到；感受到（依结构）","标记；留下痕迹；注意到/察觉到；感受到（依结构）","已人工审校","merke av på lista 是在名单上标记；merke at ... 是注意到/察觉到；merke en lukt 是闻到/察觉气味；merke seg noe 是把某事记在心上。过去时 merket/merka，完成分词 merket/merka。https://ordbokene.no/bm/merke","2026-09-25"
"动词|kikke","kikke","å kikke","动词","A2","感知与观察","瞥一眼；探头看；看一看；（同形另一词条）挑剔/抱怨","瞥一眼；探头看；看一看；（同形另一词条）挑剔/抱怨","已人工审校","常用义 kikke 是短暂看一眼：kikke gjennom et hull（从洞里往外看）、kikke innom（顺道拜访）；另有同形动词 kikke，意为批评/抱怨，如 kikke på maten。本卡主要学‘看一眼’义。https://ordbokene.no/bm/kikke","2026-09-25"
"形容词|lav","lav","lav","形容词","A2","高度与程度","低的；矮的；低沉/轻声的；数值低的（依语境）","低的；矮的；低沉/轻声的；数值低的（依语境）","已人工审校","人或建筑物高度小是‘矮/低’；音调低、声音轻时是低沉/低声；价格、利率、温度、数值较小时是低。另有同形名词 lav（地衣），属不同词性。https://ordbokene.no/bm/lav","2026-09-25"
"名词|fornavn","fornavn","et fornavn","名词","A2","个人信息","名字；名（与姓氏相对）","名字；名（与姓氏相对）","已人工审校","完整姓名中的个人名字部分，与 etternavn（姓）相对；一个人可以有两个 fornavn，因此不一定等于中文语境里的单个‘名’。固定表达 være på fornavn med noen 是彼此直呼名字、关系熟络。https://ordbokene.no/bm/fornavn","2026-09-25"
"名词|telefonnummer","telefonnummer","et telefonnummer","名词","A2","个人信息与联系","电话号码（用于拨打某个电话用户的数字组合）","电话号码（用于拨打某个电话用户的数字组合）","已人工审校","指用来拨通特定电话用户的一组号码，不是手机/电话设备本身，也不等于所有联系方式。挪威常见电话号码为八位数；en/et 两种性别均可用。https://ordbokene.no/bm/telefonnummer","2026-09-25"
"名词|erfaring","erfaring","en erfaring","名词","A2","工作经历与技能","经验；经历；亲身体验（依语境）","经验；经历；亲身体验（依语境）","已人工审校","可指通过亲身经历或练习获得的知识、技能、见识（ha erfaring），也可指带来认识的一件经历（en erfaring / flere erfaringer）。谈一般经验时常作不可数，具体经历可用复数。en/ei 两种名词性别均可。https://ordbokene.no/bm/erfaring","2026-09-25"
"动词|overvåke","overvåke","å overvåke","动词","A2","工作与安全","监测；监视；持续观察/监督","监测；监视；持续观察/监督","已人工审校","指持续留意并掌握某人或事的情况：医疗中监测心跳/病情，安保中监控道路/区域，也可监督局势。中文选择‘监测、监控、监督’取决于对象，不必一律译成带负面色彩的‘监视’。https://ordbokene.no/bm/overv%C3%A5ke","2026-09-25"
"名词|egenmelding","egenmelding","en egenmelding","名词","A2","工作与病假","自行申报短期病假；员工向雇主自行说明患病缺勤","自行申报短期病假；员工向雇主自行说明患病缺勤","已人工审校","这是员工本人向雇主说明短期病假的通知，不等同于医生开具的病假证明。具体可申报的天数和条件由劳动规定及雇佣关系决定；词条仅解释词义，不作制度资格承诺。https://ordbokene.no/nno/bm/egenmelding","2026-09-25"
"名词|byggfirma","byggfirma","et byggfirma","名词","A2","工作与公司","建筑公司；施工公司","建筑公司；施工公司","已人工审校","透明复合词 bygg（建造中的建筑/施工）+ firma（企业），通常指从事建筑施工的公司；不一定只建住宅，也可能承接维修或其他建筑工程。firmа 为中性，复数不定形与单数同形。词典来源为构词成分。https://ordbokene.no/bm/bygg https://ordbokene.no/bm/firma","2026-09-25"
"名词|møterom","møterom","et møterom","名词","A2","工作与会议","会议室；举行会议的房间","会议室；举行会议的房间","已人工审校","由 møte（会议）+ rom（房间）构成，指实际用于开会的房间；通常说 i møterommet（在会议室里）。是房间，不是会议本身。中性名词 et møterom。https://ordbokene.no/bm/m%C3%B8terom","2026-09-25"
"名词|konferanse","konferanse","en konferanse","名词","A2","工作与活动","会议；专题研讨会；专业大会（依规模和内容）","会议；专题研讨会；专业大会（依规模和内容）","已人工审校","通常是围绕议题、带有正式议程并有多人参与的讨论或专业活动；比日常的小型 møte（会议）更正式/专题化，但规模不一定都很大。翻成‘研讨会’还是‘大会’看参会人数和活动性质。https://ordbokene.no/bm/konferanse","2026-09-25"
"名词|byggeprosjekt","byggeprosjekt","et byggeprosjekt","名词","A2","工作与建设","建筑项目；建造工程","建筑项目；建造工程","已人工审校","由 bygge（建造）+ prosjekt（有计划、有期限的项目）构成，指以建造某栋建筑为目标的项目，也可泛指一项规模较大的建筑工程；不等于建成后的建筑物。https://ordbokene.no/bm/46585 https://naob.no/ordbok/byggeprosjekt","2026-09-25"
"名词|bygging","bygging","en bygging","名词","A2","工作与建设","建造；建设；施工（过程）","建造；建设；施工（过程）","已人工审校","指建造或正在被建造这一过程：bygging av nye boliger（建造新住宅）、under bygging（施工中）。若指已经建成的建筑物，应使用 bygning/bygg；不把过程名词释为‘建筑物’。可用 en/ei。https://ordbokene.no/bm/bygging","2026-09-25"
"名词|instituttleder","instituttleder","en instituttleder","名词","A2","工作与教育","高校院系/研究所负责人；系主任（具体职务依机构）","高校院系/研究所负责人；系主任（具体职务依机构）","已人工审校","复合词 institutt（高校中按学科划分的院系/研究所）+ leder（负责人），通常指大学或学院某学术单位的负责人。挪威机构设置不同，中文职称可能是系主任、研究所所长等，不应固定等同‘学院院长’。https://naob.no/ordbok/institutt https://ordbokene.no/bm/leder","2026-09-25"
"名词|lønn","lønn","ei lønn","名词","A2","工作与金钱","工资；薪水；劳动报酬；（同形词）椴树","工资；薪水；劳动报酬；（同形词）椴树","已人工审校","薪酬义是劳动或服务所得的报酬：ha lav lønn（工资低）、få lønn for arbeidet（因工作获得报酬）；也见于‘因果报应’表达 få lønn som fortjent。注意同形名词 lønn 还指椴树，发音/拼写相同但词义来源不同。https://ordbokene.no/bm/l%C3%B8nn","2026-09-25"
"动词|intervjue","intervjue","å intervjue","动词","A2","工作与媒体","采访；面试；进行访谈/询问","采访；面试；进行访谈/询问","已人工审校","与记者或媒体语境搭配时是采访；招聘时是面试候选人；调查或研究中则是访谈/询问受访者。共同点是通过提问获取信息；被采访/面试者常用 bli intervjuet。https://ordbokene.no/bm/intervjue","2026-09-25"
"形容词|profesjonell","profesjonell","profesjonell","形容词","A2","工作与评价","职业的；专业的；达到专业水准的","职业的；专业的；达到专业水准的","已人工审校","可指与职业工作相关（yrkesmessig）、以某活动为职业的人/活动，或高水准、专业可靠的服务与表现。作名词时可指职业选手/专业人士，但本词条按形容词学习；也有‘惯于做某种坏事的人’的贬义语境。https://ordbokene.no/bm/profesjonell","2026-09-25"
"名词|personale","personale","et personale","名词","A2","工作与人员","全体员工；某机构/单位的工作人员","全体员工；某机构/单位的工作人员","已人工审校","集合名词，统称同一工作地点或企业里受雇的人：hele personalet（全体员工）。它通常指一群员工，不是单个‘员工’；指一个员工可说 en ansatt。官方词典列出的复数是不定 personaler、定指 personala 或 personalene，不过实际最常见的仍是集合单数。https://ordbokene.no/bm/44767","2026-09-26"
"名词|arbeid","arbeid","et arbeid","名词","A2","工作与日常","工作；劳动；职业/有报酬的工作；工作成果或作品（依语境）","工作；劳动；职业/有报酬的工作；工作成果或作品（依语境）","已人工审校","中性名词 et arbeid。可指为达成目标进行的工作/劳动、固定有薪工作，也可指工作的成果（如一篇学生作品）；物理学中另有‘功’的专门义。ha arbeid 是有工作，et skriftlig arbeid 是一份书面作品；泛指职位或日常工作时，jobb 往往更口语。https://ordbokene.no/bm/2466","2026-09-26"
"名词|arbeidsdag","arbeidsdag","en arbeidsdag","名词","A2","工作与日常","工作日；一天的工作时段/工时","工作日；一天的工作时段/工时","已人工审校","阳性 en arbeidsdag。可指一天中实际工作的时段/每日工时（åtte timers arbeidsdag，八小时工作日），也可指不是节日或休息日的日子（i morgen er det arbeidsdag igjen，明天又是工作日）。看上下文判断是在说工时还是日历上的工作日；不等同于某人的整班/班次。https://ordbokene.no/bm/arbeidsdag","2026-09-26"
"名词|arbeidsliv","arbeidsliv","et arbeidsliv","名词","A2","工作与社会","劳动与就业领域；社会中的工作生活/职场体系","劳动与就业领域；社会中的工作生活/职场体系","已人工审校","中性抽象名词 et arbeidsliv，词典核心义是‘一个社会中的全部生产性劳动’。i arbeidslivet 常指进入就业/职业领域或处于在职状态，不只是某个人的办公室生活，也不是某个特定行业。与 arbeidsmiljø（工作场所的身心和社会环境）区分。https://ordbokene.no/bm/2551","2026-09-26"
"动词|levere","levere","å levere","动词","A2","工作与学习","送交；交付/送达；提交；提供/完成（依宾语和语境）","送交；交付/送达；提交；提供/完成（依宾语和语境）","已人工审校","规则动词 levere–leverer–leverte–har levert。对包裹、商品说 levere，通常是送达/交付；对作业或文件说 levere oppgaven，是提交/交作业；对表现或努力说 levere，可指拿出令人满意的表现；证据作宾语时是提出证据。宾语决定中文译法。https://ordbokene.no/bm/%C3%A5%20levere","2026-09-26"
"名词|overtid","overtid","en overtid","名词","A2","工作与学习","加班；正常/约定时间以外的时段；比赛加时","加班；正常/约定时间以外的时段；比赛加时","已人工审校","可用阳性 en 或阴性 ei，定指可说 overtiden/overtida。词典核心义是超出正常、约定或计划的时间。工作语境 jobbe overtid 是加班；体育比赛中 på overtid 是进入加时；也可形容事情比计划晚。不能一律译成‘加班’。https://ordbokene.no/bm%2Cnn/overtid","2026-09-26"
"名词|vikar","vikar","en vikar","名词","A2","工作与学校","临时替岗者；代班人员；代课老师（学校语境）","临时替岗者；代班人员；代课老师（学校语境）","已人工审校","阳性名词 en vikar，指暂时代替别人承担某个职位或工作的人。学校里可译‘代课老师’，但医院、办公室等场景也可指替班员工；它不特指教师，也不一定表示长期雇员。https://ordbokene.no/bm/VIKAR","2026-09-26"
"名词|vikarbyrå","vikarbyrå","et vikarbyrå","名词","A2","工作与招聘","临时用工/人员派遣机构；临时工中介","临时用工/人员派遣机构；临时工中介","已人工审校","中性名词 et vikarbyrå。词典释义是短期出租/派遣劳动力的企业，常译‘临时用工机构’或‘人员派遣公司’；它为用工单位提供临时人员，不只是替学校找代课老师。https://ordbokene.no/bm%2Cnn/vikarbyr%C3%A5","2026-09-26"
"名词|avdelingsleder","avdelingsleder","en avdelingsleder","名词","A2","工作与职业","部门负责人；部门主管","部门负责人；部门主管","已人工审校","阳性名词 en avdelingsleder，由 avdeling（部门）+ leder（负责人）构成，指某个部门的负责人。可用于企业、学校、医院或公共机构；具体权限和中文职称由组织架构决定，不保证一定是高层管理者。https://ordbokene.no/bm/avdelingsleder","2026-09-26"
"名词|barnehagelærer","barnehagelærer","en barnehagelærer","名词","A2","工作与职业","幼儿园教师；具有教育专业背景的学前教育工作者","幼儿园教师；具有教育专业背景的学前教育工作者","已人工审校","阳性名词 en barnehagelærer。词典定义强调其具有 pedagogisk utdanning（教育/教学专业教育），并在挪威 barnehage（学前幼儿园）工作；不是所有幼儿园员工的统称。https://ordbokene.no/bm/4571","2026-09-26"
"名词|læreryrke","læreryrke","et læreryrke","名词","A2","工作与职业","教师职业；教书这一行","教师职业；教书这一行","已人工审校","中性复合名词 et læreryrke，由 lærer（教师）+ yrke（职业）组成，指教师这一职业类别或某一种教师工作，不是一个具体教师（那是 lærer）。https://www.hf.ntnu.no/now/learnnow/voc/fcn09D.htm","2026-09-26"
"名词|prosjektleder","prosjektleder","en prosjektleder","名词","A2","工作与职业","项目负责人；项目经理","项目负责人；项目经理","已人工审校","阳性复合名词 en prosjektleder，由 prosjekt（项目）+ leder（负责人）组成，指负责组织、推进某个项目的人。‘项目经理’是常见译法，但不必然意味着企业中级别固定的经理；也可译‘项目负责人’，具体职责依项目和机构而定。https://ordbokene.no/bm/prosjektleiar%7Cprosjektleder","2026-09-26"
"名词|yrke","yrke","et yrke","名词","A2","工作与职业","职业；赖以谋生或经过专门训练从事的工作","职业；赖以谋生或经过专门训练从事的工作","已人工审校","中性名词 et yrke，指职业类别/职业领域；jobb 更常指一份具体工作或职位，bransje 才是行业。例：Hva er yrket ditt? 通常是在问‘你的职业是什么？’。https://ordbokene.no/bm/yrke","2026-09-26"
"名词|ekspert","ekspert","en ekspert","名词","A2","工作与专业","专家；某一领域知识丰富的人","专家；某一领域知识丰富的人","已人工审校","en ekspert 强调某人在特定领域具有深入知识，不一定是正式职称或管理职位。常用 ekspert på + 领域；不能泛译成所有专业工作人员。https://ordbokene.no/bm/ekspert","2026-09-26"
"名词|firma","firma","et firma","名词","A2","工作与组织","公司；企业","公司；企业","已人工审校","et firma 指经营业务的商业企业，常规语境译‘公司/企业’即可；‘事务所’只适用于律师、会计等专业机构语境，不是默认义。https://ordbokene.no/nno/search?dict=bm%2Cnn&q=firma&scope=eif","2026-09-26"
"名词|it-firma","IT-firma","et IT-firma","名词","A2","工作与组织","IT公司；信息技术企业","IT公司；信息技术企业","已人工审校","透明复合词 IT + firma，中心词 firma 为中性名词，因此说 et IT-firma、IT-firmaet。指从事信息技术业务的公司，不是泛指任何科技产品。https://www.ntnu.edu/now/vocabulary/list","2026-09-26"
"名词|sjef","sjef","en sjef","名词","A2","工作与组织","老板；主管；负责人（具体职位依组织而定）","老板；主管；负责人（具体职位依组织而定）","已人工审校","en sjef 是负责领导/管理某个企业、部门或团队的人，不一定是企业所有者。日常可译‘老板/主管’；部门语境可译‘部门负责人’。https://ordbokene.no/bm/sjef","2026-09-26"
"名词|skranke","skranke","en skranke","名词","A2","公共服务与办事","柜台；服务台（工作人员办理业务的窗口/台面）","柜台；服务台（工作人员办理业务的窗口/台面）","已人工审校","en skranke 指银行、图书馆、诊所等场所供工作人员接待或办理业务的柜台；具体可译‘服务台’或‘柜台’，不是泛指整个接待部门。https://ordbokene.no/bm/53497","2026-09-26"
"名词|nasjonalforsamling","nasjonalforsamling","en nasjonalforsamling","名词","A2","公共机构与社会","一国的民选立法机关；国民议会","一国的民选立法机关；国民议会","已人工审校","指一个国家由选举产生、负责立法的代表机构，是通用类别名；挪威本国的专名是 Stortinget。它不是所有政府部门的统称。https://ordbokene.no/nob/bm/nasjonalforsamling","2026-09-26"
"名词|parlament","parlament","et parlament","名词","A2","公共机构与社会","议会；立法机关","议会；立法机关","已人工审校","et parlament 是负责立法的代表机构，可指不同国家的议会。与 nasjonalforsamling 意义接近，具体机构名称依国家制度而异；挪威国家议会称 Stortinget。https://ordbokene.no/nno/search?dict=bm%2Cnn&q=parlament&scope=eif","2026-09-26"
"名词|rådhus","rådhus","et rådhus","名词","A2","公共建筑与地点","市政厅；市政府办公楼","市政厅；市政府办公楼","已人工审校","et rådhus 首先指建筑物，即市议会和市政管理机构办公的地方。不要把建筑名词直接当作‘市政府’这一行政机构；需看上下文。https://ordbokene.no/bm%2Cnn/r%C3%A5dhus","2026-09-26"
"名词|kommunikasjon","kommunikasjon","en kommunikasjon","名词","A2","沟通与工作","沟通；信息交流；通信；交通连接（依语境）","沟通；信息交流；通信；交通连接（依语境）","已人工审校","人际或工作语境通常是‘沟通/信息交流’；地点、交通语境也可指交通联系。抽象义常作不可数：god kommunikasjon；复数 kommunikasjoner 也可指交通/联络条件。https://ordbokene.no/bm/30994","2026-09-26"
"名词|kontakt","kontakt","en kontakt","名词","A2","沟通与联系","联系；联络；联系人；接触（依语境）","联系；联络；联系人；接触（依语境）","已人工审校","kontakt 可指建立/保持联系，也可指联系人；电器语境还可能指接触点或插座。ta kontakt med noen 是‘联系某人’；具体选义看结构和场景。https://ordbokene.no/nno/bm%2Cnn/kontakt","2026-09-26"
"形容词|tydelig","tydelig","tydelig","形容词","A2","沟通与描述","清楚的；明确的；明显可辨的","清楚的；明确的；明显可辨的","已人工审校","描述表达/说明时译‘清楚、明确’，描述迹象或变化时译‘明显’。比较级 tydeligere 常见于请求说得更清楚；不能所有语境都统一译成‘明显’。https://ordbokene.no/bm/tydelig","2026-09-26"
"名词|lekebutikk","lekebutikk","en lekebutikk","名词","A2","购物与儿童生活","玩具店；专门售卖玩具的商店","玩具店；专门售卖玩具的商店","已人工审校","透明复合词，以 butikk（商店）为中心词，整体指出售玩具的零售店；词形沿用 butikk：en lekebutikk–lekebutikken–lekebutikker–lekebutikkene。不要把 leke 单独当成这里的完整释义。构词部件：https://ordbokene.no/bm/leke 及 https://ordbokene.no/bm/butikk","2026-09-26"
"名词|supermarked","supermarked","et supermarked","名词","A2","购物与服务","大型超市；大型自助式食品与日用品商店","大型超市；大型自助式食品与日用品商店","已人工审校","中性名词 et supermarked–supermarkedet–supermarkeder–supermarkedene。词典核心义是商品种类很多的大型食品杂货店；比泛指的 butikk 更具体。https://ordbokene.no/bm/58399","2026-09-26"
"名词|tilbud","tilbud","et tilbud","名词","A2","购物与服务","优惠价；特价商品/促销；提议、主动提供的帮助；公共服务项目（依语境）","优惠价；特价商品/促销；提议、主动提供的帮助；公共服务项目（依语境）","已人工审校","et tilbud 的意思看搭配：på/ha tilbud 是商品特价；et tilbud om hjelp/job 是主动提出的帮助或工作机会；offentlig tilbud 可指公共服务。https://ordbokene.no/bm/tilbud","2026-09-26"
"名词|kvittering","kvittering","ei kvittering","名词","A2","购物与付款","收据；付款或交易凭证（纸质或电子均可）","收据；付款或交易凭证（纸质或电子均可）","已人工审校","ei/en kvittering，定指可用 kvitteringa/kvitteringen；它证明收款或交易已发生，纸质和电子形式都适用。退换货时常需要 ta vare på kvitteringen（保留收据）；不要把‘电子小票’误当成该词限定的唯一形式。https://ordbokene.no/bm/kvittering","2026-09-26"
"名词|rabatt","rabatt","en rabatt","名词","A2","购物与价格","折扣；从原价减去的金额或比例","折扣；从原价减去的金额或比例","已人工审校","购物语境的 en rabatt 指价格减免：få rabatt（享受折扣）、ti prosent rabatt（优惠百分之十）。注意另有同形词 rabatt 指花坛或道路中央绿化带；本词条按购物场景讲价格义。https://ordbokene.no/bm/RABATT","2026-09-26"
"名词|salg","salg","et salg","名词","A2","购物与价格","销售；出售；促销/特价销售（依搭配）","销售；出售；促销/特价销售（依搭配）","已人工审校","et salg 可指销售行为或销售活动；salg av billetter 是门票销售，være/på salg 在零售语境中指正在促销。不能脱离语境把所有 salg 都译成‘销售额’。https://ordbokene.no/bm/salg","2026-09-26"
"名词|skobutikk","skobutikk","en skobutikk","名词","A2","购物与衣着","鞋店；销售鞋类的商店","鞋店；销售鞋类的商店","已人工审校","透明复合词 sko（鞋）+ butikk（商店），中心词 butikk 决定阳性形式：en skobutikk–skobutikken–skobutikker–skobutikkene。构词部件：https://ordbokene.no/bm/sko 及 https://ordbokene.no/bm/butikk","2026-09-26"
"动词|svikte","svikte","å svikte","动词","A2","关系与可靠性","辜负；背弃；失灵；（身体）突然失去支撑；未能到场（依主语和搭配）","辜负；背弃；失灵；（身体）突然失去支撑；未能到场（依主语和搭配）","已人工审校","主语和宾语决定含义：svikte en venn/tilliten 是辜负朋友/失去信任；teknikken svikter 是技术失灵；knærne svikter 是膝盖发软；publikum svikter 可指观众没来。https://ordbokene.no/bm/svikte","2026-09-26"
"动词|fri","fri","å fri","动词","A2","关系与邀请","求婚；争取某人的支持或好感","求婚；争取某人的支持或好感","已人工审校","动词 å fri：frir–fridde–fridd。向伴侣求婚用 fri til noen；比喻地争取选民/观众支持也用 fri til，例如 frir til velgerne。不要与形容词 fri（自由的、免费的）混淆。https://ordbokene.no/bm/fri","2026-09-26"
"形容词|skeptisk","skeptisk","skeptisk","形容词","A2","观点与感受","怀疑的；不轻信的；持审慎质疑态度的","怀疑的；不轻信的；持审慎质疑态度的","已人工审校","常用 være skeptisk til + 人/事，表示对可靠性或说法有所保留；语气不一定是敌意，也可能是谨慎核实。https://ordbokene.no/bm/skeptisk","2026-09-26"
"动词|synes","synes","å synes","动词","A2","观点与感受 / 待归类","觉得；认为；感觉；喜欢/中意（依句型）","觉得；认为；感觉；喜欢/中意（依句型）","已人工审校","主观判断常用 synes (at) + 句子；口语里 at 常省略。询问评价可用 Hva synes du om …?；synes om + 人/事也可表示喜欢或有好感。与 tenke 的‘思考/打算’区分。https://ordbokene.no/bm/synes","2026-09-26"
"动词|insistere","insistere","å insistere","动词","A2","观点与交流","坚持；坚决要求；强调","坚持；坚决要求；强调","已人工审校","常见结构 insistere på + 名词、insistere på å + 动词原形，以及 insistere på at + 从句。på 是搭配的一部分；后面的结构决定是在坚持某事、坚持亲自去做，还是坚持某个主张。https://ordbokene.no/bm/insistere","2026-09-26"
"形容词|lys","lys","lys","形容词","A2","光线与颜色","明亮的；浅色的/金发的；（声音）高而清亮的；乐观的（依语境）","明亮的；浅色的/金发的；（声音）高而清亮的；乐观的（依语境）","已人工审校","描述房间是明亮；颜色或头发是浅色/金发；声音是音调偏高；心情或前景可表示开朗、乐观。形容词随性数变化 lys/lyst/lyse；名词 lys（光、灯、蜡烛）是同形异词。https://ordbokene.no/bm/lys","2026-09-26"
"动词|gjelde","gjelde","å gjelde","动词","A2","规则与相关性","适用；有效；涉及；代表/算作；重要（依结构）","适用；有效；涉及；代表/算作；重要（依结构）","已人工审校","billetten/reglene gjelder 是有效/适用；saken gjelder noe 是涉及某事；gjelde som 是算作/可作为；det gjelder å ... 是关键在于……。另有同形冷僻义“阉割”，日常词条不主练。https://ordbokene.no/bm/gjelde","2026-09-26"
"名词|lov","lov","en lov","名词","A2","规则与许可","法律；法规；许可（常见于 få/gi lov）","法律；法规；许可（常见于 få/gi lov）","已人工审校","en lov（法律）是阳性名词，复数 lover；许可义 lov 是另一个同形词条，可为中性或阳性，常见于 få lov til å、gi noen lov til å，不能把许可义机械套用“法律”的四种形式。https://ordbokene.no/bm/lov","2026-09-26"
"名词|nordmann","nordmann","en nordmann","名词","A2","国籍与身份","挪威人；来自挪威的人","挪威人；来自挪威的人","已人工审校","阳性名词 en nordmann；不规则复数 nordmenn，指来自挪威/属于挪威的人，不表示性别限定。https://ordbokene.no/eng/search?dict=bm&q=nordmann&scope=eif","2026-09-26"
"名词|flagg","flagg","et flagg","名词","A2","国家与标志","旗；旗帜；国旗（依图案和场景）","旗；旗帜；国旗（依图案和场景）","已人工审校","中性名词 et flagg–flagget–flagg–flaggene。可指代表国家、组织或公司的旗帜；det norske flagget 明确指挪威国旗。https://ordbokene.no/bm/flagg","2026-09-26"
"名词|hovedstad","hovedstad","en hovedstad","名词","A2","国家与城市","首都；某一地区的中心城市（引申用法）","首都；某一地区的中心城市（引申用法）","已人工审校","核心义是政府和中央行政机关所在地的城市；词典也收录某地区最大或最重要城市的引申义。https://ordbokene.no/bm/hovedstad","2026-09-26"
"名词|land","land","et land","名词","A2","国家与地理","国家；陆地；乡村；土地/地面（依语境）","国家；陆地；乡村；土地/地面（依语境）","已人工审校","et land 的不定复数 land 与单数同形。国家义、陆地义、乡村义（på landet）及耕地/地形义都要结合搭配区分，不能一律译成国家。https://ordbokene.no/bm/land","2026-09-26"
"名词|hjemland","hjemland","et hjemland","名词","A2","国家与身份","祖国；自己的国家；某事物的发源国","祖国；自己的国家；某事物的发源国","已人工审校","中性名词 et hjemland–hjemlandet–hjemland–hjemlandene。可指一个人自己的祖国/出生国，也可指某事物最初来自的国家；不必等同于当前国籍。https://ordbokene.no/bm/23761","2026-09-26"
"名词|dyp","dyp","et dyp","名词","A2","海洋与深度","深处；深水处；深度（名词）","深处；深水处；深度（名词）","已人工审校","本卡是中性名词 et dyp，指水下或其他事物的深处，也可指深度；另有形容词 dyp（深的），属于不同词性。https://ordbokene.no/bm/dyp","2026-09-26"
"动词|samarbeide","samarbeide","å samarbeide","动词","A2","合作与沟通","合作；协作；为共同目标一起工作","合作；协作；为共同目标一起工作","已人工审校","常用 samarbeide med + 合作对象、samarbeide om + 共同任务；med 标对象，om 标共同目标。https://ordbokene.no/bm/samarbeide","2026-09-26"
"名词|tursekk","tursekk","en tursekk","名词","A2","户外与旅行物品","徒步/出游背包；户外旅行用的背包","徒步/出游背包；户外旅行用的背包","已人工审校","由 tur + sekk 构成，说明用途；一般装在背上的包是 ryggsekk，sekk 本身则可泛指袋子或麻袋。","2026-09-25"
"名词|termos","termos","en termos","名词","A2","户外与饮品","保温瓶；保温壶（带隔热层、帮助内容物保持温度的容器）","保温瓶；保温壶（带隔热层、帮助内容物保持温度的容器）","已人工审校","阳性名词 en termos–termosen–termoser–termosene。ha kaffe på termos 表示咖啡装在保温瓶里。https://ordbokene.no/bm/termos","2026-09-26"
"名词|bål","bål","et bål","名词","A2","户外与自然","篝火；营火；户外燃烧的木柴/枝条火堆","篝火；营火；户外燃烧的木柴/枝条火堆","已人工审校","中性名词 et bål–bålet–bål–bålene。常见 tenne/lage et bål、sitte rundt bålet、slukke bålet；kaste bensin på bålet 也可比喻使局势恶化。https://ordbokene.no/bm/b%C3%A5l","2026-09-26"
"名词|deltaker","deltaker","en deltaker","名词","A2","活动与参与","参与者；参加者；参赛者（依活动）","参与者；参加者；参赛者（依活动）","已人工审校","en deltaker 指参与活动、会议、课程或比赛的人，也可以是队伍等单位；不是特指报名者或观众。https://ordbokene.no/nob/bm/deltager","2026-09-26"
"名词|arrangement","arrangement","et arrangement","名词","A2","活动与计划","活动；举办活动；布置/编排（依语境）","活动；举办活动；布置/编排（依语境）","已人工审校","et arrangement 最常指组织起来的活动；也可指举办/组织这一过程、物品的摆放方式，音乐语境下还指改编曲。日常主题优先掌握‘活动’。https://ordbokene.no/bm/arrangement","2026-09-26"
"动词|arrangere","arrangere","arrangere","动词","A2","活动与计划","组织/举办（活动）；安排/布置（物品）；改编（音乐）","组织/举办（活动）；安排/布置（物品）；改编（音乐）","已人工审校","宾语决定意思：arrangere en konsert 是组织/举办；arrangere møblene 是摆放家具；音乐语境可表示编配。不要与安排自己的行程 planlegge 完全等同。https://ordbokene.no/bm/arrangere","2026-09-26"
"形容词|aktiv","aktiv","aktiv","形容词","A2","活动与习惯 / 未来计划与目标","活跃的；积极参与的；活跃运作的；身体活动的（依语境）","活跃的；积极参与的；活跃运作的；身体活动的（依语境）","已人工审校","aktiv i + 组织表示积极参与；fysisk aktiv 是身体活动充足；描述火山可指活火山，描述 rolle/innsats 是积极发挥作用。语法名词 aktiv（主动语态）是另一个词性。https://ordbokene.no/bm/aktiv","2026-09-26"
"名词|flyplass","flyplass","en flyplass","名词","A2","机场与旅行","机场；飞机起降场","机场；飞机起降场","已人工审校","en flyplass 是飞机起飞和降落的场地，不一定特指大型国际机场；小型机场也可称 flyplass。https://ordbokene.no/bm/flyplass","2026-09-26"
"动词短语|sjekke inn","sjekke inn","å sjekke inn","动词短语","A2","机场与住宿","办理值机；办理入住；办理登记（依场景）","办理值机；办理入住；办理登记（依场景）","已人工审校","机场语境是办理乘机值机，酒店语境是办理入住；sjekke inn bagasje 则是托运行李。这个分离动词短语在主句中可拆开：Jeg sjekker inn på hotellet。","2026-09-25"
"名词|organisasjon","organisasjon","en organisasjon","名词","A2","机构与工作","组织；团体；机构；组织结构（依语境）","组织；团体；机构；组织结构（依语境）","已人工审校","可指为共同目的联合起来的协会、团体或机构；抽象结构义则指事物如何组织/构成。结合是否谈成员实体或组成方式来选义。https://ordbokene.no/bm%2Cnn/organisasjon","2026-09-26"
"名词|mulighet","mulighet","en mulighet","名词","A2","机会与选择 / 未来计划与目标","机会；可能性；可行办法/选项（依语境）","机会；可能性；可行办法/选项（依语境）","已人工审校","mulighet til å + 动词常是做某事的机会；flere muligheter 可指多个可选方案；mulighet for at ... 是某事发生的可能性。https://ordbokene.no/bm/mulighet","2026-09-26"
"名词|plaster","plaster","et plaster","名词","A2","急救与日常用品","创可贴；伤口敷贴；药物贴片（依用途）","创可贴；伤口敷贴；药物贴片（依用途）","已人工审校","et plaster 覆盖小伤口；nikotinplaster 等复合词指含药物、贴在皮肤上的贴片。plaster på såret 是另一个固定表达，指补偿或安慰。https://ordbokene.no/bm/45180","2026-09-26"
"名词|sykdom","sykdom","en sykdom","名词","A2","疾病与症状","疾病；患病状态；病症（依语境）","疾病；患病状态；病症（依语境）","已人工审校","en sykdom 指患病状态或具体疾病；症状是 symptomer，不要把疾病和疾病表现混为一谈。https://ordbokene.no/bm/sykdom","2026-09-26"
"名词|planlegging","planlegging","en planlegging","名词","A2","计划与安排","计划/筹划工作；规划过程","计划/筹划工作；规划过程","已人工审校","en planlegging 指制定和安排未来行动的过程；与 en plan（制定出来的计划/方案）区别。planlegging av + 活动说明筹备什么。https://ordbokene.no/bm/planlegging","2026-09-26"
"动词|planlegge","planlegge","å planlegge","动词","A2","计划与安排 / 未来计划与目标","计划；筹划；预先安排","计划；筹划；预先安排","已人工审校","planlegge å + 动词原形表示计划做某事，也可 planlegge + 名词；强调事前制定安排，arrangere 更偏向实际组织或举办。https://ordbokene.no/bm/planlegge","2026-09-26"
"动词|utsette","utsette","å utsette","动词","A2","计划与变更","推迟；延期；使……遭受/面临；挑剔（依结构）","推迟；延期；使……遭受/面临；挑剔（依结构）","已人工审校","utsette et møte 是推迟会议；utsette noen for fare 是使某人面临危险；ha noe å utsette på noen 是对某人有意见/挑剔。宾语和介词结构决定意思。https://ordbokene.no/nob/bm/utsette","2026-09-26"
"名词|planleggingsperiode","planleggingsperiode","en planleggingsperiode","名词","A2","计划与项目","规划期；集中制定计划的阶段","规划期；集中制定计划的阶段","已人工审校","由 planlegging（规划）+ periode（时期）组成，指用于讨论、制定或细化计划的一段时间，不是计划本身。该复合词按中心词 periode 构词；例句为项目自拟语境。https://ordbokene.no/bm/planlegging https://ordbokene.no/bm/periode","2026-09-26"
"名词|prosjektdokument","prosjektdokument","et prosjektdokument","名词","A2","计划与项目","项目文件；项目文档","项目文件；项目文档","已人工审校","由 prosjekt（项目）+ dokument（文件）组成，意思透明；尚未核实到 Bokmålsordboka 独立词头，作为本项目学习用复合词处理，不冒称词典词条。中心词 dokument 为中性。https://ordbokene.no/bm/prosjekt https://ordbokene.no/bm/dokument","2026-09-26"
"动词|organisere","organisere","å organisere","动词","A2","计划与协作","组织；安排；整理归类；使有条理","组织；安排；整理归类；使有条理","已人工审校","组织活动/工作时表示安排协调；整理文件时表示归类；organisere seg / være organisert 还可指加入或组成组织。宾语和句型决定译法。https://ordbokene.no/bm/organisere","2026-09-26"
"名词|gjennomføring","gjennomføring","en gjennomføring","名词","A2","计划与执行","实施；落实；执行过程","实施；落实；执行过程","已人工审校","指把决定、计划或活动付诸实践的过程，常见 gjennomføring av + 计划/活动；强调落实过程，不等于结果本身‘完成了’。https://ordbokene.no/bm/gjennomf%C3%B8ring","2026-09-26"
"名词|høstsalg","høstsalg","et høstsalg","名词","A2","季节与购物","秋季促销；秋季销售活动","秋季促销；秋季销售活动","已人工审校","høst（秋季）+ salg（销售/促销）的透明复合词。商店语境通常指秋季折扣活动，不是秋天的销售额；本复合词例句为项目自拟语境。https://ordbokene.no/bm/salg","2026-09-26"
"名词|sesong","sesong","en sesong","名词","A2","季节与活动","季节；某项活动的一个周期/赛季；电视剧的一季","季节；某项活动的一个周期/赛季；电视剧的一季","已人工审校","可指季节性活动周期/赛季，也指电视剧的一系列剧集；具体义看语境。官方词典列为阳性名词。https://ordbokene.no/bm/sesong","2026-09-26"
"名词|vinterbilde","vinterbilde","et vinterbilde","名词","A2","季节与描述","冬日照片；冬景图像","冬日照片；冬景图像","已人工审校","vinter（冬天）+ bilde（图像/照片）的透明复合词；bilde 可指照片、绘画或画面，具体由语境决定。拍照动作说明例句中取‘照片’义。https://ordbokene.no/bm/vinter https://ordbokene.no/bm/bilde","2026-09-26"
"名词|høstdag","høstdag","en høstdag","名词","A2","季节与天气","秋日；秋天的一天","秋日；秋天的一天","已人工审校","høst（秋天）+ dag（一天）的透明复合词。例句中的 høstdagene 描写秋季白昼，中文按习惯表达为‘白天越来越短’。https://ordbokene.no/bm/h%C3%B8st https://ordbokene.no/bm/dag","2026-09-26"
"名词|nysnø","nysnø","en nysnø","名词","A2","季节与天气","新雪；刚刚落下的雪","新雪；刚刚落下的雪","已人工审校","阳性名词，词典释义为刚刚落下的雪。通常按物质名词使用；词典收录复数形式，但初级学习优先掌握 nysnø/nysnøen。https://ordbokene.no/bm/nysn%C3%B8","2026-09-26"
"形容词|overskyet","overskyet","overskyet","形容词","A2","季节与天气","阴天的；云层完全遮住天空的","阴天的；云层完全遮住天空的","已人工审校","官方词典释义是天空完全被云覆盖；天气语境可译‘阴天/多云’，但不意味着一定下雨。https://ordbokene.no/bm/overskyet","2026-09-26"
"名词|temperatur","temperatur","en temperatur","名词","A2","季节与天气","温度；气温；体温；（引申）热烈程度/气氛","温度；气温；体温；（引申）热烈程度/气氛","已人工审校","可表示冷热程度、温度数值或体温；引申为争论/市场的热度。例句对象决定中文用‘气温’还是‘体温’。https://ordbokene.no/bm/temperatur","2026-09-26"
"名词|tåke","tåke","ei/en tåke","名词","A2","季节与天气","雾；雾气；（比喻）迷糊不清的状态","雾；雾气；（比喻）迷糊不清的状态","已人工审校","天气义指使能见度变差的悬浮小水滴；浓雾说 tett tåke。也可比喻思路/话语不清楚；Bokmål 可用阴性或阳性。https://ordbokene.no/bm/t%C3%A5ke","2026-09-26"
"名词|varmegrad","varmegrad","en varmegrad","名词","A2","季节与天气","零上温度；零上几度","零上温度；零上几度","已人工审校","天气口语中，én varmegrad 是零上1度，fem varmegrader 是零上5度；通常省略‘摄氏’，因为挪威日常天气温度默认用摄氏度。它说的是高于零的温度，不是泛指暖和；此词为透明复合词，词典核对温度单位 grad。零下说 minusgrader。https://ordbokene.no/bm/grad https://ordbokene.no/bm/minusgrad","2026-09-26"
"名词|værvarsel","værvarsel","et værvarsel","名词","A2","季节与天气","天气预报","天气预报","已人工审校","对未来一段时间天气状况的预报；普通天气预报不等于恶劣天气警报，需由具体内容说明是否预警。https://ordbokene.no/bm/v%C3%A6rvarsel","2026-09-26"
"名词|årstid","årstid","en årstid","名词","A2","季节与天气","季节；一年中的时节","季节；一年中的时节","已人工审校","一年中具有相对典型温度和生长条件的一段时期；常说四季 vår、sommer、høst、vinter。可用 en/ei。https://ordbokene.no/bm/%C3%A5rstid","2026-09-26"
"名词|fjernkontroll","fjernkontroll","en fjernkontroll","名词","A2","家电与日用品","遥控器；远距离控制设备的手持装置","遥控器；远距离控制设备的手持装置","已人工审校","通过远距离发出指令来控制电视等设备的装置；fjernkontroll 是器具本身。由 fjern（远程）+ kontroll（控制）构成。https://ordbokene.no/bm/fjernkontroll","2026-09-26"
"动词|male","male","å male","动词","A2","家居与创作","粉刷；给……涂漆；绘画/画画","粉刷；给……涂漆；绘画/画画","已人工审校","本卡主学给表面上漆和用颜料作画；male huset 是给房子刷漆，male et bilde 是画一幅画。同形还有 male（研磨/磨碎）及猫发出满足的呼噜声，须按宾语区分。https://ordbokene.no/bm/male%7Cm%C3%A5la%7Cm%C3%A5le","2026-09-26"
"名词|ramme","ramme","en ramme","名词","A2","家居与物品","框；画框；框架；范围/界限（依语境）","框；画框；框架；范围/界限（依语境）","已人工审校","可指照片周围的实体框，也可指活动的背景/环境，或法律、预算设定的范围：glass og ramme、skape en ramme om et arrangement、økonomiske rammer。本条为名词；同形动词 ramme 表示击中/波及。https://ordbokene.no/bm/ramme","2026-09-26"
"名词|stearinlys","stearinlys","et stearinlys","名词","A2","家居与照明","硬脂蜡烛；蜡烛","硬脂蜡烛；蜡烛","已人工审校","中性复合名词 et stearinlys，指由 stearin（硬脂）制成的蜡烛；日常泛指蜡烛也常说 et lys。不是所有类型蜡烛的材料名称。https://ordbokene.no/bm/stearinlys","2026-09-26"
"名词|bestevenn","bestevenn","en bestevenn","名词","A2","家人和关系","最好的朋友；关系特别亲近的朋友","最好的朋友；关系特别亲近的朋友","已人工审校","词典义为关系非常亲密的朋友。语法性别为阳性，但所指可以是男性或女性；性别不决定朋友本人的性别。https://ordbokene.no/bm/bestevenn","2026-09-26"
"名词|enebarn","enebarn","et enebarn","名词","A2","家人和关系","独生子女；没有兄弟姐妹的孩子","独生子女；没有兄弟姐妹的孩子","已人工审校","中性名词 et enebarn，指没有兄弟姐妹的人；词本身不标记性别。泛指时用‘独生子女’比‘独生子’准确。https://ordbokene.no/bm/enebarn","2026-09-26"
"名词|farfar","farfar","en farfar","名词","A2","家人和关系","爷爷；父亲的父亲","爷爷；父亲的父亲","已人工审校","明确指父亲的父亲；母亲的父亲是 morfar。不要泛化为所有祖父。https://ordbokene.no/nob/bm/farfar","2026-09-26"
"名词|farmor","farmor","en farmor","名词","A2","家人和关系","奶奶；父亲的母亲","奶奶；父亲的母亲","已人工审校","明确指父亲的母亲；母亲的母亲是 mormor。Bokmålsordboka 接受阳性或阴性形式，阴性定指可用 farmora。https://ordbokene.no/bm/farmor","2026-09-26"
"名词|storesøster","storesøster","en storesøster","名词","A2","家人和关系","姐姐；年长的姐妹","姐姐；年长的姐妹","已人工审校","指比本人年长的姐姐，也可特指家中最大的姐姐。可用 en/ei storesøster；复数 storesøstre，词干发生变化。https://ordbokene.no/bm/stores%C3%B8ster","2026-09-26"
"名词|søsken","søsken","et søsken","名词","A2","家人和关系","兄弟姐妹；同胞手足","兄弟姐妹；同胞手足","已人工审校","指有共同父母的孩子；单数 et søsken 表示其中一位兄弟姐妹，但日常更常用复数 søsken 来问/说‘有兄弟姐妹’。不区分性别。定指复数可见 søskena 或 søskenene。https://ordbokene.no/bm/s%C3%B8sken","2026-09-26"
"名词|søster","søster","ei søster","名词","A2","家人和关系","姐妹；姐姐或妹妹（挪威语本身不区分年长年幼）","姐妹；姐姐或妹妹（挪威语本身不区分年长年幼）","已人工审校","søster 是女性兄弟姐妹的通称；要表达年龄可加 eldre/yngre。https://ordbokene.no/bm/søster","2026-09-25"
"名词|nevø","nevø","en nevø","名词","A2","家人和亲属","侄子；外甥；配偶兄弟姐妹的儿子","侄子；外甥；配偶兄弟姐妹的儿子","已人工审校","挪威语 nevø 指兄弟姐妹的儿子，也包括配偶兄弟姐妹的儿子；词本身不区分中文的‘侄/外甥’。例句需依家庭关系译出，不要只限于自己亲兄弟姐妹的儿子。https://ordbokene.no/bm/nev%C3%B8","2026-09-26"
"名词|oldemor","oldemor","ei oldemor","名词","A2","家人和亲属","曾祖母；外曾祖母（祖父母或外祖父母的母亲）","曾祖母；外曾祖母（祖父母或外祖父母的母亲）","已人工审校","指祖父或祖母的母亲，即比祖父母高一辈的女性长辈；挪威语本词不区分父系/母系。Bokmål 可用 ei/en。https://ordbokene.no/bm/oldemor","2026-09-26"
"名词|stefar","stefar","en stefar","名词","A2","家人和亲属","继父；母亲或父亲的配偶/同居伴侣（非孩子的生父）","继父；母亲或父亲的配偶/同居伴侣（非孩子的生父）","已人工审校","指与孩子父母之一结婚或同居、但不是孩子生父的男性；不应只译成‘母亲的丈夫’，因为也可能是父亲的男性伴侣。https://ordbokene.no/bm/stefar","2026-09-26"
"名词|lillebror","lillebror","en lillebror","名词","A2","家人与关系","弟弟；比本人年纪小的兄弟","弟弟；比本人年纪小的兄弟","已人工审校","透明复合词 lille（小/年纪较小）+ bror（兄弟）。依家庭语境译‘弟弟’；不表示个子一定更矮。复数沿用 bror 的不规则形式 brødre。词典构词核对：https://ordbokene.no/bm/liten https://ordbokene.no/bm/bror","2026-09-26"
"名词|barnebarn","barnebarn","et barnebarn","名词","A2","家人与亲属","孙辈；孙子/孙女或外孙/外孙女（依家系）","孙辈；孙子/孙女或外孙/外孙女（依家系）","已人工审校","指子女的孩子，中文可按关系译孙子、孙女、外孙或外孙女；挪威语本词不区分性别，也不区分父系/母系。中性名词 et barnebarn。https://ordbokene.no/bm/barnebarn","2026-09-26"
"名词|besteforelder","besteforelder","en besteforelder","名词","A2","家人与亲属","祖父母中的一位；祖辈长辈","祖父母中的一位；祖辈长辈","已人工审校","泛指父亲或母亲的父母中的任意一位；本词不区分祖父/祖母，也不区分父系/母系。复数 besteforeldre 常统称祖父母/外祖父母。https://ordbokene.no/bm/besteforelder","2026-09-26"
"名词|onkel","onkel","en onkel","名词","A2","家人与亲属","叔伯；舅舅；姑父/姨父等（依关系）；年长男性称呼（依语境）","叔伯；舅舅；姑父/姨父等（依关系）；年长男性称呼（依语境）","已人工审校","指父母的兄弟，也可指其姻亲；挪威语 onkel 不像中文亲属称谓那样编码父系/母系、长幼或具体姻亲关系。也可用于称呼年长男性；只有上下文明确时才选具体中文称呼。https://ordbokene.no/bm/onkel","2026-09-26"
"名词|søskenbarn","søskenbarn","et søskenbarn","名词","A2","家人与亲属","堂/表兄弟姐妹；堂表亲（父母兄弟姐妹的孩子）","堂/表兄弟姐妹；堂表亲（父母兄弟姐妹的孩子）","已人工审校","指父母的兄弟姐妹的孩子；挪威语不区分中文的堂表、性别或年长年幼。中文应按具体关系选‘堂兄弟姐妹/表兄弟姐妹’，不明确时用‘表亲’或‘堂表亲’。https://ordbokene.no/bm/s%C3%B8skenbarn","2026-09-26"
"名词|tante","tante","ei tante","名词","A2","家人与亲属","姑妈；姨妈；舅妈/伯母等（依关系）；阿姨（称呼）","姑妈；姨妈；舅妈/伯母等（依关系）；阿姨（称呼）","已人工审校","指父母的姐妹，也可指其姻亲；挪威语 tante 不区分父系/母系、长幼及具体姻亲关系。口语还可称呼年长女性，但需结合语境。https://ordbokene.no/bm/tante","2026-09-26"
"名词|svigerforelder","svigerforelder","en svigerforelder","名词","A2","家人与姻亲","岳父母/公婆中的一位；配偶或同居伴侣的一方父母","岳父母/公婆中的一位；配偶或同居伴侣的一方父母","已人工审校","复合词泛指配偶或同居伴侣的父亲或母亲，不指定父母性别；中文具体称谓取决于说话者性别及家庭关系。该复合词的独立词头未能核实，构词部分参照 svigerfar/svigermor 与 forelder。https://ordbokene.no/bm/svigerfar https://ordbokene.no/bm/svigermor https://ordbokene.no/bm/forelder","2026-09-26"
"形容词|bortskjemt","bortskjemt","bortskjemt","形容词","A2","家庭与关系","被宠坏的；因过度宠溺而养成坏习惯的","被宠坏的；因过度宠溺而养成坏习惯的","已人工审校","通常指因过分迁就而养成任性或不知足的状态，多带批评意味；形容物品时也可表示被宠爱/照料得很好，需看语境。常与 skjemme bort（过分宠惯）联系记忆。https://ordbokene.no/bm/bortskjemt","2026-09-26"
"名词|ektepar","ektepar","et ektepar","名词","A2","家庭与关系","一对夫妻；已婚夫妇","一对夫妻；已婚夫妇","已人工审校","et ektepar 指一对已婚的人，语法上是中性单数；词本身已含‘两个人’的意思。不要用于未婚伴侣。https://ordbokene.no/eng/bm/ektepar","2026-09-26"
"名词|svigermor","svigermor","en svigermor","名词","A2","家庭与关系","婆婆；岳母；配偶或同居伴侣的母亲","婆婆；岳母；配偶或同居伴侣的母亲","已人工审校","指配偶或同居伴侣的母亲；挪威语不标明中文的婆婆/岳母区别，也不要求关系必须经婚姻确立。可用阴性或阳性形式，复数 svigermødre 还有 svigermødrer 变体。https://ordbokene.no/bm/58716","2026-09-26"
"动词|dekke","dekke","dekke","动词","A2","家务与餐桌","摆好（餐桌）；覆盖/遮住；支付、承担；涵盖（依宾语和结构）","摆好（餐桌）；覆盖/遮住；支付、承担；涵盖（依宾语和结构）","已人工审校","宾语与结构决定含义：dekke bordet 是摆餐桌，dekke plantene 是把植物盖起来，dekke utgifter 是承担费用，dekke et tema 是涵盖某主题；dekke over noe 常指掩盖。变位有 dekket/dekka 与 dekte 等形式。https://ordbokene.no/nno/bm/9542","2026-09-26"
"动词|rive","rive","å rive","动词","A2","家务与动作","撕开/撕碎；拆除；擦碎（奶酪等）；猛拉、扯（依宾语）","撕开/撕碎；拆除；擦碎（奶酪等）；猛拉、扯（依宾语）","已人工审校","宾语决定动作：rive papiret 是撕纸，rive et hus 是拆房，rive ost 是用擦板擦碎奶酪；过去时常见 rev，也有 reiv。厨房里的 rive ost 不是用手撕。https://ordbokene.no/bm/rive","2026-09-26"
"动词|tørke","tørke","å tørke","动词","A2","家务与清洁","擦去/擦干；使……干燥；变干；（天气）干旱（依词性和句型）","擦去/擦干；使……干燥；变干；（天气）干旱（依词性和句型）","已人工审校","本条是动词：tørke håret/støvet 是擦干头发/擦灰；及物用法使某物变干，不及物 tørke 是自身变干。另有同形名词 tørke，指长期干旱，需按词性区分。https://ordbokene.no/bm/t%C3%B8rke","2026-09-26"
"动词|rydde","rydde","å rydde","动词","A2","家务与日常","收拾整齐；整理；清除/腾出（依宾语和结构）","收拾整齐；整理；清除/腾出（依宾语和结构）","已人工审校","rydde rommet 是收拾房间，rydde bordet 是清理/收走桌上餐具，rydde plass 是腾出空间，rydde vei 是清出道路或为……铺路；rydde huset for folk 则是清场。https://ordbokene.no/bm/rydda%7Crydde","2026-09-26"
"动词|fyre","fyre","fyre","动词","A2","家务与生活","点火；生火取暖；烧（燃料）；开枪/发射（固定搭配 fyre av）","点火；生火取暖；烧（燃料）；开枪/发射（固定搭配 fyre av）","已人工审校","家庭取暖常说 fyre i ovnen/peisen（在炉子/壁炉里生火）或 fyre med ved（烧木柴）；fyre av et skudd 是开枪/发射。https://ordbokene.no/bm/fyre","2026-09-26"
"名词|toalett","toalett","et toalett","名词","A2","家中设施与公共场所","马桶；厕所/洗手间；卫生间（依语境）","马桶；厕所/洗手间；卫生间（依语境）","已人工审校","可指马桶本身，也可指设有马桶、供人使用的房间；问路时通常指洗手间。gå på toalettet 是‘上厕所’，不必直译定指冠词。https://ordbokene.no/bm/toalett","2026-09-26"
"名词|dekorasjon","dekorasjon","en dekorasjon","名词","A2","家中物品与房间","装饰；装饰行为/布置；装饰品；勋章/奖章（依语境）","装饰；装饰行为/布置；装饰品；勋章/奖章（依语境）","已人工审校","可指装饰这一行为或整体布置，也可指具体装饰物；正式授勋语境中还可指勋章。由动词、物品和场景判断该选哪一义。https://ordbokene.no/bm/dekorasjon","2026-09-26"
"名词|do","do","et do","名词","A2","家中物品与房间","厕所；卫生间（口语；名词可用阳性或中性）","厕所；卫生间（口语；名词可用阳性或中性）","已人工审校","口语词，指马桶或厕所；词典允许阳性 en do，也允许中性 et do。固定表达 gå på do 是‘上厕所’；较中性正式场合可用 toalett。https://ordbokene.no/bm/do","2026-09-26"
"名词|gulv","gulv","et gulv","名词","A2","家中物品与房间","地板；室内地面；类似地板的平面；（引申）最低线/底线","地板；室内地面；类似地板的平面；（引申）最低线/底线","已人工审校","主要指房间内的水平地面，也可指汽车内部地板、室外平台等类似表面；比喻可指最低限度/底线。på gulvet 在职场中还可指一线岗位，需看语境。https://ordbokene.no/bm/gulv","2026-09-26"
"名词|tak","tak","et tak","名词","A2","家中物品与房间","屋顶；天花板；上限；抓握/一把；一阵用力（依搭配）","屋顶；天花板；上限；抓握/一把；一阵用力（依搭配）","已人工审校","建筑外侧是屋顶，室内顶部是天花板；sette tak på utgiftene 是给支出设上限。另有‘抓握、用力一把’义，ta et tak i arbeidet 表示努力干一阵；tak over hodet 是‘有栖身之处’。https://ordbokene.no/bm/tak","2026-09-26"
"名词|medisinskap","medisinskap","et medisinskap","名词","A2","家中物品与健康","药柜；存放药品的柜子","药柜；存放药品的柜子","已人工审校","medisin（药物）+ skap（带柜门和搁板的储物柜）构成的透明复合词。指存放药品的柜子，不必然是医疗机构专用，也不自动表示上锁。中性名词 et medisinskap。https://ordbokene.no/bm/skap","2026-09-26"
"名词|høstferie","høstferie","en høstferie","名词","A2","假期与日程","秋假；秋季假期","秋假；秋季假期","已人工审校","høst（秋季）+ ferie（连续休假日）构成的复合词。挪威学校语境常指秋季的一段校假，但具体日期各地并不相同；不能理解为全国同一周。构词核对：https://ordbokene.no/bm/h%C3%B8st https://ordbokene.no/bm/ferie","2026-09-26"
"形容词|gratis","gratis","gratis","形容词","A2","价格与服务","免费的；无须付费的；免费地（形容词/副词）","免费的；无须付费的；免费地（形容词/副词）","已人工审校","修饰名词时表示无需付费：gratis adgang（免费入场）；修饰动作时作副词，表示免费进行：reise gratis（免费乘车/旅行）。形式不变，不能加 -t 或 -e；‘无偿劳动’则是工作没有报酬。https://ordbokene.no/bm/gratis","2026-09-26"
"名词|undersøkelse","undersøkelse","en undersøkelse","名词","A2","检查与调查","检查；体检；调查；研究（依场景）","检查；体检；调查；研究（依场景）","已人工审校","核心是对某人或某事进行系统检查/调查。医疗中可指医生检查或体检；社会、科学语境指调查/研究。单词本身不说明采用体检还是问卷等方法，需看对象与上下文。https://ordbokene.no/bm/unders%C3%B8kelse","2026-09-26"
"动词|sjekke","sjekke","å sjekke","动词","A2","检查与确认","检查；核实；确认；查看；（俚语）搭讪/追求（依结构）","检查；核实；确认；查看；（俚语）搭讪/追求（依结构）","已人工审校","中性常用义是核查信息、物品或状态：sjekke utstyret、sjekke om ...。某些短语另有语域义：sjekke opp noen 可指搭讪/追求某人；不要把这一俚语义套进普通‘检查’场景。https://ordbokene.no/bm/sjekke","2026-09-26"
"动词|ses","ses","å ses","动词","A2","见面与告别","彼此见面；见到对方；（告别时）再见/回头见","彼此见面；见到对方；（告别时）再见/回头见","已人工审校","se 的相互用法，主语通常是复数：Vi ses i morgen = 我们明天见/明天见。告别时常作为固定表达使用，不是命令对方‘看’。Bokmålsordboka 收 ses/sees、sås/såes 等形式。https://ordbokene.no/bm/ses https://www.ntnu.edu/now2/1/yb","2026-09-26"
"动词|anbefale","anbefale","å anbefale","动词","A2","建议与选择","推荐；建议；劝……考虑采用（依宾语结构）","推荐；建议；劝……考虑采用（依宾语结构）","已人工审校","anbefale en bok 是推荐一本书；anbefale noen å gjøre noe 是建议某人做某事；医疗语境也可表示医生建议某种治疗。它表达认为某选择值得采用，不是强制命令。https://ordbokene.no/eng/search?dict=bm&q=anbefale&scope=eif","2026-09-26"
"名词|forslag","forslag","et forslag","名词","A2","建议与选择","建议；提议；方案/备选办法（依语境）","建议；提议；方案/备选办法（依语境）","已人工审校","et forslag 是被提出供讨论或选择的主意/方案：komme med et forslag（提出建议）、forslag til løsning（解决方案）。通常不表示已经通过或执行；正式讨论中可投票或撤回 forslag。中性名词，不定复数与单数同形。另有音乐术语义‘倚音’。https://ordbokene.no/bm/forslag","2026-09-26"
"动词|burde","burde","burde","动词","A2","建议与义务 / 待归类","应该；本来应当；按理/大概会（建议、责任或推测）","应该；本来应当；按理/大概会（建议、责任或推测）","已人工审校","表示认为某事适当、合理或有责任去做；过去式 burde 常用于委婉建议或‘本来应该’。也可表示推测：De burde være her snart（他们按理快到了）。建议义较 må 温和，但不是简单等于‘最好’。https://ordbokene.no/bm/burde","2026-09-26"
"名词|bygg","bygg","et bygg","名词","A2","建筑与地点","建筑物；楼；在建建筑/工程；（同形另义）大麦","建筑物；楼；在建建筑/工程；（同形另义）大麦","已人工审校","本卡是中性名词 et bygg，指正在建造的建筑/构筑物，也可指较大的建筑物或小屋。另有同形 bygg（阳性或中性）指大麦这种谷物，是不同词条；谷物语境不可译作楼。https://ordbokene.no/bm/bygg","2026-09-26"
"名词|inngang","inngang","en inngang","名词","A2","建筑与方向","入口；进入/入场；（文章等的）开篇；接入端口（依语境）","入口；进入/入场；（文章等的）开篇；接入端口（依语境）","已人工审校","可指进入这一动作、建筑物的门口/通道，也可引申为开端、进入某圈子的机会，或设备输入接口。房间的门本身通常说 dør；inngang 强调‘进入处/入口’。https://ordbokene.no/bm/inngang","2026-09-26"
"名词|bedring","bedring","en bedring","名词","A2","健康与变化","好转；改善；状况转好（过程或结果）","好转；改善；状况转好（过程或结果）","已人工审校","表示某种情况变好，常见 være på bedringens vei（正在好转）、god bedring（祝早日康复）。可用于健康、天气、成绩等；不专指疾病康复。与 forbedring（改进/改善）相近，但常用搭配不同；可用阴性或阳性形式。https://ordbokene.no/bm/bedring","2026-09-26"
"动词|smitte","smitte","å smitte","动词","A2","健康与传染","传染；使……感染；（比喻）影响/感染；褪色、掉色（依结构）","传染；使……感染；（比喻）影响/感染；褪色、掉色（依结构）","已人工审校","常用及物结构 smitte noen med influensa（把流感传染给某人）或被动 bli smittet av；也可比喻某种情绪/风气影响他人。颜色语境 smitte av 表示掉色、染色。不要把‘传染’误解为只有病人主动传播。https://ordbokene.no/bm/%C3%A5%20smitte","2026-09-26"
"形容词|kronisk","kronisk","kronisk","形容词","A2","健康与疾病","慢性的；长期持续的；（问题、状态）长期难以改变的","慢性的；长期持续的；（问题、状态）长期难以改变的","已人工审校","疾病或疼痛语境中指长期存在，未必等于‘无法治愈’，也不表示轻重；抽象问题可指长期存在、难以改变。作副词时 kronisk 可表示‘老是、长期如此’，如 kronisk blakk（长期手头拮据）。与 akutt（急性、短期突发）对照。https://ordbokene.no/nob/bm/kronisk","2026-09-26"
"名词|journal","journal","en journal","名词","A2","健康与记录","记录簿/日志；（医疗）病历；期刊（依语境）","记录簿/日志；（医疗）病历；期刊（依语境）","已人工审校","本义是持续记录信息的文档；医疗服务机构记录与某个人接触情况时是病历，出版物语境可以指期刊。看搭配判断：føre journal over（记录……）、pasientjournal（患者病历）、fagtidsskrift/journal（专业期刊）。不是所有 journal 都是病历。https://ordbokene.no/bm/journal","2026-09-26"
"形容词|akutt","akutt","akutt","形容词","A2","健康与就医","急性的；突然发生且需要及时处理的；紧急的（依名词）","急性的；突然发生且需要及时处理的；紧急的（依名词）","已人工审校","疾病/疼痛语境中与 kronisk 相对，强调起病急或持续时间短，不自动表示病情严重；behov/hjelp 等名词前表示迫切、紧急。医疗名词 akutten 是急诊/急诊部门，词性与本卡形容词不同。https://ordbokene.no/bm/akutt","2026-09-26"
"动词|hoste","hoste","å hoste","动词","A2","健康与身体","咳嗽；（宾语为东西时）咳出；（引申）费力弄到/拿出","咳嗽；（宾语为东西时）咳出；（引申）费力弄到/拿出","已人工审校","本卡是动词 å hoste。单独表示咳嗽；hoste opp slim 是咳出痰，hoste opp penger/kandidater 可引申为费力弄到钱/找出人选；机器作主语时也可形容发出断续、吃力的声音。另有同形名词 hoste（咳嗽）。https://ordbokene.no/nob/bm/hoste","2026-09-26"
"名词|mage","mage","en mage","名词","A2","健康与身体","胃；腹部/肚子；消化状况；（比喻）心里感受（依搭配）","胃；腹部/肚子；消化状况；（比喻）心里感受（依搭配）","已人工审校","日常说 vondt i magen 通常是‘肚子疼’，不一定精确指胃这个器官；医学解剖义可说 magesekk。dårlig mage 常指消化不适/腹泻等，på magen 是趴着；sommerfugler i magen 表示紧张或兴奋。https://ordbokene.no/nob/bm/mage","2026-09-26"
"名词|munn","munn","en munn","名词","A2","健康与身体","嘴；口腔；（引申）开口/说话；入口、河口（依结构）","嘴；口腔；（引申）开口/说话；入口、河口（依结构）","已人工审校","指嘴部及口腔，也常借指说话：holde munn 是‘闭嘴/别说话’；munner å mette 是需要养活的人。地理复合词中的 munn 可指河口。名词为不规则复数 munn–munner–munnene。https://ordbokene.no/bm/munn","2026-09-26"
"动词|puste","puste","å puste","动词","A2","健康与身体","呼吸；喘气；让空气通过；（固定短语）喘口气/放松下来","呼吸；喘气；让空气通过；（固定短语）喘口气/放松下来","已人工审校","人作主语时表示吸入、呼出空气：puste tungt（喘得厉害）；布料作主语时可表示透气。puste ut 除呼气外还可表示歇口气、放松；puste på 某事可表示暂时停下来休息。https://ordbokene.no/bm/puste","2026-09-26"
"名词|rygg","rygg","en rygg","名词","A2","健康与身体","背部；脊背；（地形）山脊；（物体）背面/脊部（依语境）","背部；脊背；（地形）山脊；（物体）背面/脊部（依语境）","已人工审校","人体义是颈部至尾骨的背面；也可指山脊、椅背或书脊。bokrygg 是书脊，ryggen på stolen 是椅背。像 bak noens rygg（背着某人）这样的固定表达不可按身体部位直译。https://ordbokene.no/bm/rygg","2026-09-26"
"名词|tablett","tablett","en tablett","名词","A2","健康与身体","药片；片剂（通常由压制粉末制成，尤指药物）","药片；片剂（通常由压制粉末制成，尤指药物）","已人工审校","具体指圆形或椭圆形的压制粉末片，常见 allergitablett、fluortablett；比泛指药物/药剂更具体。口语可能与 pille（药丸/片）近义，但词典定义强调压制成片的形态。https://ordbokene.no/bm/59514","2026-09-26"
"名词|tann","tann","en tann","名词","A2","健康与身体","牙齿；齿（齿轮、锯等上的凸齿）","牙齿；齿（齿轮、锯等上的凸齿）","已人工审校","人体义指用于咬、切和咀嚼的牙；机械或工具语境可指齿轮、齿条或锯齿上的一个齿。复数不规则：tann–tenner–tennene；pusse tennene 是刷牙。https://ordbokene.no/bm/tann","2026-09-26"
"形容词|frisk","frisk","frisk","形容词","A2","健康与身体 / 未来计划与目标","健康的；新鲜的；清新的；刚发生/新做的；活泼有劲或凉爽的（依语境）","健康的；新鲜的；清新的；刚发生/新做的；活泼有劲或凉爽的（依语境）","已人工审校","描述人时可指健康或病后康复；食物/花表示新鲜，空气表示清新；friske spor 是新留下的痕迹；frisk vind/vær 可指凉爽。frisk 还可表示有活力、直率大胆。不可把所有用法都译成‘健康’。https://ordbokene.no/bm/frisk","2026-09-26"
"名词|helse","helse","ei helse","名词","A2","健康与身体 / 未来计划与目标","健康；身心健康状况；（特定搭配）健康服务/卫生领域","健康；身心健康状况；（特定搭配）健康服务/卫生领域","已人工审校","抽象名词，描述身体和心理的整体状态：god helse（健康状况良好）、mental helse（心理健康）。它不等于某个具体疾病，也不专指心肺体能；kondisjon 更具体指承受体力负荷的能力。可用 ei/en helse。https://ordbokene.no/bm/helse","2026-09-26"
"名词|kondisjon","kondisjon","en kondisjon","名词","A2","健康与运动","体能；耐受体力活动的能力；身体状态（依语境）","体能；耐受体力活动的能力；身体状态（依语境）","已人工审校","核心是身体承受运动或其他体力负荷的能力，常说 god/dårlig kondisjon、trene opp kondisjonen。可译体能或耐力；不要窄化成某一项‘心肺功能’，也不要与总体健康 helse 完全等同。https://ordbokene.no/bm/kondisjon","2026-09-26"
"名词|sykepleier","sykepleier","en sykepleier","名词","A2","健康与职业","护士；受过专业训练、以护理病人为工作的人","护士；受过专业训练、以护理病人为工作的人","已人工审校","指受过护理专业教育、从事病人照护工作的人员；不限定性别，也不泛指所有照护者。可说 jobbe som sykepleier（当护士）、snakke med sykepleieren（和护士交谈）。https://ordbokene.no/bm/sykepleier","2026-09-26"
"动词|kontakte","kontakte","å kontakte","动词","A2","交流与办事","联系；联络；与……取得联系","联系；联络；与……取得联系","已人工审校","直接以人或机构作宾语：kontakte legen/kommunen（联系医生/市政府）；不要机械加 med。也可用 ta kontakt med noen（与某人取得联系），但那是另一种结构。https://ordbokene.no/bm/kontakte","2026-09-26"
"动词|love","love","å love","动词","A2","交流与承诺","承诺；保证；（迹象）显得有希望","承诺；保证；（迹象）显得有希望","已人工审校","按结构区分：love å gjøre noe 是承诺做某事；love noen noe 是向某人保证某事；det lover godt 是‘这预示着好结果/前景不错’。勿与名词 love（手掌等同形词）混淆。https://ordbokene.no/bm/love","2026-09-26"
"名词|respons","respons","en respons","名词","A2","交流与反馈","回应；反应；答复（有时指积极反响）","回应；反应；答复（有时指积极反响）","已人工审校","指对话语、行动或请求作出的回应/反应；常搭配 få respons（得到回应）。在某些语境里暗含积极反响，但并不自动等于详细的‘反馈意见’。https://ordbokene.no/bm/48288","2026-09-26"
"动词|nikke","nikke","å nikke","动词","A2","交流与回应","点头；（物体）随风轻摆/低垂","点头；（物体）随风轻摆/低垂","已人工审校","人点头可表示同意、问候或回应，具体意图要看语境；花朵、麦穗等也可 nikke，表示轻轻低垂或摇摆。体育语境 nikke ballen 是用头顶球。https://ordbokene.no/bm/nikke","2026-09-26"
"名词|e-post","e-post","en e-post","名词","A2","交流与科技","电子邮件；电子邮件系统/通信方式","电子邮件；电子邮件系统/通信方式","已人工审校","可指电子邮件这种通信方式，也可指一封具体邮件：sende en e-post（发一封邮件）、sjekke e-posten（查看邮件）。中文数封邮件时宜说‘一封/几封邮件’，不把系统义和单封邮件混为一谈。https://ordbokene.no/bm/e-post","2026-09-26"
"动词|klemme","klemme","å klemme","动词","A2","交流与身体动作","挤压；夹紧；拥抱；（使）挤过狭窄处","挤压；夹紧；拥抱；（使）挤过狭窄处","已人工审校","klemme på noe 是按压/挤压某物；klemme noen 是拥抱某人；klemme seg gjennom 表示挤过狭窄空间。身体/胸口语境也可指压迫感，按宾语和结构选译。https://ordbokene.no/bm/klemme","2026-09-26"
"动词|be","be","å be","动词","A2","交流与语言","请求；请；祈求；邀请（依句型）","请求；请；祈求；邀请（依句型）","已人工审校","be noen om noe = 向某人请求某物/某事；be noen om å gjøre noe = 请某人做某事；be noen på kaffe = 邀请某人喝咖啡；be til Gud = 向上帝祈祷。后接成分决定意思。https://ordbokene.no/bm/be","2026-09-26"
"动词|prate","prate","å prate","动词","A2","交流与语言","聊天；交谈；谈论；（口语）胡说/瞎聊","聊天；交谈；谈论；（口语）胡说/瞎聊","已人工审校","通常是轻松、非正式地交谈：prate med noen（和某人聊天）、prate om noe（谈论某事）。在 du prater! 等口语表达里也可带‘你在胡说’的意思；语气要看说话场景。https://ordbokene.no/bm/prate","2026-09-26"
"名词|rykte","rykte","et rykte","名词","A2","交流与语言","传闻；谣言；名声/声誉","传闻；谣言；名声/声誉","已人工审校","指尚未证实、在人群中传播的消息时是‘传闻/谣言’；指一个人或机构的社会评价时是‘名声/声誉’，常见 godt/dårlig rykte（好/坏名声）。由语境判断，不要一律按‘消息’翻译。https://ordbokene.no/bm/rykte","2026-09-26"
"动词|svare","svare","å svare","动词","A2","交流与语言","回答；答复；回应；应答/相当于（依结构）","回答；答复；回应；应答/相当于（依结构）","已人工审校","svare på et spørsmål 是回答问题，svare noen 是答复某人；也可表示对刺激作出反应、声音回响，或 noe svarer til noe（某物与另一物相当/对应）。抽象义需看句型，不要都译成口头回答。https://ordbokene.no/bm/svare","2026-09-26"
"动词|tulle","tulle","å tulle","动词","A2","交流与语言","开玩笑；胡闹；缠绕/包裹；弄错或浪费（依结构）","开玩笑；胡闹；缠绕/包裹；弄错或浪费（依结构）","已人工审校","tulle med noen 可是开玩笑/逗某人；tulle seg inn i et teppe 是把自己裹进毯子；tulle bort tiden 是把时间浪费掉；tulle seg bort 是迷路/走错。含义跨度较大，要连同宾语或小品词记忆。https://ordbokene.no/bm/tulle","2026-09-26"
"动词|uttale","uttale","uttale","动词","A2","交流与语言","发音；读出；表达/表明（依结构）","发音；读出；表达/表明（依结构）","已人工审校","uttale et ord 是读出/发准一个词；uttale seg om noe 是就某事发表看法。不要与名词 uttale（发音、发言/声明）混为一条用法；本卡为动词。https://ordbokene.no/nno/bm/uttale","2026-09-26"
"动词|peke","peke","å peke","动词","A2","交流与指示","指；指向；指出；挑选/指定（依结构）","指；指向；指出；挑选/指定（依结构）","已人工审校","peke på noe 可是用手指向某物，也可引申为指出某事、提请注意；peke ut noen/noe 是选出或指定某人/某物。方向或宾语帮助判断具体含义。https://ordbokene.no/bm/peke","2026-09-26"
"名词|bagasjerom","bagasjerom","et bagasjerom","名词","A2","交通与出行","（汽车）行李舱；后备箱","（汽车）行李舱；后备箱","已人工审校","指汽车内专门放行李的空间，通常位于车尾；不是行李箱 koffert，也不是行李集合名词 bagasje。Bokmålsordboka：https://ordbokene.no/bm/bagasjerom","2026-09-25"
"名词|flybillett","flybillett","en flybillett","名词","A2","交通与出行","机票；乘飞机旅行的票证","机票；乘飞机旅行的票证","已人工审校","范围是乘飞机旅行的票证；通常说 bestille/kjøpe en flybillett。Bokmålsordboka：https://ordbokene.no/bm/113249","2026-09-25"
"名词|sykkel","sykkel","en sykkel","名词","A2","交通与出行","自行车；（体育语境）自行车运动","自行车；（体育语境）自行车运动","已人工审校","日常主要指两轮脚踏车；词典也收录 sykling som idrett（自行车运动）这一用法。骑车这个动作是动词 sykle。Bokmålsordboka：https://ordbokene.no/nob/bm/sykkel","2026-09-25"
"动词|sykle","sykle","å sykle","动词","A2","交通与出行","骑自行车；骑车出行；用自行车运送","骑自行车；骑车出行；用自行车运送","已人工审校","可接目的地/路线（sykle til jobben）或表示骑车送物品（sykle varene bort）；不要与名词 sykling 混淆。Bokmålsordboka：https://ordbokene.no/bm/sykle","2026-09-25"
"名词|parkeringsplass","parkeringsplass","en parkeringsplass","名词","A2","交通与地点","停车位；停车场/停车区域（依范围）","停车位；停车场/停车区域（依范围）","已人工审校","词典核心义是可以停放汽车的地方；可能指一个车位，也可在具体场景中指整个停车区域。Bokmålsordboka：https://ordbokene.no/bm/44227","2026-09-25"
"名词|dagsbillett","dagsbillett","en dagsbillett","名词","A2","交通与票务","日票；当天有效的票/通票","日票；当天有效的票/通票","已人工审校","由 dag + billett 构成；交通语境常指一日通票，但适用区域、交通工具及有效时段应看售票方规则。","2026-09-25"
"名词|helårskort","helårskort","et helårskort","名词","A2","交通与票务","全年卡；有效期覆盖一整年的通票或会员卡（依服务）","全年卡；有效期覆盖一整年的通票或会员卡（依服务）","已人工审校","复合词 helår（全年）+ kort（卡/票证）；具体可能是交通通票、场馆年卡等，不能脱离售卖服务断定用途。","2026-09-25"
"名词|sete","sete","et sete","名词","A2","交通与设施","座位；席位；（身体）臀部（依语境）","座位；席位；（身体）臀部（依语境）","已人工审校","et sete på bussen=公交车上的一个座位；ha sete i regjeringen=在政府中占有席位；i setet 也可指臀部。Bokmålsordboka：https://ordbokene.no/bm/sete","2026-09-25"
"动词|parkere","parkere","å parkere","动词","A2","交通与停车","停车；把车辆停放在某处；（引申）暂搁置","停车；把车辆停放在某处；（引申）暂搁置","已人工审校","parkere bilen 是把车停好；也可引申为暂时搁置一个议题（parkere saken）。Bokmålsordboka：https://ordbokene.no/bm/parkere","2026-09-25"
"名词|rute","rute","en rute","名词","A2","交通与物品","路线/班次；窗格/方格（依词义和语境）","路线/班次；窗格/方格（依词义和语境）","已人工审校","交通义 rute 是按时间运行的固定线路，也可指班次表；另有独立词义“方格、窗玻璃”，如 rutene på et sjakkbrett / vindusrute。不要把这些都理解成行车路线。Bokmålsordboka：https://ordbokene.no/nno/bm/rute","2026-09-25"
"名词|sykling","sykling","en sykling","名词","A2","交通与运动","骑自行车；骑行活动/自行车运动","骑自行车；骑行活动/自行车运动","已人工审校","是动作或活动名词（det å sykle），不是自行车这个物件；自行车是 sykkel。Bokmålsordboka：https://ordbokene.no/bm/sykling","2026-09-25"
"名词|tavle","tavle","en tavle","名词","A2","教室与课堂","板；黑板/白板；公告板；（资料）表/清单","板；黑板/白板；公告板；（资料）表/清单","已人工审校","教室语境常指黑板或白板；opp på tavla 常是写到板上。公共场所的 oppslagstavle 是公告板；表格、得分或控制系统语境可指信息板/显示面板。不要默认译成电脑屏幕（skjerm）。https://ordbokene.no/bm/tavle","2026-09-26"
"名词|utdanning","utdanning","ei utdanning","名词","A2","教育与职业","教育；学历教育；职业/专业培训","教育；学历教育；职业/专业培训","已人工审校","指通过系统学习获得知识或职业技能的教育/培训过程或背景。utdanning som lærer 是教师专业教育；ha utdanning 是受过教育/有学历背景，中文可按句意表达，但词本身不等于某一张‘文凭’。https://ordbokene.no/bm/utdanning","2026-09-26"
"名词|arkitektstudent","arkitektstudent","en arkitektstudent","名词","A2","教育与专业","建筑学专业学生；建筑系学生","建筑学专业学生；建筑系学生","已人工审校","透明复合词 arkitekt（建筑师/建筑学）+ student（学生），指正在学习建筑学的人，并不表示已经取得建筑师资格。学校和课程语境中也可自然译作‘建筑系学生’。课程词汇来源：https://www.hf.ntnu.no/now/hardcopies/course_material.pdf","2026-09-26"
"名词|tradisjon","tradisjon","en tradisjon","名词","A2","节日与传统","传统；习俗；惯例；（学术/艺术）传承","传统；习俗；惯例；（学术/艺术）传承","已人工审校","可指代代相传的习俗或故事，也可指反复形成的做法：familietradisjon 是家庭传统；tradisjon innen forskning 是某一领域的学术传统。核心是延续下来的方式，不一定每一项传统都很古老。https://ordbokene.no/bm/tradisjon","2026-09-26"
"名词|juletradisjon","juletradisjon","en juletradisjon","名词","A2","节日与家庭习俗","圣诞传统；圣诞节习俗","圣诞传统；圣诞节习俗","已人工审校","透明复合词 jul（圣诞节）+ tradisjon（传统），指圣诞期间反复沿袭的活动或习俗；具体做法因家庭、地区和文化而异。复合词以 tradisjon 为中心词，因此词性和形式依它变化。https://ordbokene.no/bm/tradisjon https://ordbokene.no/bm/jul","2026-09-26"
"名词|jul","jul","ei/en jul","名词","A2","节日与庆祝","圣诞节；圣诞节前后的一段庆祝时期","圣诞节；圣诞节前后的一段庆祝时期","已人工审校","既是纪念耶稣诞生的节日，也可指圣诞前后的一段庆祝时间；不能只等同于12月25日。挪威家庭常在12月24日 julaften 庆祝主要活动；固定说法常见 feire jul、til jul、i jula。Bokmål 可用 ei 或 en。https://ordbokene.no/bm/jul","2026-09-26"
"名词|julaften","julaften","en julaften","名词","A2","节日与庆祝","圣诞前夜；平安夜（挪威为12月24日）","圣诞前夜；平安夜（挪威为12月24日）","已人工审校","指12月24日，即圣诞节日历上的前一晚；在挪威，这一天通常是家庭主要庆祝、吃圣诞晚餐和交换礼物的日子。不要按其他国家的庆祝习惯误判日期。https://ordbokene.no/bm%2Cnn/julaften","2026-09-26"
"名词|julebord","julebord","et julebord","名词","A2","节日与庆祝","圣诞聚餐/派对；摆有传统圣诞食物的餐桌（依语境）","圣诞聚餐/派对；摆有传统圣诞食物的餐桌（依语境）","已人工审校","Bokmålsordboka 列出两义：摆着传统圣诞食物的餐桌；以及圣诞前举办、通常供应圣诞餐食的聚会，常见公司同事聚餐。dra på julebord 通常是去参加圣诞聚餐，不是‘去一张圣诞桌子’。https://ordbokene.no/bm/julebord","2026-09-26"
"名词|julegave","julegave","en julegave","名词","A2","节日与庆祝","圣诞礼物；圣诞节送的礼物","圣诞礼物；圣诞节送的礼物","已人工审校","指为圣诞节赠送的礼物，尤其常在 julaften（12月24日）交换；不一定是圣诞老人送的礼物，也不等同于所有冬季礼物。https://ordbokene.no/bm/27961","2026-09-26"
"名词|julekveld","julekveld","en julekveld","名词","A2","节日与庆祝","圣诞夜；圣诞前夜（常指平安夜）","圣诞夜；圣诞前夜（常指平安夜）","已人工审校","词典义为 julaften（圣诞前夜），通常指圣诞庆祝的当晚；日常有时强调夜间时段。与 julaften 指向重叠，但记忆时可把 julaften 当作日期/节日名称，把 julekveld 当作当晚时段。https://ordbokene.no/nno/search?dict=bm%2Cnn&q=julaften&scope=eif","2026-09-26"
"名词|julemiddag","julemiddag","en julemiddag","名词","A2","节日与庆祝","圣诞晚餐；圣诞节的正餐","圣诞晚餐；圣诞节的正餐","已人工审校","指圣诞节期间享用的一顿正餐，具体日期、菜式和进餐时间随家庭与地区而异；挪威许多家庭在 julaften（12月24日）吃这顿饭。它不是固定某一道菜的名称。https://ordbokene.no/bm/middag https://ordbokene.no/bm%2Cnn/julaften","2026-09-26"
"名词|julestemning","julestemning","ei/en julestemning","名词","A2","节日与庆祝","圣诞气氛；圣诞节带来的节日氛围","圣诞气氛；圣诞节带来的节日氛围","已人工审校","透明复合词 jul（圣诞）+ stemning（气氛/情绪），指圣诞装饰、音乐、活动等营造出的节日氛围，不是某一种具体情绪。常见 skape/få julestemning（营造/感受到圣诞气氛）。https://ordbokene.no/bm/jul https://ordbokene.no/bm/stemning","2026-09-26"
"名词|juletre","juletre","et juletre","名词","A2","节日与庆祝","圣诞树；圣诞节期间摆放和装饰的树","圣诞树；圣诞节期间摆放和装饰的树","已人工审校","通常指圣诞节期间搬进室内、挂上灯饰和装饰品的常绿树；不特指某一个树种。复数是不规则形式 juletre–juletrær–juletrærne。https://ordbokene.no/search?dict=bm&q=juletre&scope=eif","2026-09-26"
"名词|juleblomst","juleblomst","en juleblomst","名词","A2","节日与植物","圣诞花；圣诞节前后常见的观赏植物/花卉","圣诞花；圣诞节前后常见的观赏植物/花卉","已人工审校","泛指圣诞季节常见的观赏花卉，不是单一植物的正式名称；具体种类需由上下文或植物名称说明，例如 julestjerne（圣诞红）。日常送花时可译‘圣诞花’或‘圣诞季花卉’。https://ordbokene.no/bm/blomst https://ordbokene.no/bm/jul","2026-09-26"
"名词|bryllup","bryllup","et bryllup","名词","A2","节日与重要事件","婚礼；结婚仪式及相关庆祝活动","婚礼；结婚仪式及相关庆祝活动","已人工审校","指结婚仪式和围绕这一事件的庆祝活动，不等于婚姻关系本身（ekteskap）；宴会部分可具体说 bryllupsfest。holde bryllup 是举办婚礼，gå i bryllup 是参加婚礼。https://ordbokene.no/bm/bryllup https://ordbokene.no/eng/bm/125637","2026-09-26"
"名词|julekule","julekule","ei julekule","名词","A2","节日与装饰","圣诞装饰球；圣诞树上的球形挂饰","圣诞装饰球；圣诞树上的球形挂饰","已人工审校","透明复合词 jul（圣诞）+ kule（球），在节庆布置中通常指挂在圣诞树上的球形装饰，不是圣诞节用的普通球。词条采用阴性形式 ei julekule；也可见阳性形式 en。https://ordbokene.no/bm/kule https://ordbokene.no/bm/jul","2026-09-26"
"名词|gudstjeneste","gudstjeneste","en gudstjeneste","名词","A2","节日与宗教","礼拜；敬拜上帝的宗教仪式/集会","礼拜；敬拜上帝的宗教仪式/集会","已人工审校","词典核心义是以敬拜上帝为目的的仪式性集会，通常指教堂礼拜；比泛称‘宗教活动’范围更具体。julegudstjeneste 是圣诞礼拜。https://ordbokene.no/nob/search?dict=bm%2Cnn&q=gudstjeneste&scope=eif","2026-09-26"
"名词|eksempel","eksempel","et eksempel","名词","A2","解释与举例","例子；实例；（供人效仿的）榜样","例子；实例；（供人效仿的）榜样","已人工审校","用于说明某种情况时是‘例子/实例’：et eksempel på noe（某事的一个例子）；用于行为示范时是‘榜样’，如 være et godt eksempel（做个好榜样）。语境决定不是只译一个‘例子’。https://ordbokene.no/nob/bm/eksempel","2026-09-26"
"名词|lån","lån","et lån","名词","A2","借贷与付款","借用；借来的东西；贷款/借款（依语境）","借用；借来的东西；贷款/借款（依语境）","已人工审校","中性名词 et lån。可指借用这一行为、借来的物品，尤常指借款：ta opp et lån（申请/借入贷款）、betale ned lånet（偿还贷款）；语言学中的 lån 还可指借词或从别处引入的文化元素。区分 låne（动词）。https://ordbokene.no/nob/bm/l%C3%A5n","2026-09-26"
"动词|låne","låne","å låne","动词","A2","借用与归还","借；借用；借给；借入/借出（由结构判断）","借；借用；借给；借入/借出（由结构判断）","已人工审校","låne noe av noen = 向某人借某物；låne noe til noen / låne bort noe = 把某物借给某人；låne penger av banken 是向银行借钱，银行 låner ut penger 是放贷。也可用于词语从别的语言借入等引申义。https://ordbokene.no/bm/l%C3%A5ne","2026-09-26"
"名词|tohundrelapp","tohundrelapp","en tohundrelapp","名词","A2","金钱与购物","一张200挪威克朗纸币","一张200挪威克朗纸币","已人工审校","指面额为200挪威克朗的一张纸币；lapp 在这类金钱口语词中可表示纸币，不是‘一张纸片’。可说 betale med en tohundrelapp（用一张200克朗纸币付款）；复数 tohundrelapper。https://ordbokene.no/bm/Lapp https://ordbokene.no/nob/nn/99989","2026-09-26"
"名词|budsjett","budsjett","et budsjett","名词","A2","金钱与计划","预算；对一段时期收入和支出的预估","预算；对一段时期收入和支出的预估","已人工审校","指对未来一段时间预计收入与支出的估算，既可作为家庭收支计划，也可用于公司、项目或政府。lage/sette opp et budsjett 是编制预算；et stramt budsjett 是预算紧张/可支配额度有限。https://ordbokene.no/bm%2Cnn/budsjett","2026-09-26"
"名词|bank","bank","en bank","名词","A2","金融与地点","银行；银行营业场所；（海上）浅滩；（复合词）储备库/库","银行；银行营业场所；（海上）浅滩；（复合词）储备库/库","已人工审校","银行义指提供存款、贷款和转账等服务的机构，也可指该机构所在的营业场所；另有海上浅滩义，如 ute på bankene。复合词 blodbank 是血库。另一个同形名词 bank 可指一击/挨打，通常不是这张金融主题词卡的目标义；长凳是 benk。https://ordbokene.no/bm/bank","2026-09-26"
"动词|oppleve","oppleve","å oppleve","动词","A2","经历与感受","经历；体验；感受到；觉得/认为某种处境如何","经历；体验；感受到；觉得/认为某种处境如何","已人工审校","可表示亲身经历一件事（oppleve en reise）或对情况的主观感受/看法（Hvordan opplever du situasjonen?）。第二类常译‘你觉得/你感受到……怎么样’，不一定是客观发生的经历。https://ordbokene.no/search?dict=bm%2Cnn&q=oppleve&scope=eif","2026-09-26"
"名词|minibar","minibar","en minibar","名词","A2","酒店与住宿","迷你吧；酒店客房内供客人取用饮料等的小冰箱/柜","迷你吧；酒店客房内供客人取用饮料等的小冰箱/柜","已人工审校","通常指酒店客房内放置饮料等供住客取用的小冰箱或小柜；不是酒店大堂的公共酒吧。里面的商品常需另行付费，是否收费须看酒店说明。https://ordbokene.no/nno/search?dict=bm%2Cnn&q=hotellrom&scope=eif","2026-09-26"
"动词|behandle","behandle","å behandle","动词","A2","就医与处理","治疗；处理/审议；对待；处理加工；操作（依宾语）","治疗；处理/审议；对待；处理加工；操作（依宾语）","已人工审校","宾语决定译法：behandle en pasient 是治疗患者；behandle en søknad 是受理/处理申请；behandle noen godt 是善待某人；behandle treverket 是处理木材表面；behandle en PC 是操作电脑。不能只按医疗义理解。https://ordbokene.no/nob/bm/behandle","2026-09-26"
"名词|legevakt","legevakt","en legevakt","名词","A2","就医与急诊","值班急诊医疗服务；非办公时间的急诊门诊/值班制度","值班急诊医疗服务；非办公时间的急诊门诊/值班制度","已人工审校","在挪威通常指非正常办公时间提供的初级急诊医疗服务，也可指提供该服务的门诊地点或医生值班安排；不等同于救护车，也不宜简单套成所有国家的‘医院急诊科’。紧急程度及应联系的服务要看当地指引。https://ordbokene.no/bm/legevakt","2026-09-26"
"名词|legevaktsentral","legevaktsentral","en legevaktsentral","名词","A2","就医与急诊","值班急诊服务电话中心；急诊医疗联络/分诊中心","值班急诊服务电话中心；急诊医疗联络/分诊中心","已人工审校","透明复合词 legevakt（值班急诊服务）+ sentral（中心），指接听联系、提供初步建议并协调后续急诊服务的电话中心，不是就诊者实际接受检查治疗的诊室。该复合词的解释按课程语境及构词理解。https://www.hf.ntnu.no/now/hardcopies/course_material.pdf","2026-09-26"
"名词|blodprøve","blodprøve","en blodprøve","名词","A2","就医与检查","血样；抽血检查/血液化验（依语境）","血样；抽血检查/血液化验（依语境）","已人工审校","字面是用于检查的血液样本，因此既可指抽取的血样，也可在 ta en blodprøve 中指抽血/做血检；在 blodprøven viste ... 一类句子中通常指检查结果或这次化验。不是‘血液测试’以外的泛称检查。https://ordbokene.no/eng/search?dict=bm%2Cnn&q=blodpr%C3%B8ve&scope=eif","2026-09-26"
"名词|legeattest","legeattest","en legeattest","名词","A2","就医与文件","医生证明；关于个人健康状况的医疗证明","医生证明；关于个人健康状况的医疗证明","已人工审校","由医生出具、说明某人健康状况的证明文件。可用于请假、学校或其他办事场景，但词本身不限定为病假证明，也不保证一定写明某种诊断。https://ordbokene.no/bm%2Cnn/legeattest","2026-09-26"
"名词|legeerklæring","legeerklæring","en legeerklæring","名词","A2","就医与文件","医生声明/医疗证明；医生对个人健康状况的书面说明","医生声明/医疗证明；医生对个人健康状况的书面说明","已人工审校","Bokmålsordboka 将 legeerklæring 解释为 legeattest；与 legeattest 在常见用法中高度重叠，均指医生对个人健康状况出具的证明。翻译时可按文件场景用‘医生证明’或‘医疗说明’，不必人为制造严格区别。https://ordbokene.no/bm%2Cnn/legeerkl%C3%A6ring","2026-09-26"
"副词|hjemmefra","hjemmefra","hjemmefra","副词","A2","居家与工作","离开家/从家里出发；以家为工作地点","离开家/从家里出发；以家为工作地点","已人工审校","有两个常用义：dra hjemmefra 是离开家/从家出发；jobbe hjemmefra 是以家为工作地点、居家办公。动词能帮助判断，hjemmefra 本身不总表示‘在家工作’。https://ordbokene.no/nob/search?dict=bm&q=hjemmefra&scope=eif","2026-09-26"
"名词|fest","fest","en fest","名词","A2","聚会与庆祝","聚会；派对；庆祝活动；宗教节日/庆典；（口语）乐事","聚会；派对；庆祝活动；宗教节日/庆典；（口语）乐事","已人工审校","最常见是社交或庆祝聚会，可能包含饮酒但不必然是酒会；也可指宗教节日/庆典。口语 Det er en fest å ... 是‘做……很开心/很享受’，并非真的举办派对。常见 gå på fest（去参加派对）。https://ordbokene.no/bm/fest","2026-09-26"
"动词|starte","starte","å starte","动词","A2","开始与结束 / 未来计划与目标","开始；启动；使……开始；（比赛中）出发/参赛","开始；启动；使……开始；（比赛中）出发/参赛","已人工审校","start(e) på et kurs 是开始一门课程；starte bilen 是启动汽车；motoren starter 是发动机启动/运转；选手 starter i dag 是选手今天参赛/出场。是‘某事开始’还是‘让某物开始’，看句子主语和宾语。https://ordbokene.no/bm/starte","2026-09-26"
"名词|fastlege","fastlege","en fastlege","名词","A2","看医生与就医","固定全科医生；挪威家庭医生制度中的登记医生","固定全科医生；挪威家庭医生制度中的登记医生","已人工审校","在挪威通常指参与 fastlegeordningen、名下有登记患者的全科医生；患者通常联系自己的 fastlege 处理基础医疗和转诊。可译‘家庭医生’，但不是字面上为一家人服务的任何医生。https://ordbokene.no/bm%2Cnn/fastlege","2026-09-26"
"名词|pasient","pasient","en pasient","名词","A2","看医生与就医","患者；病人；正在接受医疗照护的人","患者；病人；正在接受医疗照护的人","已人工审校","指正在接受医生、医院或其他医疗人员治疗/照护的人；不要求必须住院，也不限于某种疾病。正式或中性语境常用‘患者’，日常可说‘病人’。https://ordbokene.no/bm/pasient","2026-09-26"
"名词|tannlege","tannlege","en tannlege","名词","A2","看医生与就医","牙医；从事牙齿治疗的牙科专业人员","牙医；从事牙齿治疗的牙科专业人员","已人工审校","指受过牙科专业教育并以牙齿治疗为职业的人。挪威语 tannlege 是职业称谓；中文通常译‘牙医’，无需把它拆成‘牙齿医生’。看牙常说 gå til tannlegen / bestille time hos tannlegen。https://ordbokene.no/bm/TANNLEGE","2026-09-26"
"名词|lege","lege","en lege","名词","A2","看医生与就医 / 健康与看医生","医生；医师（具有行医资格、诊治疾病的医疗专业人员）","医生；医师（具有行医资格、诊治疾病的医疗专业人员）","已人工审校","本卡是名词 lege，指有资格诊治疾病的医生。另有同形动词 lege，意思是治愈/使康复；不要把动词义并入本名词释义。职业身份作表语时常说 Hun er lege（她是医生）。https://ordbokene.no/bm/lege","2026-09-26"
"名词|prøve","prøve","en prøve","名词","A2","考试与尝试","测验/考试；样品；排练；试用/考验（依语境）","测验/考试；样品；排练；试用/考验（依语境）","已人工审校","名词 en/ei prøve 的意思由语境决定：在 skole、prøven i morgen 一类学习场景中是测验/考试；从一批材料中取出的 prøve 是样品；戏剧、音乐的 prøve 是排练；på prøve 表示试用期/暂时考察。不要与动词 å prøve（尝试、测试、试穿）混为一个词性。词典例句 Elevene leser til prøven i morgen 是“学生们在为明天的测验复习”；ta prøver av drikkevannet 是“抽取饮用水样本”。https://ordbokene.no/bm/pr%C3%B8ve","2026-09-26"
"形容词|kjemisk","kjemisk","kjemisk","形容词","A2","科学与材料","化学的；与化学物质或化学过程有关的","化学的；与化学物质或化学过程有关的","已人工审校","形容词的核心义是“与化学有关”，不是“化学制品”这个名词。可修饰反应、物质、公式和实验室，如 kjemisk reaksjon（化学反应）、kjemisk stoff（化学物质）。另在 kjemisk fri for 中作强化语，意为“完全没有……”，属于固定表达。-isk 结尾的形容词中性单数通常不加 -t，因此 en kjemisk reaksjon 与 et kjemisk stoff 形式相同；复数用 kjemiske。https://ordbokene.no/bm/kjemisk","2026-09-26"
"名词|laboratorium","laboratorium","et laboratorium","名词","A2","科学与学习","实验室；供科学、技术、化学工作或医疗检验使用的场所","实验室；供科学、技术、化学工作或医疗检验使用的场所","已人工审校","et laboratorium 是用于科学/技术工作、化学实验、医疗检查或试验的房间或设施；常缩写为 lab。它指地点/设施，不是某一项检验本身；i laboratoriet 表示“在实验室里”。词形：et laboratorium–laboratoriet–laboratorier–laboratoriene。https://ordbokene.no/bm/laboratorium","2026-09-26"
"名词|begynnerkurs","begynnerkurs","et begynnerkurs","名词","A2","课程与学习","初学者课程；入门课程","初学者课程；入门课程","已人工审校","透明复合词 begynner（初学者）+ kurs（课程），指为零基础或刚入门的人设计的课程；课程内容由后接的领域说明，例如 et begynnerkurs i norsk（挪威语入门课）。它指课程，不一定是固定班级或某个特定教学机构的班。词形为 et begynnerkurs–begynnerkurset–begynnerkurs–begynnerkursene。构词参照：https://ordbokene.no/bm/begynner https://ordbokene.no/bm/kurs","2026-09-26"
"动词|undervise","undervise","undervise","动词","A2","课堂与教学","教；授课；向学习者传授某门学科/技能","教；授课；向学习者传授某门学科/技能","已人工审校","常用结构是 undervise noen i noe：someone 是学生/受教者，i 后面是学科或技能，如 undervise studentene i grammatikk（教学生语法）。undervise i norsk 强调所教科目；undervise på en skole 中 på 标出任教地点。与 lære 区分：undervise 是教师“教”，lære 是学习者“学”。https://ordbokene.no/nno/search?dict=bm&q=undervise&scope=eif","2026-09-26"
"感叹词|aha","aha","aha","感叹词","A2","口语反应","啊哈；哦，原来如此（表示惊讶或突然明白）","啊哈；哦，原来如此（表示惊讶或突然明白）","已人工审校","aha 表示听者刚发现某事、突然理解了前因后果，有时带一点惊讶；它不是普通的“啊”或单纯同意。例：Aha, er det slik det skal gjøres! =“啊哈，原来是这样做的！”https://ordbokene.no/bm/aha","2026-09-26"
"感叹词|jippi","jippi","jippi","感叹词","A2","口语反应","耶；太好了！（兴奋地表达喜悦）","耶；太好了！（兴奋地表达喜悦）","已人工审校","jippi 是表达强烈喜悦的感叹词，常用于好消息、成功或终于学会某件事时；语气比中性的 bra 更兴奋。例：Jippi, nå kan jeg det! =“耶，我现在会了！”https://ordbokene.no/bm/jippi","2026-09-26"
"感叹词|nam","nam","nam","感叹词","A2","口语反应","嗯，真好吃；真美味！（尝到美食时的满足感叹）","嗯，真好吃；真美味！（尝到美食时的满足感叹）","已人工审校","nam 通常是在吃到或想到味道很好的食物时发出的满足感叹，重点是“好吃/美味”，不单指闻起来香。可重复说 nam-nam，加强享受食物的语气。例：Nam, denne isen var god! =“嗯，这个冰淇淋真好吃！”https://ordbokene.no/bm/nam","2026-09-26"
"动词|feire","feire","å feire","动词","A2","礼物与庆祝","庆祝；欢庆；纪念（节日、生日、成就或重要时刻）","庆祝；欢庆；纪念（节日、生日、成就或重要时刻）","已人工审校","feire 常以节日、生日、成就或事件为宾语：feire 17. mai（庆祝挪威宪法日）、feire bursdagen（庆祝生日）；feire at + 从句表示庆祝某件事实现了。中文可按具体对象说“庆祝/欢庆”，不必译成“纪念”——后者更适合庄重纪念场合。https://ordbokene.no/bm/feire","2026-09-26"
"名词|presang","presang","en presang","名词","A2","礼物与庆祝","礼物；送给某人的东西","礼物；送给某人的东西","已人工审校","en presang 指赠送给某人的礼物，常见搭配 få en presang av noen（收到某人送的礼物）、gi/kjøpe en presang til noen（送/买礼物给某人）。presang 与 gave 都可表示礼物，日常语义高度重叠；不必人为区分成“正式礼品”和“普通礼物”。词形：en presang–presangen–presanger–presangene。https://ordbokene.no/bm/presang","2026-09-26"
"动词|skåle","skåle","å skåle","动词","A2","礼物与庆祝","举杯祝酒；碰杯","举杯祝酒；碰杯","已人工审校","skåle 描写举起酒杯并说 skål 的祝酒动作。skåle for + 人/事表示为谁或什么祝酒（for jubilanten）；skåle med + 人表示与谁碰杯/一起祝酒；skåle i + 饮品指出杯中喝的东西。不要误解成单纯喝酒。https://ordbokene.no/bm/sk%C3%A5le","2026-09-26"
"动词|skjønne","skjønne","å skjønne","动词","A2","理解与认知","理解；明白；领会（较口语）","理解；明白；领会（较口语）","已人工审校","表示听懂或弄明白信息、原因、他人的意思；常见 skjønne at…（明白……）、skjønne hva noen mener（明白某人的意思）。语义与 forstå 重叠，但 skjønne 在日常对话里更口语。固定表达 ikke skjønne bæret 是“完全不明白”，不可按字面翻成“不懂浆果”。https://ordbokene.no/bm/skj%C3%B8nne","2026-09-26"
"从属连词|fordi","fordi","fordi","从属连词","A2","连接句子","因为；由于；为了（说明目的时）","因为；由于；为了（说明目的时）","已人工审校","fordi 引导原因从句，相当于“因为/由于”：Jeg blir hjemme fordi jeg er syk（我生病了，所以待在家）。在后续动作表示意图或目的时，也可译“为了”：Hun solgte bilen fordi hun skulle spare penger（她卖掉车是为了攒钱）。因为字面都可译“因为”，要看从句是在解释已发生事情的原因，还是说明行动的目标。fordi 从句是从句，限定动词通常位于主语之后。https://ordbokene.no/bm/fordi","2026-09-26"
"从属连词|som","som","som","从属连词","A2","连接与从句","像……那样；正如……（引出方式/比较从句）","像……那样；正如……（引出方式/比较从句）","已人工审校","本词条聚焦从属连词用法：som 引出“按……的方式/正如……”的从句，如 gjøre som læreren sier（照老师说的做）。som om 是固定连接形式，表示“好像/仿佛”。som 也可作关系代词（相当于“……的/……的人或物”），那是另一种句法功能；应看它是否在描述方式/比较，还是回指前面的名词。https://ordbokene.no/bm/som","2026-09-26"
"副词|altså","altså","altså","副词","A2","连接与语气","所以；因此；也就是说；（句末）加强语气","所以；因此；也就是说；（句末）加强语气","已人工审校","altså 有几种话语功能：根据前文推出结论时是“所以/因此”；换种说法解释时是“也就是说”；放在句末有时只是加强语气。它不是固定表示“话说”的话题转换词。例：Du er eldst, altså går du først. =“你年纪最大，所以你先走。”https://ordbokene.no/bm/alts%C3%A5","2026-09-26"
"副词|ellers","ellers","ellers","副词","A2","连接与语气","否则；平常/在其他情况下；除此之外、另外","否则；平常/在其他情况下；除此之外、另外","已人工审校","句中结果或警告前常表示“否则”：Vi må gå, ellers kommer vi for sent（我们得走了，否则会迟到）。描述常态时可指“平常/像往常一样”；补充其他情况时是“除此之外/另外”：Ellers går det bra（除此之外一切都好）。具体译法看它连接的是后果还是补充信息。https://ordbokene.no/bm/ellers","2026-09-26"
"副词|likevel","likevel","likevel","副词","A2","连接与转折","尽管如此；还是；仍然（结果与预期相反）","尽管如此；还是；仍然（结果与预期相反）","已人工审校","likevel 表示前面虽有阻碍或相反情况，后面的结果仍然发生，核心是“尽管如此/还是”。例如“她整晚都睡了，早上还是很累”。它不等同于连接并列句的“但是”；在中文里可按语序译为“还是、仍然、尽管如此”。https://ordbokene.no/bm/likevel","2026-09-26"
"动词|øve","øve","å øve","动词","A2","练习与技能 / 学习与工作","练习；训练；排练；施加（压力、影响、暴力等，依宾语）","练习；训练；排练；施加（压力、影响、暴力等，依宾语）","已人工审校","核心学习义是反复做某项活动以提高技能：øve på norsk / øve seg på å holde et foredrag；演员、乐手也可 øve inn 一段表演。另一个常用义是施加某种作用，需看宾语：øve press/påvirkning/vold 表示施加压力、影响或暴力。练习义常与 på、seg、inn 搭配，不能把所有结构都译作“练习”。https://ordbokene.no/nno/bm/%C3%98VE","2026-09-26"
"名词|hyttetur","hyttetur","en hyttetur","名词","A2","旅行与户外","去小木屋的一趟旅行/短住","去小木屋的一趟旅行/短住","已人工审校","由 hytte + tur 构成，强调一次去小木屋的出行；可用于度假，也可只是周末短住，不一定是长期“度假”。","2026-09-25"
"动词|pakke","pakke","pakke","动词","A2","旅行与物品","打包；收拾行李；把东西包起来/装好","打包；收拾行李；把东西包起来/装好","已人工审校","pakke kofferten 是收拾行李；pakke inn en gave 是把礼物包起来；pakke ut 则是拆包/把东西取出来。宾语和小品词决定具体动作。与同形名词 en pakke（包裹、一包东西）区分。变位可用 pakket，也常见口语/书面变体 pakka。https://ordbokene.no/bm/pakke","2026-09-26"
"形容词|opptatt","opptatt","opptatt","形容词","A2","忙碌与兴趣","忙的；被占用的；对……关注/感兴趣的（依搭配）","忙的；被占用的；对……关注/感兴趣的（依搭配）","已人工审校","形容人时 opptatt 可指正忙；说房间、座位时是“已被占用/没有空位”。opptatt med + 活动表示忙于做某事；opptatt av + 主题表示关注、投入或感兴趣。例：Jeg er opptatt med å lage middag（我正忙着做晚饭）；Hun er opptatt av miljøvern（她很关注环境保护）。结构决定“忙于”还是“关注”，不要统统译成“专注”。https://ordbokene.no/bm/opptatt","2026-09-26"
"名词|innlegg","innlegg","et innlegg","名词","A2","媒体与表达","帖子；发言/陈述；（足球）传中球（依语境）","帖子；发言/陈述；（足球）传中球（依语境）","已人工审校","et innlegg 的中文要看场景：在 nettavis/blogg/sociale medier 中可指帖子或评论文章；holde et innlegg i en debatt 是在辩论中发言；法律中是诉讼陈述；足球里是传向对方球门前的传中球。不要把 innlegg 固定译成“演讲”。例：Hun skrev et innlegg på bloggen（她在博客上写了一篇帖子）；Han holdt et innlegg i debatten（他在辩论中作了发言）。https://ordbokene.no/bm/innlegg","2026-09-26"
"名词|tegnefilm","tegnefilm","en tegnefilm","名词","A2","媒体与休闲","动画片；动画电影（传统上指逐格绘制画面制作的影片）","动画片；动画电影（传统上指逐格绘制画面制作的影片）","已人工审校","Bokmålsordboka 的严格定义是把逐格绘制的画面组合成影片；现代作品也可借助电脑技术制作。中文日常常宽泛地译作“动画片”，但不要据此推断每部动画都完全手绘。常见句：Vi så tegnefilm om morgenen（我们早上看了动画片）。https://ordbokene.no/bm%2Cnn/tegnefilm%7Cteiknefilm","2026-09-26"
"名词|grovbrød","grovbrød","et grovbrød","名词","A2","面包与早餐","粗粮面包；用粗磨面粉烘制的面包","粗粮面包；用粗磨面粉烘制的面包","已人工审校","词典定义是用 grovmel（粗磨面粉）烘制的面包。挪威商品中常含全谷物或较高比例的粗粮，但配方因产品而异，因此不一概等同于全麦或高纤维面包。例：Jeg spiser grovbrød til frokost（我早餐吃粗粮面包）。https://ordbokene.no/nob/bm/grovbr%C3%B8d","2026-09-26"
"名词|rundstykke","rundstykke","et rundstykke","名词","A2","面包与早餐","小圆面包；单人份小面包","小圆面包；单人份小面包","已人工审校","et rundstykke 指小而圆的面包，常作为早餐或午餐的单人份面包，可切开夹奶酪、火腿等；“餐包”在中文里有时偏向配餐小面包，可按场景选译。词形：et rundstykke–rundstykket–rundstykker–rundstykkene。https://ordbokene.no/bm/rundstykke","2026-09-26"
"形容词|tykk","tykk","tykk","形容词","A2","描述物品与外观","厚的；粗的；稠的；（形容人）胖的；（烟雾/空气）浓的（依语境）","厚的；粗的；稠的；（形容人）胖的；（烟雾/空气）浓的（依语境）","已人工审校","tykk 的共同核心是厚度/密度较大，但搭配决定译法：厚墙、厚书、粗手指、浓稠的汤、浓烟；形容人的体形时可译“胖”，涉及外貌时中文语气要留意。还可形容浓重口音或不可信的说法。例：Suppa er for tykk（汤太稠了）；Hun har på seg en tykk genser（她穿着一件厚毛衣）。https://ordbokene.no/bm/tykk","2026-09-26"
"形容词|lett","lett","lett","形容词","A2","描述与比较","轻的；容易的；清淡/轻微的；轻松自然的（依语境）","轻的；容易的；清淡/轻微的；轻松自然的（依语境）","已人工审校","重量轻：en lett koffert；难度低：en lett oppgave / lett å forstå；程度不强：lett regn（小雨）、et lett måltid（清淡的一餐）；作副词可表示“稍微/轻轻地”。因此不能只背成“轻”，也不能把所有“容易”都理解成重量。例：Det er lett å finne fram（很容易找到路）。https://ordbokene.no/bm/lett","2026-09-26"
"名词|dimensjon","dimensjon","en dimensjon","名词","A2","描述与测量","维度；尺寸/尺度；方面（依语境）","维度；尺寸/尺度；方面（依语境）","已人工审校","物理语境指一个方向上的度量，常见长、宽、高等维度；也可指范围/规模，如 et problem av globale dimensjoner（具有全球规模的问题）；抽象讨论中常指某问题的一个方面，如 en politisk dimensjon（政治层面）。中文不应一律译作“尺寸”。https://ordbokene.no/bm/dimensjon","2026-09-26"
"形容词|veldig","veldig","veldig","形容词","A2","描述与程度","非常；很（最常见，程度副词）；巨大的/强大的（形容词义，较少见）","非常；很（最常见，程度副词）；巨大的/强大的（形容词义，较少见）","已人工审校","日常最常见的是程度副词，修饰形容词、副词或数量词，形式不变：veldig god（非常好）、veldig fort（非常快）、veldig mye（非常多）。词典另收形容词义“巨大/强大”，如 en veldig kraft（巨大的力量）；这是不同用法，不要给副词误加中性词尾。https://ordbokene.no/bm/veldig","2026-09-26"
"形容词|videre","videre","videre","形容词","A2","描述与方向","更远/继续向前；进一步的、更多的；此外（依句法和固定表达）","更远/继续向前；进一步的、更多的；此外（依句法和固定表达）","已人工审校","videre 是 vid 的比较级形式。作形容词可指更远或额外的：videre diskusjon（进一步讨论）；作副词可指继续前进/继续办理：reise videre（继续上路）、saken går videre（案件继续处理）；句首 videre 还可作篇章连接词“此外”。固定语 inntil videre 是“暂时/在另行通知前”。它有副词功能，不应只按形容词背。https://ordbokene.no/bm/videre","2026-09-26"
"形容词|fort","fort","fort","形容词","A2","描述与感受","快的；迅速的；短时间内发生的（本条形容词用法）","快的；迅速的；短时间内发生的（本条形容词用法）","已人工审校","本条是形容词 fort，说明速度快或耗时短；也常见作副词，修饰动作：et fort tog（速度快的火车）、utviklingen gikk fort（发展得很快）。词典还将 fort vekk 列为固定表达，意思是“经常”。词库另有副词 fort 条目，二者分开记词性。https://ordbokene.no/bm/fort","2026-09-26"
"形容词|kjedelig","kjedelig","kjedelig","形容词","A2","描述与感受","无聊的；乏味的；令人遗憾/不愉快的（依语境）","无聊的；乏味的；令人遗憾/不愉快的（依语境）","已人工审校","描述书、电影、工作等缺乏趣味时是“无聊/乏味”；描述事故、消息或事情时可表示“令人遗憾、糟糕”：et kjedelig uhell 是一次令人遗憾的意外。形容人时通常表示这个人让人觉得乏味。与 kjede seg（感到无聊）词性不同。https://ordbokene.no/bm/kjedelig","2026-09-26"
"形容词|kul","kul","kul","形容词","A2","描述与感受","酷的；有趣的；不错的（口语评价）","酷的；有趣的；不错的（口语评价）","已人工审校","形容词 kul 是口语化的正面评价，可表示某人/某物有趣、很棒或让人喜欢：en kul film（一部有意思的电影）。它不同于同形名词 kul（肿包/隆起）和同形副词 kul（在 kul umulig 中加强“完全”）；当前词条只审校形容词义。https://ordbokene.no/bm/kul","2026-09-26"
"分词短语|sammenlignet med","sammenlignet med","sammenlignet med","分词短语","A2","描述与感受","与……相比；和……相比较","与……相比；和……相比较","已人工审校","这是 sammenligne（比较）的过去分词 sammenlignet 加介词 med 构成的比较结构，不是 med 单独表示“相比”。其后接比较对象：Sammenlignet med i fjor er vinteren mildere（和去年相比，今年冬天更暖和）。也可放在主语或谓语附近：Han er liten sammenlignet med broren sin（和他哥哥相比，他个子矮）。词典收录于 sammenligne 条目。https://ordbokene.no/bm/sammenligne","2026-09-26"
"名词|skjønnhet","skjønnhet","en skjønnhet","名词","A2","描述与感受","美；美感；美丽的人（词典例义中特指美丽女子）","美；美感；美丽的人（词典例义中特指美丽女子）","已人工审校","抽象义指美或美感：skjønnheten i naturen（自然之美）；指人时可称美人，词典例句尤其指美丽女子。这个名词可用阳性 en 或阴性 ei：en skjønnhet / ei skjønnhet；不要把“美”和“美人”混为同一个具体所指。https://ordbokene.no/bm/skj%C3%B8nnhet","2026-09-26"
"形容词|skummel","skummel","skummel","形容词","A2","描述与感受","阴森的；令人害怕的；（人/意图）不怀好意、可疑的","阴森的；令人害怕的；（人/意图）不怀好意、可疑的","已人工审校","形容昏暗街区、声音或故事时可译“阴森/吓人”；形容人或意图时，常带有危险、阴险或可疑的意味，如 skumle hensikter（不良/可疑的意图）。它不只是“让人有点不安”，也可能明确表示某人不可信。https://ordbokene.no/bm/skummel","2026-09-26"
"形容词|spennende","spennende","spennende","形容词","A2","描述与感受","引人入胜的；有趣的；令人紧张/兴奋的（依情境）","引人入胜的；有趣的；令人紧张/兴奋的（依情境）","已人工审校","描述故事、目的地或新经历时，表示能吸引人、让人感兴趣；若情境紧张，则可强调令人屏息或兴奋。中文不必机械译成“令人兴奋”：en spennende fortelling 通常是“引人入胜的故事”，et spennende reisemål 是“很有吸引力的旅行目的地”。https://ordbokene.no/bm/spennende","2026-09-26"
"形容词|tankefull","tankefull","tankefull","形容词","A2","描述与感受","沉思的；若有所思的；心不在焉的（依语境）","沉思的；若有所思的；心不在焉的（依语境）","已人工审校","描述一个人认真思考、沉浸在某个问题中的样子；有时也指神情恍惚、注意力不在眼前。它本身不必然表示悲伤或烦恼。“心事重重”只适合上下文明显有忧虑时。例：Hun så tankefull ut（她看起来若有所思）。https://ordbokene.no/bm/tankefull","2026-09-26"
"形容词|travel","travel","travel","形容词","A2","描述与感受","忙碌的；事务繁多的；赶时间的；（场所/活动）繁忙的","忙碌的；事务繁多的；赶时间的；（场所/活动）繁忙的","已人工审校","形容人时可指事情多、很忙，也可指赶时间；形容街道或商店时是活动繁忙、人来人往；修饰步伐、动作时还可指急促。词形随性数变化：en travel dag、et travelt sted、travle dager。不是英语 travel（旅行）。https://ordbokene.no/bm/travel","2026-09-26"
"形容词|tøff","tøff","tøff","形容词","A2","描述与感受","坚强/勇敢的；艰苦、难熬的；酷的、很有型的（依语境）","坚强/勇敢的；艰苦、难熬的；酷的、很有型的（依语境）","已人工审校","夸人时可指勇敢、坚韧；描述工作或时期时可指辛苦、艰难甚至危险；描述衣着/风格时可表示酷、有型。语境决定褒贬，不能把所有用法译为“严厉”。另有同形名词/拟声词 tøff，本条仅是形容词。https://ordbokene.no/bm/t%C3%B8ff","2026-09-26"
"形容词|vakker","vakker","vakker","形容词","A2","描述与感受","美丽的；漂亮的；美好的；动人的（依所修饰对象）","美丽的；漂亮的；美好的；动人的（依所修饰对象）","已人工审校","可形容人的外貌，也可形容天气、风景、回忆或言行；形容行为/演讲时常含“美好、感人”的评价。例：vakre fjell（美丽的群山）、et vakkert minne（一段美好的回忆）、en vakker handling（高尚/美好的行为）。词形不规则：vakker–vakkert–vakre；比较级 vakrere。https://ordbokene.no/bm/vakker","2026-09-26"
"形容词|dårlig","dårlig","dårlig","形容词","A2","描述与评价","差的；质量/效果不好的；身体不适/不健康的；（时间/资源）不足的（依语境）","差的；质量/效果不好的；身体不适/不健康的；（时间/资源）不足的（依语境）","已人工审校","不只表示质量差：føle seg dårlig 是“感觉不舒服”；dårlig tid 是“时间紧/时间不够”；dårlig i matematikk 是“不擅长数学”；dårlig vær 是“天气不好”。必须结合被修饰的名词或句型决定译法。https://ordbokene.no/bm/d%C3%A5rlig","2026-09-26"
"形容词|enkel","enkel","enkel","形容词","A2","描述与评价","简单、容易的；单一的；朴素的（依语境）","简单、容易的；单一的；朴素的（依语境）","已人工审校","结构或组成少可译“简单/单一”：en enkel tråd（一根单股线）；难度低、容易理解时是“简单/容易”：en enkel oppgave（简单的任务）；生活、衣着或资源不奢华时可译“朴素”。别把 enkel 一律等同于 lett：enkel 强调不复杂，lett 更强调不费力/容易。https://ordbokene.no/bm/enkel","2026-09-26"
"形容词|fantastisk","fantastisk","fantastisk","形容词","A2","描述与评价","极好的；精彩的；令人惊叹的；（程度副词）极其、非常（依语境）","极好的；精彩的；令人惊叹的；（程度副词）极其、非常（依语境）","已人工审校","评价经历、结果时通常是强烈正面：“精彩/极好”；也可强调规模或程度，作形容词为“惊人的/巨大”，口语还可作程度副词“极其”。译成“难以置信”需有惊叹或怀疑语气支持，不能作为默认义。https://ordbokene.no/bm/fantastisk","2026-09-26"
"形容词|moderne","moderne","moderne","形容词","A2","描述与评价","现代的；具有当代风格/技术的；新式的","现代的；具有当代风格/技术的；新式的","已人工审校","指属于现代时期或符合当代技术、设计和生活方式；不等于“最新的”，也不总是褒义。形容设备、建筑、艺术风格时可译“现代/新式”；用于社会、教育等抽象领域时是“现代的”。词尾 -e 同形用于阳性/阴性/中性/复数。https://ordbokene.no/bm/moderne","2026-09-26"
"形容词|super","super","super","形容词","A2","描述与评价","很棒的；极好的；（前置加强成分）超级、超……的（依用法）","很棒的；极好的；（前置加强成分）超级、超……的（依用法）","已人工审校","独立评价时是口语化“很棒/极好”；构词或口语加强时相当于“超级、超……”，如 superfornøyd（超级满意）。区分独立形容词 super 和复合词中的加强成分；正式写作中不宜把所有“非常”都替换成 super。https://ordbokene.no/bm/super","2026-09-26"
"形容词|typisk","typisk","typisk","形容词","A2","描述与评价","典型的；有代表性的；通常（副词）；真是……（感叹，常含无奈）","典型的；有代表性的；通常（副词）；真是……（感叹，常含无奈）","已人工审校","形容词描述某人/某类事物有代表性的特征：et typisk turiststed（典型旅游地）；副词 typisk 表示“通常/往往”；单独说 Typisk! 常是“真是的，果然又这样！”带无奈，不是普通的“典型”。https://ordbokene.no/nno/bm%2Cnn/betegnende%7Ctypisk","2026-09-26"
"形容词|vanskelig","vanskelig","vanskelig","形容词","A2","描述与评价","困难的；复杂/棘手的；（人）难以相处或取悦的","困难的；复杂/棘手的；（人）难以相处或取悦的","已人工审校","描述任务或问题时是“难、复杂、棘手”；vanskelig å + 动词表示做某事很难，ha det vanskelig økonomisk 指经济处境困难。形容人时也可指难以取悦/相处，语气需看上下文。https://ordbokene.no/bm/vanskelig","2026-09-26"
"形容词|slapp","slapp","slapp","形容词","A2","描述与身体状态","疲倦无力的；松弛、松垂的；懒散的；（监管/需求）不力、疲软的","疲倦无力的；松弛、松垂的；懒散的；（监管/需求）不力、疲软的","已人工审校","词典义按搭配分辨：人感到没精神、身体无力；绳带或肌肉不紧；人做事懒散；kontrollen var slapp 是监管不力，aksjemarkedet er slapt 是市场需求疲软。不要把所有语境都译成“松弛”。https://ordbokene.no/bm/slapp","2026-09-26"
"形容词|total","total","total","形容词","A2","描述与数量","全部的；总计的；彻底的、完全的（依结构）","全部的；总计的；彻底的、完全的（依结构）","已人工审校","作定语时可表示总体/全部：den totale prisen（总价）；et totalt kaos（彻底的混乱）。totalt 也常作副词表示“总共”：Kurset varer totalt seks uker（课程总共六周）。应用条目是形容词，不与同形名词 total（总数）混为一谈。https://ordbokene.no/bm/total","2026-09-26"
"形容词|bestemt","bestemt","bestemt","形容词","A2","描述与态度","特定的；明确的；坚定果断的；（语法）定指的","特定的；明确的；坚定果断的；（语法）定指的","已人工审校","bestemt dato 是特定日期，bestemt svar 是明确的答复；fast bestemt på å gjøre noe 是下定决心做某事。语法中 bestemt form 指名词/形容词的定指形式。先看它修饰对象还是出现在语法术语里，再选择中文。https://ordbokene.no/nno/bm%2Cnn/bestemma%7Cbestemt","2026-09-26"
"形容词|stressende","stressende","stressende","形容词","A2","描述与压力","令人紧张/有压力的；使人忙乱的","令人紧张/有压力的；使人忙乱的","已人工审校","stressende 描述造成压力的事情、活动或处境：en stressende dag（忙得让人有压力的一天）。与 stresset 区分：stressende 是“让人有压力的”，stresset 是“自己正感到压力的”。https://ordbokene.no/bm/stressende","2026-09-26"
"形容词|ekte","ekte","ekte","形容词","A2","描述与真实性","真正的；真实可信的；真挚的；纯正、非仿制的","真正的；真实可信的；真挚的；纯正、非仿制的","已人工审校","ekte perler 指真珍珠、非仿制品；brevet er ekte 指信件确是真实的；ekte glede/venn 可译真挚的喜悦/真正的朋友。词典另列的“婚生”是旧义，不宜作为现代常用释义；同形动词 ekte（与……结婚）是另一词条。https://ordbokene.no/bm/ekte","2026-09-26"
"形容词|viktig","viktig","viktig","形容词","A2","描述与重要性","重要的；有重大意义的；关键的","重要的；有重大意义的；关键的","已人工审校","指某人/某事很有分量或影响：viktig for meg（对我重要）、en viktig oppgave（重要任务）。det viktigste 可名词化为“最重要的事情/一点”。词典还收录贬义 selvgod/hoven（自以为是），属于语境性次要义，本卡重点学常用“重要”。https://ordbokene.no/bm/viktig","2026-09-26"
"形容词|normal","normal","normal","形容词","A2","描述与状态","正常的；通常的；一般/平均水平的","正常的；通常的；一般/平均水平的","已人工审校","描述符合常规、常见或平均状态：normal framgangsmåte（常规做法）、normal nedbørmengde（正常降水量）；normalt 也可作副词“通常/正常地”。词典还收有评价人的心理状态的用法，现代交流中可能带污名，不作为本卡默认义。https://ordbokene.no/bm/normal","2026-09-26"
"动词|klare","klare","å klare","动词","A2","能力与完成","设法做到；应付得来；完成/通过；弄清、理顺（依结构）","设法做到；应付得来；完成/通过；弄清、理顺（依结构）","已人工审校","klare en oppgave 是完成/应付一道任务；klare å + 动词原形表示设法做到；klare seg 是应付得来/过得去；klare opp et problem 是把问题理清。另有同形动词表示澄清液体或清嗓子（klare kaffen / stemmen），是不同义项；切勿只凭词头选译法。https://ordbokene.no/bm/klare","2026-09-26"
"名词|elektrisitet","elektrisitet","elektrisitet","名词","A2","能源与日常生活","电；电能；电力（通常作不可数名词）","电；电能；电力（通常作不可数名词）","已人工审校","抽象名词，通常泛指电这种能源，不像“一个物品”那样逐个计数；定指 elektrisiteten 指上下文中的电力/电能。家庭日常谈供电、停电更常用 strøm；科学或正式语境常见 elektrisitet。词典另有“现场气氛紧张/充满不安”的比喻义。https://ordbokene.no/bm/elektrisitet","2026-09-26"
"名词|strøm","strøm","en strøm","名词","A2","能源与生活","电；电力；水流/气流；连续涌来的一大股（依语境）","电；电力；水流/气流；连续涌来的一大股（依语境）","已人工审校","strømmen er borte 是停电；描述液体或气体的强而稳定流动时指水流或气流；en strøm av mennesker/varer 指连续、大量涌来的人或物。不要把词义写成动词短语“大量涌来”；名词本身指“一股/流”。https://ordbokene.no/bm/str%C3%B8m","2026-09-26"
"名词|alder","alder","en alder","名词","A2","年龄与个人信息","年龄；年纪；一生中的某个阶段；高龄（依搭配）","年龄；年纪；一生中的某个阶段；高龄（依搭配）","已人工审校","指人/物存在了多久：høy alder（高龄/很长时间）；i en alder av 30 år（30岁时）、folk i alle aldre（各年龄段的人）说的是生命阶段。alderdom 的意思通常需在‘年老/高龄’搭配里体现；表示历史时代常见于 sammensetninger（复合词），不宜笼统译作普通“时期”。https://ordbokene.no/bm/alder","2026-09-26"
"名词|tenåring","tenåring","en tenåring","名词","A2","年龄与个人信息","十几岁的青少年；青少年（通常指十来岁）","十几岁的青少年；青少年（通常指十来岁）","已人工审校","Bokmålsordboka 的定义是 person i tenårene（处于十几岁阶段的人）；日常通常约指13至19岁，但不同语境的年龄界线可能不同，词条不标性别。tenåring 是人，tenårings- 常作复合词首部。https://ordbokene.no/bm/ten%C3%A5ring","2026-09-26"
"名词|gubbe","gubbe","en gubbe","名词","A2","年龄与人物","老年男子；老头（非正式，语气可亲昵或轻蔑）；丈夫/老伴（口语）","老年男子；老头（非正式，语气可亲昵或轻蔑）；丈夫/老伴（口语）","已人工审校","口语、非正式称呼：词典例子 godslig gubbe 是和善的老头，gretne gamle gubber 是脾气差的老头们，gubben sin 可指自己的丈夫/老伴。语气依说话关系而变；礼貌中性可说 eldre mann（年长男士）。词典还收有“炸药筒”这一少见同形义。https://ordbokene.no/bm/gubbe","2026-09-26"
"名词|tenåringsjente","tenåringsjente","ei/en tenåringsjente","名词","A2","年龄与人物","十几岁的女孩；青少年女性","十几岁的女孩；青少年女性","已人工审校","透明复合词 tenåring（十几岁的青少年）+ jente（女孩）；词本身说的是年龄阶段和性别，不表示具体是女儿，也不宜按少女文学形象理解。通常约为13至19岁，但精确界线依语境。https://ordbokene.no/bm/ten%C3%A5ring","2026-09-26"
"名词|pensjonist","pensjonist","en pensjonist","名词","A2","年龄与退休生活","退休人士；领取养老金的人","退休人士；领取养老金的人","已人工审校","可指已经退休的人，也可从领取养老金的身份来称呼；这个词本身不说明具体年龄，也不保证对方完全停止工作。bli pensjonist 是“成为退休人士/退休”。https://ordbokene.no/nno/nn/56948","2026-09-26"
"名词|lutefisk","lutefisk","en lutefisk","名词","A2","挪威传统食物","碱液处理的干鱼；卢特菲斯克（挪威传统鱼料理，常用鳕鱼）","碱液处理的干鱼；卢特菲斯克（挪威传统鱼料理，常用鳕鱼）","已人工审校","词典定义是经碱液浸泡处理的 tørrfisk（干鱼），不是泛指新鲜鳕鱼；常作为圣诞餐食。译作“碱渍鳕鱼”较易懂，但原料不应绝对限定为鳕鱼。lutefisk med ertestuing 是配豌豆泥吃。https://ordbokene.no/bm%2Cnn/lutefisk","2026-09-26"
"名词|akevitt","akevitt","en akevitt","名词","A2","挪威节庆食品","阿夸维特酒；斯堪的纳维亚香料烈酒","阿夸维特酒；斯堪的纳维亚香料烈酒","已人工审校","Bokmålsordboka 定义为北欧（斯堪的纳维亚）香料蒸馏烈酒；挪威常见含葛缕子等香料的类型，常与节庆餐食相配。是具体酒类名称，不宜泛译为普通白酒。https://ordbokene.no/bm/akevitt","2026-09-26"
"名词|pinnekjøtt","pinnekjøtt","et pinnekjøtt","名词","A2","挪威节庆食品","盐腌风干羊肋肉；挪威传统节庆菜 pinnekjøtt","盐腌风干羊肋肉；挪威传统节庆菜 pinnekjøtt","已人工审校","Bokmålsordboka 的定义为风干、盐腌的羊肋肉，传统上蒸在桦木枝条架上；如今各家烹调细节可不同。圣诞时常吃。它是食材名，也常指做成的一道菜；词义不包含“熏制”这一必要条件。https://ordbokene.no/bm%2Cnn/pinnekj%C3%B8tt","2026-09-26"
"名词|ribbe","ribbe","en ribbe","名词","A2","挪威节庆食品","肋排；畜肉的胸侧肋部；（挪威圣诞餐）烤猪肋排","肋排；畜肉的胸侧肋部；（挪威圣诞餐）烤猪肋排","已人工审校","词典核心义是屠宰动物的胸侧，尤其是猪；餐桌上按圣诞语境常指烤猪肋排。另有凸起条纹/横杆等实体义。同形动词 ribbe 是拔羽或剥夺财物，不能混进名词释义。名词可用 ribba 或 ribben 作阳/阴性定指单数。https://ordbokene.no/bm/ribbe","2026-09-26"
"名词|svineribbe","svineribbe","en svineribbe","名词","A2","挪威节庆食品","猪肋排；猪肋肉（常作为挪威圣诞烤肉）","猪肋排；猪肋肉（常作为挪威圣诞烤肉）","已人工审校","透明复合词 svin（猪）+ ribbe（肋排）；说肉块时是猪肋排，圣诞饮食语境常指烤制的猪肋排菜。原词不保证一定采用某一种烹法；svineribba/svineribben 都可作定指单数。https://ordbokene.no/bm/ribbe","2026-09-26"
"名词|vikingskip","vikingskip","et vikingskip","名词","A2","挪威历史与文化","维京时代的长船；仿维京船型建造的船","维京时代的长船；仿维京船型建造的船","已人工审校","不只是泛泛的“维京时代船只”：通常指维京时代的长船，也可指后来仿照出土维京船型建造的船。透明复合词 viking + skip；中性名词随 skip 变化。历史船只和现代仿建船应依语境区分。https://ordbokene.no/bm%2Cnn/vikingskip","2026-09-26"
"名词|hyttetradisjon","hyttetradisjon","en hyttetradisjon","名词","A2","挪威生活与休闲","度假小屋生活传统；与小屋度假相关的习俗","度假小屋生活传统；与小屋度假相关的习俗","已人工审校","透明复合词 hytte（用于度假和休闲的小屋）+ tradisjon（代代传承的做法/习俗）。可指家庭或社群反复保持的 cabin 生活习惯，如在山间小屋过复活节；不是固定的一种仪式，也不一定专指山间木屋。https://ordbokene.no/bm/hytte；https://ordbokene.no/bm/tradisjon","2026-09-26"
"名词|norskkurs","norskkurs","et norskkurs","名词","A2","挪威语学习","挪威语课程；挪威语培训课","挪威语课程；挪威语培训课","已人工审校","透明复合词 norsk（挪威语）+ kurs（课程）。指学习挪威语的一门课程，可在线或线下，不特指班级/一群学生；gå på norskkurs 是“上挪威语课”，melde seg på et norskkurs 是“报名参加挪威语课程”。核心名词 kurs 是阳性。https://ordbokene.no/bm/kurs","2026-09-26"
"名词|kølapp","kølapp","en kølapp","名词","A2","排队与服务","排队号码牌；取号后凭以等候的号码纸","排队号码牌；取号后凭以等候的号码纸","已人工审校","在药房、服务窗口等处取号后拿到的小票/号码牌，用来按顺序等候；不是“队伍”本身。https://ordbokene.no/bm/kølapp","2026-09-26"
"形容词|kritisk","kritisk","kritisk","形容词","A2","判断与评价","爱批评的；审慎分析的；关键/危急的（依语境）","爱批评的；审慎分析的；关键/危急的（依语境）","已人工审校","kritisk til 表示对观点持保留/质疑态度；kritisk vurdering 是审慎评估；kritisk fase/situasjon 表示危急或关键阶段。https://ordbokene.no/bm/kritisk","2026-09-26"
"动词|bake","bake","å bake","动词","A2","烹饪与饮食","烤、烘焙（尤指面包、蛋糕）；晒热（太阳）","烤、烘焙（尤指面包、蛋糕）；晒热（太阳）","已人工审校","最常见是用烤箱烤面包或蛋糕；太阳作主语时可指晒热皮肤。要看主语和宾语判断。https://ordbokene.no/bm/bake","2026-09-26"
"动词|grille","grille","å grille","动词","A2","烹饪与用餐","用烤架烤；（比喻）严厉盘问/批评","用烤架烤；（比喻）严厉盘问/批评","已人工审校","做饭时 grille + 食物表示烧烤；政治或媒体语境 grille someone 是密集盘问、严厉质询。https://ordbokene.no/nno/bm/grille%7Cgrill","2026-09-26"
"名词|gryterett","gryterett","en gryterett","名词","A2","烹饪与用餐","炖菜；用锅炖煮的一道菜（食材依菜谱而定）","炖菜；用锅炖煮的一道菜（食材依菜谱而定）","已人工审校","gryterett 指一锅炖煮的一道菜，不是固定配方，也不一定含肉或是汤。https://ordbokene.no/bm/gryte","2026-09-26"
"名词|kamerat","kamerat","en kamerat","名词","A2","朋友与关系","朋友；伙伴；同伴（词本身不限定性别）","朋友；伙伴；同伴（词本身不限定性别）","已人工审校","kamerat 可指朋友、伙伴或同伴；常指男性不等于词义限定男性。恋爱伴侣通常说 kjæreste。https://ordbokene.no/bm/kamerat","2026-09-26"
"名词|venninne","venninne","ei venninne","名词","A2","朋友与关系","女性朋友；女伴（不默认指恋人）","女性朋友；女伴（不默认指恋人）","已人工审校","venninne 明确指女性朋友，本身不表示恋爱关系；恋人通常用 kjæreste。https://ordbokene.no/nob/search?dict=bm%2Cnn&q=venninne%7Cveninne&scope=eif","2026-09-26"
"副词|heller","heller","heller","副词","A2","偏好与否定","宁可；倒不如；也不（否定句）；相当/颇（依句型）","宁可；倒不如；也不（否定句）；相当/颇（依句型）","已人工审校","heller enn 用于比较选择；否定句中可表示“也不”；heller kald 表示“相当冷”。译法看完整句型，不可固定套成“而且”。https://ordbokene.no/nno/bm/heller","2026-09-26"
"形容词|vanlig","vanlig","vanlig","形容词","A2","频率与描述","普通的；平常的；常见的；通常发生的","普通的；平常的；常见的；通常发生的","已人工审校","可表示不特别/普通，也可表示属于常态；det er vanlig å ... 表示通常会……。副词“通常”常用 vanligvis。https://ordbokene.no/bm/vanlig","2026-09-26"
"介词|iblant","iblant","iblant","介词","A2","频率与群体","有时；偶尔；在……中间（另有副词用法）","有时；偶尔；在……中间（另有副词用法）","已人工审校","词典将 iblant 列为介词，但也收录副词义“有时/偶尔”。midt iblant dem 是介词结构；句首 Iblant spiser vi hjemme 中 iblant 是副词。https://ordbokene.no/bm/iblant","2026-09-26"
"形容词|elendig","elendig","elendig","形容词","A2","评价与感受","很差的；糟透的；（人/处境）悲惨、困苦的","很差的；糟透的；（人/处境）悲惨、困苦的","已人工审校","形容服务或结果时是“很差”；描述生活处境时可指困苦、悲惨。比 dårlig 语气更强。https://ordbokene.no/nn/elendig","2026-09-26"
"形容词|heldig","heldig","heldig","形容词","A2","评价与感受","幸运的；运气好的；有利的、合适的（依语境）","幸运的；运气好的；有利的、合适的（依语境）","已人工审校","形容人常译“幸运”；形容决定、时机或结果则可译“有利、合适”，不一定强调偶然好运。https://ordbokene.no/bm/heldig","2026-09-26"
"形容词|nydelig","nydelig","nydelig","形容词","A2","评价与感受","美味的；漂亮的；极好的（赞美）；（反讽）真够……的","美味的；漂亮的；极好的（赞美）；（反讽）真够……的","已人工审校","可评价食物、外表/景色或表现；反语中也可能带轻微讽刺。由对象、语调和上下文判断。https://ordbokene.no/nob/bm/nydeleg%7Cnydelig","2026-09-26"
"形容词|perfekt","perfekt","perfekt","形容词","A2","评价与描述","完美的；极好的；恰到好处的；（语法）完成时的","完美的；极好的；恰到好处的；（语法）完成时的","已人工审校","日常语境可表示完全合适、效果很好；语法术语 perfektum 是完成时。不要每次都硬译为“完美无缺”。https://ordbokene.no/bm/perfekt","2026-09-26"
"形容词|nyttig","nyttig","nyttig","形容词","A2","评价与用途","有用的；实用的；能带来帮助/好处的","有用的；实用的；能带来帮助/好处的","已人工审校","描述某物、信息或做法能派上用场；固定表达 nyttig idiot 是贬义用语，需另行学习。https://ordbokene.no/bm%2Cnn/nyttig","2026-09-26"
"动词|pusse","pusse","pusse","动词","A2","清洁与护理","刷/擦净；擦亮；打磨；翻新（由宾语和小品词决定）","刷/擦净；擦亮；打磨；翻新（由宾语和小品词决定）","已人工审校","pusse tennene（刷牙）、pusse skoene（擦鞋）、pusse opp et rom（翻新房间）；宾语和小品词决定动作。https://ordbokene.no/bm/puss","2026-09-26"
"形容词|rotete","rotete","rotete","形容词","A2","清洁与家务","凌乱的；杂乱无章的；（思路/叙述）缺乏条理的","凌乱的；杂乱无章的；（思路/叙述）缺乏条理的","已人工审校","可指房间/物品凌乱，也可指解释、文字或思路组织混乱；各性数形式同形 rotete。https://ordbokene.no/bm/rotete","2026-09-26"
"形容词|ryddig","ryddig","ryddig","形容词","A2","清洁与家务","整洁的；有条理的；清楚明白的；办事规矩的（依语境）","整洁的；有条理的；清楚明白的；办事规矩的（依语境）","已人工审校","具体空间整齐；抽象解释/流程有条理；交易或做事方式可指透明规矩。https://ordbokene.no/bm/ryddig","2026-09-26"
"形容词|skitten","skitten","skitten","形容词","A2","清洁与家务","脏的；不干净的；（比赛/手段）不公平、不正当的","脏的；不干净的；（比赛/手段）不公平、不正当的","已人工审校","具体物品指沾有污垢；比喻搭配如 skitten konkurranse 批评手段不公正。形式 skitten–skittent–skitne。https://ordbokene.no/bm/skitten","2026-09-26"
"形容词|stolt","stolt","stolt","形容词","A2","情感与成就","自豪的；骄傲的；（语境不佳时）自负的","自豪的；骄傲的；（语境不佳时）自负的","已人工审校","常用 være stolt av + 人/事物，或 stolt over + 成就；通常是正面的自豪，也可能批评傲慢。https://ordbokene.no/bm/stolt","2026-09-26"
"动词|hate","hate","å hate","动词","A2","情感与态度","恨；憎恶；非常讨厌（口语常用强烈表达）","恨；憎恶；非常讨厌（口语常用强烈表达）","已人工审校","情感强度通常高于 mislike（不喜欢）；日常口语也可夸张地表示特别讨厌某事，如 hate å vente。https://ordbokene.no/bm/hate","2026-09-26"
"形容词|begeistret","begeistret","begeistret","形容词","A2","情绪与反应","兴致很高的；热情喜欢的；非常欣赏/期待的","兴致很高的；热情喜欢的；非常欣赏/期待的","已人工审校","være begeistret for + 人/事物表示很喜欢/热衷；对计划可译很期待。ikke særlig begeistret 表示“不太喜欢/不大感兴趣”。https://ordbokene.no/bm/begeistret","2026-09-26"
"动词|beundre","beundre","å beundre","动词","A2","情绪与反应","欣赏；赞赏；钦佩（人、作品或其特质）","欣赏；赞赏；钦佩（人、作品或其特质）","已人工审校","beundre + 人/作品/景色；beundre noen for noe 表示钦佩某人的某项特质。不要与 undre seg over（感到纳闷）混淆。https://ordbokene.no/bm/beundre","2026-09-26"
"动词|gråte","gråte","å gråte","动词","A2","情绪与反应","哭；流泪；哭泣","哭；流泪；哭泣","已人工审校","可说明哭的原因：gråte av glede/sorg；begynne å gråte 表示开始哭。强变化 gråte–gråter–gråt–har grått。https://ordbokene.no/bm/gråte","2026-09-26"
"名词|lykke","lykke","ei lykke","名词","A2","情绪与反应","幸福；喜悦；好运、幸运；祝好运（依搭配）","幸福；喜悦；好运、幸运；祝好运（依搭配）","已人工审校","抽象义可指幸福/喜悦，也可指好运或成功；固定祝愿 Lykke til! 应译“祝你顺利/好运”，不要逐词翻译。https://ordbokene.no/bm/lykke","2026-09-26"
"动词|skremme","skremme","skremme","动词","A2","情绪与反应","吓到；使害怕；吓走、驱赶（依结构）","吓到；使害怕；吓走、驱赶（依结构）","已人工审校","skremme noen 表示把某人吓到；bli skremt 是“受到惊吓”；skremme bort fugler 则是把鸟吓走。注意施事和受事。https://ordbokene.no/bm/skremme","2026-09-26"
"名词|tåre","tåre","en tåre","名词","A2","情绪与反应","眼泪；一滴泪；泪水（常用复数 tårer）","眼泪；一滴泪；泪水（常用复数 tårer）","已人工审校","tåre 是眼泪这一滴液体，常以复数 tårer 表示流泪；felle en tåre 是“流下一滴泪”，ta til tårene 是“哭起来”。https://ordbokene.no/bm/t%C3%A5re","2026-09-26"
"形容词|lykkelig","lykkelig","lykkelig","形容词","A2","情绪与反应 / 未来计划与目标","幸福的；感到幸福/快乐的；顺利的、幸运的（事件/结果）","幸福的；感到幸福/快乐的；顺利的、幸运的（事件/结果）","已人工审校","形容人时多指幸福或快乐；描述开局、结果时可表示顺利、称心、圆满，不要一律译成“幸运”。https://ordbokene.no/bm/lykkelig","2026-09-26"
"名词|stemning","stemning","en stemning","名词","A2","情绪与氛围","情绪/心情；气氛；态度或倾向（依语境）","情绪/心情；气氛；态度或倾向（依语境）","已人工审校","可指个人或群体心情、场所氛围；stemning for å utsette saken 表示大家倾向于推迟此事。https://ordbokene.no/bm/stemning","2026-09-26"
"形容词|bekymret","bekymret","bekymret","形容词","A2","情绪与感受","担心的；忧虑的；（表情）显出担忧的","担心的；忧虑的；（表情）显出担忧的","已人工审校","常用 bekymret for + 人/事、bekymret for at + 从句，也见 bekymret over + 发展情况。与 bekymrende（令人担忧的）区分。https://ordbokene.no/bm/bekymret","2026-09-26"
"形容词|ensom","ensom","ensom","形容词","A2","情绪与感受","孤独的；感到寂寞的；偏僻、孤零零的（地点）","孤独的；感到寂寞的；偏僻、孤零零的（地点）","已人工审校","形容人常有主观孤独感；形容地点可指偏僻、孤零零地坐落。alene 只说明独自，不一定难过。https://ordbokene.no/bm/ensom","2026-09-26"
"形容词|flau","flau","flau","形容词","A2","情绪与感受","尴尬的；难为情的；令人难堪的；（味道/笑话）淡而无味、乏味的","尴尬的；难为情的；令人难堪的；（味道/笑话）淡而无味、乏味的","已人工审校","人因出糗而难为情；事件本身可令人难堪；词典也收录 flau vin（味道淡）、flau vind（微风）及 flaue vitser（乏味的笑话）。https://ordbokene.no/bm/flau","2026-09-26"
"形容词|nervøs","nervøs","nervøs","形容词","A2","情绪与感受","紧张不安的；焦虑的；神经系统相关的；（市场/局势）不稳定的","紧张不安的；焦虑的；神经系统相关的；（市场/局势）不稳定的","已人工审校","日常多指压力下紧张；医学语境可指神经系统相关；形容市场波动时可译不稳定。https://ordbokene.no/bm/nerv%C3%B8s","2026-09-26"
"形容词|redd","redd","redd","形容词","A2","情绪与感受","害怕的；恐惧的；担心的（常见结构 redd for）","害怕的；恐惧的；担心的（常见结构 redd for）","已人工审校","redd for + 名词表示害怕某对象；redd for å 表示害怕做某事；redd for at 从句常表示担心某结果。https://ordbokene.no/bm/redd","2026-09-26"
"形容词|sint","sint","sint","形容词","A2","情绪与感受","生气的；愤怒的","生气的；愤怒的","已人工审校","常用 sint på + 人（生某人的气），sint for + 事（因某事生气）；区分愤怒对象和原因。https://ordbokene.no/bm/sint","2026-09-26"
"形容词|spent","spent","spent","形容词","A2","情绪与感受","期待、兴奋的；紧张的；（情势）紧绷的；绷紧的（依语境）","期待、兴奋的；紧张的；（情势）紧绷的；绷紧的（依语境）","已人工审校","等待结果时常是满怀期待、可能带紧张；描述关系或局势则可指紧张；物体或肌肉可指绷紧。https://ordbokene.no/bm/spent","2026-09-26"
"形容词|urolig","urolig","urolig","形容词","A2","情绪与感受","坐立不安的；担心的；动荡/不平静的（人、环境或局势）","坐立不安的；担心的；动荡/不平静的（人、环境或局势）","已人工审校","可指人难以安静或心里担忧，也可形容天气、海面、睡眠或局势不平静；urolig for 表示为……担心。https://ordbokene.no/bm/urolig","2026-09-26"
"名词|smil","smil","et smil","名词","A2","情绪与交流","微笑；笑容；一个微笑（名词）","微笑；笑容；一个微笑（名词）","已人工审校","中性名词 et smil，动词是 å smile；常见 sende noen et smil（朝某人微微一笑）、med et smil（带着笑容）。https://ordbokene.no/bm/smil","2026-09-26"
"名词|synd","synd","en synd","名词","A2","情绪与评价","罪；过错；可惜/遗憾（固定句型 det er synd）","罪；过错；可惜/遗憾（固定句型 det er synd）","已人工审校","det er synd at ... 表示“真可惜”；synes synd på noen 表示“同情某人”；道德/宗教语境才是“罪”。https://ordbokene.no/bm/synd","2026-09-26"
"形容词|usikker","usikker","usikker","形容词","A2","情绪与评价","不确定的；没有把握的；不安全/不稳定的；不可靠的（依语境）","不确定的；没有把握的；不安全/不稳定的；不可靠的（依语境）","已人工审校","答案或未来未知；人觉得 usikker 是没把握/不安；冰面、道路等则可能是不安全的。https://ordbokene.no/bm/usikker","2026-09-26"
"动词|rødme","rødme","rødme","动词","A2","情绪与身体反应","脸红；变红、泛红（动词；另有同形名词）","脸红；变红、泛红（动词；另有同形名词）","已人工审校","可指人因羞愧脸红，也可描写天空泛红。另有同形名词 en rødme（红晕）；本卡练动词。https://ordbokene.no/bm/r%C3%B8dme","2026-09-26"
"副词|sikkert","sikkert","sikkert","副词","A2","确定与推测","很可能；想必；确实/当然；安全地、稳妥地（依句法）","很可能；想必；确实/当然；安全地、稳妥地（依句法）","已人工审校","作副词可表示概率判断“很可能/想必”，也可表达说话人确信；描述动作方式时可表示安全、稳妥。https://ordbokene.no/bm/sikker","2026-09-26"
"名词|menneske","menneske","et menneske","名词","A2","人和社会","人；一个人；人类（依语境）","人；一个人；人类（依语境）","已人工审校","et menneske 可指具体的一个人，也可指人这种生物；复数 mennesker 常指人们。与 dyr 对举时中文通常说“人和动物”。https://ordbokene.no/bm/menneske","2026-09-26"
"形容词|berømt","berømt","berømt","形容词","A2","人物与名声","著名的；闻名的；广为人知的（常用 berømt for）","著名的；闻名的；广为人知的（常用 berømt for）","已人工审校","常用 være/bli berømt for + 事物表示因……闻名；不必然表示受欢迎或值得赞美。https://ordbokene.no/bm/ber%C3%B8mt","2026-09-26"
"名词|dronning","dronning","ei/en dronning","名词","A2","人物与身份","女王；王后；蜂后；（比喻）某领域地位最高的女性；国际象棋后","女王；王后；蜂后；（比喻）某领域地位最高的女性；国际象棋后","已人工审校","依语境区分女性君主、国王的妻子、蜂后及国际象棋棋子。Bokmål 中可用 ei/en dronning，定指形式有 dronninga/dronningen。https://ordbokene.no/bm/dronning","2026-09-26"
"名词|folk","folk","et folk","名词","A2","人与群体","人们；人民/国民；民族；群体（依数和语境）","人们；人民/国民；民族；群体（依数和语境）","已人工审校","裸用 folk 常指人们；et folk 是一个民族；定指 folket 可指一个国家的人民/国民整体。https://ordbokene.no/bm/folk","2026-09-26"
"动词|binde","binde","å binde","动词","A2","日常动作","绑；系；捆；连接；使受约束/承担义务（依结构）","绑；系；捆；连接；使受约束/承担义务（依结构）","已人工审校","具体可指拴系；binde sammen 表示连接；抽象义可指受合同或义务约束。变化：binde–binder–bandt–har bundet。https://ordbokene.no/bm/binde","2026-09-26"
"动词|kaste","kaste","å kaste","动词","A2","日常动作","扔；投掷；丢弃/放下；抛出、引发；（固定表达）浪费、摆脱等","扔；投掷；丢弃/放下；抛出、引发；（固定表达）浪费、摆脱等","已人工审校","看宾语和小品词选择意思：kaste ball 投球、kaste bort tiden 浪费时间、kaste opp 呕吐；不能一律译“扔”。https://ordbokene.no/bm/kaste","2026-09-26"
"动词|rusle","rusle","å rusle","动词","A2","日常动作与出行","慢慢走；溜达；（另有同形义）发出轻微的沙沙声；琐碎地做点事","慢慢走；溜达；（另有同形义）发出轻微的沙沙声；琐碎地做点事","已人工审校","描述人走路时通常是慢慢走；词典还收同形的轻微响声义，以及 rusle med noe（做点琐碎小事）。https://ordbokene.no/bm/rusle","2026-09-26"
"动词|miste","miste","å miste","动词","A2","日常动作与问题","失去；弄丢；错过（公交等班次）；失去某种能力/希望/控制（依宾语）","失去；弄丢；错过（公交等班次）；失去某种能力/希望/控制（依宾语）","已人工审校","miste nøklene 是弄丢钥匙；miste bussen 是没赶上班车；也可说失去希望、勇气、视力或头绪。过去时/完成分词 mistet 或 mista。https://ordbokene.no/bm/miste","2026-09-26"
"名词|ring","ring","en ring","名词","A2","日常物品","戒指；环；圆圈；（依搭配）团体","戒指；环；圆圈；（依搭配）团体","已人工审校","常见 en ring 是戒指或环形物：en ring på fingeren（一枚戒指）、stå i ring（围成一圈）。另有同形中性 et ring（一次铃声），本卡阳性词义不是铃声。https://ordbokene.no/bm/ring","2026-09-26"
"名词|ting","ting","en ting","名词","A2","日常物品与表达","东西；物品；事情；情况（依语境）","东西；物品；事情；情况（依语境）","已人工审校","en ting 可指具体物品，也可泛指一件事或情况。另有历史/政治语境的中性 ting（代表大会/议会）；本卡先学日常阳性词。https://ordbokene.no/nno/bm/ting","2026-09-26"
"名词|kaos","kaos","et kaos","名词","A2","日常状态与问题","混乱；一片混乱；无秩序状态","混乱；一片混乱；无秩序状态","已人工审校","描述无序或难以控制的状态；日常通常作为整体状态使用，不常数“几个混乱”。词典虽列复数，初学先掌握 kaos/kaoset。https://ordbokene.no/nob/bm/28589","2026-09-26"
"名词|døgn","døgn","et døgn","名词","A2","日历与时间","一昼夜；连续24小时","一昼夜；连续24小时","已人工审校","从某一时点起连续计算的24小时，包含一天和一夜；不是“白天”dag，也不一定从午夜开始。https://ordbokene.no/bm/d%C3%B8gn","2026-09-26"
"名词|måned","måned","en måned","名词","A2","日历与时间","月；一个月；（日历中的）月份","月；一个月；（日历中的）月份","已人工审校","可指约30天时段或一年中的某个日历月份；复数 måneder 不规则。每月可说 hver måned，具体月份前常用 i。https://ordbokene.no/nob/bm/m%C3%A5ned","2026-09-26"
"名词|bursdag","bursdag","en bursdag","名词","A2","日期与庆祝","生日；生日聚会/庆祝（依句型）","生日；生日聚会/庆祝（依句型）","已人工审校","ha bursdag 说明生日日期；feire bursdag 是庆祝生日；invitere noen i bursdagen 指邀请某人参加生日聚会。https://ordbokene.no/nno/search?dict=bm%2Cnn&q=bursdag&scope=eif","2026-09-26"
"名词|dunk","dunk","en dunk","名词","A2","容器与日用品","大桶；桶状容器（常装液体）；（另有同形词）砰的一声","大桶；桶状容器（常装液体）；（另有同形词）砰的一声","已人工审校","en dunk 是桶状容器；另有同形中性 et dunk，表示“砰”的声音。冠词不同，意思也不同。https://ordbokene.no/bm/dunk","2026-09-26"
"名词|eske","eske","ei eske","名词","A2","容器与日用品","盒子；纸盒/木盒；小型收纳容器","盒子；纸盒/木盒；小型收纳容器","已人工审校","Bokmål 可用 ei eske 或 en eske；常见于纸板或木制小型收纳/运输容器。大箱子常说 kasse。https://ordbokene.no/bm/eske","2026-09-26"
"名词|salami","salami","en salami","名词","A2","肉类与三明治","萨拉米香肠；萨拉米（通常切片食用）","萨拉米香肠；萨拉米（通常切片食用）","已人工审校","词典定义为 salamipølse（萨拉米香肠）；常作面包配料或冷盘，不专指某个国家制造的单一产品。https://ordbokene.no/bm/salami","2026-09-26"
"名词|skinke","skinke","en skinke","名词","A2","肉类与三明治","火腿；（肉类/身体部位）后腿；臀部（口语）","火腿；（肉类/身体部位）后腿；臀部（口语）","已人工审校","食物语境通常是火腿；词典义还包括动物后腿肉，口语中 skinke 可指臀部。Bokmål 可用 ei/en skinke，按上下文选义。https://ordbokene.no/nob/bm/skinke","2026-09-26"
"动词|stenge","stenge","stenge","动词","A2","商店与日常事务","关上并封闭；关门停业；封锁/阻断（依对象）","关上并封闭；关门停业；封锁/阻断（依对象）","已人工审校","stenge døra 是关门；商店作主语时表示停业；stenge veien 表示封路。对象和句型决定译法。https://ordbokene.no/nno/bm/stenge","2026-09-26"
"名词|disk","disk","en disk","名词","A2","商店与物品","柜台；（电脑）磁盘/存储盘；飞盘（依义项）","柜台；（电脑）磁盘/存储盘；飞盘（依义项）","已人工审校","商店/咖啡馆中的柜台、计算机磁盘、可抛掷飞盘是不同语境义；柜台常见 stå bak disken，电脑硬盘通常说 harddisk。https://ordbokene.no/bm/disk","2026-09-26"
"动词|trykke","trykke","trykke","动词","A2","设备与操作","按压；挤压；印刷、印制（依义项）","按压；挤压；印刷、印制（依义项）","已人工审校","trykke på knappen 是按按钮；trykke noe inn/sammen 是压入/压紧；出版社 trykker en bok 是印书。词形可有 trykket/trykte、har trykket/trykt。https://ordbokene.no/bm/trykke","2026-09-26"
"名词|pc","PC","en PC","名词","A2","设备与技术","个人电脑；个人计算机（台式机或笔记本）","个人电脑；个人计算机（台式机或笔记本）","已人工审校","PC 是 personal computer 的缩写，指供个人使用的电脑，可为台式机或笔记本；便携与否需另加 bærbar/stasjonær 等词说明。https://ordbokene.no/bm/pc","2026-09-26"
"名词|modell","modell","en modell","名词","A2","设计与职业","模型；型号/款式；模特；理论模式（依语境）","模型；型号/款式；模特；理论模式（依语境）","已人工审校","modell av 是某物的模型；产品中的 modell 是型号/款式；sitte modell 是当模特；研究中的 modell 是理论模型。https://ordbokene.no/bm/modell","2026-09-26"
"名词|politi","politi","et politi","名词","A2","社会与公共服务","警方；警察机关；（另有阳性用法）一名警察","警方；警察机关；（另有阳性用法）一名警察","已人工审校","常见中性 et politi/定指 politiet 指警方整体；个人更常说 en politibetjent。词典另收阳性 en politi，需按语体/语境识别。https://ordbokene.no/nob/bm/politi","2026-09-26"
"名词|samfunn","samfunn","et samfunn","名词","A2","社会与公共生活","社会；共同体/社群；地方社区（依范围）","社会；共同体/社群；地方社区（依范围）","已人工审校","可指一国社会整体、有共同目标的群体、地方社区，或有组织的动物群体。det norske samfunnet 通常是“挪威社会”。https://ordbokene.no/bm/samfunn","2026-09-26"
"名词|hensyn","hensyn","et hensyn","名词","A2","社会与关系","考虑因素；顾及；体谅（常见固定搭配）","考虑因素；顾及；体谅（常见固定搭配）","已人工审校","ta hensyn til 可表示把条件纳入考虑或体谅某人；vise hensyn 是体谅；av hensyn til 是出于……考虑；常用复数 hensyn。https://ordbokene.no/bm/hensyn","2026-09-26"
"动词|representere","representere","å representere","动词","A2","社会与角色","代表；作为代表出席/参赛；体现、代表某种特点","代表；作为代表出席/参赛；体现、代表某种特点","已人工审校","representere Norge i en konkurranse 是代表挪威参赛；也可代表机构出面，或表示作品/颜色体现某种事物。看宾语判断。https://ordbokene.no/bm/representere","2026-09-26"
"名词|fredspris","fredspris","en fredspris","名词","A2","社会与文化","和平事业奖项；和平奖","和平事业奖项；和平奖","已人工审校","为个人或团体在和平事业上的贡献颁发的荣誉奖项；Nobels fredspris 是诺贝尔和平奖，但 fredspris 不仅指诺贝尔奖。https://ordbokene.no/bm/17708","2026-09-26"
"动词|møtes","møtes","møtes","动词","A2","社交与约见","见面；相遇；会合/汇合（依主语）","见面；相遇；会合/汇合（依主语）","已人工审校","人作主语时表示彼此见面/相遇；河流或道路等作主语时可指汇合。与 møte noen（某人会见/碰到某人）区分。https://ordbokene.no/nob/bm/M%C3%98TES","2026-09-26"
"名词|speilreflekskamera","speilreflekskamera","et speilreflekskamera","名词","A2","摄影与科技","单镜头反光相机；单反相机（可为胶片或数码）","单镜头反光相机；单反相机（可为胶片或数码）","已人工审校","中文常简称单反；词本身不说明是胶片还是数码，digitalt speilreflekskamera 才明确是数码单反。https://ordbokene.no/search?dict=bm%2Cnn&q=speilreflekskamera&scope=eif","2026-09-26"
"形容词|uskarp","uskarp","uskarp","形容词","A2","摄影与描述","模糊的；不清楚的；（刀刃等）不锋利的","模糊的；不清楚的；（刀刃等）不锋利的","已人工审校","描述照片/轮廓时是不清楚、模糊；描述刀刃时是不锋利。根据修饰对象选择中文。https://ordbokene.no/bm/uskarp","2026-09-26"
"名词|nasjonalitet","nasjonalitet","en nasjonalitet","名词","A2","身份与国籍","国籍；民族身份/国别身份（依语境）","国籍；民族身份/国别身份（依语境）","已人工审校","核心是归属于某个国家/民族的身份；个人表格通常问国籍，不等于语言，也不总与族裔概念完全相同。https://ordbokene.no/bm/nasjonalitet","2026-09-26"
"名词|arm","arm","en arm","名词","A2","身体部位","手臂；上肢；（物体）臂状部分/分支","手臂；上肢；（物体）臂状部分/分支","已人工审校","人体义指手臂，与 hånd（手）区分；还可指章鱼腕足、器具支臂或峡湾的分支。另有同形形容词 arm（可怜/贫穷），不是本名词卡。https://ordbokene.no/bm/arm","2026-09-26"
"名词|termometer","termometer","et termometer","名词","A2","身体与测量","温度计；体温计（依测量对象）","温度计；体温计（依测量对象）","已人工审校","et termometer 测量温度；人体测量语境译体温计，环境读数语境译温度计。复数不规则 termometre。https://ordbokene.no/bm/termometer","2026-09-26"
"名词|panne","panne","ei/en panne","名词","A2","身体与厨房","额头；平底锅（依语境）","额头；平底锅（依语境）","已人工审校","ei/en panne 有额头和煎锅两义；撞到头时是额头，steke i ei panne 时是平底锅。https://ordbokene.no/bm/panne","2026-09-26"
"名词|bein","bein","et bein","名词","A2","身体与健康","腿；骨头（依语境）","腿；骨头（依语境）","已人工审校","et bein 可指腿或骨头；身体动作/疼痛语境常指腿，可咀嚼物件语境指骨头。定指复数可用 beina/beinene；ben 也是规范拼法。https://ordbokene.no/bm/bein","2026-09-26"
"名词|blodåre","blodåre","ei/en blodåre","名词","A2","身体与健康","血管；血脉","血管；血脉","已人工审校","透明复合词 blod（血）+ åre（管状通道）；日常译“血管”，不默认译带文学色彩的“血脉”。arterie 是动脉，vene 是静脉。https://ordbokene.no/bm/blod%C3%A5re","2026-09-26"
"名词|finger","finger","en finger","名词","A2","身体与健康","手指","手指","已人工审校","en finger 指手上的一根手指，拇指也包括在内，不包括手掌；不规则复数 finger–fingre–fingrene。https://ordbokene.no/bm/finger","2026-09-26"
"名词|hud","hud","ei hud","名词","A2","身体与健康","皮肤；（动物）皮；（比喻）船体外壳","皮肤；（动物）皮；（比喻）船体外壳","已人工审校","ei/en hud 首先指人或动物身体表面的皮肤；动物毛皮/皮革或船舶语境有其他义。https://ordbokene.no/bm/hud","2026-09-26"
"名词|kinn","kinn","et kinn","名词","A2","身体与健康","脸颊；面颊","脸颊；面颊","已人工审校","et kinn 指脸的左右两侧、眼睛下至下颌附近的面颊，不是整个脸；词典另有地形义“陡峭山坡”。https://ordbokene.no/bm/kinn","2026-09-26"
"名词|leppe","leppe","ei/en leppe","名词","A2","身体与健康","嘴唇；唇部","嘴唇；唇部","已人工审校","ei/en leppe 最常指嘴唇；植物或物体结构中也可指形状类似唇片的部分。https://ordbokene.no/bm/leppe","2026-09-26"
"名词|lunge","lunge","ei/en lunge","名词","A2","身体与健康","肺；一侧肺部","肺；一侧肺部","已人工审校","ei/en lunge 指一侧肺，lungene 常指双肺；grønn lunge 是城市公园/绿地的比喻说法。https://ordbokene.no/bm/lunge","2026-09-26"
"名词|hode","hode","et hode","名词","A2","身体与健康 / 健康与看医生","头；头部；（依搭配）头脑、每人/每个","头；头部；（依搭配）头脑、每人/每个","已人工审校","et hode 可指头部；bruke hodet 是动脑筋，per hode 是按人数计算。不同搭配选不同中文义；复数定指常用 hodene。https://ordbokene.no/bm/hode","2026-09-26"
"名词|muskel","muskel","en muskel","名词","A2","身体与运动","肌肉；（引申）力量、实力/资源","肌肉；（引申）力量、实力/资源","已人工审校","en muskel 指肌肉组织；经济等抽象语境可比喻力量/资源，如 økonomiske muskler（经济实力）。https://ordbokene.no/bm/muskel","2026-09-26"
"名词|forkjølelse","forkjølelse","en forkjølelse","名词","A2","身体与症状","感冒；普通感冒（上呼吸道病毒感染）","感冒；普通感冒（上呼吸道病毒感染）","已人工审校","ei/en forkjølelse 指普通感冒，不等于流感 influensa。名词是 forkjølelse，形容词“感冒的”是 forkjølet。https://ordbokene.no/bm/forkj%C3%B8lelse%7Cforkj%C3%B8le","2026-09-26"
"名词|hals","hals","en hals","名词","A2","身体与症状","脖子、颈部；喉咙/咽喉（依语境）","脖子、颈部；喉咙/咽喉（依语境）","已人工审校","en hals 指外侧脖颈，也指喉咙；咳嗽、吞咽或疼痛等症状语境通常译喉咙，围巾语境则指脖子。https://ordbokene.no/bm/hals","2026-09-26"
"名词|hevelse","hevelse","en hevelse","名词","A2","身体与症状","肿胀；肿起来的部位","肿胀；肿起来的部位","已人工审校","ei/en hevelse 描述身体某处肿胀的状态或区域；不一定是独立肿块，也不说明病因。https://ordbokene.no/bm/hevelse","2026-09-26"
"名词|influensa","influensa","en influensa","名词","A2","身体与症状","流感；流行性感冒","流感；流行性感冒","已人工审校","ei/en influensa 是流感病毒引起的传染性疾病，常有发热、头痛和肌肉疼痛；不同于普通感冒 forkjølelse。https://ordbokene.no/bm%2Cnn/INFLUENSA","2026-09-26"
"形容词|kvalm","kvalm","kvalm","形容词","A2","身体与症状","恶心的；令人作呕/不舒服的；（空气）闷得令人难受","恶心的；令人作呕/不舒服的；（空气）闷得令人难受","已人工审校","形容人时是感到恶心；形容气味等时是令人反胃；形容空气可指闷、憋闷。另有同形名词 en kvalm（喧闹），是不同词条。https://ordbokene.no/bm/kvalm","2026-09-26"
"名词|resept","resept","en resept","名词","A2","身体与症状","处方；药方；（引申）做法、诀窍/实现方案","处方；药方；（引申）做法、诀窍/实现方案","已人工审校","en resept 在医疗语境是医生开具的用药处方，不等于烹饪食谱；引申义可指实现某结果的方法或诀窍。https://ordbokene.no/bm/resept","2026-09-26"
"名词|smerte","smerte","en smerte","名词","A2","身体与症状","疼痛；痛苦；令人痛苦的事（依语境）","疼痛；痛苦；令人痛苦的事（依语境）","已人工审校","ei/en smerte 可指身体疼痛或心理痛苦；ha smerter 常用复数表达身体疼痛。另有同形动词 smerte，不与本名词混淆。https://ordbokene.no/bm/smerte","2026-09-26"
"形容词|svimmel","svimmel","svimmel","形容词","A2","身体与症状","头晕的；眩晕的；（高度/旋转等引起）发晕的","头晕的；眩晕的；（高度/旋转等引起）发晕的","已人工审校","形容头晕、天旋地转或站不稳的感觉；它描述症状，不单独等于某一医学诊断。https://ordbokene.no/nno/bm/svimmel","2026-09-26"
"形容词|syk","syk","syk","形容词","A2","身体与症状","生病的；患病的；（引申）极度渴望/沉迷、荒唐；（口语加强）非常","生病的；患病的；（引申）极度渴望/沉迷、荒唐；（口语加强）非常","已人工审校","可描述人/动物/植物患病；syk av hjemlengsel 是极度思乡；sykt bra 中 sykt 是口语“非常”；形容行为也可指荒唐。https://ordbokene.no/bm/syk","2026-09-26"
"名词|utslett","utslett","et utslett","名词","A2","身体与症状","皮疹；皮肤上出现的疹子/炎症","皮疹；皮肤上出现的疹子/炎症","已人工审校","et utslett 是皮肤上的疹子或炎症表现；不一定发红，也不能单靠这个词判断病因。https://ordbokene.no/bm/utslett","2026-09-26"
"名词|vondt","vondt","et vondt","名词","A2","身体与症状","疼痛；痛楚（名词）","疼痛；痛楚（名词）","已人工审校","Bokmålsordboka 列作中性名词 et vondt，形式为 vondt–vondtet–vondt–vondta/vondtene。ha vondt i halsen 中为名词性表达；det gjør vondt 中则是形容词形式，词性需区分。https://ordbokene.no/bm/vondt","2026-09-26"
"名词|liv","liv","et liv","名词","A2","生活与日常","生命；生活；活力/生气；寿命或人生阶段（依语境）","生命；生活；活力/生气；寿命或人生阶段（依语境）","已人工审校","et liv 可指生命存在、个人生活经历或活力；liv i gatene 是街上热闹，et langt liv 是长寿。https://ordbokene.no/nob/bm/liv","2026-09-26"
"名词|bråk","bråk","et bråk","名词","A2","声音与冲突","吵闹；喧哗；争吵、麻烦（依语境）","吵闹；喧哗；争吵、麻烦（依语境）","已人工审校","日常中性名词 et bråk 指噪声/喧闹，也可指争执或风波；词典另有罕见旧义，初级日常主题不采用。https://ordbokene.no/bm/br%C3%A5k","2026-09-26"
"动词|hyle","hyle","å hyle","动词","A2","声音与反应","尖叫；嚎叫；发出尖锐长声","尖叫；嚎叫；发出尖锐长声","已人工审校","å hyle 指人或动物发出高而尖的叫声，也可形容警报或风发出尖锐长声；强调叫声，不等同于流泪或哭泣。https://ordbokene.no/bm/hyle","2026-09-26"
"名词|hyling","hyling","en hyling","名词","A2","声音与反应","尖叫声；嚎叫声；呼啸声（依发声者）","尖叫声；嚎叫声；呼啸声（依发声者）","已人工审校","由 hyle 派生，可用 en 或 ei；人群的 hyling 是尖叫声，风的 hyling 是呼啸声。det ble hyling og applaus fra publikum 应译“观众席上响起一阵尖叫和掌声”，不应自行限定成孩子。https://ordbokene.no/bm/hyling","2026-09-26"
"动词|høres","høres","å høres","动词","A2","声音与印象","听起来；听得见；据说/传闻（依结构）","听起来；听得见；据说/传闻（依结构）","已人工审校","Det høres bra ut=听起来不错；声音 høres tydelig=能听清；det høres at ...=听说……。høres ut som 表达听者判断，不等于主动听的 høre。https://ordbokene.no/bm/h%C3%B8res","2026-09-26"
"名词|nisse","nisse","en nisse","名词","A2","圣诞节与民俗","圣诞老人；北欧民间传说中的小精灵/守护灵（依传统语境）","圣诞老人；北欧民间传说中的小精灵/守护灵（依传统语境）","已人工审校","圣诞语境常是 julenissen（圣诞老人）的简称；民间传说中则是与农庄/家庭相关的小型精灵。口语里也可贬称“傻瓜”，语气不友好。https://ordbokene.no/bm%2Cnn/nisse","2026-09-26"
"名词|julepynt","julepynt","julepynt","名词","A2","圣诞节与装饰","圣诞装饰；圣诞节装饰品（作为一批装饰统称）","圣诞装饰；圣诞节装饰品（作为一批装饰统称）","已人工审校","通常作中性集合名词：julepynt/julepynten，指一批圣诞装饰；不把 en julepynt 当作常规词形。单件可说 en juledekorasjon 或具体物名。https://ordbokene.no/bm%2Cnn/julepynt","2026-09-26"
"副词|før","før","før","副词","A2","时间顺序","以前；此前；从前","以前；此前；从前","已人工审校","副词 før 指过去某个时间：Jeg har vært her før=我以前来过这里；fra før=之前就/原本就。本条不混入同形介词/从属连词“在……之前”。https://ordbokene.no/bm/f%C3%B8r","2026-09-26"
"形容词|fri","fri","fri","形容词","A2","时间与安排","自由的；不受……限制/影响的；空闲的；免费的（依搭配）","自由的；不受……限制/影响的；空闲的；免费的（依搭配）","已人工审校","描述人可指有空/休假；描述物品可指不含某物（sukkerfri 无糖）；fri inngang 是免费入场。搭配决定意思。https://ordbokene.no/bm/17947","2026-09-26"
"名词|halvtime","halvtime","en halvtime","名词","A2","时间与安排","半小时；三十分钟","半小时；三十分钟","已人工审校","om en halvtime=半小时后；i en halvtime=持续半小时；hver halvtime=每半小时一次/一班。https://ordbokene.no/bm/halvtime","2026-09-26"
"名词|periode","periode","en periode","名词","A2","时间与安排","一段时期；阶段；周期（依领域）","一段时期；阶段；周期（依领域）","已人工审校","指有范围的一段时间或过程阶段；也可指重复周期、政治任期等。i en kort periode 宜译“一小段时间”，不要机械译成“短周期”。https://ordbokene.no/nob/bm/44674","2026-09-26"
"名词|slutt","slutt","en slutt","名词","A2","时间与变化","结束；末尾；最后一部分","结束；末尾；最后一部分","已人工审校","til slutt=最后/终于；mot slutten av uka=接近周末时；en overraskende slutt=出人意料的结尾；ta slutt=结束/停止。https://ordbokene.no/bm/slutt","2026-09-26"
"副词|endelig","endelig","endelig","副词","A2","时间与表达","终于；总算；最终/确定的；（强调）偏要、非要（依句法和语气）","终于；总算；最终/确定的；（强调）偏要、非要（依句法和语气）","已人工审校","副词 endelig 表示等待后终于发生，也可按语气表示‘偏要/非要’；不要与形容词‘最终的’混淆，该词性在词库中另有独立条目。词典原句及译文已加入。https://ordbokene.no/bm/endelig","2026-09-25"
"副词|lenge","lenge","lenge","副词","A2","时间与持续","很久；长时间","很久；长时间","已人工审校","vente lenge=等很久；Hvor lenge?=多久？；lenge siden=很久以前/已经很久。比较级 lenger 另有“更久/不再”义。https://ordbokene.no/bm/lenge","2026-09-26"
"从属连词|når","når","når","从属连词","A2","时间与从句","当……时；每当……；（引出未来事件）等……时","当……时；每当……；（引出未来事件）等……时","已人工审校","从属连词 når 引导时间从句；谈未来通常用现在时：Når jeg kommer hjem, ringer jeg deg（我到家后给你打电话）。间接问句里的疑问副词 når 是另一句法功能。https://ordbokene.no/bm/114627","2026-09-26"
"介词|innen","innen","innen","介词","A2","时间与范围","在……期限内；不迟于……（截止时间）","在……期限内；不迟于……（截止时间）","已人工审校","innen fredag/innen en uke 表示最迟截止期限；范围边界义常用 innenfor。若截止日是否含当天很重要，应写具体日期和时间。https://ordbokene.no/bm/innen","2026-09-26"
"名词|tidsfrist","tidsfrist","en tidsfrist","名词","A2","时间与工作安排","截止期限；最后期限；截止日期/时间","截止期限；最后期限；截止日期/时间","已人工审校","必须完成或提交某事的最晚时间。holde en tidsfrist=遵守期限，oversitte fristen=超过期限；不同于只表示一段时间的 tidsrom。https://ordbokene.no/bm/tidsfrist","2026-09-26"
"名词|begynnelse","begynnelse","en begynnelse","名词","A2","时间与过程","开始；开头；起初阶段","开始；开头；起初阶段","已人工审校","i begynnelsen av boka=在书的开头；til å begynne med=起初。指开始时间或最初部分。https://ordbokene.no/bm/begynnelse","2026-09-26"
"副词|lenger","lenger","lenger","副词","A2","时间与距离","更远；更久；不再（常见于 ikke lenger）","更远；更久；不再（常见于 ikke lenger）","已人工审校","lenger 是 langt（远）或 lenge（久）的比较级：litt lenger fram=再往前一点；ikke vente lenger=不再等。由地点、时长或否定判断。https://ordbokene.no/bm/lenger","2026-09-26"
"副词|imens","imens","imens","副词","A2","时间与连接","与此同时；在这段时间里","与此同时；在这段时间里","已人工审校","承接同一时段发生的另一动作。为避免与从属连词 mens 混淆，副词 imens 可独立成句或与 og 连用；不要套用从句模板。https://ordbokene.no/bm/imens","2026-09-26"
"副词|nettopp","nettopp","nettopp","副词","A2","时间与强调","刚刚；正好/恰恰；（口语）正是如此；马上（依语境）","刚刚；正好/恰恰；（口语）正是如此；马上（依语境）","已人工审校","har nettopp kommet=刚刚到；nettopp klokka tre=正好三点；nettopp derfor=正因为如此；nettopp nå=正是此刻。不是可以随意插入句子的填充词。https://ordbokene.no/nob/bm%2Cnn/nettopp","2026-09-26"
"名词|stund","stund","en stund","名词","A2","时间与日常","一会儿；一段时间；片刻","一会儿；一段时间；片刻","已人工审校","en stund 是时长不确定的一段时间：en liten stund（一小会儿）、om en stund（过一会儿）、på en stund（一阵子）；不固定对应分钟数。https://ordbokene.no/bm/stund","2026-09-26"
"名词|øyeblikk","øyeblikk","et øyeblikk","名词","A2","时间与日常表达","瞬间；片刻；某个具体时刻","瞬间；片刻；某个具体时刻","已人工审校","for øyeblikket=目前/此刻；om et øyeblikk=马上/一会儿；vent et øyeblikk=等一下。介词和冠词会改变整组意思。https://ordbokene.no/nob/bm/%C3%B8yeblikk","2026-09-26"
"副词|deretter","deretter","deretter","副词","A2","时间与顺序","随后；接着；之后","随后；接着；之后","已人工审校","连接有先后顺序的动作或步骤，不表示原因，也不必然隔很久。句首 Deretter kan du ... 中，限定动词 kan 位于主语 du 前，符合主句动词第二位规则。https://ordbokene.no/bm/deretter","2026-09-26"
"形容词|neste","neste","neste","形容词","A2","时间与顺序","下一个；接下来的；下一次/下一段时间的（按顺序或时间）","下一个；接下来的；下一次/下一段时间的（按顺序或时间）","已人工审校","Bokmålsordboka 将顺序义列为形容词；放在名词前起限定作用：neste stasjon（下一站）、neste uke（下周）。时间表达里通常不加冠词且形式固定；区别于 nærmeste（距离最近的）。语法标签与限定词/形容词卡不同，但词义相同。https://ordbokene.no/bm/neste","2026-09-26"
"形容词|øyeblikkelig","øyeblikkelig","øyeblikkelig","形容词","A2","时间与速度","立即的；紧急的；立刻（作副词用法）","立即的；紧急的；立刻（作副词用法）","已人工审校","øyeblikkelig hjelp=紧急救助；svare øyeblikkelig=立刻回答。中性单数形式仍是 øyeblikkelig，复数/定指 øyeblikkelige。https://ordbokene.no/nno/bm/%C3%B8yeblikkelig%7Cstraks","2026-09-26"
"副词|plutselig","plutselig","plutselig","副词","A2","时间与叙述","突然；忽然；出乎意料地","突然；忽然；出乎意料地","已人工审校","描述事情没有预料或过渡地发生。句首 Plutselig begynte det å regne 中强调天气变化出乎意料；begynte 位于主语 det 前。https://ordbokene.no/bm/plutselig","2026-09-26"
"名词|smør","smør","et smør","名词","A2","食材与厨房","黄油（通常作不可数食材）","黄油（通常作不可数食材）","已人工审校","词典列为中性名词，但泛指食材通常不加 et：bruke smør；smøret 指具体那份；计量说 en pakke smør。不定复数很少用于日常初级表达。https://ordbokene.no/bm/sm%C3%B8r","2026-09-26"
"名词|kjeks","kjeks","en kjeks","名词","A2","食物与零食","脆饼；饼干（通常是干、脆、无酵的烘焙食品）","脆饼；饼干（通常是干、脆、无酵的烘焙食品）","已人工审校","可配奶酪，也可指冰淇淋脆筒；甜味曲奇只是其中一种，不能把所有 kjeks 都译成曲奇。https://ordbokene.no/nno/search?dict=bm%2Cnn&q=kjeks&scope=eif","2026-09-26"
"名词|skive","skive","en skive","名词","A2","食物与形状","一片；薄片；切片（依切下的东西）","一片；薄片；切片（依切下的东西）","已人工审校","en/ei skive 指从一块较大的东西切下的薄片，常见于面包、奶酪或香肠；具体译成“一片/一块”要看食物和切片形状。https://ordbokene.no/bm/skive","2026-09-26"
"动词|forsyne","forsyne","å forsyne","动词","A2","食物与用餐","供应；为……提供；（反身）自取食物/饮料","供应；为……提供；（反身）自取食物/饮料","已人工审校","å forsyne noen med noe 是“为某人提供某物”；forsyne seg med mat/drikke 是自己取食物/饮料。宾语和反身代词会决定句意，不要把所有形式都译成“供应”。https://ordbokene.no/bm/forsyne","2026-09-26"
"名词|grøt","grøt","en grøt","名词","A2","食物与用餐","粥；谷物/面粉煮成的稠食；糊状物（依语境）","粥；谷物/面粉煮成的稠食；糊状物（依语境）","已人工审校","et grøt 日常主要指用谷物、面粉等加水或奶煮成的粥；也可比喻浓稠糊状物。gå rundt grøten 是习语“绕弯子、不直说”，不是字面上的绕着粥走。https://ordbokene.no/bm/gr%C3%B8t","2026-09-26"
"名词|matrett","matrett","en matrett","名词","A2","食物与用餐","一道菜；一种已备好、可以上桌的菜肴","一道菜；一种已备好、可以上桌的菜肴","已人工审校","en matrett 指一道具体菜品/菜肴；菜单、食谱语境常用。一餐是 måltid，食物总称是 mat，不要把三者混为一谈。https://ordbokene.no/nob/search?dict=bm&q=matrett&scope=eif","2026-09-26"
"动词|servere","servere","å servere","动词","A2","食物与用餐","上（食物/饮料）；供应；招待；讲述/抛出（故事等，依宾语）","上（食物/饮料）；供应；招待；讲述/抛出（故事等，依宾语）","已人工审校","餐饮语境中 servere mat/drikke 是“上菜/供应食物饮料”，servere gjestene 是“招待客人”；比喻语境可“讲述”故事。它不是网球等运动中“发球”的常用动词；体育语境应按具体项目用 serve 等表达。","2026-09-26"
"名词|torsk","torsk","en torsk","名词","A2","食物与用餐","鳕鱼；鳕鱼肉（菜肴/食材语境）","鳕鱼；鳕鱼肉（菜肴/食材语境）","已人工审校","en torsk 指鳕科鱼类中的鳕鱼；指捕到或看到的鱼时译“鳕鱼”，菜单、食材语境可译“鳕鱼肉”。它不是所有白肉鱼的统称。https://ordbokene.no/bm/torsk","2026-09-26"
"名词|verden","verden","en verden","名词","A2","世界与社会","世界；人类共同生活的地球；领域/圈子（依语境）","世界；人类共同生活的地球；领域/圈子（依语境）","已人工审校","ei/en verden 可指我们生活的地球、人类社会，也可指某个专业或兴趣领域（musikkens verden“音乐界”）。hele verden 是全世界；译成“世界”还是“领域”看搭配。https://ordbokene.no/bm/VERDEN","2026-09-26"
"动词|skje","skje","å skje","动词","A2","事件与变化","发生；出现（指事件发生）","发生；出现（指事件发生）","已人工审校","å skje 表示某件事发生/出现，常以 det 作形式主语：Hva skjedde?（发生什么事了？）。它不表示主动“执行/完成”某项任务；那类意思要看 gjøre/utføre 等动词。https://ordbokene.no/bm/skje","2026-09-26"
"动词|passe","passe","å passe","动词","A2","适合与照看","适合；合身；照看；留意；传球（依句型）","适合；合身；照看；留意；传球（依句型）","已人工审校","å passe til + 人/用途=适合；klær/sko passer=衣服/鞋合身；passe barn/hus=照看孩子/房子；passe på=留意、看护；球类运动中 passe ballen=传球。必须和后接成分一起学。https://ordbokene.no/nob/bm/passe","2026-09-26"
"名词|passord","passord","et passord","名词","A2","手机与网络","密码；口令（用于验证身份或访问账户/系统）","密码；口令（用于验证身份或访问账户/系统）","已人工审校","et passord 是访问账户、设备或系统时用于验证身份的秘密词或字符组合；常说 skrive inn passordet（输入密码）、endre/bytte passord（更改密码）。一般不指门上的数字门禁码（kode/dørkode）。https://ordbokene.no/bm/passord","2026-09-26"
"形容词|skadet","skadet","skadet","形容词","A2","受伤与损坏","受伤的；受损的；损坏的（依对象）","受伤的；受损的；损坏的（依对象）","已人工审校","修饰人或动物时通常译“受伤的”；修饰物品/建筑时译“受损、损坏的”。它是 skade 的过去分词作形容词，注意与动词 å skade（伤害、损坏）区分。https://ordbokene.no/nob/bm/skade","2026-09-26"
"名词|tomat","tomat","en tomat","名词","A2","蔬菜与食材","番茄；西红柿（植物学为果实，烹饪中常作蔬菜）","番茄；西红柿（植物学为果实，烹饪中常作蔬菜）","已人工审校","en tomat 指番茄这种可食用的红色果实；日常烹饪、沙拉和购物中通常把它当作蔬菜使用。词典还列有番茄植株以及 tomat 表示番茄酱的特定搭配义。https://ordbokene.no/bm/TOMAT","2026-09-26"
"限定词|flere","flere","flere","限定词","A2","数量与比较","更多；几个/若干；另外一些（修饰可数名词复数）","更多；几个/若干；另外一些（修饰可数名词复数）","已人工审校","flere 是数量限定词，可表示“多于一个/若干”，也可在比较中表示“更多”，或表示“再来一些”。flere ganger 是“好几次”，不是“很快”；flere enn ... 是“比……更多”。修饰可数名词复数，不能代替不可数的 mer。https://ordbokene.no/nno/search?dict=bm%2Cnn&q=flere&scope=eif","2026-09-26"
"形容词|ekstra","ekstra","ekstra","形容词","A2","数量与补充","额外的；另外的；特别的（依位置和搭配）","额外的；另外的；特别的（依位置和搭配）","已人工审校","修饰名词时表示“额外/另加”：en ekstra dag（一整天额外时间）；作副词时可表示“特别、格外”或“额外地”：jobbe ekstra（额外工作/加班）。本形不随名词性数变化。https://ordbokene.no/bm/ekstra","2026-09-26"
"名词|del","del","en del","名词","A2","数量与部分","部分；组成部分；份额；参与（依搭配）","部分；组成部分；份额；参与（依搭配）","已人工审校","en del 可指整体的一部分、某个组成部分、应得份额或参与其中；ta del i 是“参加/参与”。固定数量表达 en del + 复数/不可数名词又表示“相当多/不少”，如 en del arbeid（不少工作）；要和独立名词“一个部分”区分。https://ordbokene.no/nob/bm%2Cnn/del","2026-09-26"
"名词|stykke","stykke","et stykke","名词","A2","数量与部分","一块；一段；一件/一篇作品；个（依后接词）","一块；一段；一件/一篇作品；个（依后接词）","已人工审校","et stykke 可指整体切/断下来的一块、一段距离/时间、一件艺术作品或一篇文章。常见量词结构 et stykke kake（一块蛋糕）；gå et stykke（走一段路）；et musikkstykke（一首/一段音乐作品）。https://ordbokene.no/bm/stykke","2026-09-26"
"名词|masse","masse","en masse","名词","A2","数量与程度","物质；团块；（物理）质量；群众；大量（依词性/结构）","物质；团块；（物理）质量；群众；大量（依词性/结构）","已人工审校","名词 en masse 的核心义包括无定形物质/团块、物理学的质量，以及定指 massene（广大群众）。口语 masse folk 等数量表达常表示“很多”，但句中 masse 作量词性用法时不等于在说一团物质；注意冠词和后接名词。https://ordbokene.no/bm/37282","2026-09-26"
"形容词|mye","mye","mye","形容词","A2","数量与程度","很多；大量；很、非常（依句法）","很多；大量；很、非常（依句法）","已人工审校","Bokmålsordboka 将 mye 列为形容词，但它还能独立作代词和副词：mye vann（很多水）；jeg har mye å gjøre（我有很多事要做）；det regner mye（雨下得很大）；mye bedre（好得多）。比较级 mer，最高级 mest；可数复数名词前通常用 mange。https://ordbokene.no/nno/search?dict=bm%2Cnn&q=mye&scope=eif","2026-09-26"
"名词|rest","rest","en rest","名词","A2","数量与剩余","剩下的部分；余量；剩菜（依语境）","剩下的部分；余量；剩菜（依语境）","已人工审校","en rest 指整体中剩余的那部分；食物语境中可指剩菜/剩饭。resten av + 名词=……剩下的部分，如 resten av boka（书的剩余部分）；清洁剂/材料语境也可指余量。https://ordbokene.no/bm/rest","2026-09-26"
"名词|par","par","et par","名词","A2","数量与物品","一对；一双；一对伴侣；几个/两三个（依搭配）","一对；一双；一对伴侣；几个/两三个（依搭配）","已人工审校","et par 可指相配的两个物品/人，也可放在复数名词前作约数：et par hansker（一双手套）、et par dager（两三天/几天）。约数用法通常接近“两三个”，不保证精确等于两个；语境和所搭配对象决定译法。https://ordbokene.no/bm/par","2026-09-26"
"副词|nok","nok","nok","副词","A2","数量与语气","足够；够了；大概、想必（依语气）","足够；够了；大概、想必（依语气）","已人工审校","nok 有几种常见副词义：放在名词/形容词之后或程度结构中，可表示“足够”（penger nok=足够的钱）；在陈述句中也可表示推测“想必/大概”（Det går nok bra=事情大概会顺利）。另有“再一个/再一次”义，如 nok en gang。https://ordbokene.no/nno/bm/nok","2026-09-26"
"限定词|begge","begge","begge","限定词","A2","数量与指代","两者都；双方；两个都","两者都；双方；两个都","已人工审校","begge 专指两个人、两件事或两组事物，通常放在定指复数名词前（begge foreldrene），也可独立作代词（Begge kom）。它表达“两边/两者都”，不是泛指“所有”。形式不变，搭配复数名词和复数谓语。https://ordbokene.no/bm/4938","2026-09-26"
"名词|kode","kode","en kode","名词","A2","数字与科技","代码；密码/门禁码；编码或编号（依领域）","代码；密码/门禁码；编码或编号（依领域）","已人工审校","en kode 可指计算机代码（programmeringskode）、用于开门/验证的数字码（dørkode）、或信息编码。登录账户时的秘密文字密码通常说 passord；kode 不一定保密，也不一定只是数字。https://ordbokene.no/bm/kode","2026-09-26"
"限定词|elleve","elleve","elleve","限定词","A2","数字与数量","十一（基数词）","十一（基数词）","已人工审校","elleve 是基数词 11，作数量和报时：elleve elever（十一名学生）、klokka elleve（十一点）。序数“第十一”不是 elleve，而是 ellevte；本条不把序数词义混进基数词。https://ordbokene.no/bm/elleve","2026-09-26"
"名词|tall","tall","et tall","名词","A2","数字与数量","数字；数值；数量；（复数语境）统计数字/数据","数字；数值；数量；（复数语境）统计数字/数据","已人工审校","et tall 可指数学上的数、书写数字符号或某类数量：tallet 5 是数字5；elevtall 是学生人数；salgstall 是销售数据。若只是识别号码/序号，如门牌或电话数字，常用 nummer；区分数值本身与编号标签。https://ordbokene.no/nob/bm/tall","2026-09-26"
"动词|sovne","sovne","å sovne","动词","A2","睡眠与日常","入睡；睡着（从醒着变为睡着）","入睡；睡着（从醒着变为睡着）","已人工审校","sovne 强调进入睡眠；sove 是处于睡眠状态或睡了多久。sovnet i bilen 是“在车里睡着了”，不是“在车里睡觉”泛指。https://ordbokene.no/bm/sovne","2026-09-26"
"动词|sove","sove","å sove","动词","A2","睡眠与作息 / 待归类","睡觉；处于睡眠状态；睡一段时间","睡觉；处于睡眠状态；睡一段时间","已人工审校","sove 描写睡眠状态或睡眠时长；与 sovne（入睡）区分。还可用于 beinet sover（腿麻了）、sove i timen（上课走神）等搭配。https://ordbokene.no/bm/SOVE","2026-09-26"
"名词|pyjamasjakke","pyjamasjakke","ei pyjamasjakke","名词","A2","睡衣与衣物","睡衣上衣；睡衣的上衣部分","睡衣上衣；睡衣的上衣部分","已人工审校","ei/en pyjamasjakke 是成套睡衣的上衣，不是外穿夹克；pyjamasbukse 是睡裤。词典页面采用搜索入口核对该词条。https://ordbokene.no/nno/search?dict=bm%2Cnn&q=pyjamasjakke&scope=eif","2026-09-26"
"副词|sakte","sakte","sakte","副词","A2","速度与动作","慢慢地；缓慢地；轻声地（依语境）","慢慢地；缓慢地；轻声地（依语境）","已人工审校","sakte 修饰动作时表示速度慢，也可描述声音轻；saktere 是“慢一点/更慢”。同形词还可作形容词，如 sakte fart（较慢的速度）。https://ordbokene.no/bm/sakte","2026-09-26"
"副词|fort","fort","fort","副词","A2","速度与方式","快地；迅速地；很快（速度或短时间内）","快地；迅速地；很快（速度或短时间内）","已人工审校","fort 描写速度快，也可表示事情在短时间内发生；与 snart（不久、即将）不完全相同。https://ordbokene.no/bm/fort","2026-09-26"
"限定词|deres","deres","deres","限定词","A2","所有关系","你们的；他们的；她们的；它们的","你们的；他们的；她们的；它们的","已人工审校","deres 可指 dere 的“你们的”，也可指 de 的“他们/她们/它们的”；单句形式不能区分，需根据上下文确认。与反身 sin/sitt/sine 不同，它不要求所有者是本句主语。https://ordbokene.no/bm/deres","2026-09-26"
"限定词|hennes","hennes","hennes","限定词","A2","所有关系","她的","她的","已人工审校","hennes 是第三人称阴性单数的非反身所有格，形式不随被拥有名词的性数变化。若所有物属于本句主语“她自己”，通常用 sin/sitt/sine。https://ordbokene.no/bm/hennes","2026-09-26"
"限定词|sin","sin","sin","限定词","A2","所有关系","自己的；其本人的（第三人称主语的反身所有格）","自己的；其本人的（第三人称主语的反身所有格）","已人工审校","sin/sitt/sine 回指同一分句的第三人称主语，并按被拥有名词变形：sin bil、sitt hus、sine bøker；若所有者不是主语，通常用 hans/hennes/deres。https://ordbokene.no/bm/sin","2026-09-26"
"限定词|egen","egen","egen","限定词","A2","所有与强调","自己的；本人的；亲自的；专属的（强调独立/归属）","自己的；本人的；亲自的；专属的（强调独立/归属）","已人工审校","egen/eget/egne 按被拥有名词变形；常强调“自己的/亲自的”。på egen hånd 是固定表达“靠自己/亲自”，不是字面上的“在自己的手上”。https://ordbokene.no/bm/egen","2026-09-26"
"形容词|spesiell","spesiell","spesiell","形容词","A2","特征与评价","特别的；特殊的；与众不同的；具体的（依搭配）","特别的；特殊的；与众不同的；具体的（依搭配）","已人工审校","spesiell 可指不同寻常、独特，也可指特定/具体的；描述人的 han er noe spesiell 可能委婉地说“他有点特别”。副词 spesielt 常译“尤其/特别是”。https://ordbokene.no/nob/bm/spesiell","2026-09-26"
"副词|hvorfor","hvorfor","hvorfor","副词","A2","提问与交流","为什么；为何（询问原因）","为什么；为何（询问原因）","已人工审校","直接问句中疑问词在句首，限定动词遵循主句 V2；间接问句中引导从句，主语通常在限定动词前。回答原因常用 fordi。https://ordbokene.no/bm/hvorfor","2026-09-26"
"名词|spørsmål","spørsmål","et spørsmål","名词","A2","提问与交流","问题；疑问；提问（依搭配）","问题；疑问；提问（依搭配）","已人工审校","et spørsmål 可指待回答的问题、疑问或一次提问。stille et spørsmål 是“提出问题”，svare på et spørsmål 是“回答问题”；不定复数与单数同形 spørsmål。https://ordbokene.no/bm/sp%C3%B8rsm%C3%A5l","2026-09-26"
"形容词|olympisk","olympisk","olympisk","形容词","A2","体育与国际活动","奥林匹克的；奥运会的","奥林匹克的；奥运会的","已人工审校","描述与奥林匹克运动会有关的赛事、纪录或组织；常见 de olympiske lekene（奥运会）、olympisk rekord（奥运纪录）。比较级形式虽可构造，但不是本级常用学习重点。https://ordbokene.no/bm/olympisk","2026-09-26"
"形容词|kjølig","kjølig","kjølig","形容词","A2","天气与感受","凉的；凉爽的；冷淡的；不热情的（依语境）","凉的；凉爽的；冷淡的；不热情的（依语境）","已人工审校","天气、房间或饮料略凉时译“凉/凉爽”；描述语气、答复或关系时可译“冷淡、不热情”。天气义不等于严寒 kald。https://ordbokene.no/bm/kj%C3%B8lig","2026-09-26"
"动词|skinne","skinne","skinne","动词","A2","天气与光线","发光；照耀；闪耀；（太阳）出太阳","发光；照耀；闪耀；（太阳）出太阳","已人工审校","灯或物体作主语时可译“发光/闪耀”；太阳作主语的 Sola skinner 通常自然译“出太阳/阳光明媚”。过去时 skinte，完成分词 skint。https://ordbokene.no/bm/skinne","2026-09-26"
"动词|regne","regne","å regne","动词","A2","天气与计算","下雨；计算；估算/推算（依结构）","下雨；计算；估算/推算（依结构）","已人工审校","det regner 是天气句“下雨”；regne ut + 结果是“算出”；regne med + 内容是“预计/考虑到”。看句型和宾语选译义。https://ordbokene.no/bm/regne","2026-09-26"
"动词|blåse","blåse","å blåse","动词","A2","天气与日常动作","吹；吹气；刮风；吹奏（依主语/宾语）","吹；吹气；刮风；吹奏（依主语/宾语）","已人工审校","det blåser 表示“刮风”；人 blåse på suppa 是“朝汤吹气”；乐器语境可指吹奏。看主语和介词搭配区分。https://ordbokene.no/bm/bl%C3%A5se","2026-09-26"
"动词|fryse","fryse","å fryse","动词","A2","天气与身体感受","觉得冷；结冰；冷冻（依主语和结构）","觉得冷；结冰；冷冻（依主语和结构）","已人工审校","人作主语时常表示觉得冷；水等可作主语表示结冰；fryse ned + 食物表示冷冻保存。共用词形但结构和中文义不同。https://ordbokene.no/bm/fryse","2026-09-26"
"形容词|våt","våt","våt","形容词","A2","天气与衣物","湿的；潮湿的；被液体/雨水弄湿的（依语境）","湿的；潮湿的；被液体/雨水弄湿的（依语境）","已人工审校","våt 表示含水或沾湿；雨水只是常见原因，不是词义本身。也可说洗过后仍湿的衣物等，不应一律译成“被雨淋湿”。https://ordbokene.no/bm/v%C3%A5t","2026-09-26"
"名词|karamellpudding","karamellpudding","en karamellpudding","名词","A2","甜点与传统食物","焦糖布丁；焦糖布丁甜点","焦糖布丁；焦糖布丁甜点","已人工审校","用焦糖制作的凝固甜点，挪威常见家常/节庆甜品。菜名通常不加冠词；定指 karamellpuddingen 指已经做好的那份。https://ordbokene.no/bm/karamellpudding","2026-09-26"
"名词|eplekake","eplekake","ei eplekake","名词","A2","甜点与烘焙","苹果蛋糕（挪威式烘焙蛋糕）","苹果蛋糕（挪威式烘焙蛋糕）","已人工审校","加入苹果烘烤的蛋糕，不应仅凭中文名就等同于有酥皮的美式苹果派；常与咖啡、香草酱搭配。https://ordbokene.no/bm/12948","2026-09-26"
"名词|sjokoladekake","sjokoladekake","en sjokoladekake","名词","A2","甜点与烘焙","巧克力蛋糕","巧克力蛋糕","已人工审校","以巧克力/可可为主要风味的蛋糕；区别于 sjokolade（巧克力本身）和 sjokoladepudding（巧克力布丁）。https://ordbokene.no/bm/sjokoladekake","2026-09-26"
"名词|bløtkake","bløtkake","ei/en bløtkake","名词","A2","甜点与庆祝","奶油夹层蛋糕；鲜奶油蛋糕（常用于庆祝）","奶油夹层蛋糕；鲜奶油蛋糕（常用于庆祝）","已人工审校","通常是柔软蛋糕胚夹奶油馅并装饰的庆祝蛋糕；中文可说奶油蛋糕，但不宜与普通奶油裱花蛋糕或硬脆蛋糕混为一类。https://ordbokene.no/bm/bl%C3%B8tkake","2026-09-26"
"名词|pudding","pudding","en pudding","名词","A2","甜点与食物","布丁；凝固/蒸制的半固体菜肴；（口语比喻）疲惫的人","布丁；凝固/蒸制的半固体菜肴；（口语比喻）疲惫的人","已人工审校","可指模具中煮或烤制的半固体甜/咸菜肴；口语 helt pudding 也可形容累瘫的人。看食物搭配或描述人的句法区分。https://ordbokene.no/bm%2Cnn/PUDDING","2026-09-26"
"名词|sjokolade","sjokolade","en sjokolade","名词","A2","甜食与购物","巧克力；一板/一块巧克力（依量词）","巧克力；一板/一块巧克力（依量词）","已人工审校","sjokolade 通常作物质名词；litt sjokolade 是一点巧克力，en plate sjokolade 是一板，et stykke sjokolade 是一块。量词决定中文计量单位。https://ordbokene.no/bm/sjokolade","2026-09-26"
"从属连词|hvis","hvis","hvis","从属连词","A2","条件与假设","如果；假如（引导条件从句）","如果；假如（引导条件从句）","已人工审校","hvis 引导条件从句；若从句放句首，主句仍用 V2 语序，如 Hvis de ikke kommer, går jeg（如果他们不来，我就走）。另有文学用法 hvis“谁的”，与本词性不同。https://ordbokene.no/bm/hvis","2026-09-26"
"形容词|selvfølgelig","selvfølgelig","selvfølgelig","形容词","A2","同意与回应","理所当然的；当然、自然（副词用法）","理所当然的；当然、自然（副词用法）","已人工审校","作形容词时是“理所当然的”（en selvfølgelig plikt）；作副词时是“当然/自然”（Selvfølgelig vil jeg gjøre det）。看它修饰名词还是整句话，中文随词性调整。https://ordbokene.no/bm/selvf%C3%B8lgelig","2026-09-26"
"名词|gruppe","gruppe","ei gruppe","名词","A2","团队与群体","组；群体；小组；类别；（音乐）乐队","组；群体；小组；类别；（音乐）乐队","已人工审校","指有共同点而构成的人员、事物或现象集合，按语境译小组/群体/类别；音乐语境也可指乐队。可用 en gruppe 或 ei gruppe。https://ordbokene.no/bm/gruppe","2026-09-26"
"形容词|pen","pen","pen","形容词","A2","外貌与评价","好看的；整洁得体的；（天气）晴好的；礼貌的/令人满意的（依搭配）","好看的；整洁得体的；（天气）晴好的；礼貌的/令人满意的（依搭配）","已人工审校","pen 不只描述外貌：pen håndskrift 是字迹工整，pent vær 是天气晴好，oppføre seg pent 是举止得体；词典还列可观、相当不错等用法。https://ordbokene.no/bm/pen","2026-09-26"
"形容词|høy","høy","høy","形容词","A2","外形与测量","高的；数值/程度高的；（声音）高调或音量大的","高的；数值/程度高的；（声音）高调或音量大的","已人工审校","依对象译：身高/高度、数值/程度、声音的音调/音量分别使用自然中文。另有同形中性名词 et høy“干草”，是独立词条。https://ordbokene.no/bm/h%C3%B8y","2026-09-26"
"名词|byggesett","byggesett","et byggesett","名词","A2","玩具与活动","组装套件；拼装套件（按说明把零件组装成成品）","组装套件；拼装套件（按说明把零件组装成成品）","已人工审校","由零件组成、供人组装的套件；可以是模型、家具或其他物件，不必然是飞机模型或儿童玩具。例句为教学自拟，词典链接用于核对词头。https://ordbokene.no/nob/search?dict=bm%2Cnn&q=byggesett&scope=eif","2026-09-26"
"名词|internettilgang","internettilgang","en internettilgang","名词","A2","网络与数字生活","互联网接入；上网条件/权限","互联网接入；上网条件/权限","已人工审校","指能否连接或使用互联网，常作不可数概念：ha internettilgang（能上网/有网络接入）。复数只用于特指不同接入方式或服务；日常先记单数。https://ordbokene.no/nob/search?dict=bm%2Cnn&q=internettilgang&scope=eif","2026-09-26"
"名词|nett","nett","et nett","名词","A2","网络与通信","网；网络；互联网（依语境）","网；网络；互联网（依语境）","已人工审校","et nett 可指绳线编成的网、互连系统或互联网；på nettet 常指“网上”。另有同形形容词 nett（整洁/漂亮等），需按词性和搭配区分。https://ordbokene.no/bm/nett","2026-09-26"
"名词|ende","ende","en ende","名词","A2","位置与部分","末端；一端；尽头；结束/结尾（依结构）","末端；一端；尽头；结束/结尾（依结构）","已人工审校","en ende 可指物体/空间的端点，也可指事情的结束：ved enden av tauet（一端/绳头）、enden på historien（故事结尾）。不要与动词 ende（结束、以……告终）混淆。https://ordbokene.no/bm/ende","2026-09-26"
"名词|side","side","ei/en side","名词","A2","位置与部分","侧面；一边；页；方面/立场（依搭配）","侧面；一边；页；方面/立场（依搭配）","已人工审校","på den andre siden av gata 是街对面，side to 是第二页，den økonomiske siden 是经济方面。可用 ei side–sida 或 en side–siden；由搭配决定“边/页/方面”。https://ordbokene.no/bm/side","2026-09-26"
"介词|innom","innom","innom","介词","A2","位置与出行","顺路短暂停留/拜访；经过并到……里面（依搭配）","顺路短暂停留/拜访；经过并到……里面（依搭配）","已人工审校","stikke/komme innom + 人或地点表示“顺路进去一下/短暂拜访”；交通工具 innom 某处可表示经停。innom døra 是进入门内/门口一带；比 inn i 更强调短暂经过或顺访。https://ordbokene.no/bm/innom","2026-09-26"
"介词|inni","inni","inni","介词","A2","位置与方向","在……里面；进入里面/在内部（依句法）","在……里面；进入里面/在内部（依句法）","已人工审校","inni + 名词常表示处于内部（inni bilen 在车里）；也可作副词独立表示“里面/进去”。与表示进入方向的 inn 区别：inni 更突出内部或进入内部的状态，动词和上下文决定方向。https://ordbokene.no/bm/inni","2026-09-26"
"介词|innover","innover","innover","介词","A2","位置与方向","向里面/更深处；朝内陆方向（表示朝内的延伸方向）","向里面/更深处；朝内陆方向（表示朝内的延伸方向）","已人工审校","表示朝某物内部或更远处移动，不是静态“在里面”：gå innover fjellet 是往山里走；也可作方向副词。词典例句 vannet flommet innover markene 指水向田地深处漫去。https://ordbokene.no/bm/innover","2026-09-26"
"副词|nede","nede","nede","副词","A2","位置与方向","在低处/下面；楼下；（挪威语境）南边/更靠南；停摆/不运行（依语境）","在低处/下面；楼下；（挪威语境）南边/更靠南；停摆/不运行（依语境）","已人工审校","可指垂直位置低、在较南的地区（nede i Italia），也可形容设备/系统停止运行（datamaskinen er nede）。不能一律译为楼下，要看主语及参照地点。https://ordbokene.no/bm/nede","2026-09-26"
"形容词|nærmere","nærmere","nærmere","形容词","A2","位置与方向","更近的；更靠近地；进一步/更深入地；将近、差不多（依结构）","更近的；更靠近地；进一步/更深入地；将近、差不多（依结构）","已人工审校","nær 的比较形式，可作形容词、副词并见介词用法：nærmere beskjed（进一步通知）、se nærmere på（进一步查看）、kom nærmere（靠近些）、nærmere sju meter（将近七米）。按句法和搭配选译。https://ordbokene.no/bm/n%C3%A6rmere","2026-09-26"
"介词|oppå","oppå","oppå","介词","A2","位置与方向","在……上面；到……上面/叠放在……上（依静态或移动）","在……上面；到……上面/叠放在……上（依静态或移动）","已人工审校","静态位置可译“在……上面”（hatten lå oppå hylla）；放置/移动动作则常译“放到……上”。oppå 强调物体位于或移动至上表面。https://ordbokene.no/bm/opp%C3%A5","2026-09-26"
"副词|oppe","oppe","oppe","副词","A2","位置与状态","在高处/上面；楼上；已经起床/还没睡；处于运行状态（依语境）","在高处/上面；楼上；已经起床/还没睡；处于运行状态（依语境）","已人工审校","除位置高外，oppe 还表示起床/醒着（tidlig oppe）、太阳已升起（sola er oppe）或系统恢复运行（mobilnettet er oppe igjen）。先看主语，避免只译成楼上。https://ordbokene.no/bm/oppe","2026-09-26"
"形容词|søt","søt","søt","形容词","A2","味道与评价","甜的；可爱的/讨人喜欢的；亲切温柔的（依对象与语境）","甜的；可爱的/讨人喜欢的；亲切温柔的（依对象与语境）","已人工审校","味道/气味是甜；描述孩子、动物、故事时是可爱/讨人喜欢；søt mot alle 是对人亲切。词义由对象和搭配决定，不能每处都直译成甜。https://ordbokene.no/bm/s%C3%B8t","2026-09-26"
"名词|minusgrad","minusgrad","en minusgrad","名词","A2","温度与天气","零下摄氏度；低于冰点的温度单位（数值随数量词）","零下摄氏度；低于冰点的温度单位（数值随数量词）","已人工审校","en minusgrad 是低于零摄氏度一度（−1°C）；fem minusgrader 是零下五度。具体数值由前面的数字决定，中文不应把词头固定译成“零下的一度”。https://ordbokene.no/nob/search?dict=bm%2Cnn&q=minusgrad&scope=eif","2026-09-26"
"名词|galleri","galleri","et galleri","名词","A2","文化与城市","画廊/艺术展览空间；（剧院、教堂等的）楼座；（小说、电影中的）人物群像","画廊/艺术展览空间；（剧院、教堂等的）楼座；（小说、电影中的）人物群像","已人工审校","et galleri 是中性名词；既可指展出艺术品的场所，也可指建筑外有顶长廊、剧院/教堂里的楼座，还能指作品中的人物群像。不能只记“画廊”。https://ordbokene.no/bm/galleri","2026-09-26"
"名词|nasjonalgalleri","nasjonalgalleri","et nasjonalgalleri","名词","A2","文化与地点","国家美术馆；一国主要的公共美术博物馆","国家美术馆；一国主要的公共美术博物馆","已人工审校","由 nasjonal + galleri 构成，指一国重要的公共美术博物馆；不等于普通 kunstgalleri。若作为机构专名，须结合地点和历史语境判断。中性名词 et nasjonalgalleri。https://naob.no/ordbok/nasjonalgalleri","2026-09-26"
"名词|dokketeater","dokketeater","et dokketeater","名词","A2","文化与活动","木偶戏；木偶剧场/木偶戏演出（依语境）","木偶戏；木偶剧场/木偶戏演出（依语境）","已人工审校","指用木偶表演故事的戏剧形式，也可按上下文指演出或剧场；se dokketeater 通常是看木偶戏。dokketeater 和 dukketeater 两种拼法都可见；本词库沿用当前词头。例句为教学自拟，链接为词典词头检索。https://ordbokene.no/nob/search?dict=bm%2Cnn&q=dokketeater&scope=eif","2026-09-26"
"名词|festival","festival","en festival","名词","A2","文化与活动","节庆；围绕某一主题定期举办的文化活动/艺术节","节庆；围绕某一主题定期举办的文化活动/艺术节","已人工审校","核心义是围绕某个主题、通常定期（常为每年）举办的大型文化活动；按主题译音乐节、电影节等。不是所有派对或一次性聚会都叫 festival。https://ordbokene.no/bm/festival","2026-09-26"
"名词|kultur","kultur","en kultur","名词","A2","文化与社会","文化；群体的生活方式、价值观与规范；（农业/生物）栽培、培养物","文化；群体的生活方式、价值观与规范；（农业/生物）栽培、培养物","已人工审校","日常指群体的生活方式、观念、习俗和价值；也可指教养/行为规范。农业语境是栽培，生物学语境可指培养物，必须由搭配判断。https://ordbokene.no/bm/kultur","2026-09-26"
"名词|kunst","kunst","en kunst","名词","A2","文化与社会","艺术；艺术作品；技艺/本领；（复数 kunster）花招/伎俩（依语境）","艺术；艺术作品；技艺/本领；（复数 kunster）花招/伎俩（依语境）","已人工审校","可指艺术创作及作品，也可指通过练习掌握的技艺（kunsten å gå på ski）；复数 kunster 在某些语境是花招/伎俩。固定表达 det er ingen kunst 意为“不难/不成问题”。https://ordbokene.no/bm/kunst","2026-09-26"
"名词|ballett","ballett","en ballett","名词","A2","文化与休闲","芭蕾舞；芭蕾课（依语境）","芭蕾舞；芭蕾课（依语境）","已人工审校","可指芭蕾这种舞蹈/艺术，也可在 gå på ballett 这类表达中指去上芭蕾课；只有具体作品或演出语境才译“芭蕾舞剧”。不要把上课和观看演出混为一谈。https://ordbokene.no/bm/ballett","2026-09-25"
"名词|forestilling","forestilling","en forestilling","名词","A2","文化与休闲","演出；（脑中的）想法、印象","演出；（脑中的）想法、印象","已人工审校","看演出时是“一场演出”；ha en forestilling om 是“对……有某种印象/设想”。后一义不是实际演出，中文应随搭配变。https://ordbokene.no/bm/forestilling","2026-09-25"
"名词|kino","kino","en kino","名词","A2","文化与休闲","电影院；看电影（活动）","电影院；看电影（活动）","已人工审校","kino 可指放映电影的场所；gå på kino 通常是“去看电影”，而 kinoen åpner 指电影院开门。不要每次都译成建筑物。https://ordbokene.no/bm/kino","2026-09-25"
"名词|konsert","konsert","en konsert","名词","A2","文化与休闲","音乐会；协奏曲（音乐术语）","音乐会；协奏曲（音乐术语）","已人工审校","日常最常见是现场音乐演出；在古典音乐语境，konsert 也可指协奏曲这类作品。på konsert 是去听音乐会，不是“在音乐会上”的固定位置义。https://ordbokene.no/bm/konsert","2026-09-25"
"名词|kor","kor","et kor","名词","A2","文化与休闲","合唱团；合唱部分","合唱团；合唱部分","已人工审校","核心义是一起演唱的一群人，通常为中性名词 et kor；在歌曲结构中也可指副歌/合唱段。koret øver 是“合唱团在排练”，不是“合唱在练习”。https://ordbokene.no/bm/kor","2026-09-25"
"名词|opera","opera","en opera","名词","A2","文化与休闲","歌剧；歌剧院/歌剧机构（依语境）","歌剧；歌剧院/歌剧机构（依语境）","已人工审校","se en opera 是看一部歌剧；Operaen i Oslo 可指奥斯陆歌剧院/歌剧机构。先看它是作品名称还是场所/机构，避免把每处都译成“歌剧院”。https://ordbokene.no/bm/opera","2026-09-25"
"名词|sang","sang","en sang","名词","A2","文化与休闲","歌；歌曲；唱歌（依语境）","歌；歌曲；唱歌（依语境）","已人工审校","en sang 通常是可数的一首歌；句中 uten sang / sang og musikk 等也可能指唱歌这一活动。看数词、限定词和上下文判断，不要把“歌”和“唱歌”混作一种用法。https://ordbokene.no/bm/sang","2026-09-25"
"名词|show","show","et show","名词","A2","文化与休闲","娱乐演出；综艺表演；热闹场面（依语境）","娱乐演出；综艺表演；热闹场面（依语境）","已人工审校","常指面向观众的娱乐性演出；lage show 可指大张旗鼓/闹出动静，stjele showet 是“抢尽风头”。中性名词 et show；不能一概译作电视综艺。https://ordbokene.no/bm/show","2026-09-25"
"名词|teater","teater","et teater","名词","A2","文化与休闲","剧院；戏剧艺术；看戏（依语境）","剧院；戏剧艺术；看戏（依语境）","已人工审校","gå på teater 常说去看戏/看剧；bygge et teater 是建剧院；teater som kunst 是戏剧艺术。句子没有场所线索时，不要擅自固定成“剧院”。https://ordbokene.no/bm/teater","2026-09-25"
"名词|teaterforestilling","teaterforestilling","en teaterforestilling","名词","A2","文化与休闲","一场戏剧演出；舞台剧演出","一场戏剧演出；舞台剧演出","已人工审校","指具体的一场/一部戏剧演出，和 teater（剧院或戏剧艺术这个整体概念）不同。forestillinga begynner 指这场演出开始。https://ordbokene.no/bm/teaterforestilling","2026-09-25"
"名词|dikt","dikt","et dikt","名词","A2","文化与阅读","诗；诗歌；（口语）编造的话","诗；诗歌；（口语）编造的话","已人工审校","最常用是诗/诗歌；在 dikt eller sannhet（编的还是真的）一类对比中，可指虚构、编造的东西。未出现这类语境时优先译“诗”，不是“谎言”。https://ordbokene.no/bm/dikt","2026-09-25"
"名词|maleri","maleri","et maleri","名词","A2","文化与阅读","绘画作品；画作","绘画作品；画作","已人工审校","指画出来的图像/绘画作品，不限定媒材；可能是油画、水彩等，单独的 maleri 不应直接译成“油画”。与绘画活动 å male 区分。https://ordbokene.no/bm/maleri","2026-09-25"
"名词|scene","scene","en scene","名词","A2","文化与阅读","舞台；（戏剧/电影中的）一幕；场面","舞台；（戏剧/电影中的）一幕；场面","已人工审校","skuespilleren går opp på scenen 是走上舞台；filmens siste scene 是电影最后一幕。不是摄影机镜头本身。lage scener 还可指无理取闹/大吵大闹，需依搭配识别。https://ordbokene.no/bm/scene","2026-09-25"
"名词|dokument","dokument","et dokument","名词","A2","文件与材料","文件；文档；证明材料（依语境）","文件；文档；证明材料（依语境）","已人工审校","既可指电脑里的电子文档，也可指用于记录、证明事实的正式文件；并非每个 dokument 都是证件。lagre dokumentet 是保存文档，vise dokumenter 可能是出示证明材料。https://ordbokene.no/bm/dokument","2026-09-25"
"名词|papir","papir","et papir","名词","A2","文件与材料","纸；一张纸；文件/证件（常用复数 papirer）","纸；一张纸；文件/证件（常用复数 papirer）","已人工审校","materiale av papir 指纸这种材料；et papir 是一张纸；papirene sine 在办事语境可指相关文件/证件。中文需结合动作判断，不能把纸张和证件混为一个固定义。https://ordbokene.no/bm/papir","2026-09-25"
"名词|utfordring","utfordring","en utfordring","名词","A2","问题与成长 / 未来计划与目标","挑战；需要克服的难题/任务","挑战；需要克服的难题/任务","已人工审校","强调需要付出努力、解决办法或勇气的事，不等于任何普通任务。ta utfordringen 是“接受挑战”；en utfordring å snakke norsk 表示“用挪威语交流是一项挑战”。https://ordbokene.no/bm/utfordring","2026-09-25"
"动词|fikse","fikse","å fikse","动词","A2","问题与解决","修好；安排妥当；设法弄到/解决（口语）","修好；安排妥当；设法弄到/解决（口语）","已人工审校","口语中可指修理物品、把事情安排好或弄到所需东西：fikse sykkelen（修自行车）、fikse mat（准备/弄点吃的）。不能不看宾语就一律译“解决”；在作弊语境也可能有“操纵”义。https://ordbokene.no/bm/fikse","2026-09-25"
"动词|løse","løse","å løse","动词","A2","问题与解决","解决；解答；解开","解决；解答；解开","已人工审校","løse et problem/ei oppgave 是解决问题/解题；løse en knute 是解开绳结。宾语告诉你是哪一种“解”，不只是抽象的“解决”。注意与 løs（松的）区分。https://ordbokene.no/bm/l%C3%B8se","2026-09-25"
"名词|problem","problem","et problem","名词","A2","问题与解决","问题；难题；需要处理的麻烦","问题；难题；需要处理的麻烦","已人工审校","常指需要思考或采取行动才能解决的困难；problem med innloggingen 是登录出了问题，未必表示严重事故。ett problem–problemet–problemer–problemene；中性名词。https://ordbokene.no/bm/problem","2026-09-25"
"名词|salsakurs","salsakurs","et salsakurs","名词","A2","舞蹈与休闲","萨尔萨舞课程；萨尔萨舞班","萨尔萨舞课程；萨尔萨舞班","已人工审校","复合词 salsa + kurs，指学习萨尔萨舞的一期课程/班；meldte oss på 指报名参加。不是萨尔萨音乐会或单次舞会。https://ordbokene.no/bm/search?dict=bm&q=salsakurs&scope=eif","2026-09-25"
"名词|femhundrelapp","femhundrelapp","en femhundrelapp","名词","A2","现金与金额","一张五百克朗纸币；五百克朗钞票（口语）","一张五百克朗纸币；五百克朗钞票（口语）","已人工审校","口语复合词 femhundre + lapp，特指面额为500挪威克朗的纸币；不是泛指500元或纸质票据。veksle en femhundrelapp 是把这张钞票换开。https://ordbokene.no/bm/search?dict=bm&q=femhundrelapp&scope=eif","2026-09-25"
"名词|minibank","minibank","en minibank","名词","A2","现金与银行","自动取款机；ATM","自动取款机；ATM","已人工审校","指可用银行卡自助取款的机器，不是小型银行网点。ta ut penger i minibanken 是“在ATM取钱”；挪威口语也常见 bankomat。https://ordbokene.no/bm/minibank","2026-09-25"
"名词|idé","idé","en idé","名词","A2","想法与计划","想法；主意；构想","想法；主意；构想","已人工审校","指脑中想到的办法、计划或观念；få en idé 是想到一个主意，idéer til helgen 是周末活动的点子。别与“事实/答案”混淆。挪威语拼写常见 idé，也见 ide。https://ordbokene.no/bm/id%C3%A9","2026-09-25"
"动词|tro","tro","å tro","动词","A2","想法与信念","认为；相信；信奉（依结构和语境）","认为；相信；信奉（依结构和语境）","已人工审校","Jeg tror at … 常表示“我觉得/我想……”，对未来的判断不一定是坚定信念；tro på seg selv 是相信自己，tro på Gud 是信仰上帝。另有名词 tro“信仰”，本条只审校动词。https://ordbokene.no/bm/tro","2026-09-25"
"名词|melding","melding","ei melding","名词","A2","消息与沟通","消息；通知；简讯；报告（依语境）","消息；通知；简讯；报告（依语境）","已人工审校","泛指传递的信息，不限于短信：sende en melding 常是发消息；få melding om at 是收到……的通知；提交给机构的正式说明也可叫 melding。看发送渠道和内容来选中文。https://ordbokene.no/bm/melding","2026-09-25"
"名词|nyhet","nyhet","en nyhet","名词","A2","新闻与信息","新闻；消息；新出现的事物/新款产品","新闻；消息；新出现的事物/新款产品","已人工审校","通常指首次公布的消息；也可指某种新上市、刚出现的事物。Nyhetene begynner klokka sju 是“新闻节目七点开始”，不是“一条新闻开始”。https://ordbokene.no/bm/nyhet","2026-09-25"
"名词|beskjed","beskjed","en beskjed","名词","A2","信息与沟通","通知；口信；告知的信息/要求","通知；口信；告知的信息/要求","已人工审校","常见结构 få beskjed om at（接到通知说……）、gi noen beskjed om（告知某人……）；有时也指明确的指示。不是所有消息都适合翻成“短信”。https://ordbokene.no/nob/bm/beskjed","2026-09-25"
"名词|informasjon","informasjon","en informasjon","名词","A2","信息与沟通","信息；资料；情况说明（通常不可数）","信息；资料；情况说明（通常不可数）","已人工审校","核心是提供或获得的资料/信息，通常按不可数名词使用：mer informasjon、informasjon om kurset。与一条具体的 beskjed（通知/口信）区分。https://ordbokene.no/bm/informasjon","2026-09-25"
"名词|fredag","fredag","en fredag","名词","A2","星期与安排","星期五；周五（日期表达）","星期五；周五（日期表达）","已人工审校","一周第五天。på fredag 通常指这个/下一个星期五，hver fredag 表示每周五，på fredager 表示逢周五/每到周五。中文一般无需译成“一个星期五”。https://ordbokene.no/eng/search?dict=bm&q=fredag&scope=eif","2026-09-25"
"名词|lørdag","lørdag","en lørdag","名词","A2","星期与安排","星期六；周六（日期表达）","星期六；周六（日期表达）","已人工审校","一周第六天。på lørdag 通常指这个/下一个星期六；på lørdager 或 hver lørdag 表示通常每逢周六。https://ordbokene.no/bm/l%C3%B8rdag","2026-09-25"
"名词|søndag","søndag","en søndag","名词","A2","星期与安排","星期日；周日（日期表达）","星期日；周日（日期表达）","已人工审校","一周第七天。på søndag 常指这个/下一个星期日；på søndager 表示每逢星期日。挪威语星期名称通常小写。https://ordbokene.no/bm/s%C3%B8ndag","2026-09-25"
"名词|torsdag","torsdag","en torsdag","名词","A2","星期与安排","星期四；周四（日期表达）","星期四；周四（日期表达）","已人工审校","一周第四天。på torsdag 通常指这个/下一个星期四；på torsdager 表示每逢星期四。日期用法中的 torsdag 不表示“一种星期四”。https://ordbokene.no/bm/torsdag","2026-09-25"
"动词|følge","følge","å følge","动词","A2","行动与关系","跟随；陪同；遵照；关注/听懂；随后发生（依语境）","跟随；陪同；遵照；关注/听懂；随后发生（依语境）","已人工审校","跟人同行：følge noen til busstoppet（陪某人走到车站）；按规则行动：følge instruksjonene（遵照说明）；关注动态或跟上讲解也用 følge。主语/宾语和搭配决定意思。https://ordbokene.no/nno/bm/fj%C3%B8lgt%7Cf%C3%B8lge","2026-09-25"
"名词|form","form","en form","名词","A2","形状与填写","形状；形式/类型；模具；身体状态（依语境）","形状；形式/类型；模具；身体状态（依语境）","已人工审校","vasens form 是花瓶的外形；i flytende form 是液态形式；helle røra i en form 是把面糊倒入模具；i god form 是身体状态好。不要把所有场合都译成“形式”。https://ordbokene.no/bm/form","2026-09-25"
"形容词|engasjert","engasjert","engasjert","形容词","A2","兴趣与参与","积极投入的；热心参与的；受聘任职的（依语境）","积极投入的；热心参与的；受聘任职的（依语境）","已人工审校","engasjert i noe 表示积极参与/投入某事；engasjert som lærer 则可能表示受聘担任教师。单独修饰人时通常译“投入、热心”，不能一律理解成签了雇佣合同。https://ordbokene.no/bm/engasjert","2026-09-25"
"形容词|interessert","interessert","interessert","形容词","A2","兴趣与感受","感兴趣的；有意参与/购买的","感兴趣的；有意参与/购买的","已人工审校","常用结构 være interessert i + 名词/动名词，表示对某事有兴趣；谈买房或应聘时也可表示有意购买/申请。interessert publikum 是“感兴趣的观众”，不等于“有利益关系的人”。https://ordbokene.no/bm/interessert","2026-09-25"
"名词|klatregruppe","klatregruppe","ei klatregruppe","名词","A2","兴趣与课外活动","攀岩小组；攀岩班/社团","攀岩小组；攀岩班/社团","已人工审校","透明复合词 klatre（攀岩）+ gruppe（小组），具体是课程班、训练组还是社团由组织背景决定；不能仅凭词形断定是竞赛队。按挪威语常见复合词构词解释。https://ordbokene.no/bm/search?dict=bm&q=klatregruppe&scope=eif","2026-09-25"
"名词|romantiker","romantiker","en romantiker","名词","A2","兴趣与性格","浪漫的人；浪漫主义者（文学艺术语境）","浪漫的人；浪漫主义者（文学艺术语境）","已人工审校","日常描述某人时是重视浪漫、富有浪漫情怀的人；文学艺术史中可指浪漫主义者。例句中的婚纪日表示前一种，不是历史流派成员。https://ordbokene.no/bm/romantiker","2026-09-25"
"名词|hobby","hobby","en hobby","名词","A2","兴趣与休闲","业余爱好；兴趣活动","业余爱好；兴趣活动","已人工审校","指工作或学习之外，为兴趣进行的活动；matlaging som hobby 是把烹饪当作爱好。区分 hobby（活动/爱好）与兴趣本身 interesse。https://ordbokene.no/bm/hobby","2026-09-25"
"名词|fan","fan","en fan","名词","A2","兴趣与支持","粉丝；支持者；爱好者","粉丝；支持者；爱好者","已人工审校","fan av + 人/乐队/球队，表示某人的支持者或爱好者；fotballfans 是足球迷。也可指某人特别喜爱的事物。中文常说“某某的粉丝”，避免直译成“风扇”（风扇另有 vif(te) 一词）。https://ordbokene.no/bm/fan","2026-09-25"
"形容词|sjenert","sjenert","sjenert","形容词","A2","性格与感受","害羞的；腼腆的；在社交场合拘谨的","害羞的；腼腆的；在社交场合拘谨的","已人工审校","描述不善于主动与人交往、在陌生场合拘谨的人；不是故意冷淡，也不必然代表害怕。smile sjenert 描述腼腆地微笑。https://ordbokene.no/bm/sjenert","2026-09-25"
"形容词|hjelpsom","hjelpsom","hjelpsom","形容词","A2","性格与关系","乐于助人的；有帮助的（依所修饰对象）","乐于助人的；有帮助的（依所修饰对象）","已人工审校","形容人时是愿意帮助他人的；形容 svar/råd 时是有帮助、实用的。语境决定是描述人的品质还是事物的作用。https://ordbokene.no/bm/hjelpsom","2026-09-25"
"形容词|stille","stille","stille","形容词","A2","性格与环境","安静的；平静的；沉默的；静止的（依语境）","安静的；平静的；沉默的；静止的（依语境）","已人工审校","stille i biblioteket 是环境安静；bli stille 是某人不再说话、沉默下来；stille vann 是静水。须看它修饰环境、人还是物体。https://ordbokene.no/bm/stille","2026-09-25"
"形容词|dum","dum","dum","形容词","A2","性格与评价","愚蠢的；不明智的；糟糕/令人遗憾的（依语境）","愚蠢的；不明智的；糟糕/令人遗憾的（依语境）","已人工审校","评价人或想法时可译“愚蠢、不明智”；det var dumt å… 是“做……不明智/真不该”，语气也可只是“可惜、糟糕”。不要把每句都译成骂人。https://ordbokene.no/bm/dum","2026-09-25"
"形容词|kjekk","kjekk","kjekk","形容词","A2","性格与评价","好看的；友善愉快的；方便实用的（依语境）","好看的；友善愉快的；方便实用的（依语境）","已人工审校","可形容外表英俊/漂亮、相处令人愉快，也可指方便实用。kjekk kveld 是愉快的一晚；kjekk kollega 可指人友善/讨人喜欢。具体义由修饰对象和地区语境判断。https://ordbokene.no/bm/kjekk","2026-09-25"
"形容词|rar","rar","rar","形容词","A2","性格与评价","奇怪的；不寻常的；稀奇的","奇怪的；不寻常的；稀奇的","已人工审校","描述声音、行为或情形时常译“奇怪”；rarere/rart 也可以只是“有点不寻常”，不一定带负面评价。不能按英语 rare 译成“罕见的”，除非语境确实强调少见。https://ordbokene.no/bm/rar","2026-09-25"
"形容词|snill","snill","snill","形容词","A2","性格与评价","善良友善的；温和体贴的；（对孩子）乖的","善良友善的；温和体贴的；（对孩子）乖的","已人工审校","snill mot noen 是对某人友善；形容孩子时可指听话、乖；Vær så snill 是礼貌请求中的“请”。不能机械地把每个句子译成“善良”。https://ordbokene.no/bm/snill","2026-09-25"
"名词|sykkeltur","sykkeltur","en sykkeltur","名词","A2","休闲与出行","骑行；骑自行车出游","骑行；骑自行车出游","已人工审校","指一次骑自行车的出行/活动，不一定是比赛或长途旅行。dra på sykkeltur 是去骑行；sykkelturen tok tre timer 指这次骑行花了三小时。https://ordbokene.no/bm/search?dict=bm&q=sykkeltur&scope=eif","2026-09-25"
"动词|danse","danse","å danse","动词","A2","休闲与活动","跳舞；跳（某种舞）","跳舞；跳（某种舞）","已人工审校","danse med noen 是和某人跳舞；danse hele kvelden 表示整晚跳舞。表示跳某种舞时通常说 danse vals/salsa。过去式 danset。https://ordbokene.no/bm/danse","2026-09-25"
"动词|fotografere","fotografere","å fotografere","动词","A2","休闲与活动","拍摄；给……拍照","拍摄；给……拍照","已人工审校","及物动词，fotografere noen/noe 是给某人/某物拍照；拍摄对象通常直接作宾语，不需要像中文“拍照”那样另加介词。区分摄影活动 fotografi 与照片 fotografi（名词同形异义）。https://ordbokene.no/bm/search?dict=bm&q=fotografere&scope=eif","2026-09-25"
"名词|fritid","fritid","ei fritid","名词","A2","休闲与日常","闲暇时间；业余时间（不工作/上学的时间）","闲暇时间；业余时间（不工作/上学的时间）","已人工审校","指工作、上学或履行义务之外的自由时间；på fritida 是“在闲暇时”。不等于退休时间，也不要求人在休假。https://ordbokene.no/bm/fritid","2026-09-25"
"名词|fritidsaktivitet","fritidsaktivitet","en fritidsaktivitet","名词","A2","休闲与兴趣","业余活动；休闲活动","业余活动；休闲活动","已人工审校","指课余或工作之余参与的活动，如运动、音乐等；不是指“活动场所”。复合词由 fritid + aktivitet 构成。https://ordbokene.no/bm/search?dict=bm&q=fritidsaktivitet&scope=eif","2026-09-25"
"动词|trenge","trenge","å trenge","动词","A2","需要与请求 / 健康与看医生","需要；挤入/挤向；努力深入理解（依结构）","需要；挤入/挤向；努力深入理解（依结构）","已人工审校","表示需要时常用 trenge noe / trenge å gjøre noe；trenge seg inn 是挤进去或闯入；trenge inn i et fagstoff 是努力钻研、理解难懂内容。不要把它的少见移动义误教成“穿过”。https://ordbokene.no/bm/trenge","2026-09-25"
"动词|velge","velge","å velge","动词","A2","选择与决定 / 待归类","选择；挑选；选出/任命（依语境）","选择；挑选；选出/任命（依语境）","已人工审校","velge mellom A og B 是在两者间选择；velge å gjøre noe 是选择去做；选举语境可指选出或推选某人。velge 不只是挑物品，也可选行动方案。https://ordbokene.no/bm/velge","2026-09-25"
"名词|psykologi","psykologi","en psykologi","名词","A2","学科与学习","心理学；心理活动/心理特征（依语境）","心理学；心理活动/心理特征（依语境）","已人工审校","指研究人和动物心理过程及行为的学科；也可说某人的心理特点，如 barnets psykologi。通常是学科名称，不应简单等同于“心理咨询”。https://ordbokene.no/bm/psykologi","2026-09-25"
"名词|kompendium","kompendium","et kompendium","名词","A2","学习材料","讲义汇编；课程资料册（通常含节选/摘要）","讲义汇编；课程资料册（通常含节选/摘要）","已人工审校","指简明教材、手册或将课程相关材料汇编在一起的资料，不一定是正式出版的教科书。et kompendium 是中性名词。https://ordbokene.no/bm/kompendium","2026-09-25"
"名词|blyant","blyant","en blyant","名词","A2","学习用品","铅笔","铅笔","已人工审校","通常指用石墨芯书写、绘画或着色的笔；用铅笔写：skrive med blyant。不是“铅制的笔”，现代铅笔笔芯主要为石墨。https://ordbokene.no/bm/blyant","2026-09-25"
"名词|viskelær","viskelær","et viskelær","名词","A2","学习用品","橡皮；橡皮擦","橡皮；橡皮擦","已人工审校","用橡胶或塑料制成、擦除铅笔痕迹的小块工具。et viskelær–viskelæret–viskelær–viskelærene；中性名词。https://ordbokene.no/bm/viskel%C3%A6r","2026-09-25"
"名词|perm","perm","en perm","名词","A2","学习用品与文件","活页夹；文件夹（装散页纸用）","活页夹；文件夹（装散页纸用）","已人工审校","可指装散页文件的夹子；也可指精装书的封面/封底，如 lese boka fra perm til perm（从头到尾读完整本书）。口语 perm 还可缩略表示休假/准假，需看上下文。https://ordbokene.no/bm/perm","2026-09-25"
"名词|analyse","analyse","en analyse","名词","A2","学习与调查","分析；分析结果/检验（依语境）","分析；分析结果/检验（依语境）","已人工审校","既可指把整体分解研究的过程（grammatisk analyse），也可指采用分析方法所做的调查/报告。医学里 ta/bestille en analyse 常是做化验或检验；不宜固定译为检验报告。https://ordbokene.no/bm/analyse","2026-09-25"
"名词|lærer","lærer","en lærer","名词","A2","学习与工作","老师","老师","已人工审校","指教别人知识、尤其在学校教学生的人。能用于学校教师，也可用于吉他、滑雪等私人授课老师；并非所有场合都特指学校编制教师。https://ordbokene.no/bm/l%C3%A6rer","2026-09-25"
"名词|masterstudent","masterstudent","en masterstudent","名词","A2","学习与工作","硕士生；硕士阶段学生","硕士生；硕士阶段学生","已人工审校","指在大学攻读硕士学位/硕士课程的学生，不一定专指做研究的学生；挪威语教育语境中 masterstudent 通常就是硕士生。复数 masterstudenter。https://ordbokene.no/bm/search?dict=bm&q=masterstudent&scope=eif","2026-09-25"
"形容词|avansert","avansert","avansert","形容词","A2","学习与难度","高级的；复杂/精密的；先进的（依对象）","高级的；复杂/精密的；先进的（依对象）","已人工审校","语言或课程水平高时译“高级”；系统、设备功能复杂时译“复杂/精密”；技术发展程度高时译“先进”。avansert nivå 是高级水平，不是“先进水平”。https://ordbokene.no/bm/avansert","2026-09-25"
"名词|kurs","kurs","et kurs","名词","A2","学习与培训","课程；培训班；方向/航向；汇率/价格（依语境）","课程；培训班；方向/航向；汇率/价格（依语境）","已人工审校","学校和培训语境常指一门课程/培训班；sette kursen hjem 是朝家驶去；valutakurs 是汇率。gå på et norskkurs 是上挪威语课，不是“走到课程上”。https://ordbokene.no/bm/kurs","2026-09-25"
"名词|disiplin","disiplin","en disiplin","名词","A2","学习与习惯","纪律；自律；学科/竞赛项目（依语境）","纪律；自律；学科/竞赛项目（依语境）","已人工审校","holde disiplin i klassen 是维持课堂纪律；selvdisiplin 是自律；akademisk disiplin 是学科，roing 的 disiplin 是赛艇项目。不能把所有义项都译为“纪律”。https://ordbokene.no/bm/disiplin","2026-09-25"
"名词|hovedpunkt","hovedpunkt","et hovedpunkt","名词","A2","学习与信息","要点；主要论点/事项","要点；主要论点/事项","已人工审校","由 hoved（主要）+ punkt（点）组成，指文章、说明或讨论中的主要内容。oppsummere hovedpunktene 是概括要点；通常比泛泛的“问题”更中性。https://ordbokene.no/bm/search?dict=bm&q=hovedpunkt&scope=eif","2026-09-25"
"名词|kunnskap","kunnskap","en kunnskap","名词","A2","学习与知识","知识；学识；对……的了解","知识；学识；对……的了解","已人工审校","常作不可数名词：ny kunnskap（新知识）；表达领域知识可用 kunnskap om norsk historie。也会用复数 kunnskaper 指具体学科/语言方面的知识储备或技能，如 gode kunnskaper i norsk。https://ordbokene.no/bm/kunnskap","2026-09-25"
"名词|veileder","veileder","en veileder","名词","A2","学习与指导","指导者；导师；指南/指导手册（依语境）","指导者；导师；指南/指导手册（依语境）","已人工审校","指提供信息、建议或指导的人；在高校里可指指导学生学业发展的导师；书面材料也可叫 veileder，如旅游指南。veilederen for nye elever 看上下文可能是带领新生的人或给新生看的指南。https://ordbokene.no/bm/veileder","2026-09-25"
"名词|matematikk","matematikk","matematikk","名词","A2","学校科目","数学；数学学科","数学；数学学科","已人工审校","研究数量、大小、空间形式及其关系的学科。学校课表里的 matematikk 指数学课；数学作为知识领域通常不可数，不用机械记作“一个数学”。https://ordbokene.no/bm/matematikk","2026-09-25"
"名词|naturfag","naturfag","et naturfag","名词","A2","学校科目","自然科学课；自然科学（挪威学校课程名）","自然科学课；自然科学（挪威学校课程名）","已人工审校","在挪威学校里是课程名称，涵盖自然科学相关内容；句中 ha naturfag 是“上自然科学课”，不是泛指某门大学自然科学专业。挪威学校实际课程范围比中文某个单一学科更综合。https://ordbokene.no/bm/search?dict=bm&q=naturfag&scope=eif","2026-09-25"
"名词|samfunnsfag","samfunnsfag","et samfunnsfag","名词","A2","学校科目","社会学科；挪威学校的社会研究课程","社会学科；挪威学校的社会研究课程","已人工审校","挪威学校课程名称，学习社会、历史、地理、公民生活等主题；不能简单等同大学里的“社会科学”专业。ha samfunnsfag 是上这门课。https://ordbokene.no/bm/search?dict=bm&q=samfunnsfag&scope=eif","2026-09-25"
"名词|skrivebok","skrivebok","en skrivebok","名词","A2","学校用品","练习本；书写本","练习本；书写本","已人工审校","用于写作练习或记录的本子；不特指日记本或正式教科书。Bokmålsordboka 允许阳性/阴性两种性别形式。https://ordbokene.no/bm/skrivebok","2026-09-25"
"名词|klasseliste","klasseliste","ei klasseliste","名词","A2","学校与班级","班级名单；班级名册","班级名单；班级名册","已人工审校","由 klasse（班级）+ liste（名单）组成，列出班级成员/学生姓名；不是课程表，也不必包含成绩。klasselista 是定指形式。https://ordbokene.no/bm/search?dict=bm&q=klasseliste&scope=eif","2026-09-25"
"动词|skulke","skulke","å skulke","动词","A2","学校与出勤","无故缺勤；逃课；旷工","无故缺勤；逃课；旷工","已人工审校","指没有正当理由缺课或缺勤工作：skulke skolen（逃学/逃课）、skulke en time（旷掉一节课）。单说“擅自缺勤”可涵盖学校和工作，具体按宾语翻译。https://ordbokene.no/bm/skulke","2026-09-25"
"名词|foreleser","foreleser","en foreleser","名词","A2","学校与高等教育","讲师；大学授课教师；主讲人","讲师；大学授课教师；主讲人","已人工审校","多指在大学/学院讲授课程的人，也可泛指讲座的主讲者；和 grunnskole 的 lærer（中小学老师）常见使用场景不同，但两者不构成绝对职业界线。https://ordbokene.no/bm/search?dict=bm&q=foreleser&scope=eif","2026-09-25"
"名词|forelesning","forelesning","en forelesning","名词","A2","学校与高等教育","讲座；大学课堂讲授","讲座；大学课堂讲授","已人工审校","通常指大学/学院里教师面向学生的授课，也可指公开讲座。holde en forelesning 是作讲授；forelesning 不是授课者（授课者是 foreleser）。https://ordbokene.no/bm/search?dict=bm&q=forelesning&scope=eif","2026-09-25"
"名词|prosjekt","prosjekt","et prosjekt","名词","A2","学校与工作","项目；有时限的综合性任务/计划","项目；有时限的综合性任务/计划","已人工审校","常指有明确目标、由多个工作组成并有时间范围的任务；也可泛指较大型工作。不是任何随手的小计划都叫 prosjekt。https://ordbokene.no/bm/prosjekt","2026-09-25"
"名词|rapport","rapport","en rapport","名词","A2","学校与工作","报告；情况汇报；（印花/壁纸的）重复图案单元","报告；情况汇报；（印花/壁纸的）重复图案单元","已人工审校","最常见是关于事件、任务或具体情况的报告；也有纺织品/墙纸上的重复图案单元这一专业义。新闻报道通常更常用 reportasje/nyhet，不能把所有“报道”都等同 rapport。https://ordbokene.no/bm/rapport","2026-09-25"
"名词|bibliotek","bibliotek","et bibliotek","名词","A2","学校与公共场所","图书馆；藏书（或资料）集合","图书馆；藏书（或资料）集合","已人工审校","可指有序的藏书/资料集合，也可指存放这些藏书的建筑或房间。låne bøker på biblioteket 指去图书馆借书；ha bibliotek i kjelleren 指家里有藏书室。https://ordbokene.no/bm/bibliotek","2026-09-25"
"名词|klasserom","klasserom","et klasserom","名词","A2","学校与教室","教室；学校班级上课的房间","教室；学校班级上课的房间","已人工审校","专指学校班级接受教学的房间，不是学校整栋建筑，也不是“班级”本身。中性名词 et klasserom。https://ordbokene.no/bm/klasserom","2026-09-25"
"名词|trinn","trinn","et trinn","名词","A2","学校与阶段","台阶；一步；阶段/级别；年级（依语境）","台阶；一步；阶段/级别；年级（依语境）","已人工审校","听到 trinn 可指脚步声/台阶，也可指发展阶段；klassetrinn 指年级。høre trinn på grusen 是听到碎石上的脚步声，不要总译成“年级”。https://ordbokene.no/bm/trinn","2026-09-25"
"名词|engelskprøve","engelskprøve","en engelskprøve","名词","A2","学校与考试","英语测验；英语考试","英语测验；英语考试","已人工审校","复合词 engelsk + prøve，指考查英语知识或能力的一次测验；可按规模译小测/考试，不固定代表正式大考。https://ordbokene.no/bm/search?dict=bm&q=engelskpr%C3%B8ve&scope=eif","2026-09-25"
"名词|fag","fag","et fag","名词","A2","学校与课程","学科/课程科目；专业领域；职业/行业（依语境）","学科/课程科目；专业领域；职业/行业（依语境）","已人工审校","学校里 matte er et fag 是数学是一门科目；kunne faget sitt 是精通自己的专业；rørlegger av fag 是以水管工为职业。它不只等于课表上的“课程”。https://ordbokene.no/bm/fag","2026-09-25"
"名词|favorittfag","favorittfag","et favorittfag","名词","A2","学校与课程","最喜欢的学科/课程","最喜欢的学科/课程","已人工审校","favorite + fag 的复合词，指最喜欢的课程科目或学科领域；具体哪门课由上下文说明。https://ordbokene.no/bm/search?dict=bm&q=favorittfag&scope=eif","2026-09-25"
"名词|klasseavis","klasseavis","ei/en klasseavis","名词","A2","学校与媒体","班级报纸；班级制作的报刊","班级报纸；班级制作的报刊","已人工审校","由一个班级制作的报纸，通常是课堂/学校项目；不一定是面向全校发行的正式校报。https://ordbokene.no/bm/search?dict=bm&q=klasseavis&scope=eif","2026-09-25"
"名词|karakter","karakter","en karakter","名词","A2","学校与评价","成绩等级；人物角色；性格/特点（依语境）","成绩等级；人物角色；性格/特点（依语境）","已人工审校","学校语境指学习成绩的等级；小说电影里的角色是 karakter；人的心理品质也可称 karakter。挪威学习场景中 få gode karakterer 是取得好成绩，不是“得到好角色”。https://ordbokene.no/bm/karakter","2026-09-25"
"名词|friminutt","friminutt","et friminutt","名词","A2","学校与日常","课间休息；两节课之间的休息时间","课间休息；两节课之间的休息时间","已人工审校","专指学校两节课之间的休息时段；不泛指午休、假期或工作间歇。挪威语中性名词 et friminutt。https://ordbokene.no/bm/friminutt","2026-09-25"
"名词|auditorium","auditorium","et auditorium","名词","A2","学校与校园","阶梯教室；大型讲课厅/报告厅","阶梯教室；大型讲课厅/报告厅","已人工审校","通常是大学或机构中供多人听课、讲座的大厅；中文按座位排列和用途译“阶梯教室/讲课厅”，不应泛译任何礼堂。https://ordbokene.no/bm/auditorium","2026-09-25"
"名词|campus","campus","en campus","名词","A2","学校与校园","校园；大学校区","校园；大学校区","已人工审校","指大学或教育机构的场地/校区，不只是校园里的绿地；在多校区大学中也可特指其中一个校区。https://ordbokene.no/bm/campus","2026-09-25"
"名词|institutt","institutt","et institutt","名词","A2","学校与校园","研究所；大学系/研究部门（依机构）","研究所；大学系/研究部门（依机构）","已人工审校","institutt 可指独立研究机构，也可指大学或学院中的学术部门。不要一律译成“学院”；看机构层级和正式名称。https://ordbokene.no/bm/institutt","2026-09-25"
"名词|elev","elev","en elev","名词","A2","学校与学习","学生；学员（通常指中小学或课程学习者）","学生；学员（通常指中小学或课程学习者）","已人工审校","常指中小学学生，也可指驾驶、音乐等课程的学员；大学生一般更常说 student。不是所有“学生”都能不加区分地替换 elev/student。https://ordbokene.no/bm/elev","2026-09-25"
"名词|lekse","lekse","ei lekse","名词","A2","学校与学习","家庭作业；课后作业","家庭作业；课后作业","已人工审校","老师布置、学生需要课后完成的学习任务；gjøre lekser 是做作业。不要与 skolearbeid（学校学习任务/作业）所有语义混同。https://ordbokene.no/bm/lekse","2026-09-25"
"动词|studere","studere","å studere","动词","A2","学校与学习","学习/攻读；研究；仔细观察（依语境）","学习/攻读；研究；仔细观察（依语境）","已人工审校","studere psykologi 是学习/攻读心理学；studere et problem 是研究问题；studere ansiktet nøye 是仔细观察某人的脸。宾语决定“学习、研究、观察”哪种译法。https://ordbokene.no/bm/studere","2026-09-25"
"名词|essay","essay","et essay","名词","A2","学校作业与写作","短论；随笔；论说文","短论；随笔；论说文","已人工审校","通常是围绕一个主题展开的较短文章，常带个人思考或论述；在学校作业里可译“短论/议论文”，不一定是虚构故事。https://ordbokene.no/bm/essay","2026-09-25"
"名词|stress","stress","et stress","名词","A2","压力与健康","压力；紧张状态；忙乱/赶时间（依语境）","压力；紧张状态；忙乱/赶时间（依语境）","已人工审校","可指心理或身体压力，也可形容事情忙得令人紧张；ha det stress 是忙乱/有压力。中文选词要看是长期压力还是当下赶忙。https://ordbokene.no/bm/stress","2026-09-25"
"形容词|rød","rød","rød","形容词","A2","颜色与描述","红色的；（人）脸红的；发红的","红色的；（人）脸红的；发红的","已人工审校","修饰颜色时是红色；变红可说 bli rød；人因害羞、生气或运动脸红也用 rød/rød i ansiktet。注意 rød–rødt–røde 的形态变化。https://ordbokene.no/bm/r%C3%B8d","2026-09-25"
"形容词|svart","svart","svart","形容词","A2","颜色与描述","黑色的；漆黑的；（比喻）阴郁/糟糕的","黑色的；漆黑的；（比喻）阴郁/糟糕的","已人工审校","具体颜色是黑色；描述夜晚或房间可指漆黑；比喻语境里可形容悲观、阴郁或非常糟糕的情形。先判断是实物颜色还是情绪/评价。https://ordbokene.no/bm/svart","2026-09-25"
"形容词|hvit","hvit","hvit","形容词","A2","颜色与外观","白色的；发白的（依对象）","白色的；发白的（依对象）","已人工审校","描述物体颜色时是白色；形容脸色时也可能是苍白。与雪白、灰白等细微色调要看语境，不能默认都是健康明亮的白。https://ordbokene.no/bm/hvit","2026-09-25"
"形容词|lysebrun","lysebrun","lysebrun","形容词","A2","颜色与外形","浅棕色的；浅褐色的","浅棕色的；浅褐色的","已人工审校","复合色彩词 lys（浅）+ brun（棕色），描述颜色偏浅的棕色；通常随所修饰名词按形容词规则变化，如 lysebrune sko。https://ordbokene.no/bm/search?dict=bm&q=lysebrun&scope=eif","2026-09-25"
"名词|invitasjon","invitasjon","en invitasjon","名词","A2","邀请与社交","邀请；邀请函/请柬（依语境）","邀请；邀请函/请柬（依语境）","已人工审校","可指邀请这一行为/机会，也可指书面邀请函。få en invitasjon 是收到邀请；sende en invitasjon 是发出邀请/邀请函。https://ordbokene.no/bm/invitasjon","2026-09-25"
"名词|halstablett","halstablett","en halstablett","名词","A2","药房与常见症状","润喉含片；喉片","润喉含片；喉片","已人工审校","放在口中慢慢含化、用于缓解喉咙不适的片剂；不是普通吞服的药片。halstablett 本身不保证是药品，具体成分看产品。https://ordbokene.no/bm/search?dict=bm&q=halstablett&scope=eif","2026-09-25"
"名词|apotek","apotek","et apotek","名词","A2","药房与买药 / 健康与看医生","药房；药店（配售药品的商店）","药房；药店（配售药品的商店）","已人工审校","指获准配制和销售药品的店铺；gå på apoteket 是去药店。不是药厂，也不等于医院里的药房。https://ordbokene.no/bm/apotek","2026-09-25"
"名词|medisin","medisin","en medisin","名词","A2","药房与买药 / 健康与看医生","药；药物；医学（依语境）","药；药物；医学（依语境）","已人工审校","可指用于治疗的药物，如 ta medisinen（服药）；studere medisin 则是学习医学。宾语、动词和句子场景帮助判断，不要一律译成药。https://ordbokene.no/bm/search?dict=bm&q=medisin&scope=eif","2026-09-25"
"形容词|smertestillende","smertestillende","smertestillende","形容词","A2","药物与健康","止痛的；止痛药（形容词名词化/省略说法）","止痛的；止痛药（形容词名词化/省略说法）","已人工审校","本词词性是形容词，字面指能减轻/消除疼痛的；smertestillende medisin 是止痛药，单说 ta smertestillende 省略了药物名词，仍是“服止痛药”。不要把它当成不变的普通名词词头。https://ordbokene.no/bm/smertestillende","2026-09-25"
"形容词|febernedsettende","febernedsettende","febernedsettende","形容词","A2","药物与症状","退烧的；降低发热的；退烧药（省略名词）","退烧的；降低发热的；退烧药（省略名词）","已人工审校","形容能降低发热的药物/作用；febernedsettende middel 是退烧药，单说 gi barnet febernedsettende 省略了药物名词。词条是形容词，按搭配译。https://ordbokene.no/bm/search?dict=bm&q=febernedsettende&scope=eif","2026-09-25"
"动词|kle","kle","å kle","动词","A2","衣物与穿着","穿衣；给……穿衣；（衣服）衬托/适合某人","穿衣；给……穿衣；（衣服）衬托/适合某人","已人工审校","kle seg 是穿衣；kle på barna 是给孩子穿衣；den kjolen kler deg 是那件衣服很衬你。搭配决定主语和宾语关系，不要混淆“穿”和“穿在某人身上好看”。https://ordbokene.no/bm/kle","2026-09-25"
"名词|skjerf","skjerf","et skjerf","名词","A2","衣物与穿着","围巾；围在脖子上的长条衣物","围巾；围在脖子上的长条衣物","已人工审校","通常是围在脖子上的窄长衣物，用于保暖或装饰；中性名词 et skjerf。https://ordbokene.no/bm/skjerf","2026-09-25"
"名词|t-skjorte","T-skjorte","en T-skjorte","名词","A2","衣物与穿着","T恤；短袖上衣（通常）","T恤；短袖上衣（通常）","已人工审校","Bokmålsordboka 将其释为短袖上衣，并允许阴性或阳性：ei T-skjorte/T-skjorta 或 en T-skjorte/T-skjorten。本项目卡片统一用 en 形式；名称源自外形像字母 T。https://ordbokene.no/bm/search?dict=bm&q=T-skjorte&scope=eif","2026-09-25"
"名词|vott","vott","en vott","名词","A2","衣物与穿着","连指手套；拇指单独、其余手指共用一格的手套","连指手套；拇指单独、其余手指共用一格的手套","已人工审校","与分指手套 hanske/vante 区分：vott 给拇指单独留一格，其他四指放在同一空间，因此通常更保暖。常以一双 votter 购买。https://ordbokene.no/bm/vott","2026-09-25"
"名词|vinterjakke","vinterjakke","ei vinterjakke","名词","A2","衣物与季节","冬季外套；冬天穿的保暖夹克/外套","冬季外套；冬天穿的保暖夹克/外套","已人工审校","用于寒冷天气的外套，未必是长款大衣；具体款式可以是厚夹克或大衣。vinterjakke 由 vinter + jakke 构成。https://ordbokene.no/bm/search?dict=bm&q=vinterjakke&scope=eif","2026-09-25"
"动词|stryke","stryke","å stryke","动词","A2","衣物与家务","熨烫；轻抚；划掉/删除；考试不及格（依搭配）","熨烫；轻抚；划掉/删除；考试不及格（依搭配）","已人工审校","stryke skjorta 是熨衬衫；stryke noen over håret 是轻抚头发；stryke et navn fra lista 是从名单划掉名字；stryke i matte 是数学考试不及格。宾语和介词决定含义。https://ordbokene.no/bm/stryke","2026-09-25"
"名词|knapp","knapp","en knapp","名词","A2","衣物与设备","纽扣；按钮/按键；屏幕图标（依语境）","纽扣；按钮/按键；屏幕图标（依语境）","已人工审校","衣物上的小扣子是纽扣；机器上按下以启动功能的是按钮；键盘上的一个按键以及屏幕可点击图标也可称 knapp。trykke på knappen 按钮/按键，要看它属于什么设备。https://ordbokene.no/bm/knapp","2026-09-25"
"名词|regntøy","regntøy","et regntøy","名词","A2","衣物与天气","雨具；防雨衣物（常包括雨衣裤）","雨具；防雨衣物（常包括雨衣裤）","已人工审校","集合性词语，泛指防雨穿着，可包括雨衣、雨裤等；不是专指一件雨衣。barna må ha på seg regntøy 是孩子们要穿好雨具。https://ordbokene.no/bm/regnt%C3%B8y","2026-09-25"
"名词|støvel","støvel","en støvel","名词","A2","衣物与天气","靴子；长筒靴（依款式）","靴子；长筒靴（依款式）","已人工审校","包住脚并延伸到脚踝以上的鞋类；有些是防水雨靴，有些是保暖冬靴，词本身不一定表示防水。常见复数 støvler。https://ordbokene.no/bm/st%C3%B8vel","2026-09-25"
"名词|joggesko","joggesko","en joggesko","名词","A2","衣物与运动","跑鞋；运动鞋","跑鞋；运动鞋","已人工审校","轻便运动鞋，常用于跑步，也可泛指日常运动鞋；通常说 et par joggesko（一双跑鞋），不是单只鞋的特殊词。https://ordbokene.no/bm/joggesko","2026-09-25"
"名词|kjole","kjole","en kjole","名词","A2","衣着与购物","连衣裙；女式裙装","连衣裙；女式裙装","已人工审校","上衣和裙摆连在一起的服装；不等于单独的 skjørt（半身裙）。den blå kjolen 可译那条蓝色连衣裙。https://ordbokene.no/bm/kjole","2026-09-25"
"名词|kåpe","kåpe","en kåpe","名词","A2","衣着与购物","大衣；长款外套","大衣；长款外套","已人工审校","通常是穿在其他衣服外面的较长外套；词本身不是严格的“女式”专属，具体款式看语境。注意和短夹克 jakke 区分。https://ordbokene.no/bm/k%C3%A5pe","2026-09-25"
"形容词|elegant","elegant","elegant","形容词","A2","衣着与评价","优雅的；雅致的；（方案/处理）巧妙简洁的","优雅的；雅致的；（方案/处理）巧妙简洁的","已人工审校","可描述穿着、动作或外观优雅，也可评价一个解决方案设计巧妙、简洁得体；不只用于外表时尚。https://ordbokene.no/bm/elegant","2026-09-25"
"名词|lue","lue","en lue","名词","A2","衣着与天气","帽子；针织帽/保暖帽","帽子；针织帽/保暖帽","已人工审校","通常指柔软、贴头、用于保暖的帽子；不是所有帽子都叫 lue，硬挺帽子常有其他名称。ta på seg lua 是戴上帽子。https://ordbokene.no/bm/lue","2026-09-25"
"代词|hvem","hvem","hvem","代词","A2","疑问与代词","谁；什么人（疑问/关系代词）","谁；什么人（疑问/关系代词）","已人工审校","提问某个人的身份时用 hvem：Hvem ringte?（谁打来的？）；间接问句中也用 hvem som，如 Vet du hvem som ringte?（你知道是谁打来的吗？）。它问的是人，不问物品。https://ordbokene.no/bm/hvem","2026-09-25"
"名词|utstilling","utstilling","ei utstilling","名词","A2","艺术与活动","展览；展出；展览活动/场地（依语境）","展览；展出；展览活动/场地（依语境）","已人工审校","可以指展出的内容、举办展出的活动，也可指展示作品的陈列；se en utstilling 通常是看展览。https://ordbokene.no/bm/utstilling","2026-09-25"
"名词|kunstutstilling","kunstutstilling","en kunstutstilling","名词","A2","艺术与文化活动","艺术展览；美术展","艺术展览；美术展","已人工审校","由 kunst（艺术）+ utstilling（展览）组成，指展示艺术作品的展览；不必然是绘画展，也可展出雕塑、摄影等。https://ordbokene.no/bm/search?dict=bm&q=kunstutstilling&scope=eif","2026-09-25"
"形容词|enig","enig","enig","形容词","A2","意见与沟通","同意的；意见一致的","同意的；意见一致的","已人工审校","常用 være enig med noen（同意某人）、være enig i at/påstand（同意某观点）、bli enige om å gjøre noe（商定做某事）。中文要根据介词搭配区分“赞同”和“达成协议”。https://ordbokene.no/bm/enig","2026-09-25"
"副词|dermed","dermed","dermed","副词","A2","因果与结果","因此；于是；从而；就此（依语境）","因此；于是；从而；就此（依语境）","已人工审校","可表示前件导致后果（因此/从而），也可表示接着发生（于是）。Vi sendte søknaden og fikk dermed svar 是因此收到回复；trykket på knappen, og dermed startet maskinen 是按下按钮后机器随即启动。https://ordbokene.no/bm/dermed","2026-09-25"
"名词|album","album","et album","名词","A2","音乐与媒体","专辑；相册/影集（依语境）","专辑；相册/影集（依语境）","已人工审校","音乐语境指收录多首歌曲的专辑；照片语境指收集照片的相册。bestemor har et album med gamle bilder 明确是照片相册。https://ordbokene.no/bm/album","2026-09-25"
"名词|hit","hit","en hit","名词","A2","音乐与影视","热门作品；热门歌曲/电影/书；畅销品（依语境）","热门作品；热门歌曲/电影/书；畅销品（依语境）","已人工审校","此条是名词 en hit，指很受欢迎、广泛走红或销量好的歌曲、电影、书等作品/商品；例如 bli en hit（成为热门作品）。同形副词 hit 才是“到这里”，两种词性和含义必须分开。Bokmålsordboka：hit 2。https://ordbokene.no/bm/hit","2026-09-25"
"名词|popstjerne","popstjerne","ei/en popstjerne","名词","A2","音乐与娱乐","流行音乐明星；流行歌手","流行音乐明星；流行歌手","已人工审校","指演唱或创作流行音乐、享有知名度的人，可用于任何性别；不表示某人只唱一首热门歌曲。Bokmål 中 stjerne 可用 ei/en，本词也有 ei/en popstjerne。https://ordbokene.no/bm/pop 与 https://ordbokene.no/bm/stjerne","2026-09-25"
"名词|colaboks","colaboks","en colaboks","名词","A2","饮料与包装","一罐可乐；可乐罐装饮料","一罐可乐；可乐罐装饮料","已人工审校","表示装在罐中的一份可乐；强调空容器时可说 en tom colaboks，点饮料/购买时通常指罐装饮料。也可用 en boks cola。https://ordbokene.no/bm/cola 与 https://ordbokene.no/bm/boks","2026-09-25"
"名词|cola","cola","en cola","名词","A2","饮料与点餐","可乐；一杯/一瓶可乐（点单时）","可乐；一杯/一瓶可乐（点单时）","已人工审校","不加冠词的 cola 指这种碳酸饮料；en cola 常指一份可乐（杯装或瓶装）。饮料义与点单时的“一份”是同一名词的语境变化。https://ordbokene.no/bm/cola","2026-09-25"
"名词|te","te","en te","名词","A2","饮料与点餐","茶叶；茶饮；茶点（依语境）","茶叶；茶饮；茶点（依语境）","已人工审校","可指茶叶，也可指用茶叶泡成的饮料；en kopp te 是“一杯茶”。词典还收录轻便的茶点/茶餐义，但初学者先掌握茶叶与茶饮两义。https://ordbokene.no/bm/te","2026-09-25"
"名词|kakao","kakao","en kakao","名词","A2","饮料与食物","可可；可可饮料/热可可（依语境）","可可；可可饮料/热可可（依语境）","已人工审校","可指可可树的种子/可可粉，也可指以可可粉、糖和牛奶等制成的饮料。en kopp kakao 明确是一杯可可饮料；不要把原料义与饮品义混为一谈。https://ordbokene.no/nno/bm/kakao","2026-09-25"
"名词|øl","øl","et øl","名词","A2","饮品与点餐","啤酒；一杯/一份啤酒（依语境）","啤酒；一杯/一份啤酒（依语境）","已人工审校","词条采用中性 et øl，表示啤酒这种饮料，通常作不可数名词（drikke øl）。点单时 en øl 或 tre øl 是“一杯/几杯啤酒”，这里可数的是饮用份数，不是不同啤酒类型。https://ordbokene.no/bm/%C3%B8l","2026-09-25"
"名词|flaske","flaske","ei flaske","名词","A2","饮品与容器","瓶子；一瓶……（容器或所装液体）","瓶子；一瓶……（容器或所装液体）","已人工审校","可指狭口的瓶状容器，也可借容器指里面的液体/容量：ei flaske vin 是一瓶葡萄酒。Bokmål 接受 ei/en flaske；本词卡选择 ei。https://ordbokene.no/nno/search?dict=bm%2Cnn&q=flaske&scope=eif","2026-09-25"
"动词|smake","smake","å smake","动词","A2","饮食与感官","尝；品尝；尝起来；有……味道；体验/感受（依句型）","尝；品尝；尝起来；有……味道；体验/感受（依句型）","已人工审校","smake på noe 是尝一点；主语为食物时 smake godt/vondt 表示味道好/不好；smake av + 味道说明“有……味”。还可比喻经历某种感受，如 smake seier（尝到胜利滋味）。句型决定是主动品尝还是食物尝起来怎样。https://ordbokene.no/bm/smake","2026-09-25"
"名词|tran","tran","tran","名词","A2","饮食与健康","鱼肝油（常指鳕鱼肝油）","鱼肝油（常指鳕鱼肝油）","已人工审校","挪威日常语境中常指作为营养补充品服用的鱼肝油，尤其是常见的鳕鱼肝油；不要把具体鱼种或保健功效当作词义本身。常用搭配 ta tran（服用鱼肝油）。https://ordbokene.no/bm/tran","2026-09-25"
"名词|dessert","dessert","en dessert","名词","A2","饮食与用餐","正餐后的甜点；餐后甜食","正餐后的甜点；餐后甜食","已人工审校","指一顿（通常是午/晚餐）最后上的一道甜食/甜点；具体可以是水果、浆果、蛋糕等，不限于蛋糕或糖果。与主菜/一道热菜 en rett 区分。https://ordbokene.no/bm/dessert","2026-09-25"
"名词|rett","rett","en rett","名词","A2","饮食与用餐","一道菜；菜肴（也可指权利、法律或法庭，依语境）","一道菜；菜肴（也可指权利、法律或法庭，依语境）","已人工审校","本条名词 en rett 在餐饮语境是作为一部分单独供应的一道菜，如 dagens rett（今日菜品）。同形词还可表示合法权利、法律/司法制度或法庭；en varm rett 明确是菜肴，ha rett til noe 才是“有权做某事”。“直的、正确的、合适的”属于形容词/副词 rett，不是本名词条的释义。https://ordbokene.no/bm/rett","2026-09-25"
"名词|trankapsel","trankapsel","en trankapsel","名词","A2","营养与保健品","鱼肝油胶囊","鱼肝油胶囊","已人工审校","透明复合词 tran（鱼肝油）+ kapsel（胶囊），指装有鱼肝油的胶囊；不是液体鱼肝油本身。日常可搭配 ta en trankapsel（服一粒鱼肝油胶囊）。https://ordbokene.no/bm/tran 与 https://ordbokene.no/bm/kapsel","2026-09-25"
"名词|vedlegg","vedlegg","et vedlegg","名词","A2","邮件与文件","附件；附加文件/材料","附件；附加文件/材料","已人工审校","指附在申请、信件或其他文件后面的书面材料，也常指随电子邮件发送的数据文件。et vedlegg 的不定复数与单数同形：tre vedlegg。https://ordbokene.no/bm/vedlegg","2026-09-25"
"动词|gjette","gjette","å gjette","动词","A2","游戏与交流","猜；猜测；推想/估计（依语境）","猜；猜测；推想/估计（依语境）","已人工审校","表示根据线索作出不确定的猜想；常见结构 gjette hvem/hva（猜是谁/是什么）、gjette på svaret（猜答案）、gjette seg til noe（推想出来）。它不是确定的知道或正式测量。https://ordbokene.no/bm/gjette","2026-09-25"
"名词|ørret","ørret","en ørret","名词","A2","鱼类与食物","鳟鱼；鳟鱼肉（依语境）","鳟鱼；鳟鱼肉（依语境）","已人工审校","本义是鳟鱼这种鱼；说捕到 en ørret 时是“一条鳟鱼”，在菜单或不可数用法 fiske ørret 中可泛指鳟鱼肉/鱼类食材。Bokmål 常见复数 ørreter，也可见 ørret 作不可数用法。https://ordbokene.no/bm/%C3%B8rret","2026-09-25"
"名词|språk","språk","et språk","名词","A2","语言与沟通 / 学习与工作","语言；某群体/地区使用的语言；表达方式/措辞（依语境）","语言；某群体/地区使用的语言；表达方式/措辞（依语境）","已人工审校","可指人类沟通用的语言系统，也可指某群体或地区使用的具体语言；juridisk språk 是法律文体/法律措辞，musikkens språk 是音乐表达方式。et språk 的不定复数可与单数同形：flere språk。https://ordbokene.no/bm/spr%C3%A5k","2026-09-25"
"形容词|spansk","spansk","spansk","形容词","A2","语言与国籍","西班牙的；西班牙语的","西班牙的；西班牙语的","已人工审校","本条按形容词理解，修饰名词表示“西班牙的”，如 det spanske flagget（西班牙国旗）、spansk kultur（西班牙文化）。“西班牙语”也可由 spansk 表示（Jeg snakker spansk）；“一个西班牙人”通常说 en spanjol，不能把人名词义直接当成该形容词的普通释义。https://ordbokene.no/bm/spansk","2026-09-25"
"形容词|svensk","svensk","svensk","形容词","A2","语言与国籍","瑞典的；与瑞典或瑞典人有关的","瑞典的；与瑞典或瑞典人有关的","已人工审校","本条按形容词理解，修饰名词表示“瑞典的”，如 svensk kultur（瑞典文化）、svensk snus（瑞典鼻烟）。语言名词 svensk 表示“瑞典语”，可说 et godt svensk；指“一位瑞典人”通常用 en svenske，不能把人义直接列作形容词的普通释义。https://ordbokene.no/bm/svensk","2026-09-25"
"名词|ord","ord","et ord","名词","A2","语言与文字 / 学习与工作","词；单词；话语/表达；说过的话（依语境）","词；单词；话语/表达；说过的话（依语境）","已人工审校","可指带有意义的语言单位（et ord）、一段文字（sette ord til en melodi），也可指一句话/表态（et sant ord）。“命令”不是无条件的基本义，只有在特定搭配或语境中才可能如此理解。https://ordbokene.no/nno/bm/ord","2026-09-25"
"名词|grammatikk","grammatikk","en grammatikk","名词","A2","语言与学习","语法；语法体系；语法教材（依语境）","语法；语法体系；语法教材（依语境）","已人工审校","主要指描述语言构成和组合规则的知识体系；den engelske grammatikken 可指英语语法。也可指一本讲语法的教材，但需由冠词、定指形式或句子语境判断，不要默认每次都指语法书。https://ordbokene.no/bm/grammatikk","2026-09-25"
"名词|reisebekreftelse","reisebekreftelse","en reisebekreftelse","名词","A2","预订与确认","旅行预订确认；确认函/确认信息","旅行预订确认；确认函/确认信息","已人工审校","透明复合词 reise（旅行）+ bekreftelse（确认），通常指完成旅行、酒店或交通预订后收到的确认信息/文件；不是完整行程单本身。按课程/复合词语境审校，未把它说成词典独立释义；确认内容以实际预订为准。https://ordbokene.no/bm/reise 与 https://ordbokene.no/bm/bekreftelse","2026-09-25"
"名词|tannlegetime","tannlegetime","en tannlegetime","名词","A2","预约与就医","牙医预约；看牙的预约时段","牙医预约；看牙的预约时段","已人工审校","透明复合词 tannlege（牙医）+ time（预约时段），指预约看牙或约定的牙科就诊时段；不是牙医工作的一小时。bestille en tannlegetime 是预约看牙。https://ordbokene.no/bm/tannlege 与 https://ordbokene.no/bm/time","2026-09-25"
"动词|håpe","håpe","å håpe","动词","A2","愿望与计划 / 未来计划与目标","希望；盼望；期待（但不表示确定）","希望；盼望；期待（但不表示确定）","已人工审校","表达愿望或对某结果的期待，不等于已经计划或确信会发生。håpe på + 名词（希望天气好）、håpe at + 从句（希望事情顺利）、håpe å + 动词（希望做成某事）。https://ordbokene.no/bm/h%C3%A5pe","2026-09-25"
"动词|ønske","ønske","å ønske","动词","A2","愿望与计划 / 未来计划与目标","想要；希望；祝愿（依结构）","想要；希望；祝愿（依结构）","已人工审校","ønske seg noe 是希望自己得到某物；ønske at ... 是希望某事发生；ønske noen lykke til 是祝某人好运。宾语和句型能看出是表达自己的愿望，还是向别人致意。https://ordbokene.no/bm/%C3%B8nske","2026-09-26"
"名词|drøm","drøm","en drøm","名词","A2","愿望与想象 / 未来计划与目标","梦；梦想；愿望（依语境）","梦；梦想；愿望（依语境）","已人工审校","睡眠中的梦可说 ha en drøm；希望实现的人生目标也叫 en drøm。看动词和上下文判断：i natt 是昨夜做的梦，drømmen min er å ... 是“我的梦想是……”。https://ordbokene.no/bm/dr%C3%B8m","2026-09-26"
"动词|drømme","drømme","å drømme","动词","A2","愿望与想象 / 未来计划与目标","做梦；梦想；梦见（依结构）","做梦；梦想；梦见（依结构）","已人工审校","drømme om noe/å gjøre noe 表示梦想某物或想做某事；drømme at ... 引出梦的内容，常是睡着后梦见某事。它不等同于清醒时已经决定要做。https://ordbokene.no/bm/dr%C3%B8mme","2026-09-26"
"名词|avtale","avtale","en avtale","名词","A2","约定与安排","约定；预约；协议（依语境）","约定；预约；协议（依语境）","已人工审校","表示双方说好要遵守的约定/协议，也可指约好见面的时间，尤其是看医生的预约。ha en avtale hos legen 是有医生预约；skrive under en avtale 是签协议。https://ordbokene.no/bm/avtale","2026-09-26"
"名词|oktober","oktober","en oktober","名词","A2","月份与季节","十月","十月","已人工审校","月份名称，通常用于日期和时间表达：i oktober（在十月）、den 1. oktober（10月1日）。月份前通常不加冠词；小写书写。https://ordbokene.no/bm/oktober","2026-09-26"
"名词|desember","desember","desember","名词","A2","月份与日期","十二月","十二月","已人工审校","月份名称，常见于 i desember（在十二月）、før jul i desember（十二月圣诞节前）。月份前通常不加冠词；日期中的序数词写在月份前。https://ordbokene.no/bm/desember","2026-09-26"
"动词|bla","bla","å bla","动词","A2","阅读与翻页","翻阅；翻页；浏览（书、相册等）","翻阅；翻页；浏览（书、相册等）","已人工审校","bla i en bok 是翻阅一本书；bla om 是翻到下一页；bla gjennom avisen 是快速浏览报纸。基本动作是翻动书页，不是泛指在屏幕上滚动（通常说 skrolle）。https://ordbokene.no/bm/bla","2026-09-26"
"名词|eventyr","eventyr","et eventyr","名词","A2","阅读与故事","童话；冒险；奇妙经历（依语境）","童话；冒险；奇妙经历（依语境）","已人工审校","et eventyr 可指虚构的童话故事，也可指一次令人兴奋的冒险或奇妙经历。lese et eventyr 是读童话；dra på eventyr 是去冒险。https://ordbokene.no/bm/eventyr","2026-09-26"
"名词|artikkel","artikkel","en artikkel","名词","A2","阅读与媒体","文章；（语法）冠词；（法律）条款；商品/货品（依语境）","文章；（语法）冠词；（法律）条款；商品/货品（依语境）","已人工审校","报刊、网站中的一篇文章是 en artikkel；语法课中的 artikkel 是冠词；法律文本里的 artikkel 可指条款；商业语境中也可指某种商品/货品。看领域和搭配判义，不要把商品义误用成日常文章义。https://ordbokene.no/bm/artikkel","2026-09-26"
"名词|korrektur","korrektur","en korrektur","名词","A2","阅读与写作","校对；校样；印刷前的文字核对（依语境）","校对；校样；印刷前的文字核对（依语境）","已人工审校","可指核对并纠正文字的工作，也可指交付核对的校样。lese korrektur på teksten 是给文本校对；korrekturen er klar 指校样已准备好，未必是最终定稿。https://ordbokene.no/bm/korrektur","2026-09-26"
"名词|tekst","tekst","en tekst","名词","A2","阅读与写作","文本；文字；文章内容（依语境）","文本；文字；文章内容（依语境）","已人工审校","指写出来或说出来的文字内容，可以是一段课文、一条信息或文章正文；tekst 本身不表示文章体裁或长度。歌的歌词可称 sangtekst。https://ordbokene.no/bm/tekst","2026-09-26"
"名词|håndballspiller","håndballspiller","en håndballspiller","名词","A2","运动与活动","手球运动员；手球队员","手球运动员；手球队员","已人工审校","复合词 håndball（手球）+ spiller（选手），指参加手球运动的人；并不特指职业球员，也不说明其场上位置。https://ordbokene.no/bm/h%C3%A5ndball；https://ordbokene.no/bm/spiller","2026-09-26"
"名词|jentelag","jentelag","et jentelag","名词","A2","运动与活动","女子队；女孩组成的队伍（依年龄/语境）","女子队；女孩组成的队伍（依年龄/语境）","已人工审校","复合词 jente（女孩）+ lag（队伍），常指由女孩组成的体育队；具体是儿童队还是成年女子队要看年龄组和语境，不应直接理解成国家女子队。https://ordbokene.no/bm/jente；https://ordbokene.no/bm/lag","2026-09-26"
"名词|kamp","kamp","en kamp","名词","A2","运动与活动","比赛；对抗；战斗/斗争（依语境）","比赛；对抗；战斗/斗争（依语境）","已人工审校","体育语境中是一场比赛，如 fotballkamp；军事语境可指战斗；比喻中可指为目标或权益进行的斗争。spille en kamp 是参加一场比赛，kamp mot sykdom 则是与疾病抗争。https://ordbokene.no/bm/kamp","2026-09-26"
"名词|trener","trener","en trener","名词","A2","运动与活动","教练；训练员","教练；训练员","已人工审校","名词 trener 指指导、训练他人的人，如球队教练；不能因为它和动词 trene 的现在时 trener 同形，就把“正在训练的人”也列为这个名词的词义。句法可区分：Hun trener（她在训练）是动词；Hun er trener（她是教练）是名词。https://ordbokene.no/bm/trener","2026-09-26"
"名词|idrettssenter","idrettssenter","et idrettssenter","名词","A2","运动与健康","体育中心；综合运动场馆","体育中心；综合运动场馆","已人工审校","复合词 idrett（体育运动）+ senter（中心），通常指提供不同体育活动或运动设施的场馆；不必然是只供力量训练的健身房 treningssenter。https://ordbokene.no/bm/idrett；https://ordbokene.no/bm/senter","2026-09-26"
"名词|trening","trening","ei trening","名词","A2","运动与健康 / 未来计划与目标","训练；锻炼；训练课（依语境）","训练；锻炼；训练课（依语境）","已人工审校","泛指提升体能或技能的训练，也可指一次具体的训练课。gå på trening 常指去参加训练/锻炼；styrketrening 是力量训练。上下文决定说的是持续活动还是一节课。https://ordbokene.no/bm/trening","2026-09-26"
"名词|ball","ball","en ball","名词","A2","运动与聚会","球；舞会（同形异义，词性和词形不同）","球；舞会（同形异义，词性和词形不同）","已人工审校","运动中“球”是阳性 en ball：sparke ballen（踢球）；正式舞会是中性 et ball，词形为 ballet。冠词和语境可以帮助区分，不能把两种名词混作同一词形范式。https://ordbokene.no/bm/ball","2026-09-26"
"名词|keeper","keeper","en keeper","名词","A2","运动与团队","守门员；门将","守门员；门将","已人工审校","体育队中负责守住球门/得分区域的队员；足球、手球等项目都可用。词来自英语 keeper，但在挪威语中是普通名词，常见表达 være keeper（担任守门员）。https://ordbokene.no/bm/keeper","2026-09-26"
"名词|landslag","landslag","et landslag","名词","A2","运动与团队","国家队；代表国家参赛的队伍","国家队；代表国家参赛的队伍","已人工审校","通常指代表一个国家参加国际比赛的队伍；定指形式 landslaget，如 Norges landslag（挪威国家队）。它指队伍，不是赛事或国家体育机构。https://ordbokene.no/bm/landslag","2026-09-26"
"名词|ballspill","ballspill","et ballspill","名词","A2","运动与休闲","球类活动；球类运动","球类活动；球类运动","已人工审校","由 ball + spill 构成，指使用球进行的游戏或体育项目，可泛指足球、篮球等球类。打某一具体项目时仍用该项目名称，如 spille håndball（打手球）。https://ordbokene.no/bm/ballspill","2026-09-26"
"名词|bordtennis","bordtennis","en bordtennis","名词","A2","运动与休闲","乒乓球；乒乓球运动","乒乓球；乒乓球运动","已人工审校","用球拍在球台两侧击打小球的运动，也常叫 pingpong。spille bordtennis 是打乒乓球；表示运动时通常不需要冠词，不要按普通可数物体强行造复数。https://ordbokene.no/bm/bordtennis","2026-09-26"
"名词|cricket","cricket","en cricket","名词","A2","运动与休闲","板球；板球运动","板球；板球运动","已人工审校","由两队轮流击球和防守的球类运动，中文通称板球；在挪威语中常直接使用英语借词 cricket。常说 spille cricket（打板球），这里通常指运动项目而非一个可数物件。https://ordbokene.no/bm/cricket","2026-09-26"
"名词|håndball","håndball","en håndball","名词","A2","运动与休闲","手球；手球运动；手球（球具）","手球；手球运动；手球（球具）","已人工审校","可指手球这项运动，也可指比赛所用的球；spille håndball 是打手球，kaste håndballen 是把手球扔出去。动词和冠词/定指形式能区分运动项目与具体球。https://ordbokene.no/bm/h%C3%A5ndball","2026-09-26"
"名词|idrett","idrett","en idrett","名词","A2","运动与休闲","体育运动；体育项目；竞技体育（依语境）","体育运动；体育项目；竞技体育（依语境）","已人工审校","泛指有组织的体育活动或运动项目；idrettslag 是体育俱乐部/协会，drive med idrett 是从事体育运动。它比具体的 sport 项目更强调体育活动或竞技体系，实际用法有重叠。https://ordbokene.no/bm/idrett","2026-09-26"
"名词|sport","sport","en sport","名词","A2","运动与休闲","体育运动；竞技项目；挑战性活动（依语境）","体育运动；竞技项目；挑战性活动（依语境）","已人工审校","词典核心义是按规则进行的竞争性身体活动或游戏；也可比喻成一项令人兴奋/有挑战的事。与 idrett 的日常用法大量重叠，不必硬分成两个完全不同的概念。https://ordbokene.no/bm/56265","2026-09-26"
"名词|volleyball","volleyball","en volleyball","名词","A2","运动与休闲","排球；排球运动","排球；排球运动","已人工审校","指两队隔网击球、尽量不让球落地的球类运动。spille volleyball 是打排球；实际句子常指项目本身，不必译成一颗具体的球。https://ordbokene.no/bm/69000","2026-09-26"
"名词|spiller","spiller","en spiller","名词","A2","运动与职业","选手；运动员；玩家；演奏者（依活动）","选手；运动员；玩家；演奏者（依活动）","已人工审校","由 spille（玩/参加/演奏）派生，指参与某种活动的人：fotballspiller 是足球运动员，kortspiller 是牌手，fiolinspiller 是小提琴演奏者。不能一律译成体育运动员。https://ordbokene.no/bm/spiller","2026-09-26"
"动词|klatre","klatre","klatre","动词","A2","运动与自然","攀爬；爬上/爬下；（比喻）上升","攀爬；爬上/爬下；（比喻）上升","已人工审校","通常指用手脚向上或向下攀爬：klatre opp i et tre（爬上树）、klatre i fjellet（爬山）；比喻可指职位或排名上升。单纯走上楼梯一般用 gå opp trappa。https://ordbokene.no/bm/klatre","2026-09-26"
"名词|pannekake","pannekake","ei pannekake","名词","A2","早餐与甜点","薄煎饼；用面糊在平底锅里煎成的饼","薄煎饼；用面糊在平底锅里煎成的饼","已人工审校","Bokmålsordboka 释为用面粉、鸡蛋和牛奶调成面糊、在锅里煎的薄饼；词典允许阳性或阴性：en pannekake 或 ei pannekake。不同国家的 pancake 厚薄做法不尽相同，不应把特定挪威配方当成词义。https://ordbokene.no/search?dict=bm%2Cnn&q=pannekake&scope=eif","2026-09-26"
"名词|syltetøy","syltetøy","et syltetøy","名词","A2","早餐与甜味食品","果酱；水果制成的抹酱","果酱；水果制成的抹酱","已人工审校","通常指煮制或加工水果/浆果制成、搭配面包或煎饼食用的抹酱；是中性集合/物质名词 et syltetøy，常用单数，不等于任意水果酱料。https://ordbokene.no/bm/syltet%C3%B8y","2026-09-26"
"名词|ansvar","ansvar","et ansvar","名词","A2","责任与工作","责任；应承担的义务（尤其法律、道德或经济责任）","责任；应承担的义务（尤其法律、道德或经济责任）","已人工审校","核心是需要为某事负责、承担义务：ha ansvar for barna（负责照看孩子）、ta ansvar for feilen（为错误承担责任）。“职责/负责事项”是由具体工作语境引出的译法，不是单纯的任务清单。https://ordbokene.no/nob/search?dict=bm%2Cnn&q=ansvar&scope=eif","2026-09-26"
"形容词|kort","kort","kort","形容词","A2","长度与时间","短的；简短的；时间不长的（依对象）","短的；简短的；时间不长的（依对象）","已人工审校","可指长度短（en kort vei）、时间短（om kort tid）、表达简洁（et kort svar）；若说 kort svar，也可能因语气显得简短甚至冷淡。它不总是单纯描述物理尺寸。https://ordbokene.no/nob/bm/31722","2026-09-26"
"动词|pleie","pleie","å pleie","动词","A2","照护与健康","照料；护理；常常/通常做（依结构）","照料；护理；常常/通常做（依结构）","已人工审校","需按结构区分义项：pleie noen 是照料某人，pleie kontakten 是维持联系；pleie å + 动词则是“通常会做/习惯做”，如 Jeg pleier å gå tur（我通常会散步）。句中 å 后接动词时，不要误译为护理。https://ordbokene.no/nno/search?dict=bm&page=1&q=pleier&scope=eif","2026-09-26"
"形容词|egentlig","egentlig","egentlig","形容词","A2","真实情况与补充说明","真正的；实际的；本来的；（常作副词）其实/说到底","真正的；实际的；本来的；（常作副词）其实/说到底","已人工审校","修饰名词时可表示真正的、原本的：den egentlige grunnen（真正的原因）；作副词时表示“实际上/其实/说到底”：Hva mener du egentlig?（你到底是什么意思？）。本项目标为形容词，但常见句子中的 egentlig 往往是副词，须按句法翻译。https://ordbokene.no/bm/egentlig","2026-09-26"
"形容词|samlet","samlet","samlet","形容词","A2","整理与汇总","合在一起的；汇总的；总计的；镇定的（依语境）","合在一起的；汇总的；总计的；镇定的（依语境）","已人工审校","可表示若干部分合并后的整体/总数（samlet pris 总价、samlet sett 总体而言），也可描述人沉着镇定。它还是 samle 的过去分词；先看修饰对象，不能每次都译“汇总”。https://ordbokene.no/bm/samlet","2026-09-26"
"名词|id-kort","ID-kort","et ID-kort","名词","A2","证件与登记","身份证件；身份识别卡（不限定为国家身份证）","身份证件；身份识别卡（不限定为国家身份证）","已人工审校","指用于证明或识别持有人身份的卡片/证件；可能是国家身份证、工作证、校园卡等，具体类型看上下文。不要自动理解为挪威国家身份证。https://ordbokene.no/bm/search?dict=bm%2Cnn&q=ID-kort&scope=eif","2026-09-26"
"形容词|alvorlig","alvorlig","alvorlig","形容词","A2","症状与严重程度","严重的；严肃的；认真的（依对象）","严重的；严肃的；认真的（依对象）","已人工审校","病情、事故或后果可译“严重”；表情、谈话、语气可译“严肃”；表示认真对待事情时可译“认真”。alvorlig syk 是病得很重，ta noe alvorlig 是认真对待某事。https://ordbokene.no/bm/alvorlig","2026-09-26"
"动词|vite","vite","å vite","动词","A2","知识与信息 / 学习与工作","知道；了解（事实、信息或答案）","知道；了解（事实、信息或答案）","已人工审校","vite 表示知道某个事实/信息或答案：vite svaret（知道答案）、vite at ...（知道……）。常与 kjenne 区分：vite noe 是知道信息，kjenne noen/en by 是认识某人/熟悉某地。https://ordbokene.no/bm/vite","2026-09-26"
"名词|mester","mester","en mester","名词","A2","职业与成就","冠军；大师/能手；（职业）师傅（依语境）","冠军；大师/能手；（职业）师傅（依语境）","已人工审校","体育赛场中的 mester 是冠军/获胜者；在技艺或工作领域可指高手、大师，也可出现在 fag-/håndverksmester 等职业称谓中。看它指比赛结果、能力水平还是职业资格。https://ordbokene.no/bm/mester","2026-09-26"
"名词|baker","baker","en baker","名词","A2","职业与服务","面包师；以烘焙为职业的人","面包师；以烘焙为职业的人","已人工审校","指以烘烤面包、糕点等为职业的人；bakeri 是制作/销售烘焙食品的店或企业，两者不要混淆。专做蛋糕的职业称谓也可用 konditor。https://ordbokene.no/search?dict=bm%2Cnn&q=baker&scope=eif","2026-09-26"
"名词|skomaker","skomaker","en skomaker","名词","A2","职业与服务","鞋匠；制作或修理鞋和皮革制品的手艺人","鞋匠；制作或修理鞋和皮革制品的手艺人","已人工审校","词典义包括制作和修理鞋类，也可涉及其他皮革制品；现代日常语境中常见的是修鞋师傅。不是泛指卖鞋的店员。https://ordbokene.no/bm/53406","2026-09-26"
"名词|ingeniør","ingeniør","en ingeniør","名词","A2","职业与工作","工程师；受过工程技术专业训练的人","工程师；受过工程技术专业训练的人","已人工审校","统称工程技术领域的专业人员；具体是机械、电气、软件、建筑等方向，要看专业和工作内容。ingeniør 不自动表示硕士学历；有硕士学位的特定称谓是 sivilingeniør。https://ordbokene.no/eng/search?dict=bm%2Cnn&q=INGENI%C3%98R&scope=eif","2026-09-26"
"名词|konsulent","konsulent","en konsulent","名词","A2","职业与工作","顾问；受聘提供专业建议或服务的人","顾问；受聘提供专业建议或服务的人","已人工审校","可指在某领域提供咨询、建议或专业服务的人；也可能是组织内部的顾问/专业岗位，未必是外部公司雇员。具体专长由前置领域说明，如 IT-konsulent。https://ordbokene.no/bm/konsulent","2026-09-26"
"名词|maler","maler","en maler","名词","A2","职业与工作","画家；油漆工/涂装工（依工作）","画家；油漆工/涂装工（依工作）","已人工审校","maler 可指创作绘画的画家，也可指给墙壁、房屋等表面刷漆的油漆工；看搭配区分：male et bilde 是画一幅画，male veggen 是给墙刷漆。https://ordbokene.no/bm/maler","2026-09-26"
"名词|selger","selger","en selger","名词","A2","职业与购物","销售员；卖方/销售人员（依语境）","销售员；卖方/销售人员（依语境）","已人工审校","可指以销售为工作的人，也可指某次交易中的卖方。selger 同时是 selge 的现在时“卖”：en selger 是名词，Han selger biler 是动词句。https://ordbokene.no/bm/selger","2026-09-26"
"名词|pilot","pilot","en pilot","名词","A2","职业与交通","飞行员；驾驶航空器的人员","飞行员；驾驶航空器的人员","已人工审校","日常最常指驾驶飞机的飞行员；具体类型可由词组说明，如 helikopterpilot（直升机飞行员）。不要把它泛化为所有交通工具的驾驶员。https://ordbokene.no/bm/pilot","2026-09-26"
"名词|journalist","journalist","en journalist","名词","A2","职业与媒体","记者；新闻工作者","记者；新闻工作者","已人工审校","从事搜集、核实、撰写或报道新闻内容的人；工作媒介可以是报纸、广播、电视或网络。记者不一定只写文章，也不必然是某一家报纸的雇员。https://ordbokene.no/nno/search?dict=bm&q=journalist&scope=eif","2026-09-26"
"名词|prest","prest","en prest","名词","A2","职业与社会","牧师；基督教神职人员（挪威语常见义）","牧师；基督教神职人员（挪威语常见义）","已人工审校","通常指挪威教会及其他基督教传统中的神职人员，负责礼拜、布道和牧养等；不同宗教的神职称谓并不都用 prest。现代挪威语中性别不限，不能固定译为男性神父。https://ordbokene.no/bm/prest","2026-09-26"
"名词|bonde","bonde","en bonde","名词","A2","职业与生活","农民；农场经营者/农场主（依语境）","农民；农场经营者/农场主（依语境）","已人工审校","指以农业经营或农场工作为主要职业的人；可经营自己的农场，也可能受雇工作，因此“农场主”不总准确。历史语境中还可能有其他社会身份义，需看上下文。https://ordbokene.no/bm/bonde","2026-09-26"
"名词|fisker","fisker","en fisker","名词","A2","职业与自然","渔民；捕鱼者","渔民；捕鱼者","已人工审校","指以捕鱼为职业的人，也可泛指捕鱼的人。fisker 同时是动词 fiske 的现在时（“在捕鱼”）：en fisker 是名词，Han fisker i fjorden 是动词。https://ordbokene.no/bm/fisker","2026-09-26"
"名词|tre","tre","et tre","名词","A2","植物与自然","树；木材/木料（依语境）","树；木材/木料（依语境）","已人工审校","名词 et tre 可指一棵树，也可指树木材料/木料：et gammelt tre（一棵老树）、laget av tre（用木头做的）。它与数词 tre（三）同形但词性不同，冠词和句法能帮忙区分。https://ordbokene.no/bm/61959","2026-09-26"
"名词|ordning","ordning","ei/en ordning","名词","A2","制度与安排","安排；制度/机制；约定（依语境）","安排；制度/机制；约定（依语境）","已人工审校","可指整理安排这件事、事物的组织方式/制度，也可指双方谈妥的一项约定。vaktordning 是值班制度，få til en ordning 是达成一个安排。https://ordbokene.no/bm/43269","2026-09-26"
"形容词|tung","tung","tung","形容词","A2","重量与难度","重的；费力的；困难/沉重的（依对象）","重的；费力的；困难/沉重的（依对象）","已人工审校","物体重量大是“重”；工作、学习或决定让人吃力是“费力/困难”；气氛、消息或责任让人心理负担重时是“沉重”。tungt arbeid 和 en tung beskjed 不是同一种“重”。https://ordbokene.no/nob/search?dict=bm&page=0&q=tunge&scope=eif","2026-09-26"
"名词|tema","tema","et tema","名词","A2","主题与讨论","主题；话题；讨论/学习的专题","主题；话题；讨论/学习的专题","已人工审校","指文章、谈话、课程或活动围绕的核心内容：tema for møtet（会议主题）、et tema i norsktimen（挪威语课的专题）。它不是一道题本身；具体问题通常是 spørsmål 或 oppgave。https://ordbokene.no/bm/tema","2026-09-26"
"名词|terrasse","terrasse","en terrasse","名词","A2","住房与户外空间","露台；梯田状平台（依场景）","露台；梯田状平台（依场景）","已人工审校","建筑语境中常指住宅或建筑旁、可在户外停留的平台；地形语境也可指山坡上的阶梯状台地。不要把所有 terrasse 都狭义理解成地面花园露台。https://ordbokene.no/nob/bm/terrasse","2026-09-26"
"名词|utedo","utedo","et utedo","名词","A2","住房与设施","户外厕所；设在住宅外的厕所","户外厕所；设在住宅外的厕所","已人工审校","词典释义是位于住宅建筑之外的独立厕所；乡村小屋中常为简易旱厕，但“旱厕”是常见设施类型，不是词义必然要求。https://ordbokene.no/bm%2Cnn/utedo","2026-09-26"
"名词|hotell","hotell","et hotell","名词","A2","住宿与旅行","酒店；旅馆","酒店；旅馆","已人工审校","供旅客付费短期住宿的建筑或场所，通常也可能提供餐饮和其他设施。泛指住宿常说 bo på hotell；说具体那一家则用 hotellet。https://ordbokene.no/search?dict=bm%2Cnn&q=hotell&scope=eif","2026-09-26"
"名词|hotellrom","hotellrom","et hotellrom","名词","A2","住宿与旅行","酒店客房；旅馆房间","酒店客房；旅馆房间","已人工审校","复合词 hotell（酒店）+ rom（房间），指酒店里供客人住宿的房间。订房说 bestille et hotellrom；hotellrommet 指上下文中那间具体客房。https://ordbokene.no/search?dict=bm%2Cnn&q=hotellrom&scope=eif","2026-09-26"
"动词|overnatte","overnatte","å overnatte","动词","A2","住宿与旅行","过夜；在外留宿","过夜；在外留宿","已人工审校","指夜间在家以外的地方住宿；常接 hos + 人、på + 住宿地点或 ute：overnatte hos venner（在朋友家过夜）、overnatte på hotell（住酒店一晚）。强调夜宿，不等于长期居住 bo。https://ordbokene.no/nob/search?dict=bm%2Cnn&q=overnatte&scope=eif","2026-09-26"
"名词|hytte","hytte","ei hytte","名词","A2","住宿与自然","小屋；度假小屋；山间/乡间小屋","小屋；度假小屋；山间/乡间小屋","已人工审校","常指位于山地、森林或海边、供周末或假期休闲住宿的小屋；不一定简陋，也不一定只在山上。dra på hytta 常指去度假小屋/乡间小屋休闲。https://ordbokene.no/bm/hytte","2026-09-26"
"名词|glitter","glitter","et glitter","名词","A2","装饰与手工","闪粉；闪闪发亮的光泽","闪粉；闪闪发亮的光泽","已人工审校","可指手工或服饰上细小的反光亮粉，也可指闪耀的光泽；通常作材料/集合意义使用。表示物体发出闪光的动词是 glitre，不要把名词和动词混淆。https://ordbokene.no/bm/glitter","2026-09-26"
"副词|akkurat","akkurat","akkurat","副词","A2","准确与时间","正好；恰好；确切地；刚刚（依语境）","正好；恰好；确切地；刚刚（依语境）","已人工审校","说时间/数量吻合时是“正好”（akkurat klokka åtte）；强调对象是“正是”；akkurat nå 则是“就在此刻/刚刚”。具体意思看它修饰时间、对象还是动作。https://ordbokene.no/bm/akkurat","2026-09-26"
"名词|bokstav","bokstav","en bokstav","名词","A2","字母与书写","字母；书写字符","字母；书写字符","已人工审校","指书写系统中的一个字母或字符；bokstaven M 是字母 M。字母的书写形式是 bokstav，实际发出的语音是 lyd，二者不要混为一谈。https://ordbokene.no/bm/bokstav","2026-09-26"
"名词|skogsvei","skogsvei","en skogsvei","名词","A2","自然与出行","林道；森林里的道路","林道；森林里的道路","已人工审校","由 skog（森林）+ vei（道路）构成，指穿过森林或通往林区的道路；不一定是铺装公路，也不等同于只供步行的 sti（小径）。https://ordbokene.no/bm/skogsvei","2026-09-26"
"名词|sti","sti","en sti","名词","A2","自然与方向","小径；步行小路；步道","小径；步行小路；步道","已人工审校","通常指较窄、供人步行的道路，常穿过森林、山地或野外；与可供车辆通行的 vei 不同。是否为正式徒步路线需看语境。https://ordbokene.no/bm/sti","2026-09-26"
"名词|utsikt","utsikt","en utsikt","名词","A2","自然与风景","景色；视野；前景/机会（依语境）","景色；视野；前景/机会（依语境）","已人工审校","从某处看到的景色常见搭配 utsikt over fjorden（峡湾景色）；也可指未来机会或前景，如 gode utsikter til arbeid（很有希望找到工作）。需看搭配，不能一律译成风景。https://ordbokene.no/bm/utsikt","2026-09-26"
"名词|fjell","fjell","et fjell","名词","A2","自然与户外","山；山地；高山地区","山；山地；高山地区","已人工审校","可指一座山，也可泛指山地环境。挪威语 på fjellet 常是“在山里/去山地”，不一定专指站在山顶；et fjell 指一座山。https://ordbokene.no/bm/61959","2026-09-26"
"名词|fjelltur","fjelltur","en fjelltur","名词","A2","自然与户外","山地徒步；去山里走一趟","山地徒步；去山里走一趟","已人工审校","由 fjell（山地）+ tur（出行/散步）构成，指去山里徒步或远足；路线可以轻松也可以艰难，词本身不说明登顶或攀登难度。https://ordbokene.no/bm/fjelltur","2026-09-26"
"名词|natur","natur","en natur","名词","A2","自然与户外","自然；大自然；天性/本质（依语境）","自然；大自然；天性/本质（依语境）","已人工审校","户外语境中通常指自然环境、大自然：gå tur i naturen（在大自然中散步）；av natur 常指天性上/本来如此。要根据介词搭配和主语选择译义。https://ordbokene.no/bm/natur","2026-09-26"
"名词|skogstur","skogstur","en skogstur","名词","A2","自然与户外","森林散步；森林徒步/远足","森林散步；森林徒步/远足","已人工审校","由 skog（森林）+ tur（出行）构成，可指轻松到森林里散步，也可指较长的徒步；不自带登山或高强度含义，距离与难度看上下文。https://ordbokene.no/bm/skogstur","2026-09-26"
"名词|fiskelykke","fiskelykke","ei fiskelykke","名词","A2","自然与休闲","钓鱼好运；钓到鱼的好运气","钓鱼好运；钓到鱼的好运气","已人工审校","由 fiske（钓鱼）+ lykke（好运）构成，表示钓鱼时运气好/有收获；ha god fiskelykke 是“钓鱼收获不错”，祝愿时可说 god fiskelykke。不是鱼的种类或钓鱼技术。https://ordbokene.no/bm/fiskelykke","2026-09-26"
"名词|fiskestang","fiskestang","en fiskestang","名词","A2","自然与休闲","鱼竿；钓鱼竿","鱼竿；钓鱼竿","已人工审校","带有鱼线和鱼钩等、用于钓鱼的杆具。fiske med fiskestang 是用鱼竿钓鱼；不要与 stangfiske（使用鱼竿钓鱼这项活动）混为一谈。https://ordbokene.no/nob/search?dict=bm%2Cnn&q=fiskestang&scope=eif","2026-09-26"
