"lemma","pos","candidateLevel","article","sourceCourses","courseUnits","firstChapter","sourceInflections","zh","exampleNb","exampleZh","levelBasis","reviewStatus"
"avis","名词","A1","ei","NTNU LearnNoW; NTNU NoW1; NorweigenLearn 当前词库","01P; 07C","1","avisa, aviser, avisene / ei avis · avisa · aviser · avisene","报纸；一份报纸；新闻报刊","Bestefar leser avisa hver morgen. / Jeg kjøpte to aviser på stasjonen.","爷爷每天早上看报。 / 我在车站买了两份报纸。","沿用现有词库暂标；仍待逐词核验","现有应用词条；词头/词性/等级仍待整体验收"
"bensinstasjon","名词","A1","en","NTNU LearnNoW; NTNU NoW1; NorweigenLearn 当前词库","01P; 04C","1","bensinstasjonen, bensinstasjoner, bensinstasjonene / en bensinstasjon · bensinstasjonen · bensinstasjoner · bensinstasjonene","加油站；加油站（为机动车加注燃料的站点）","Vi stopper på bensinstasjonen for å fylle bensin. / Det ligger en bensinstasjon ved motorveien.","我们在加油站停下来加油。 / 高速公路旁有一家加油站。","沿用现有词库暂标；仍待逐词核验","现有应用词条；词头/词性/等级仍待整体验收"
"bil","名词","A1","en","NTNU LearnNoW; NTNU NoW1; NorweigenLearn 当前词库","01P; 03B","1","bilen, biler, bilene / en bil · bilen · biler · bilene","汽车；轿车","Vi har en liten bil. / Bilen står utenfor huset.","我们有一辆小汽车。 / 那辆车停在房子外面。","沿用现有词库暂标；仍待逐词核验","现有应用词条；词头/词性/等级仍待整体验收"
"bli","动词","A1","å","NTNU LearnNoW; NTNU NoW1; NorweigenLearn 当前词库","01P; 03D","1","bli · blir · ble · blitt / blir, ble, har blitt","变成；成为；留下","Hun blir lærer neste år. / Vi ble hjemme fordi det regnet.","她明年将成为老师。 / 因为下雨，我们待在家里。","沿用现有词库暂标；仍待逐词核验","现有应用词条；词头/词性/等级仍待整体验收"
"bo","动词","A1","å","NTNU LearnNoW; NTNU NoW1; NorweigenLearn 当前词库","01K; 02A; 03A","1","bo · bor · bodde · bodd / bor, bodde, har bodd","居住；住","De bor i Oslo. / Jeg bodde hos en venn i sommer.","他们住在奥斯陆。 / 今年夏天我住在一位朋友家。","沿用现有词库暂标；仍待逐词核验","现有应用词条；词头/词性/等级仍待整体验收"
"brus","名词","A1","en","NTNU LearnNoW; NTNU NoW1; NorweigenLearn 当前词库","01P; 04A","1","brusen, brus, brusene / en brus · brusen · brus · brusene","汽水；碳酸软饮料；口语中也可指一份/一瓶汽水","Barna får brus på lørdager. / Kan jeg få en brus uten sukker?","孩子们星期六可以喝汽水。 / 可以给我一瓶无糖汽水吗？","沿用现有词库暂标；仍待逐词核验","现有应用词条；词头/词性/等级仍待整体验收"
"by","名词","A1","en","NTNU LearnNoW; NTNU NoW1; NorweigenLearn 当前词库","01M; 06A","1","byen, byer, byene / en by · byen · byer · byene","城市；城镇","Bergen er en vakker by. / Vi går en tur i byen.","卑尔根是一座美丽的城市。 / 我们在城里散步。","沿用现有词库暂标；仍待逐词核验","现有应用词条；词头/词性/等级仍待整体验收"
"dag","名词","A1","en","NTNU LearnNoW; NTNU NoW1; NorweigenLearn 当前词库","01B; 01M","1","dagen, dager, dagene / en dag · dagen · dager · dagene","一天；白天；某一天","Jeg jobber hjemme én dag i uka. / Dagene blir lysere om våren.","我每周有一天在家工作。 / 春天白天会变得更长、更明亮。","沿用现有词库暂标；仍待逐词核验","现有应用词条；词头/词性/等级仍待整体验收"
"dame","名词","A1","ei","NTNU LearnNoW; NTNU NoW1; NorweigenLearn 当前词库","01K; 02A","1","dama, damer, damene / ei dame · dama · damer · damene","女士；女性；（口语）妻子/女伴，视语境","Ei dame spør etter bussen til sentrum. / Damene sitter ved vinduet.","一位女士在问去市中心的公交车。 / 几位女士坐在窗边。","沿用现有词库暂标；仍待逐词核验","现有应用词条；词头/词性/等级仍待整体验收"
"ekspeditør","名词","A1","en","NTNU LearnNoW; NTNU NoW1; NorweigenLearn 当前词库","01P; 06C","1","ekspeditøren, ekspeditører, ekspeditørene / en ekspeditør · ekspeditøren · ekspeditører · ekspeditørene","售货员；店员；柜台服务人员","Jeg spør ekspeditøren hvor kaffen står. / En ekspeditør hjalp oss med å finne riktig størrelse.","我问店员咖啡放在哪里。 / 一位店员帮我们找到了合适的尺码。","沿用现有词库暂标；仍待逐词核验","现有应用词条；词头/词性/等级仍待整体验收"
"familie","名词","A1","en","NTNU LearnNoW; NTNU NoW1; NorweigenLearn 当前词库","01K; 03B","1","en familie · familien · familier · familiene / familien, familier, familiene","家庭；一家人；家族","Familien min bor i Norge. / De kommer fra to forskjellige familier.","我家人住在挪威。 / 他们来自两个不同的家庭。","沿用现有词库暂标；仍待逐词核验","现有应用词条；词头/词性/等级仍待整体验收"
"fly","名词","A1","et","NTNU LearnNoW; NTNU NoW1; NorweigenLearn 当前词库","01A; 02A","1","et fly · flyet · fly · flyene / flyet, fly, flyene","飞机；航班（口语语境）","Vi tar et fly til Bergen. / Flyene er forsinket på grunn av været.","我们乘飞机去卑尔根。 / 由于天气原因，航班延误了。","沿用现有词库暂标；仍待逐词核验","现有应用词条；词头/词性/等级仍待整体验收"
"gjøre","动词","A1","å","NTNU LearnNoW; NTNU NoW1; NorweigenLearn 当前词库","01A; 03A; 07D; 08C; 11D","1","gjør, gjorde, har gjort / gjøre · gjør · gjorde · gjort / gjøre, gjør, har gjort","做；进行；造成","Jeg gjør leksene mine etter middag. / Hva gjorde du i går?","我晚饭后做作业。 / 你昨天做什么了？","沿用现有词库暂标；仍待逐词核验","现有应用词条；词头/词性/等级仍待整体验收"
"ha","动词","A1","å","NTNU LearnNoW; NTNU NoW1; NorweigenLearn 当前词库","01K; 02B; 07B","1","ha · har · hadde · hatt / har, hadde, har hatt","有；持有；经历","Jeg har to søstre. / Hadde du tid i går?","我有两个姐妹。 / 你昨天有时间吗？","沿用现有词库暂标；仍待逐词核验","现有应用词条；词头/词性/等级仍待整体验收"
"hete","动词","A1","å","NTNU LearnNoW; NTNU NoW1; NorweigenLearn 当前词库","01A; 01B; 01K","1","hete · heter · het · hett / heter, het, har hett","名叫；名字是","Jeg heter Mei. / Hva heter søsteren din?","我叫梅。 / 你妹妹 / 姐姐叫什么名字？","沿用现有词库暂标；仍待逐词核验","现有应用词条；词头/词性/等级仍待整体验收"
"hilse","动词","A1","å","NTNU LearnNoW; NTNU NoW1; NorweigenLearn 当前词库","01B; 01M","1","hilse · hilser · hilste · hilst / hilser, hilste, har hilst","问候；打招呼；代为致意","Jeg hilser på læreren hver morgen. / Hils familien din fra meg.","我每天早上向老师问好。 / 替我向你家人问好。","沿用现有词库暂标；仍待逐词核验","现有应用词条；词头/词性/等级仍待整体验收"
"jente","名词","A1","ei","NTNU LearnNoW; NTNU NoW1; NorweigenLearn 当前词库","01K; 02B","1","ei jente · jenta · jenter · jentene / jenta, jenter, jentene","女孩；年轻女性","Jenta går på skolen. / Det står to jenter utenfor.","这个女孩去上学。 / 外面站着两个女孩。","沿用现有词库暂标；仍待逐词核验","现有应用词条；词头/词性/等级仍待整体验收"
"jobbe","动词","A1","å","NTNU LearnNoW; NTNU NoW1; NorweigenLearn 当前词库","01A; 03A","1","jobbe · jobber · jobbet · jobbet / jobber, jobbet, har jobbet","工作；干活","Jeg jobber på et sykehus. / Hun jobbet hele dagen i går.","我在一家医院工作。 / 她昨天工作了一整天。","沿用现有词库暂标；仍待逐词核验","现有应用词条；词头/词性/等级仍待整体验收"
"kart","名词","A1","et","NTNU LearnNoW; NTNU NoW1; NorweigenLearn 当前词库","01P; 04D","1","et kart · kartet · kart · kartene / kartet, kart, kartene","地图；图表；清单/概览（依语境）","Kan du vise meg det på kartet? / Vi trenger et kart over byen.","你能在地图上指给我看吗？ / 我们需要一张城市地图。","沿用现有词库暂标；仍待逐词核验","现有应用词条；词头/词性/等级仍待整体验收"
"kilometer","名词","A1","en","NTNU LearnNoW; NTNU NoW1; NorweigenLearn 当前词库","01P; 04D","1","en kilometer · kilometeren · kilometer · kilometerne / kilometeren, kilometer, kilometerne","公里；千米","Det er tre kilometer til skolen. / Butikken ligger én kilometer unna.","到学校有三公里。 / 商店在一公里外。","沿用现有词库暂标；仍待逐词核验","现有应用词条；词头/词性/等级仍待整体验收"
"komme","动词","A1","å","NTNU LearnNoW; NTNU NoW1; NorweigenLearn 当前词库","01D; 01K; 02A; 07B","1","komme · kommer · kom · kommet / kommer, kom, har kommet","来；到达；变得（依语境）","Barna kommer hjem klokka fire. / Toget kom for sent i går.","孩子们四点回家。 / 火车昨天晚点了。","沿用现有词库暂标；仍待逐词核验","现有应用词条；词头/词性/等级仍待整体验收"
"koste","动词","A1","å","NTNU LearnNoW; NTNU NoW1; NorweigenLearn 当前词库","01P; 06C","1","koste · koster · kostet · kostet / koster, kostet, har kostet","花费；价格为；（另一义）扫/掸","Hvor mye koster denne jakka? / Billetten kostet 250 kroner.","这件夹克多少钱？ / 这张票花了250克朗。","沿用现有词库暂标；仍待逐词核验","现有应用词条；词头/词性/等级仍待整体验收"
"krone","名词","A1","ei","NTNU LearnNoW; NTNU NoW1; NorweigenLearn 当前词库","01P; 05C","1","ei krone · krona · kroner · kronene / krona, kroner, kronene","克朗；皇冠（依语境）","Kaffen koster 35 kroner. / Jeg fant ei krone på gulvet.","咖啡要35克朗。 / 我在地上发现了一枚克朗硬币。","沿用现有词库暂标；仍待逐词核验","现有应用词条；词头/词性/等级仍待整体验收"
"antropologi","名词","A1","en","NTNU NoW1; NorweigenLearn 当前词库","01A","1","en antropologi · antropologien · antropologier · antropologiene","人类学（研究人类的文化、社会与作为物种的学科）","Hun studerer antropologi ved universitetet. / Antropologi handler om mennesker og samfunn.","她在大学学习人类学。 / 人类学研究人类与社会。","沿用现有词库暂标；仍待逐词核验","现有应用词条；词头/词性/等级仍待整体验收"
"arkitektur","名词","A1","en","NTNU NoW1; NorweigenLearn 当前词库","01A","1","en arkitektur · arkitekturen · arkitekturer · arkitekturene","建筑学；建筑设计；建筑风格","Broren min studerer arkitektur i Oslo. / Vi liker den moderne arkitekturen i byen.","我哥哥在奥斯陆学习建筑学。 / 我们喜欢这座城市的现代建筑风格。","沿用现有词库暂标；仍待逐词核验","现有应用词条；词头/词性/等级仍待整体验收"
"båt","名词","A1","en","NTNU NoW1; NorweigenLearn 当前词库","01M","1","en båt · båten · båter · båtene","船；小船；艇","De tar båt til øya. / Båten ligger ved brygga.","他们乘船去岛上。 / 船停在码头边。","沿用现有词库暂标；仍待逐词核验","现有应用词条；词头/词性/等级仍待整体验收"
"fra","介词","A1","","NTNU LearnNoW; NorweigenLearn 当前词库","01D","1","fra","从；来自；自（时间/来源）","Jeg kommer fra Kina. / Butikken er åpen fra ni til fem.","我来自中国。 / 商店从九点开到五点。","沿用现有词库暂标；仍待逐词核验","现有应用词条；词头/词性/等级仍待整体验收"
"god","形容词","A1","","NTNU LearnNoW; NorweigenLearn 当前词库","01B","1","god · godt · gode · bedre · best / godt, gode","好；美味的；善良的；合适的（依语境）","Dette brødet er veldig godt. / Hun er en god venn.","这面包非常好吃。 / 她是一位好朋友。","沿用现有词库暂标；仍待逐词核验","现有应用词条；词头/词性/等级仍待整体验收"
"hyggelig","形容词","A1","","NTNU LearnNoW; NorweigenLearn 当前词库","01B","1","hyggelig · hyggelig · hyggelige · hyggeligere · hyggeligst / hyggelig, hyggelige","愉快的；友好的；令人舒服的","Det var hyggelig å møte deg. / Vi hadde en hyggelig kveld sammen.","很高兴见到你。 / 我们一起度过了愉快的夜晚。","沿用现有词库暂标；仍待逐词核验","现有应用词条；词头/词性/等级仍待整体验收"
"norsk","形容词","A1","","NTNU LearnNoW; NorweigenLearn 当前词库","01C","1","norsk · norsk · norske / norsk, norske","挪威的；挪威语的；挪威人的","Jeg lærte et nytt norsk ord på kurset. / De bor i et norsk hus.","我在课程上学了一个新的挪威语单词。 / 他们住在一栋挪威式的房子里。","沿用现有词库暂标；仍待逐词核验","现有应用词条；词头/词性/等级仍待整体验收"
"på","介词","A1","","NTNU LearnNoW; NorweigenLearn 当前词库","01B","1","på","在……上；在/去某些地点；乘坐/从事（依搭配）","Nøklene ligger på bordet. / Hun er på jobb i dag.","钥匙在桌子上。 / 她今天在上班。","沿用现有词库暂标；仍待逐词核验","现有应用词条；词头/词性/等级仍待整体验收"
"være","动词","A1","å","NTNU LearnNoW; NorweigenLearn 当前词库","01C; 02B; 07B; 08A","1","er, var, har vært / være · er · var · vært","是；处于；在（表示状态或位置）","Jeg er hjemme nå. / Vi var på jobb i går.","我现在在家。 / 我们昨天在上班。","沿用现有词库暂标；仍待逐词核验","现有应用词条；词头/词性/等级仍待整体验收"
"adresse","名词","A1","ei","NTNU LearnNoW; NTNU NoW1; NorweigenLearn 当前词库","02K; 03B","2","adressa, adresser, adressene / ei adresse · adressa · adresser · adressene","地址；住址；电子邮件地址（依语境）","Hva er adressa di? / Jeg skriver adressen på skjemaet.","你的地址是什么？ / 我把地址写在表格上。","沿用现有词库暂标；仍待逐词核验","现有应用词条；词头/词性/等级仍待整体验收"
"betale","动词","A1","å","NTNU LearnNoW; NTNU NoW1; NorweigenLearn 当前词库","02K; 05C","2","betale · betaler · betalte · betalt / betaler, betalte, har betalt","支付；付款","Kan jeg betale med kort? / Han betalte regningen i går.","我可以刷卡吗？ / 他昨天付了账单。","沿用现有词库暂标；仍待逐词核验","现有应用词条；词头/词性/等级仍待整体验收"
"billett","名词","A1","en","NTNU LearnNoW; NTNU NoW1; NorweigenLearn 当前词库","02M; 11D","2","billetten, billetter, billettene / en billett · billetten · billetter · billettene","票；车票；入场券","Jeg kjøper en billett til Oslo. / Hvor er billettene våre?","我买一张去奥斯陆的车票。 / 我们的票在哪里？","沿用现有词库暂标；仍待逐词核验","现有应用词条；词头/词性/等级仍待整体验收"
"bruke","动词","A1","å","NTNU LearnNoW; NTNU NoW1; NorweigenLearn 当前词库","02M; 07D","2","bruke · bruker · brukte · brukt / bruker, brukte, har brukt","使用；花费（时间/钱）；穿用","Jeg bruker mobilen til å lese nyheter. / Vi brukte to timer på leksene.","我用手机看新闻。 / 我们做作业花了两个小时。","沿用现有词库暂标；仍待逐词核验","现有应用词条；词头/词性/等级仍待整体验收"
"buss","名词","A1","en","NTNU LearnNoW; NTNU NoW1; NorweigenLearn 当前词库","02A; 09A","2","bussen, busser, bussene / en buss · bussen · busser · bussene","公共汽车；公交车","Vi tar bussen til sentrum. / Bussen kommer om fem minutter.","我们坐公交去市中心。 / 公交车五分钟后到。","沿用现有词库暂标；仍待逐词核验","现有应用词条；词头/词性/等级仍待整体验收"
"bussjåfør","名词","A1","en","NTNU LearnNoW; NTNU NoW1; NorweigenLearn 当前词库","02A; 09A","2","bussjåføren,bussjåfører, bussjåførene / en bussjåfør · bussjåføren · bussjåfører · bussjåførene","公交车司机；巴士司机","Bussjåføren åpner døra. / Jeg spør bussjåføren om holdeplassen.","公交车司机打开了车门。 / 我向公交车司机打听下车站点。","沿用现有词库暂标；仍待逐词核验","现有应用词条；词头/词性/等级仍待整体验收"
"bytte","动词","A1","å","NTNU LearnNoW; NTNU NoW1; NorweigenLearn 当前词库","02M; 03D","2","bytte · bytter · byttet · byttet / bytter, byttet, har byttet","换；更换；转乘","Du må bytte buss på stasjonen. / Jeg byttet den for store jakka.","你需要在车站换乘公交车。 / 我把那件太大的夹克换掉了。","沿用现有词库暂标；仍待逐词核验","现有应用词条；词头/词性/等级仍待整体验收"
"dra","动词","A1","å","NTNU LearnNoW; NTNU NoW1; NorweigenLearn 当前词库","02D; 02K; 07B","2","dra · drar · dro · dratt / drar, dro, har dratt","去；出发；离开；拉/拽（依语境）","Vi drar til legen etter lunsj. / Hun dro hjem tidlig.","我们午饭后去看医生。 / 她很早就回家了。","沿用现有词库暂标；仍待逐词核验","现有应用词条；词头/词性/等级仍待整体验收"
"drikke","动词","A1","å","NTNU LearnNoW; NTNU NoW1; NorweigenLearn 当前词库","02P; 04A","2","drikke · drikker · drakk · drukket / drikker, drakk, har drukket","喝；饮用","Hun drikker et glass vann. / Vi drakk kaffe etter maten.","她喝一杯水。 / 我们饭后喝了咖啡。","沿用现有词库暂标；仍待逐词核验","现有应用词条；词头/词性/等级仍待整体验收"
"ettermiddag","名词","A1","en","NTNU LearnNoW; NTNU NoW1; NorweigenLearn 当前词库","02P; 03C","2","en ettermiddag · ettermiddagen · ettermiddager · ettermiddagene / ettermiddagen, ettermiddager, ettermiddagene","下午；午后","Jeg henter barna i ettermiddag. / Vi drikker kaffe sammen om ettermiddagen.","我今天下午去接孩子。 / 我们常在下午一起喝咖啡。","沿用现有词库暂标；仍待逐词核验","现有应用词条；词头/词性/等级仍待整体验收"
"få","动词","A1","å","NTNU LearnNoW; NTNU NoW1; NorweigenLearn 当前词库","02M; 04C; 08A","2","få · får · fikk · fått / får, fikk, har fått","得到；收到；可以/被允许；让（依结构）","Jeg fikk en melding fra henne. / Kan jeg få sitte her?","我收到她的一条消息。 / 我可以坐在这里吗？","沿用现有词库暂标；仍待逐词核验","现有应用词条；词头/词性/等级仍待整体验收"
"finne","动词","A1","å","NTNU LearnNoW; NTNU NoW1; NorweigenLearn 当前词库","02M; 03A; 09A; 12D","2","finne · finner · fant · funnet / finner, fant, har funnet","找到；发现；认为（synes/finne at）","Jeg finner ikke nøklene mine. / De fant en god løsning.","我找不到我的钥匙。 / 他们找到一个好办法。","沿用现有词库暂标；仍待逐词核验","现有应用词条；词头/词性/等级仍待整体验收"
"flytte","动词","A1","å","NTNU LearnNoW; NTNU NoW1; NorweigenLearn 当前词库","02C; 08B","2","flytte · flytter · flyttet · flyttet / flytter, flyttet, har flyttet","搬家；搬动；移动","Vi flytter til en større leilighet i juni. / Han flyttet sofaen nærmere vinduet.","我们六月搬到一套更大的公寓。 / 他把沙发挪得更靠近窗户。","沿用现有词库暂标；仍待逐词核验","现有应用词条；词头/词性/等级仍待整体验收"
"gå","动词","A1","å","NTNU LearnNoW; NTNU NoW1; NorweigenLearn 当前词库","02A; 02D; 07B; 08A","2","gå · går · gikk · gått / går, gikk, har gått","走；步行；去；进行（依语境）","Vi går til butikken. / Kurset gikk veldig bra.","我们步行去商店。 / 课程进行得很顺利。","沿用现有词库暂标；仍待逐词核验","现有应用词条；词头/词性/等级仍待整体验收"
"gutt","名词","A1","en","NTNU LearnNoW; NTNU NoW1; NorweigenLearn 当前词库","02B; 06A","2","en gutt · gutten · gutter · guttene / gutten, gutter, guttene","男孩","Gutten leker i hagen. / To gutter venter på bussen.","男孩在花园里玩。 / 两个男孩在等公交车。","沿用现有词库暂标；仍待逐词核验","现有应用词条；词头/词性/等级仍待整体验收"
"hjelp","名词","A1","en","NTNU LearnNoW; NTNU NoW1; NorweigenLearn 当前词库","02A; 04C","2","hjelp · hjelpa · hjelpen / hjelpen, hjelper, hjelpene","帮助；援助；帮忙","Kan du hjelpe meg? Jeg trenger hjelp. / Takk for hjelpen!","你能帮帮我吗？我需要帮助。 / 谢谢你的帮助！","沿用现有词库暂标；仍待逐词核验","现有应用词条；词头/词性/等级仍待整体验收"
"hjelpe","动词","A1","å","NTNU LearnNoW; NTNU NoW1; NorweigenLearn 当前词库","02A; 03B","2","hjelpe · hjelper · hjalp · hjulpet / hjelper, hjalp, har hjulpet","帮助；帮忙","Kan du hjelpe meg med maten? / Naboen hjalp oss i går.","你能帮我准备食物吗？ / 邻居昨天帮了我们。","沿用现有词库暂标；仍待逐词核验","现有应用词条；词头/词性/等级仍待整体验收"
"hjem","名词","A1","et","NTNU LearnNoW; NTNU NoW1; NorweigenLearn 当前词库","02D; 07B","2","et hjem · hjemmet · hjem · hjemmene / hjemmet, hjem, hjemmene","家；住所（强调归属感的家）","Vi ønsker oss et rolig hjem. / Barna kom hjem etter skolen.","我们希望有一个安宁的家。 / 孩子们放学后回家了。","沿用现有词库暂标；仍待逐词核验","现有应用词条；词头/词性/等级仍待整体验收"
"kafé","名词","A1","en","NTNU LearnNoW; NTNU NoW1; NorweigenLearn 当前词库","02B; 02P","2","en kafé · kaféen · kafeer · kafeene / kafeen, kafeer, kafeene","咖啡馆；小餐馆（通常可买饮料和简餐）","Vi møtes på en kafé etter kurset. / Kaféen åpner klokka åtte.","我们下课后在一家咖啡馆见面。 / 咖啡馆八点开门。","沿用现有词库暂标；仍待逐词核验","现有应用词条；词头/词性/等级仍待整体验收"
"kaffe","名词","A1","en","NTNU LearnNoW; NTNU NoW1; NorweigenLearn 当前词库","02P; 04A","2","en kaffe · kaffen · kaffer · kaffene / kaffen, kaffer, kaffene","咖啡；一杯咖啡（点单语境）","Jeg drikker kaffe om morgenen. / Kan jeg få en kaffe, takk?","我早上喝咖啡。 / 请给我一杯咖啡好吗？","沿用现有词库暂标；仍待逐词核验","现有应用词条；词头/词性/等级仍待整体验收"
"kjøpe","动词","A1","å","NTNU LearnNoW; NTNU NoW1; NorweigenLearn 当前词库","02P; 03C","2","kjøpe · kjøper · kjøpte · kjøpt / kjøper, kjøpte, har kjøpt","买；购买","Jeg kjøper melk på butikken. / De kjøpte en brukt bil i fjor.","我在商店买牛奶。 / 他们去年买了一辆二手车。","沿用现有词库暂标；仍待逐词核验","现有应用词条；词头/词性/等级仍待整体验收"
"kjøpesenter","名词","A1","et","NTNU LearnNoW; NTNU NoW1; NorweigenLearn 当前词库","02P; 06A","2","et kjøpesenter · kjøpesenteret · kjøpesentre · kjøpesentrene / kjøpesenteret, kjøpesentre, kjøpesentrene","购物中心；商场","Vi handler på kjøpesenteret på lørdag. / Byen har to kjøpesentre.","我们星期六去商场购物。 / 这座城市有两个购物中心。","沿用现有词库暂标；仍待逐词核验","现有应用词条；词头/词性/等级仍待整体验收"
"kjøre","动词","A1","å","NTNU LearnNoW; NTNU NoW1; NorweigenLearn 当前词库","02D; 02K","2","kjøre · kjører · kjørte · kjørt / kjører, kjørte, har kjørt","开车；驾驶；乘车/行驶","Hun kjører barna til skolen. / Vi kjørte hjem etter besøket.","她开车送孩子们去学校。 / 探访结束后我们开车回家了。","沿用现有词库暂标；仍待逐词核验","现有应用词条；词头/词性/等级仍待整体验收"
"kopp","名词","A1","en","NTNU LearnNoW; NTNU NoW1; NorweigenLearn 当前词库","02P; 05A","2","en kopp · koppen · kopper · koppene / koppen, kopper, koppene","杯子；一杯","Vil du ha en kopp te? / Koppene står i skapet.","你想喝一杯茶吗？ / 杯子在柜子里。","沿用现有词库暂标；仍待逐词核验","现有应用词条；词头/词性/等级仍待整体验收"
"kort","名词","A1","et","NTNU LearnNoW; NTNU NoW1; NorweigenLearn 当前词库","02A; 06D","2","et kort · kortet · kort · kortene / kortet, kort, kortene","卡片；银行卡；短笺/贺卡（依语境）","Kan jeg betale med kort? / Hun sender et kort til bestemor.","我可以刷卡吗？ / 她给奶奶寄了一张卡片。","沿用现有词库暂标；仍待逐词核验","现有应用词条；词头/词性/等级仍待整体验收"
"kunne","动词","A1","å","NTNU LearnNoW; NTNU NoW1; NorweigenLearn 当前词库","02K; 03B","2","kan, kunne, har kunnet / kunne · kan · kunne · kunnet","能；会；可以（能力、可能性或委婉请求）","Jeg kan snakke litt norsk. / Kunne du åpne vinduet?","我会说一点挪威语。 / 你能帮忙打开窗户吗？","沿用现有词库暂标；仍待逐词核验","现有应用词条；词头/词性/等级仍待整体验收"
"år","名词","A1","et","NTNU LearnNoW; NorweigenLearn 当前词库","02A","2","året, år, årene / et år · året · år · årene","年；一年","Sønnen min er fem år. / Vi flyttet hit for tre år siden.","我儿子五岁。 / 我们三年前搬到这里。","沿用现有词库暂标；仍待逐词核验","现有应用词条；词头/词性/等级仍待整体验收"
"bagasje","名词","A1","en","NTNU NoW1; NorweigenLearn 当前词库","02K","2","bagasje · bagasjen","行李；随身/托运行李的总称","Har du bare håndbagasje? / Bagasjen kommer snart på båndet.","你只有随身行李吗？ / 行李很快会出现在传送带上。","沿用现有词库暂标；仍待逐词核验","现有应用词条；词头/词性/等级仍待整体验收"
"bare","副词","A1","","NTNU LearnNoW; NorweigenLearn 当前词库","02D","2","bare","只；仅仅；只是；刚刚（依语境）","Jeg har bare fem minutter. / Hun vil bare hjelpe.","我只有五分钟。 / 她只是想帮忙。","沿用现有词库暂标；仍待逐词核验","现有应用词条；词头/词性/等级仍待整体验收"
"bety","动词","A1","å","NTNU NoW1; NorweigenLearn 当前词库","02M","2","bety · betyr · betydde · betydd","意思是；意味着；表示","Hva betyr dette skiltet? / Familien betyr mye for henne.","这个标志是什么意思？ / 家庭对她来说很重要。","沿用现有词库暂标；仍待逐词核验","现有应用词条；词头/词性/等级仍待整体验收"
"bra","形容词","A1","","NTNU LearnNoW; NorweigenLearn 当前词库","02C","2","bra · bedre · best / beste / bra, bra","好；不错；良好地","Det går bra med norsken min. / Denne boka er bedre enn den første.","我的挪威语进展不错。 / 这本书比第一本更好。","沿用现有词库暂标；仍待逐词核验","现有应用词条；词头/词性/等级仍待整体验收"
"bussrute","名词","A1","ei","NTNU NoW1; NorweigenLearn 当前词库","02M","2","ei bussrute · bussruta · bussruter · bussrutene","公交线路；公交车路线/班次表","Hvilken bussrute går til sentrum? / Bussruta endres i helgene.","哪条公交线路去市中心？ / 公交线路在周末会调整。","沿用现有词库暂标；仍待逐词核验","现有应用词条；词头/词性/等级仍待整体验收"
"busstur","名词","A1","en","NTNU NoW1; NorweigenLearn 当前词库","02A","2","en busstur · bussturen · bussturer · bussturene","公交车程；乘公交的一趟行程","Det er en lang busstur til hytta. / Barna liker bussturer.","坐公交去小木屋要很久。 / 孩子们喜欢坐公交出行。","沿用现有词库暂标；仍待逐词核验","现有应用词条；词头/词性/等级仍待整体验收"
"flybuss","名词","A1","en","NTNU NoW1; NorweigenLearn 当前词库","02A","2","en flybuss · flybussen · flybusser · flybussene","机场巴士；往返机场的公交车","Vi tar flybussen til sentrum. / Flybussen stopper utenfor terminalen.","我们坐机场巴士去市中心。 / 机场巴士在航站楼外停靠。","沿用现有词库暂标；仍待逐词核验","现有应用词条；词头/词性/等级仍待整体验收"
"fransk","形容词","A1","","NTNU LearnNoW; NorweigenLearn 当前词库","02B","2","fransk · franske / fransk, franske","法国的；法语的；法语（语言名用法）","Hun snakker fransk med naboen. / Vi spiste på en fransk restaurant.","她用法语和邻居交谈。 / 我们在一家法国餐厅吃饭。","沿用现有词库暂标；仍待逐词核验","现有应用词条；词头/词性/等级仍待整体验收"
"gammel","形容词","A1","","NTNU LearnNoW; NorweigenLearn 当前词库","02A","2","gammel · gammelt · gamle · eldre · eldst / eldste / gammelt, gamle","旧的；年老的","Jeg bor i et gammelt hus. / Han er eldre enn broren sin.","我住在一栋老房子里。 / 他比自己的兄弟年长。","沿用现有词库暂标；仍待逐词核验","现有应用词条；词头/词性/等级仍待整体验收"
"gift","形容词","A1","","NTNU LearnNoW; NorweigenLearn 当前词库","02B","2","gift · gift · gifte / gift, gifte","已婚的；婚姻关系中的","Hun er gift med en nordmann. / De har vært gift i ti år.","她和一位挪威人结婚了。 / 他们结婚十年了。","沿用现有词库暂标；仍待逐词核验","现有应用词条；词头/词性/等级仍待整体验收"
"her","副词","A1","","NTNU LearnNoW; NorweigenLearn 当前词库","02B","2","her","这里；在这里；此处","Vi bor her i Oslo. / Kan du vente her litt?","我们就住在奥斯陆这里。 / 你能在这里等一会儿吗？","沿用现有词库暂标；仍待逐词核验","现有应用词条；词头/词性/等级仍待整体验收"
"i","介词","A1","","NTNU LearnNoW; NorweigenLearn 当前词库","02A","2","i","在……里；在……（地点、时间或范围）","Barna leker i hagen. / Vi skal møtes i morgen.","孩子们在花园里玩。 / 我们明天要见面。","沿用现有词库暂标；仍待逐词核验","现有应用词条；词头/词性/等级仍待整体验收"
"igjen","副词","A1","","NTNU LearnNoW; NorweigenLearn 当前词库","02D","2","igjen","又；再；回来；剩下","Kan du si navnet ditt igjen? / Det er bare én kopp igjen.","你能再说一遍你的名字吗？ / 只剩一个杯子了。","沿用现有词库暂标；仍待逐词核验","现有应用词条；词头/词性/等级仍待整体验收"
"ikke","副词","A1","","NTNU LearnNoW; NorweigenLearn 当前词库","02C","2","ikke","不；没有（否定）","Jeg forstår ikke spørsmålet. / Hun sier at hun ikke har tid.","我不明白这个问题。 / 她说她没有时间。","沿用现有词库暂标；仍待逐词核验","现有应用词条；词头/词性/等级仍待整体验收"
"klokke","名词","A1","ei","NTNU NoW1; NorweigenLearn 当前词库","02K","2","ei klokke · klokka · klokker · klokkene","钟；表；时间（口语搭配）","Klokka er kvart over sju. / Jeg kjøpte ei ny klokke.","现在是七点一刻。 / 我买了一块新手表。","沿用现有词库暂标；仍待逐词核验","现有应用词条；词头/词性/等级仍待整体验收"
"koffert","名词","A1","en","NTNU NoW1; NorweigenLearn 当前词库","02A","2","en koffert · kofferten · kofferter · koffertene","行李箱；旅行箱","Jeg pakker kofferten i kveld. / Koffertene står ved døra.","我今晚收拾行李箱。 / 行李箱放在门边。","沿用现有词库暂标；仍待逐词核验","现有应用词条；词头/词性/等级仍待整体验收"
"kontrollere","动词","A1","å","NTNU LearnNoW; NorweigenLearn 当前词库","02C","2","kontrollere · kontrollerer · kontrollerte · kontrollert / kontrollerer, kontrollerte, har kontrollert","检查；核对；控制","De kontrollerer passene ved grensa. / Jeg kontrollerte tidspunktet en gang til.","他们在边境检查护照。 / 我又核对了一遍时间。","沿用现有词库暂标；仍待逐词核验","现有应用词条；词头/词性/等级仍待整体验收"
"lang","形容词","A1","","NTNU LearnNoW; NorweigenLearn 当前词库","02D","2","lang · langt · lange · lengre · lengst / langt, lange","长的；久的（距离或时间）","Vi hadde en lang dag på jobb. / Denne veien er lengre enn den andre.","我们上了一整天班，很累。 / 这条路比另一条更长。","沿用现有词库暂标；仍待逐词核验","现有应用词条；词头/词性/等级仍待整体验收"
"ledig","形容词","A1","","NTNU LearnNoW; NorweigenLearn 当前词库","02B","2","ledig · ledig · ledige / ledig, ledige","空着的；有空的；空缺的；失业的（依语境）","Er du ledig på fredag? / Det er en ledig stol her.","你星期五有空吗？ / 这里有一把空椅子。","沿用现有词库暂标；仍待逐词核验","现有应用词条；词头/词性/等级仍待整体验收"
"lufthavn","名词","A1","ei","NTNU LearnNoW; NorweigenLearn 当前词库","02B","2","ei lufthavn · lufthavna · lufthavner · lufthavnene / lufthavna, lufthavner, lufthavnene","机场；航空港","Vi kommer til lufthavna to timer før flyet. / Lufthavnen ligger utenfor byen.","我们在飞机起飞前两小时到机场。 / 机场位于城外。","沿用现有词库暂标；仍待逐词核验","现有应用词条；词头/词性/等级仍待整体验收"
"mamma","名词","A1","en","NTNU LearnNoW; NorweigenLearn 当前词库","02A","2","en mamma · mammaen · mammaer · mammaene / mammaen, mammaer, mammaene","妈妈；母亲（亲昵称呼）","Mamma lager middag i dag. / Mammaen min bor i Norge.","妈妈今天做晚饭。 / 我妈妈住在挪威。","沿用现有词库暂标；仍待逐词核验","现有应用词条；词头/词性/等级仍待整体验收"
"mann","名词","A1","en","NTNU LearnNoW; NorweigenLearn 当前词库","02C","2","en mann · mannen · menn · mennene / mannen, menn, mennene","男人；丈夫（需看上下文）","En mann venter utenfor. / Mannen min jobber i Oslo.","一名男子在外面等。 / 我丈夫在奥斯陆工作。","沿用现有词库暂标；仍待逐词核验","现有应用词条；词头/词性/等级仍待整体验收"
"måte","名词","A1","en","NTNU LearnNoW; NorweigenLearn 当前词库","02B","2","en måte · måten · måter · måtene / måten, måter, måtene","方式；方法；样子","Kan du vise meg en annen måte å gjøre det på? / På denne måten lærer vi nye ord.","你能给我演示另一种做法吗？ / 这样我们就能学新词。","沿用现有词库暂标；仍待逐词核验","现有应用词条；词头/词性/等级仍待整体验收"
"med","介词","A1","","NTNU LearnNoW; NorweigenLearn 当前词库","02A","2","med","和；与；带着；用；乘坐（依搭配）","Jeg reiser med familien min. / Hun skriver navnet med en blå penn.","我和家人一起旅行。 / 她用一支蓝色钢笔写下名字。","沿用现有词库暂标；仍待逐词核验","现有应用词条；词头/词性/等级仍待整体验收"
"nå","副词","A1","","NTNU LearnNoW; NorweigenLearn 当前词库","02B","2","nå","现在；此刻；如今","Jeg kan ikke snakke akkurat nå. / Nå bor familien min i Oslo.","我现在没法说话。 / 我家现在住在奥斯陆。","沿用现有词库暂标；仍待逐词核验","现有应用词条；词头/词性/等级仍待整体验收"
"også","副词","A1","","NTNU LearnNoW; NorweigenLearn 当前词库","02B","2","også","也；还；同样","Mannen min lærer også norsk. / Hun liker kaffe, og hun liker også te.","我丈夫也在学挪威语。 / 她喜欢咖啡，也喜欢茶。","沿用现有词库暂标；仍待逐词核验","现有应用词条；词头/词性/等级仍待整体验收"
"orden","名词","A1","en","NTNU LearnNoW; NorweigenLearn 当前词库","02C","2","en orden · ordenen · ordener · ordenene / ordenen, ordner, ordnene","秩序；整齐；次序","Jeg prøver å ha orden på papirene. / Er alt i orden?","我尽量把文件整理好。 / 一切都正常吗？","沿用现有词库暂标；仍待逐词核验","现有应用词条；词头/词性/等级仍待整体验收"
"pappa","名词","A1","en","NTNU LearnNoW; NorweigenLearn 当前词库","02A","2","en pappa · pappaen · pappaer · pappaene / pappaen, pappaer, pappaene","爸爸；父亲（口语、亲昵称呼）","Pappa lager middag i dag. / Barna besøker pappaen sin i helgen.","爸爸今天做晚饭。 / 孩子们这个周末去看爸爸。","沿用现有词库暂标；仍待逐词核验","现有应用词条；词头/词性/等级仍待整体验收"
"pass","名词","A1","et","NTNU LearnNoW; NorweigenLearn 当前词库","02C","2","et pass · passet · pass · passene / passet, pass, passene","护照；通行证","Husk å ta med passet ditt. / Hun viser passet i kontrollen.","记得带上你的护照。 / 她在检查处出示护照。","沿用现有词库暂标；仍待逐词核验","现有应用词条；词头/词性/等级仍待整体验收"
"passkontroll","名词","A1","en","NTNU LearnNoW; NorweigenLearn 当前词库","02C","2","en passkontroll · passkontrollen · passkontroller · passkontrollene / passkontrollen, passkontroller, passkontrollene","护照检查；边检","Vi må gå gjennom passkontrollen først. / Det er lang kø ved passkontrollen.","我们得先通过护照检查。 / 护照检查处排了很长的队。","沿用现有词库暂标；仍待逐词核验","现有应用词条；词头/词性/等级仍待整体验收"
"reise","动词","A1","å","NTNU LearnNoW; NorweigenLearn 当前词库","02A","2","reise · reiser · reiste · reist / reiser, reiste, har reist","旅行；出行；乘坐交通工具","Vi reiser til Tromsø i sommer. / Han reiste med tog til Bergen.","我们今年夏天去特罗姆瑟。 / 他坐火车去了卑尔根。","沿用现有词库暂标；仍待逐词核验","现有应用词条；词头/词性/等级仍待整体验收"
"rope","动词","A1","å","NTNU LearnNoW; NorweigenLearn 当前词库","02D","2","rope · roper · ropte · ropt / roper, ropte, har ropt","喊；叫喊；大声呼唤","Hun roper på barna fra kjøkkenet. / Han ropte at bussen kom.","她在厨房里喊孩子们。 / 他大声喊说公交车来了。","沿用现有词库暂标；仍待逐词核验","现有应用词条；词头/词性/等级仍待整体验收"
"så","副词","A1","","NTNU LearnNoW; NorweigenLearn 当前词库","02B; 03D","2","så","然后；于是；那么；这么/如此（依结构）","Først spiser vi, og så går vi hjem. / Var det så vanskelig?","我们先吃饭，然后回家。 / 那有那么难吗？","沿用现有词库暂标；仍待逐词核验","现有应用词条；词头/词性/等级仍待整体验收"
"sammen","副词","A1","","NTNU LearnNoW; NorweigenLearn 当前词库","02A","2","sammen","一起；共同","Vi spiser middag sammen. / Hun bor sammen med familien sin.","我们一起吃晚饭。 / 她和家人住在一起。","沿用现有词库暂标；仍待逐词核验","现有应用词条；词头/词性/等级仍待整体验收"
"se","动词","A1","å","NTNU LearnNoW; NorweigenLearn 当前词库","02D; 09B; 12C","2","se · ser · så · sett / ser, så, har sett","看见；观看；看（电影、电视等）","Barna ser på TV etter middag. / Jeg så henne på bussen i går.","孩子们晚饭后看电视。 / 我昨天在公交车上看见她了。","沿用现有词库暂标；仍待逐词核验","现有应用词条；词头/词性/等级仍待整体验收"
"sitte","动词","A1","å","NTNU LearnNoW; NorweigenLearn 当前词库","02B; 12C","2","sitte · sitter · satt · sittet / sitter, satt, har sittet","坐；处于坐着的状态","Jeg sitter ved vinduet. / Hun satte seg på stolen og satt der lenge.","我坐在窗边。 / 她坐到椅子上，在那里坐了很久。","沿用现有词库暂标；仍待逐词核验","现有应用词条；词头/词性/等级仍待整体验收"
"snakke","动词","A1","å","NTNU LearnNoW; NorweigenLearn 当前词库","02A; 07D","2","snakke · snakker · snakket · snakket / snakker, snakket, har snakket","说话；交谈；讲某种语言","Jeg snakker norsk med læreren. / Vi snakket sammen etter kurset.","我和老师说挪威语。 / 课程结束后我们聊了一会儿。","沿用现有词库暂标；仍待逐词核验","现有应用词条；词头/词性/等级仍待整体验收"
"stå","动词","A1","å","NTNU LearnNoW; NorweigenLearn 当前词库","02D","2","stå · står · stod · stått / står, sto, har stått","站；立着；放置/处于竖立状态","Bussen står utenfor skolen. / Han sto ved døra og ventet.","公交车停在学校外面。 / 他站在门边等着。","沿用现有词库暂标；仍待逐词核验","现有应用词条；词头/词性/等级仍待整体验收"
"ta","动词","A1","å","NTNU LearnNoW; NorweigenLearn 当前词库","02D; 10C","2","ta · tar · tok · tatt / tar, tok, har tatt","拿；取；乘坐；花费（依搭配）","Husk å ta med passet. / Det tok en time å komme fram.","记得带上护照。 / 到达那里花了一个小时。","沿用现有词库暂标；仍待逐词核验","现有应用词条；词头/词性/等级仍待整体验收"
"takk","名词","A1","en","NTNU LearnNoW; NorweigenLearn 当前词库","02B","2","en takk · takken · takk · takkene / takken","感谢；谢意；谢谢（固定表达）","Tusen takk for hjelpen. / Hun sa takk og gikk.","非常感谢你的帮助。 / 她道了谢就走了。","沿用现有词库暂标；仍待逐词核验","现有应用词条；词头/词性/等级仍待整体验收"
"til","介词","A1","","NTNU LearnNoW; NorweigenLearn 当前词库","02A","2","til","到；给；向；用于（多义介词）","Vi reiser til Bergen på fredag. / Jeg ga nøkkelen til naboen.","我们星期五去卑尔根。 / 我把钥匙给了邻居。","沿用现有词库暂标；仍待逐词核验","现有应用词条；词头/词性/等级仍待整体验收"
"time","名词","A1","en","NTNU LearnNoW; NorweigenLearn 当前词库","02D; 08B","2","en time · timen · timer · timene / timen, timer, timene","小时；课时；一节课；约定时间","Turen tar omtrent en time. / Jeg har time hos tannlegen klokka tre.","这趟路大约需要一小时。 / 我三点有牙医预约。","沿用现有词库暂标；仍待逐词核验","现有应用词条；词头/词性/等级仍待整体验收"
"trøtt","形容词","A1","","NTNU LearnNoW; NorweigenLearn 当前词库","02D","2","trøtt · trøtt · trøtte · trøttere · trøttest / trøtteste / trøtt, trøtte","累的；困倦的","Jeg er trøtt etter jobb. / Barna er trøtte i kveld.","我下班后很累。 / 孩子们今晚很困。","沿用现有词库暂标；仍待逐词核验","现有应用词条；词头/词性/等级仍待整体验收"
"vente","动词","A1","å","NTNU LearnNoW; NorweigenLearn 当前词库","02A","2","vente · venter · ventet · ventet / venter, ventet, har ventet","等；等待","Vi venter på bussen. / Jeg ventet lenge hos legen.","我们在等公交车。 / 我在医生那里等了很久。","沿用现有词库暂标；仍待逐词核验","现有应用词条；词头/词性/等级仍待整体验收"
"bad","名词","A1","et","NTNU LearnNoW; NTNU NoW1; NorweigenLearn 当前词库","03C; 03P","3","badet, bad, badene / et bad · badet · bad · badene","浴室；洗澡","Badet ligger ved siden av soverommet. / Barnet liker å ta et bad.","浴室在卧室旁边。 / 孩子喜欢洗澡。","沿用现有词库暂标；仍待逐词核验","现有应用词条；词头/词性/等级仍待整体验收"
"bære","动词","A1","å","NTNU LearnNoW; NTNU NoW1; NorweigenLearn 当前词库","03A; 03B","3","bære · bærer · bar · båret / bærer, bar, har båret","拿；提；搬；穿戴（衣物/首饰）","Kan du bære denne kofferten? / Hun bar en rød kjole på festen.","你能帮忙提一下这个行李箱吗？ / 她在聚会上穿了一条红裙子。","沿用现有词库暂标；仍待逐词核验","现有应用词条；词头/词性/等级仍待整体验收"
"barnehage","名词","A1","en","NTNU LearnNoW; NTNU NoW1; NorweigenLearn 当前词库","03A; 07A","3","barnehagen, barnehager, barnehagene / en barnehage · barnehagen · barnehager · barnehagene","幼儿园；学前儿童日托机构","Datteren min går i barnehage. / Barnehagen stenger klokka fem.","我女儿上幼儿园。 / 幼儿园五点关门。","沿用现有词库暂标；仍待逐词核验","现有应用词条；词头/词性/等级仍待整体验收"
"besøk","名词","A1","et","NTNU LearnNoW; NTNU NoW1; NorweigenLearn 当前词库","03C; 05P","3","besøket, besøk, besøkene / et besøk · besøket · besøk · besøkene","拜访；访问；一次来访","Vi får besøk av familien på søndag. / Takk for besøket!","星期天家人要来看我们。 / 谢谢你来做客！","沿用现有词库暂标；仍待逐词核验","现有应用词条；词头/词性/等级仍待整体验收"
"besøke","动词","A1","å","NTNU LearnNoW; NTNU NoW1; NorweigenLearn 当前词库","03C; 10A","3","besøke · besøker · besøkte · besøkt / besøker, besøkte, har besøkt","拜访；探访；参观","Vi besøker besteforeldrene våre i helga. / De besøkte museet i går.","我们周末去看望祖父母。 / 他们昨天参观了博物馆。","沿用现有词库暂标；仍待逐词核验","现有应用词条；词头/词性/等级仍待整体验收"
"bilde","名词","A1","et","NTNU LearnNoW; NTNU NoW1; NorweigenLearn 当前词库","03D; 06M","3","bildet, bilder, bildene / et bilde · bildet · bilder · bildene","图片；照片；画作；图像","Kan du ta et bilde av oss? / Bildet henger på veggen.","你能给我们拍张照片吗？ / 那幅画挂在墙上。","沿用现有词库暂标；仍待逐词核验","现有应用词条；词头/词性/等级仍待整体验收"
"bord","名词","A1","et","NTNU LearnNoW; NTNU NoW1; NorweigenLearn 当前词库","03A; 03K","3","bordet, bord, bordene / et bord · bordet · bord · bordene","桌子；餐桌；一桌（食物）","Bøkene ligger på bordet. / Vi kjøpte to små bord.","书在桌子上。 / 我们买了两张小桌子。","沿用现有词库暂标；仍待逐词核验","现有应用词条；词头/词性/等级仍待整体验收"
"brød","名词","A1","et","NTNU LearnNoW; NTNU NoW1; NorweigenLearn 当前词库","03P; 05A","3","brødet, brød, brødene / et brød · brødet · brød · brødene","面包；一条/一个面包","Jeg kjøper et brød på vei hjem. / Barna spiser brød til frokost.","我回家路上买一条面包。 / 孩子们早餐吃面包。","沿用现有词库暂标；仍待逐词核验","现有应用词条；词头/词性/等级仍待整体验收"
"brødskive","名词","A1","ei","NTNU LearnNoW; NTNU NoW1; NorweigenLearn 当前词库","03P; 05A","3","brødskiva, brødskiver, brødskivene / ei brødskive · brødskiva · brødskiver · brødskivene","一片面包；一片切片面包","Jeg spiser ei brødskive med ost. / Barna lager brødskiver til turen.","我吃一片加奶酪的面包。 / 孩子们为出游准备三明治。","沿用现有词库暂标；仍待逐词核验","现有应用词条；词头/词性/等级仍待整体验收"
"bror","名词","A1","en","NTNU LearnNoW; NTNU NoW1; NorweigenLearn 当前词库","03M; 12A","3","broren, brødre, brødrene / en bror · broren · brødre · brødrene","兄弟；哥哥；弟弟（不区分年长/年幼）","Jeg har en bror og ei søster. / Brødrene mine bor i Norge.","我有一个兄弟和一个姐妹。 / 我的兄弟们住在挪威。","沿用现有词库暂标；仍待逐词核验","现有应用词条；词头/词性/等级仍待整体验收"
"bygning","名词","A1","en","NTNU LearnNoW; NTNU NoW1; NorweigenLearn 当前词库","03K; 11C","3","bygningen, bygninger, bygningene / en bygning · bygningen · bygninger · bygningene","建筑物；楼房","Det står en gammel bygning ved torget. / Bygningen er fra 1800-tallet.","广场旁边有一栋老建筑。 / 这栋建筑建于19世纪。","沿用现有词库暂标；仍待逐词核验","现有应用词条；词头/词性/等级仍待整体验收"
"dør","名词","A1","ei","NTNU LearnNoW; NTNU NoW1; NorweigenLearn 当前词库","03A; 03D","3","døra, dører, dørene / ei dør · døra · dører · dørene","门；房门","Kan du lukke døra? / Det er tre dører i gangen.","你能把门关上吗？ / 走廊里有三扇门。","沿用现有词库暂标；仍待逐词核验","现有应用词条；词头/词性/等级仍待整体验收"
"dusj","名词","A1","en","NTNU LearnNoW; NTNU NoW1; NorweigenLearn 当前词库","03C; 03P","3","dusjen, dusjer, dusjene / en dusj · dusjen · dusjer · dusjene","淋浴；淋浴间；一次淋浴","Jeg tar en dusj før jeg legger meg. / Dusjen virker ikke.","我睡前洗个澡。 / 淋浴坏了。","沿用现有词库暂标；仍待逐词核验","现有应用词条；词头/词性/等级仍待整体验收"
"etasje","名词","A1","en","NTNU LearnNoW; NTNU NoW1; NorweigenLearn 当前词库","03K; 05B","3","en etasje · etasjen · etasjer · etasjene / etasjen, etasjer, etasjene","楼层；一层楼","Leiligheten ligger i tredje etasje. / Huset har to etasjer.","公寓在三楼。 / 这栋房子有两层。","沿用现有词库暂标；仍待逐词核验","现有应用词条；词头/词性/等级仍待整体验收"
"far","名词","A1","en","NTNU LearnNoW; NTNU NoW1; NorweigenLearn 当前词库","03A; 10B","3","en far · faren · fedre · fedrene / faren, fedre, fedrene","父亲；爸爸","Faren min heter Li. / Fedrene snakker sammen utenfor skolen.","我爸爸叫李。 / 几位父亲在学校外面交谈。","沿用现有词库暂标；仍待逐词核验","现有应用词条；词头/词性/等级仍待整体验收"
"forstå","动词","A1","å","NTNU LearnNoW; NTNU NoW1; NorweigenLearn 当前词库","03K; 04D","3","forstå · forstår · forsto · forstått / forstår, forstod, har forstått","理解；听懂；明白","Jeg forstår ikke spørsmålet. / Nå forstår jeg hva du mener.","我不明白这个问题。 / 现在我明白你的意思了。","沿用现有词库暂标；仍待逐词核验","现有应用词条；词头/词性/等级仍待整体验收"
"frokost","名词","A1","en","NTNU LearnNoW; NTNU NoW1; NorweigenLearn 当前词库","03A; 03P","3","en frokost · frokosten · frokoster · frokostene / frokosten, frokoster, frokostene","早餐","Vi spiser frokost klokka sju. / Frokosten står på bordet.","我们七点吃早餐。 / 早餐已经摆在桌上了。","沿用现有词库暂标；仍待逐词核验","现有应用词条；词头/词性/等级仍待整体验收"
"gang","名词","A1","en","NTNU LearnNoW; NTNU NoW1; NorweigenLearn 当前词库","03C; 05P","3","en gang · gangen · ganger · gangene / gangen, ganger, gangene","一次；一回；次数；（另义）走廊","Kan du si det en gang til? / Vi satte i gang arbeidet på mandag.","你能再说一遍吗？ / 我们星期一开始了这项工作。","沿用现有词库暂标；仍待逐词核验","现有应用词条；词头/词性/等级仍待整体验收"
"gitar","名词","A1","en","NTNU LearnNoW; NTNU NoW1; NorweigenLearn 当前词库","03M; 11C","3","en gitar · gitaren · gitarer · gitarene / gitaren, gitarer, gitarene","吉他","Sønnen min spiller gitar. / Gitaren står ved sofaen.","我儿子会弹吉他。 / 吉他放在沙发旁边。","沿用现有词库暂标；仍待逐词核验","现有应用词条；词头/词性/等级仍待整体验收"
"gjest","名词","A1","en","NTNU LearnNoW; NTNU NoW1; NorweigenLearn 当前词库","03M; 12B","3","en gjest · gjesten · gjester · gjestene / gjesten, gjester, gjestene","客人；来宾；住客","Vi får gjester til middag på lørdag. / Gjestene sitter i stua.","星期六会有客人来我们家吃晚饭。 / 客人们坐在客厅里。","沿用现有词库暂标；仍待逐词核验","现有应用词条；词头/词性/等级仍待整体验收"
"hente","动词","A1","å","NTNU LearnNoW; NTNU NoW1; NorweigenLearn 当前词库","03D; 03K","3","hente · henter · hentet · hentet / henter, hentet, har hentet","接；取；去拿/去接某人","Jeg henter sønnen min i barnehagen. / Hun hentet en pakke på posten.","我去幼儿园接儿子。 / 她在邮局取了一个包裹。","沿用现有词库暂标；仍待逐词核验","现有应用词条；词头/词性/等级仍待整体验收"
"høre","动词","A1","å","NTNU LearnNoW; NTNU NoW1; NorweigenLearn 当前词库","03D; 06P","3","høre · hører · hørte · hørt / hører, hørte, har hørt","听见；听；听说","Jeg hører på norsk radio hver morgen. / Har du hørt om den nye kafeen?","我每天早上听挪威语广播。 / 你听说那家新咖啡馆了吗？","沿用现有词库暂标；仍待逐词核验","现有应用词条；词头/词性/等级仍待整体验收"
"hus","名词","A1","et","NTNU LearnNoW; NTNU NoW1; NorweigenLearn 当前词库","03B; 06M","3","et hus · huset · hus · husene / huset, hus, husene","房子；住宅建筑","De bor i et rødt hus. / Husene ligger nær sjøen.","他们住在一栋红色的房子里。 / 那些房子靠近海边。","沿用现有词库暂标；仍待逐词核验","现有应用词条；词头/词性/等级仍待整体验收"
"jakke","名词","A1","ei","NTNU LearnNoW; NTNU NoW1; NorweigenLearn 当前词库","03D; 04A","3","ei jakke · jakka · jakker · jakkene / jakka, jakker, jakkene","外套；夹克","Ta på deg jakka, det er kaldt ute. / Jeg trenger ei varm jakke.","穿上外套，外面很冷。 / 我需要一件暖和的外套。","沿用现有词库暂标；仍待逐词核验","现有应用词条；词头/词性/等级仍待整体验收"
"kjenne","动词","A1","å","NTNU LearnNoW; NTNU NoW1; NorweigenLearn 当前词库","03A; 10B","3","kjenne · kjenner · kjente · kjent / kjenner, kjente, har kjent","认识；熟悉；感到；摸到（依语境）","Jeg kjenner læreren fra norskkurset. / Hun kjente kulden i ansiktet.","我认识这位挪威语课老师。 / 她感到冷风吹在脸上。","沿用现有词库暂标；仍待逐词核验","现有应用词条；词头/词性/等级仍待整体验收"
"kjøkken","名词","A1","et","NTNU LearnNoW; NTNU NoW1; NorweigenLearn 当前词库","03A; 03C","3","et kjøkken · kjøkkenet · kjøkken · kjøkkenene / kjøkkenet, kjøkken, kjøkkenene","厨房","Mamma lager mat på kjøkkenet. / Leiligheten har to kjøkken.","妈妈在厨房做饭。 / 这套公寓有两个厨房。","沿用现有词库暂标；仍待逐词核验","现有应用词条；词头/词性/等级仍待整体验收"
"kjøleskap","名词","A1","et","NTNU LearnNoW; NTNU NoW1; NorweigenLearn 当前词库","03C; 03P","3","et kjøleskap · kjøleskapet · kjøleskap · kjøleskapene / kjøleskapet, kjøleskap, kjøleskapene","冰箱","Melka står i kjøleskapet. / Vi trenger et nytt kjøleskap.","牛奶在冰箱里。 / 我们需要一台新冰箱。","沿用现有词库暂标；仍待逐词核验","现有应用词条；词头/词性/等级仍待整体验收"
"koke","动词","A1","å","NTNU LearnNoW; NTNU NoW1; NorweigenLearn 当前词库","03M; 06A","3","koke · koker · kokte · kokt / koker, kokte, har kokt","煮；烧开；沸腾","Jeg koker egg til frokost. / Vannet kokte etter noen minutter.","我早餐煮鸡蛋。 / 几分钟后水烧开了。","沿用现有词库暂标；仍待逐词核验","现有应用词条；词头/词性/等级仍待整体验收"
"kone","名词","A1","ei","NTNU LearnNoW; NTNU NoW1; NorweigenLearn 当前词库","03B; 07A","3","ei kone · kona · koner · konene / kona, koner, konene","妻子；太太（婚姻关系）","Kona mi jobber på et sykehus. / Han reiser sammen med kona si.","我妻子在一家医院工作。 / 他和妻子一起旅行。","沿用现有词库暂标；仍待逐词核验","现有应用词条；词头/词性/等级仍待整体验收"
"kontrakt","名词","A1","en","NTNU LearnNoW; NTNU NoW1; NorweigenLearn 当前词库","03K; 09B","3","en kontrakt · kontrakten · kontrakter · kontraktene / kontrakten, kontrakter, kontraktene","合同；契约；租约","Vi leser kontrakten før vi skriver under. / Leiekontrakten gjelder fra første juni.","我们签字前先读合同。 / 租约从六月一日起生效。","沿用现有词库暂标；仍待逐词核验","现有应用词条；词头/词性/等级仍待整体验收"
"alene","副词","A1","","NTNU LearnNoW; NorweigenLearn 当前词库","03D","3","alene","独自；一个人（不一定表示孤独）","Hun bor alene i en leilighet. / Jeg vil ikke være alene i kveld.","她一个人住在一套公寓里。 / 我今晚不想一个人待着。","沿用现有词库暂标；仍待逐词核验","现有应用词条；词头/词性/等级仍待整体验收"
"av","介词","A1","","NTNU LearnNoW; NorweigenLearn 当前词库","03B","3","av","从；由；……的；用……制成（依搭配）","Dette bordet er laget av tre. / Hun er en av vennene mine.","这张桌子是木头做的。 / 她是我的一位朋友。","沿用现有词库暂标；仍待逐词核验","现有应用词条；词头/词性/等级仍待整体验收"
"balkong","名词","A1","en","NTNU LearnNoW; NorweigenLearn 当前词库","03C","3","balkongen, balkonger, balkongene / en balkong · balkongen · balkonger · balkongene","阳台；建筑外侧的平台","Vi spiser frokost på balkongen. / Leiligheten har en stor balkong.","我们在阳台上吃早餐。 / 这套公寓有一个大阳台。","沿用现有词库暂标；仍待逐词核验","现有应用词条；词头/词性/等级仍待整体验收"
"benk","名词","A1","en","NTNU LearnNoW; NorweigenLearn 当前词库","03C","3","benken, benker, benkene / en benk · benken · benker · benkene","长椅；凳子；工作台（依语境）","Vi sitter på en benk i parken. / Benken står ved inngangen.","我们坐在公园的一张长椅上。 / 长椅在入口旁边。","沿用现有词库暂标；仍待逐词核验","现有应用词条；词头/词性/等级仍待整体验收"
"bluse","名词","A1","ei","NTNU LearnNoW; NorweigenLearn 当前词库","03D","3","blusa, bluser, blusene / ei bluse · blusa · bluser · blusene","女式衬衫；女式上衣","Hun har på seg ei blå bluse. / Blusa passer godt til skjørtet.","她穿着一件蓝色女式衬衫。 / 这件上衣和裙子很搭。","沿用现有词库暂标；仍待逐词核验","现有应用词条；词头/词性/等级仍待整体验收"
"bokhylle","名词","A1","ei","NTNU NoW1; NorweigenLearn 当前词库","03A","3","ei bokhylle · bokhylla · bokhyller · bokhyllene","书架；书柜","Bøkene står i bokhylla. / Vi trenger ei ny bokhylle.","书放在书架上。 / 我们需要一个新书架。","沿用现有词库暂标；仍待逐词核验","现有应用词条；词头/词性/等级仍待整体验收"
"borte","副词","A1","","NTNU LearnNoW; NorweigenLearn 当前词库","03C","3","borte","不在；离开；（东西）不见了","Sjefen er borte i dag. / Nøklene mine er blitt borte.","老板今天不在。 / 我的钥匙不见了。","沿用现有词库暂标；仍待逐词核验","现有应用词条；词头/词性/等级仍待整体验收"
"bukse","名词","A1","ei","NTNU LearnNoW; NorweigenLearn 当前词库","03D","3","buksa, bukser, buksene / ei bukse · buksa · bukser · buksene","裤子；一条裤子（挪威语单数形式）","Jeg trenger ei varm bukse. / Hvor er buksene mine?","我需要一条保暖裤。 / 我的裤子在哪里？","沿用现有词库暂标；仍待逐词核验","现有应用词条；词头/词性/等级仍待整体验收"
"dele","动词","A1","å","NTNU NoW1; NorweigenLearn 当前词库","03A","3","dele · deler · delte · delt","分享；分开；分配","Barna deler et eple. / Jeg deler bildene med familien.","孩子们分吃一个苹果。 / 我把照片分享给家人。","沿用现有词库暂标；仍待逐词核验","现有应用词条；词头/词性/等级仍待整体验收"
"der","副词","A1","","NTNU LearnNoW; NorweigenLearn 当前词库","03C","3","der","那里；在那里；（句式中）有","Bussen stopper der borte. / Det står en stol der.","公交车在那边停靠。 / 那里有一把椅子。","沿用现有词库暂标；仍待逐词核验","现有应用词条；词头/词性/等级仍待整体验收"
"etter","介词","A1","","NTNU LearnNoW; NorweigenLearn 当前词库","03B","3","etter","在……之后；在……后面；寻找（依搭配）","Vi går en tur etter middag. / Hun spør etter legen.","我们晚饭后去散步。 / 她在找医生 / 询问医生在哪里。","沿用现有词库暂标；仍待逐词核验","现有应用词条；词头/词性/等级仍待整体验收"
"etternavn","名词","A1","et","NTNU NoW1; NorweigenLearn 当前词库","03K","3","et etternavn · etternavnet · etternavn · etternavnene","姓；姓氏","Hva er etternavnet ditt? / Skriv fornavn og etternavn her.","你的姓氏是什么？ / 请在这里填写名字和姓氏。","沿用现有词库暂标；仍待逐词核验","现有应用词条；词头/词性/等级仍待整体验收"
"flyttebil","名词","A1","en","NTNU LearnNoW; NorweigenLearn 当前词库","03A","3","en flyttebil · flyttebilen · flyttebiler · flyttebilene / flyttebilen, flyttebiler, flyttebilene","搬家货车；搬家用的卡车","Vi leier en flyttebil på lørdag. / Flyttebilen står utenfor det nye huset.","我们星期六租一辆搬家货车。 / 搬家货车停在新房子外面。","沿用现有词库暂标；仍待逐词核验","现有应用词条；词头/词性/等级仍待整体验收"
"flyttebyrå","名词","A1","et","NTNU LearnNoW; NorweigenLearn 当前词库","03B","3","et flyttebyrå · flyttebyrået · flyttebyråer · flyttebyråene / flyttebyrået, flyttebyråer, flyttebyråene","搬家公司；搬家服务机构","Vi bestilte et flyttebyrå til mandag. / Flyttebyrået bar sofaen opp trappa.","我们预约了一家搬家公司星期一来。 / 搬家公司的人把沙发抬上了楼梯。","沿用现有词库暂标；仍待逐词核验","现有应用词条；词头/词性/等级仍待整体验收"
"fødselsdato","名词","A1","en","NTNU NoW1; NorweigenLearn 当前词库","03K","3","en fødselsdato · fødselsdatoen · fødselsdatoer · fødselsdatoene","出生日期；生日的具体日期","Du må oppgi fødselsdatoen din i skjemaet. / Fødselsdatoen står på passet.","你必须在表格里填写出生日期。 / 出生日期写在护照上。","沿用现有词库暂标；仍待逐词核验","现有应用词条；词头/词性/等级仍待整体验收"
"for","介词","A1","","NTNU LearnNoW; NorweigenLearn 当前词库","03D","3","for","为；给；对；用于；因为（部分结构中）","Jeg kjøpte en gave for søsteren min. / Denne boka er for nye elever.","我给妹妹买了一份礼物。 / 这本书是给新生用的。","沿用现有词库暂标；仍待逐词核验","现有应用词条；词头/词性/等级仍待整体验收"
"foran","介词","A1","","NTNU LearnNoW; NorweigenLearn 当前词库","03D","3","foran","在……前面；位于……前方","Bilen står foran huset. / Hun sitter foran meg på bussen.","汽车停在房子前面。 / 她在公交车上坐在我前面。","沿用现有词库暂标；仍待逐词核验","现有应用词条；词头/词性/等级仍待整体验收"
"formiddag","名词","A1","en","NTNU LearnNoW; NorweigenLearn 当前词库","03B","3","en formiddag · formiddagen · formiddager · formiddagene / formiddagen, formiddager, formiddagene","上午；中午以前的一段时间","Jeg har et møte i formiddag. / Butikken er ofte rolig om formiddagen.","我今天上午有个会议。 / 商店上午通常比较安静。","沿用现有词库暂标；仍待逐词核验","现有应用词条；词头/词性/等级仍待整体验收"
"garasje","名词","A1","en","NTNU LearnNoW; NorweigenLearn 当前词库","03C","3","en garasje · garasjen · garasjer · garasjene / garasjen, garasjer, garasjene","车库；汽车库","Bilen står i garasjen. / Huset har en liten garasje.","汽车停在车库里。 / 这栋房子有一个小车库。","沿用现有词库暂标；仍待逐词核验","现有应用词条；词头/词性/等级仍待整体验收"
"gardin","名词","A1","et","NTNU NoW1; NorweigenLearn 当前词库","03A","3","en gardin · gardinen · gardiner · gardinene","窗帘","Vi trekker for gardinene om kvelden. / Den blå gardinen passer til rommet.","我们晚上把窗帘拉上。 / 这条蓝色窗帘和房间很搭。","沿用现有词库暂标；仍待逐词核验","现有应用词条；词头/词性/等级仍待整体验收"
"grei","形容词","A1","","NTNU LearnNoW; NorweigenLearn 当前词库","03C","3","grei · greit · greie · greiere · greiest / greit, greie","不错的；友善的；方便/可以的（依语境）","Det går greit, takk. / Kan vi møtes klokka seks? Det er greit.","还不错，谢谢。 / 我们六点见可以吗？可以。","沿用现有词库暂标；仍待逐词核验","现有应用词条；词头/词性/等级仍待整体验收"
"hår","名词","A1","et","NTNU LearnNoW; NorweigenLearn 当前词库","03D","3","et hår · håret · hår · hårene / håret, hår, hårene","头发；一根毛发（依语境）","Hun har langt, mørkt hår. / Jeg fant et hår på jakka.","她留着一头又长又黑的头发。 / 我在夹克上发现了一根头发。","沿用现有词库暂标；仍待逐词核验","现有应用词条；词头/词性/等级仍待整体验收"
"hjemme","副词","A1","","NTNU LearnNoW; NorweigenLearn 当前词库","03A","3","hjemme","在家；在自己的家里","Barna er hjemme i dag. / Jeg jobber hjemme på fredager.","孩子们今天在家。 / 我周五在家工作。","沿用现有词库暂标；仍待逐词核验","现有应用词条；词头/词性/等级仍待整体验收"
"hjørne","名词","A1","et","NTNU LearnNoW; NorweigenLearn 当前词库","03C","3","et hjørne · hjørnet · hjørner · hjørnene / hjørnet, hjørner, hjørnene","角；角落；拐角","Stolen står i hjørnet av rommet. / Apoteket ligger rundt hjørnet.","椅子放在房间的角落里。 / 药店就在拐角那边。","沿用现有词库暂标；仍待逐词核验","现有应用词条；词头/词性/等级仍待整体验收"
"hoppe","动词","A1","å","NTNU LearnNoW; NorweigenLearn 当前词库","03C","3","hoppe · hopper · hoppet · hoppet / hopper, hoppet, har hoppet","跳；跳跃；蹦","Barna hopper på trampolinen. / Katten hoppet opp på stolen.","孩子们在蹦床上跳。 / 猫跳到了椅子上。","沿用现有词库暂标；仍待逐词核验","现有应用词条；词头/词性/等级仍待整体验收"
"hybel","名词","A1","en","NTNU NoW1; NorweigenLearn 当前词库","03K","3","en hybel · hybelen · hybler · hyblene","单间出租房；合租房中的独立小住处","Hun bor på hybel nær universitetet. / Jeg leter etter en billig hybel.","她住在大学附近的一间出租单间里。 / 我在找一间便宜的单间出租房。","沿用现有词库暂标；仍待逐词核验","现有应用词条；词头/词性/等级仍待整体验收"
"hylle","名词","A1","ei","NTNU LearnNoW; NorweigenLearn 当前词库","03D","3","ei hylle · hylla · hyller · hyllene / hylla, hyller, hyllene","架子；搁板；书架的一层","Bøkene står på hylla. / Vi trenger to hyller til boden.","书放在架子上。 / 储物间还需要两个架子。","沿用现有词库暂标；仍待逐词核验","现有应用词条；词头/词性/等级仍待整体验收"
"inn","副词","A1","","NTNU LearnNoW; NorweigenLearn 当前词库","03A","3","inn","进入；向里面；进来","Kom inn, døra er åpen. / Vi flytter inn i den nye leiligheten i juni.","进来吧，门开着。 / 我们六月份搬进新公寓。","沿用现有词库暂标；仍待逐词核验","现有应用词条；词头/词性/等级仍待整体验收"
"instrument","名词","A1","et","NTNU NoW1; NorweigenLearn 当前词库","03M","3","et instrument · instrumentet · instrumenter · instrumentene","乐器；仪器；工具（依语境）","Hun spiller et instrument i skolekorpset. / Legen bruker et instrument til undersøkelsen.","她在学校乐队里演奏一种乐器。 / 医生用一种仪器进行检查。","沿用现有词库暂标；仍待逐词核验","现有应用词条；词头/词性/等级仍待整体验收"
"inventarliste","名词","A1","ei","NTNU NoW1; NorweigenLearn 当前词库","03K","3","ei inventarliste · inventarlista · inventarlister · inventarlistene","物品清单；库存/财产清单","Vi lager en inventarliste før flyttingen. / Inventarlista viser alt utstyret i rommet.","搬家前我们先做一份物品清单。 / 物品清单列出了房间里的所有设备。","沿用现有词库暂标；仍待逐词核验","现有应用词条；词头/词性/等级仍待整体验收"
"italiener","名词","A1","en","NTNU NoW1; NorweigenLearn 当前词库","03P","3","en italiener · italieneren · italienere · italienerne","意大利人；来自意大利的人","En italiener i klassen min snakker fire språk. / Italienerne spiser ofte sent på kvelden.","我班上有一位意大利人会说四种语言。 / 意大利人晚上常常吃饭比较晚。","沿用现有词库暂标；仍待逐词核验","现有应用词条；词头/词性/等级仍待整体验收"
"jus","名词","A1","en","NTNU NoW1; NorweigenLearn 当前词库","03P","3","jus · jussen","法学；法律学（此卡此义，不是果汁义）","Hun studerer jus ved universitetet. / Han har jobbet med jus i mange år.","她在大学学习法学。 / 他从事法律工作很多年了。","沿用现有词库暂标；仍待逐词核验","现有应用词条；词头/词性/等级仍待整体验收"
"kalle","动词","A1","å","NTNU LearnNoW; NorweigenLearn 当前词库","03B","3","kalle · kaller · kalte · kalt / kaller, kalte, har kalt","称呼；叫作；给……取名","De kaller datteren sin Emma. / Han kalte meg en god venn.","他们给女儿取名艾玛。 / 他称我为一位好朋友。","沿用现有词库暂标；仍待逐词核验","现有应用词条；词头/词性/等级仍待整体验收"
"kamera","名词","A1","et","NTNU LearnNoW; NorweigenLearn 当前词库","03D","3","et kamera · kameraet · kameraer · kameraene / kameraet, kameraer, kameraene","相机；摄影机","Jeg tar et bilde med kameraet mitt. / Hun har et lite kamera i veska.","我用自己的相机拍了一张照片。 / 她包里有一台小相机。","沿用现有词库暂标；仍待逐词核验","现有应用词条；词头/词性/等级仍待整体验收"
"kjøkkenbenk","名词","A1","en","NTNU NoW1; NorweigenLearn 当前词库","03M","3","en kjøkkenbenk · kjøkkenbenken · kjøkkenbenker · kjøkkenbenkene","厨房台面；厨房操作台","Brødet ligger på kjøkkenbenken. / Jeg tørker av kjøkkenbenken etter matlaging.","面包放在厨房台面上。 / 做完饭后我擦厨房台面。","沿用现有词库暂标；仍待逐词核验","现有应用词条；词头/词性/等级仍待整体验收"
"klesskap","名词","A1","et","NTNU LearnNoW; NorweigenLearn 当前词库","03D","3","et klesskap · klesskapet · klesskap · klesskapene / klesskapet, klesskap, klesskapene","衣柜；衣橱","Klærne mine ligger i klesskapet. / Vi kjøpte et nytt klesskap til soverommet.","我的衣服放在衣柜里。 / 我们给卧室买了一个新衣柜。","沿用现有词库暂标；仍待逐词核验","现有应用词条；词头/词性/等级仍待整体验收"
"komfyr","名词","A1","en","NTNU LearnNoW; NorweigenLearn 当前词库","03C","3","en komfyr · komfyren · komfyrer · komfyrene / komfyren, komfyrer, komfyrene","炉灶；厨房灶具（通常指烤箱和炉面组合）","Suppa står på komfyren. / Vi har en ny komfyr på kjøkkenet.","汤在炉灶上。 / 我们厨房里有一台新炉灶。","沿用现有词库暂标；仍待逐词核验","现有应用词条；词头/词性/等级仍待整体验收"
"kommode","名词","A1","en","NTNU LearnNoW; NorweigenLearn 当前词库","03D","3","en kommode · kommoden · kommoder · kommodene / kommoden, kommoder, kommodene","抽屉柜；五斗柜","Sokkene ligger i kommoden. / Vi trenger en liten kommode på soverommet.","袜子放在抽屉柜里。 / 卧室里需要一个小抽屉柜。","沿用现有词库暂标；仍待逐词核验","现有应用词条；词头/词性/等级仍待整体验收"
"kvarter","名词","A1","et","NTNU LearnNoW; NorweigenLearn 当前词库","03B","3","et kvarter · kvarteret · kvarter · kvarterene / kvarteret, kvarterer, kvarterene","一刻钟；十五分钟；四分之一（依语境）","Bussen kommer om et kvarter. / Klokka er kvart over fire.","公交车一刻钟后到。 / 现在四点一刻。","沿用现有词库暂标；仍待逐词核验","现有应用词条；词头/词性/等级仍待整体验收"
"kveld","名词","A1","en","NTNU LearnNoW; NorweigenLearn 当前词库","03D","3","en kveld · kvelden · kvelder · kveldene / kvelden, kvelder, kveldene","傍晚；晚上","Skal vi spise sammen i kveld? / Hun leser ofte om kvelden.","我们今晚一起吃饭好吗？ / 她常在晚上看书。","沿用现有词库暂标；仍待逐词核验","现有应用词条；词头/词性/等级仍待整体验收"
"lastebil","名词","A1","en","NTNU LearnNoW; NorweigenLearn 当前词库","03B","3","en lastebil · lastebilen · lastebiler · lastebilene / lastebilen, lastebiler, lastebilene","卡车；货车；载重汽车","Lastebilen leverer møbler til butikken. / Onkelen min kjører lastebil.","卡车把家具送到商店。 / 我叔叔开卡车。","沿用现有词库暂标；仍待逐词核验","现有应用词条；词头/词性/等级仍待整体验收"
"le","动词","A1","å","NTNU LearnNoW; NorweigenLearn 当前词库","03A","3","le · ler · lo · ledd / ler, lo, har ledd","笑；发笑","Barna ler av den morsomme filmen. / Vi lo mye på festen.","孩子们被那部有趣的电影逗笑了。 / 我们在聚会上笑了很多。","沿用现有词库暂标；仍待逐词核验","现有应用词条；词头/词性/等级仍待整体验收"
"leilighet","名词","A1","en","NTNU LearnNoW; NorweigenLearn 当前词库","03C","3","en leilighet · leiligheten · leiligheter · leilighetene / leiligheten, leiligheter, leilighetene","公寓；套房","Vi leier en leilighet i Oslo. / Leiligheten har to soverom.","我们在奥斯陆租了一套公寓。 / 这套公寓有两间卧室。","沿用现有词库暂标；仍待逐词核验","现有应用词条；词头/词性/等级仍待整体验收"
"lenestol","名词","A1","en","NTNU LearnNoW; NorweigenLearn 当前词库","03C","3","en lenestol · lenestolen · lenestoler · lenestolene / lenestolen, lenestoler, lenestolene","扶手椅；单人沙发椅","Bestefar sitter i lenestolen og leser. / Vi kjøpte to lenestoler til stua.","爷爷坐在扶手椅上看书。 / 我们给客厅买了两把扶手椅。","沿用现有词库暂标；仍待逐词核验","现有应用词条；词头/词性/等级仍待整体验收"
"ligge","动词","A1","å","NTNU LearnNoW; NorweigenLearn 当前词库","03A","3","ligge · ligger · lå · ligget / ligger, lå, har ligget","躺；位于；放在（呈平放/静置状态）","Boka ligger på bordet. / Han lå i senga hele dagen.","书放在桌子上。 / 他整天都躺在床上。","沿用现有词库暂标；仍待逐词核验","现有应用词条；词头/词性/等级仍待整体验收"
"like","动词","A1","å","NTNU LearnNoW; NorweigenLearn 当前词库","03C","3","like · liker · likte · likt / liker, likte, har likt","喜欢；觉得……不错","Jeg liker å lære norsk. / Hun likte filmen veldig godt.","我喜欢学挪威语。 / 她很喜欢这部电影。","沿用现有词库暂标；仍待逐词核验","现有应用词条；词头/词性/等级仍待整体验收"
"løpe","动词","A1","å","NTNU LearnNoW; NorweigenLearn 当前词库","03C","3","løpe · løper · løp · løpt / løper, løp, har løpt","跑；跑步；奔跑","Jeg løper en tur før jobb. / Han løp til holdeplassen.","我上班前去跑步。 / 他跑向公交站。","沿用现有词库暂标；仍待逐词核验","现有应用词条；词头/词性/等级仍待整体验收"
"madrass","名词","A1","en","NTNU LearnNoW; NorweigenLearn 当前词库","03A","3","en madrass · madrassen · madrasser · madrassene / madrassen, madrasser, madrassene","床垫","Madrassen er for hard for meg. / Vi kjøpte en ny madrass til gjesterommet.","这张床垫对我来说太硬了。 / 我们给客房买了一张新床垫。","沿用现有词库暂标；仍待逐词核验","现有应用词条；词头/词性/等级仍待整体验收"
"mandag","名词","A1","en","NTNU LearnNoW; NorweigenLearn 当前词库","03A","3","en mandag · mandagen · mandager · mandagene / mandagen,  mandager,  mandagene","星期一；一个星期一","Kurset begynner på mandag. / Jeg jobber hjemme på mandager.","课程星期一开始。 / 我每周一在家工作。","沿用现有词库暂标；仍待逐词核验","现有应用词条；词头/词性/等级仍待整体验收"
"måtte","动词","A1","å","NTNU LearnNoW; NorweigenLearn 当前词库","03A","3","må, måtte, har måttet / måtte · må · måtte · måttet","必须；不得不；过去时“曾必须”","Jeg måtte gå tidlig i går. / Vi må ta bussen nå.","我昨天不得不早走。 / 我们现在必须坐公交车。","沿用现有词库暂标；仍待逐词核验","现有应用词条；词头/词性/等级仍待整体验收"
"mellom","介词","A1","","NTNU LearnNoW; NorweigenLearn 当前词库","03D","3","mellom","在……之间；……中间","Apoteket ligger mellom banken og butikken. / Jeg jobber mellom klokka åtte og fire.","药店在银行和商店之间。 / 我八点到四点之间工作。","沿用现有词库暂标；仍待逐词核验","现有应用词条；词头/词性/等级仍待整体验收"
"møbel","名词","A1","et","NTNU LearnNoW; NorweigenLearn 当前词库","03B","3","et møbel · møbelet · møbler · møblene / møbelet, møbler, møblene","一件家具；家具（可数）","Vi trenger et nytt møbel til stua. / De selger gamle møbler på nettet.","我们客厅需要添一件新家具。 / 他们在网上卖旧家具。","沿用现有词库暂标；仍待逐词核验","现有应用词条；词头/词性/等级仍待整体验收"
"morfar","名词","A1","en","NTNU LearnNoW; NorweigenLearn 当前词库","03C","3","en morfar · morfaren · morfedre · morfedrene / morfaren, morfedre, morfedrene","外祖父；妈妈的爸爸","Vi besøker morfar på søndag. / Morfaren min bor i Trondheim.","我们星期天去看外公。 / 我外公住在特隆赫姆。","沿用现有词库暂标；仍待逐词核验","现有应用词条；词头/词性/等级仍待整体验收"
"morgen","名词","A1","en","NTNU LearnNoW; NorweigenLearn 当前词库","03A","3","en morgen · morgenen · morgener · morgenene / morgenen, morgener, morgenene","早晨；上午的早些时候","Jeg skal til legen i morgen. / Barna spiser frokost om morgenen.","我明天要去看医生。 / 孩子们早上吃早餐。","沿用现有词库暂标；仍待逐词核验","现有应用词条；词头/词性/等级仍待整体验收"
"mormor","名词","A1","ei","NTNU LearnNoW; NorweigenLearn 当前词库","03C","3","ei mormor · mormora · mormødre · mormødrene / mormora, mormødre, mormødrene","外祖母；妈妈的妈妈","Mormor baker boller til barna. / Vi besøker mormødrene våre i helgen.","外婆给孩子们烤小圆面包。 / 这个周末我们去看各自的外婆们。","沿用现有词库暂标；仍待逐词核验","现有应用词条；词头/词性/等级仍待整体验收"
"morsom","形容词","A1","","NTNU LearnNoW; NorweigenLearn 当前词库","03A","3","morsom · morsomt · morsomme · morsommere · morsomst / morsomt, morsomme","有趣的；好笑的","Vi så en morsom film i går. / Det var et morsomt selskap.","我们昨天看了一部有趣的电影。 / 那是一次很有趣的聚会。","沿用现有词库暂标；仍待逐词核验","现有应用词条；词头/词性/等级仍待整体验收"
"møte","动词","A1","å","NTNU LearnNoW; NorweigenLearn 当前词库","03B","3","møte · møter · møtte · møtt / møter, møtte, har møtt","遇见；会见；迎接；面对（依结构）","Jeg møter en venn etter jobb. / Alle møtte opp i tide.","我下班后和一位朋友见面。 / 所有人都按时到场了。","沿用现有词库暂标；仍待逐词核验","现有应用词条；词头/词性/等级仍待整体验收"
"musikk","名词","A1","en","NTNU LearnNoW; NorweigenLearn 当前词库","03D","3","musikk · musikken / musikken (uncountable)","音乐（通常作不可数名词）","Jeg lytter til musikk på bussen. / Musikken fra filmen er veldig fin.","我在公交车上听音乐。 / 电影里的音乐很好听。","沿用现有词库暂标；仍待逐词核验","现有应用词条；词头/词性/等级仍待整体验收"
"nabo","名词","A1","en","NTNU LearnNoW; NorweigenLearn 当前词库","03B","3","en nabo · naboen · naboer · naboene / naboen, naboer, naboene","邻居","Jeg snakker norsk med naboen. / Naboene våre er hyggelige.","我和邻居说挪威语。 / 我们的邻居们很友好。","沿用现有词库暂标；仍待逐词核验","现有应用词条；词头/词性/等级仍待整体验收"
"nabohus","名词","A1","et","NTNU LearnNoW; NorweigenLearn 当前词库","03B","3","et nabohus · nabohuset · nabohus · nabohusene / nabohuset, nabohus, nabohusene","邻居家的房子；邻近的房屋","Det bor en familie i nabohuset. / Vi kan se fjellet fra nabohuset.","隔壁那栋房子里住着一家人。 / 从附近那栋房子可以看到山。","沿用现有词库暂标；仍待逐词核验","现有应用词条；词头/词性/等级仍待整体验收"
"oppvaskmaskin","名词","A1","en","NTNU LearnNoW; NorweigenLearn 当前词库","03C","3","en oppvaskmaskin · oppvaskmaskinen · oppvaskmaskiner · oppvaskmaskinene / oppvaskmaskinen, oppvaskmaskiner, oppvaskmaskinene","洗碗机","Jeg setter på oppvaskmaskinen etter middag. / Kan du tømme oppvaskmaskinen?","晚饭后我启动洗碗机。 / 你能把洗碗机里的餐具取出来吗？","沿用现有词库暂标；仍待逐词核验","现有应用词条；词头/词性/等级仍待整体验收"
"ordne","动词","A1","å","NTNU LearnNoW; NorweigenLearn 当前词库","03D","3","ordne · ordner · ordnet / ordna · ordnet / ordna / ordner, ordnet, har ordnet","整理；安排；处理；解决","Jeg ordner rommet før gjestene kommer. / Kan du ordne en time hos legen?","客人来之前我整理房间。 / 你能帮忙约一个医生的时间吗？","沿用现有词库暂标；仍待逐词核验","现有应用词条；词头/词性/等级仍待整体验收"
"plass","名词","A1","en","NTNU LearnNoW; NorweigenLearn 当前词库","03C","3","en plass · plassen · plasser · plassene / plassen, plasser, plassene","位置；座位；空间；地方","Er det plass til en stol her? / Vi fant to ledige plasser på toget.","这里还能放一把椅子吗？ / 我们在火车上找到两个空位。","沿用现有词库暂标；仍待逐词核验","现有应用词条；词头/词性/等级仍待整体验收"
"riktig","形容词","A1","","NTNU LearnNoW; NorweigenLearn 当前词库","03B","3","riktig · riktig · riktige · riktigere · riktigst / riktig, riktige","正确的；合适的；恰当的","Er dette riktig adresse? / Du må velge riktig størrelse.","这是正确的地址吗？ / 你得选合适的尺码。","沿用现有词库暂标；仍待逐词核验","现有应用词条；词头/词性/等级仍待整体验收"
"ringe","动词","A1","å","NTNU LearnNoW; NorweigenLearn 当前词库","03C","3","ringe · ringer · ringte · ringt / ringer, ringte, har ringt","打电话给；按铃；响铃","Jeg ringer til legen etter lunsj. / Det ringte på døra mens jeg lagde mat.","我午饭后给医生打电话。 / 我做饭时有人按门铃了。","沿用现有词库暂标；仍待逐词核验","现有应用词条；词头/词性/等级仍待整体验收"
"rom","名词","A1","et","NTNU LearnNoW; NorweigenLearn 当前词库","03D","3","et rom · rommet · rom · rommene / rommet, rom, rommene","房间；空间；（旅馆）客房","Barna deler et rom. / Rommene er lyse og store.","孩子们共用一间房。 / 这些房间明亮又宽敞。","沿用现有词库暂标；仍待逐词核验","现有应用词条；词头/词性/等级仍待整体验收"
"rundt","介词","A1","","NTNU LearnNoW; NorweigenLearn 当前词库","03A","3","rundt","围绕；在……周围；大约","Vi går rundt innsjøen. / Hun kommer rundt klokka seks.","我们沿着湖边走。 / 她大约六点来。","沿用现有词库暂标；仍待逐词核验","现有应用词条；词头/词性/等级仍待整体验收"
"salongbord","名词","A1","et","NTNU LearnNoW; NorweigenLearn 当前词库","03C","3","et salongbord · salongbordet · salongbord · salongbordene / salongbordet, salongbord, salongbordene","茶几；客厅矮桌","Fjernkontrollen ligger på salongbordet. / Vi fant et brukt salongbord på nettet.","遥控器放在茶几上。 / 我们在网上找到一张二手茶几。","沿用现有词库暂标；仍待逐词核验","现有应用词条；词头/词性/等级仍待整体验收"
"seng","名词","A1","ei","NTNU LearnNoW; NorweigenLearn 当前词库","03D","3","ei seng · senga · senger · sengene / senga, senger, sengene","床","Barnet sover i senga si. / Vi trenger to nye senger.","孩子睡在自己的床上。 / 我们需要两张新床。","沿用现有词库暂标；仍待逐词核验","现有应用词条；词头/词性/等级仍待整体验收"
"si","动词","A1","å","NTNU LearnNoW; NorweigenLearn 当前词库","03A; 09A","3","si · sier · sa · sagt / sier, sa, har sagt","说；告诉；表达（说出内容）","Kan du si navnet ditt en gang til? / Hun sa fra at hun ble forsinket.","你能再说一遍你的名字吗？ / 她通知说自己会迟到。","沿用现有词库暂标；仍待逐词核验","现有应用词条；词头/词性/等级仍待整体验收"
"sjåfør","名词","A1","en","NTNU LearnNoW; NorweigenLearn 当前词库","03B","3","en sjåfør · sjåføren · sjåfører · sjåførene / sjåføren, sjåfører, sjåførene","司机；驾驶员","Sjåføren åpner døra for passasjerene. / Jeg spør sjåføren hvor bussen stopper.","司机为乘客打开车门。 / 我问司机公交车在哪里停。","沿用现有词库暂标；仍待逐词核验","现有应用词条；词头/词性/等级仍待整体验收"
"skap","名词","A1","et","NTNU LearnNoW; NorweigenLearn 当前词库","03D","3","et skap · skapet · skap · skapene / skapet, skap, skapene","柜子；橱柜；衣柜（泛称）","Glassene står i skapet. / Vi trenger et større skap til klærne.","玻璃杯放在橱柜里。 / 我们需要一个更大的衣柜放衣服。","沿用现有词库暂标；仍待逐词核验","现有应用词条；词头/词性/等级仍待整体验收"
"skjørt","名词","A1","et","NTNU LearnNoW; NorweigenLearn 当前词库","03D","3","et skjørt · skjørtet · skjørt / skjørter · skjørtene / skjørtet, skjørt, skjørtene","裙子；半身裙","Hun har på seg et svart skjørt. / Skjørtene henger i skapet.","她穿着一条黑色裙子。 / 那些裙子挂在衣柜里。","沿用现有词库暂标；仍待逐词核验","现有应用词条；词头/词性/等级仍待整体验收"
"sko","名词","A1","en","NTNU LearnNoW; NorweigenLearn 当前词库","03D","3","en sko · skoen · sko · skoene / skoen, sko, skoene","鞋；一只鞋","Hvor er skoene mine? / Han har kjøpt nye sko.","我的鞋在哪里？ / 他买了新鞋。","沿用现有词库暂标；仍待逐词核验","现有应用词条；词头/词性/等级仍待整体验收"
"skole","名词","A1","en","NTNU LearnNoW; NorweigenLearn 当前词库","03A","3","en skole · skolen · skoler · skolene / skolen, skoler, skolene","学校；上学/学校教育（依搭配）","Barna går på skole i nærheten av huset. / Skolen begynner klokka åtte.","孩子们在房子附近的学校上学。 / 学校八点开始上课。","沿用现有词库暂标；仍待逐词核验","现有应用词条；词头/词性/等级仍待整体验收"
"skrivebord","名词","A1","et","NTNU LearnNoW; NorweigenLearn 当前词库","03D","3","et skrivebord · skrivebordet · skrivebord · skrivebordene / skrivebordet, skrivebord, skrivebordene","书桌；写字台；办公桌","Leksene ligger på skrivebordet. / Jeg kjøpte et nytt skrivebord til hjemmekontoret.","作业放在书桌上。 / 我给家庭办公室买了一张新书桌。","沿用现有词库暂标；仍待逐词核验","现有应用词条；词头/词性/等级仍待整体验收"
"skulle","动词","A1","å","NTNU LearnNoW; NorweigenLearn 当前词库","03A","3","skal, skulle, har skullet / skulle · skal · skulle · skullet","将要；应该；过去曾打算/需要（依语境）","Jeg skal besøke søsteren min i morgen. / Hun sa at hun skulle ringe.","我明天要去看望妹妹。 / 她说她会打电话。","沿用现有词库暂标；仍待逐词核验","现有应用词条；词头/词性/等级仍待整体验收"
"smile","动词","A1","å","NTNU LearnNoW; NorweigenLearn 当前词库","03A","3","smile · smiler · smilte · smilt / smiler, smilte, har smilt","微笑；面带笑容","Hun smiler til naboen. / Han smilte da han så bildet.","她对邻居微笑。 / 他看到照片时笑了。","沿用现有词库暂标；仍待逐词核验","现有应用词条；词头/词性/等级仍待整体验收"
"sminke","名词","A1","en","NTNU LearnNoW; NorweigenLearn 当前词库","03D","3","ei sminke · sminka · sminker · sminkene / sminken, sminker, sminkene","化妆品；妆容（名词义）","Hun bruker lite sminke til hverdags. / Skuespilleren tok av seg sminken etter forestillingen.","她平时很少化妆 / 用化妆品。 / 演出结束后，演员卸了妆。","沿用现有词库暂标；仍待逐词核验","现有应用词条；词头/词性/等级仍待整体验收"
"snart","副词","A1","","NTNU LearnNoW; NorweigenLearn 当前词库","03C","3","snart / snart, snare","很快；不久；马上","Bussen kommer snart. / Jeg er snart ferdig med leksene.","公交车很快就到。 / 我很快就做完作业了。","沿用现有词库暂标；仍待逐词核验","现有应用词条；词头/词性/等级仍待整体验收"
"sofa","名词","A1","en","NTNU LearnNoW; NorweigenLearn 当前词库","03C","3","en sofa · sofaen · sofaer · sofaene / sofaen, sofaer, sofaene","沙发","Katten sover på sofaen. / Vi kjøpte en ny sofa til stua.","猫在沙发上睡觉。 / 我们给客厅买了一张新沙发。","沿用现有词库暂标；仍待逐词核验","现有应用词条；词头/词性/等级仍待整体验收"
"soverom","名词","A1","et","NTNU LearnNoW; NorweigenLearn 当前词库","03C","3","et soverom · soverommet · soverom · soverommene / soveromet, soverom, soverommene","卧室；睡觉的房间","Barna har hvert sitt soverom. / Det står en seng på soverommet.","孩子们各自有自己的卧室。 / 卧室里有一张床。","沿用现有词库暂标；仍待逐词核验","现有应用词条；词头/词性/等级仍待整体验收"
"speil","名词","A1","et","NTNU LearnNoW; NorweigenLearn 当前词库","03D","3","et speil · speilet · speil · speilene / speilet, speil, speilene","镜子","Hun ser seg i speilet før hun går. / Vi henger et speil i gangen.","她出门前照了照镜子。 / 我们在走廊里挂了一面镜子。","沿用现有词库暂标；仍待逐词核验","现有应用词条；词头/词性/等级仍待整体验收"
"spise","动词","A1","å","NTNU LearnNoW; NorweigenLearn 当前词库","03A; 07A","3","spise · spiser · spiste · spist / spiser, spiste, har spist","吃；用餐","Vi spiser middag klokka fem. / Han spiste opp all maten.","我们五点吃晚饭。 / 他把所有食物都吃完了。","沿用现有词库暂标；仍待逐词核验","现有应用词条；词头/词性/等级仍待整体验收"
"spisebord","名词","A1","et","NTNU LearnNoW; NorweigenLearn 当前词库","03C","3","et spisebord · spisebordet · spisebord · spisebordene / spisebordet, spisebord, spisebordene","餐桌；饭桌","Vi dekker spisebordet før middagen. / Hele familien sitter rundt spisebordet.","晚饭前我们摆好餐桌。 / 全家人围坐在餐桌旁。","沿用现有词库暂标；仍待逐词核验","现有应用词条；词头/词性/等级仍待整体验收"
"spørre","动词","A1","å","NTNU LearnNoW; NorweigenLearn 当前词库","03C; 07D; 08D","3","spør, spurte, har spurt / spørre · spør · spurte · spurt","问；询问","Jeg vil spørre læreren om leksene. / Hun spurte etter veien til stasjonen.","我想问老师作业的事。 / 她打听去车站的路。","沿用现有词库暂标；仍待逐词核验","现有应用词条；词头/词性/等级仍待整体验收"
"stol","名词","A1","en","NTNU LearnNoW; NorweigenLearn 当前词库","03B","3","en stol · stolen · stoler · stolene / stolen, stoler, stolene","椅子；座椅","Det står en stol ved bordet. / Stolene er nye.","桌子旁边有一把椅子。 / 这些椅子是新的。","沿用现有词库暂标；仍待逐词核验","现有应用词条；词头/词性/等级仍待整体验收"
"stoppe","动词","A1","å","NTNU LearnNoW; NorweigenLearn 当前词库","03B","3","stoppe · stopper · stoppet · stoppet / stopper, stoppet, har stoppet","停下；停止；让……停下","Bussen stopper ved skolen. / Han stoppet bilen foran huset.","公交车在学校旁停靠。 / 他把车停在房子前面。","沿用现有词库暂标；仍待逐词核验","现有应用词条；词头/词性/等级仍待整体验收"
"stor","形容词","A1","","NTNU LearnNoW; NorweigenLearn 当前词库","03C","3","stor · stort · store · større · størst / største / stort, store","大；大的","De bor i et stort hus. / Denne bilen er større enn den gamle.","他们住在一栋大房子里。 / 这辆车比那辆旧车大。","沿用现有词库暂标；仍待逐词核验","现有应用词条；词头/词性/等级仍待整体验收"
"stue","名词","A1","ei","NTNU LearnNoW; NorweigenLearn 当前词库","03C","3","ei stue · stua · stuer · stuene / stua, stuer, stuene","客厅；起居室","Vi sitter i stua og ser på TV. / Leiligheten har ei lys stue.","我们坐在客厅里看电视。 / 这套公寓有一个明亮的客厅。","沿用现有词库暂标；仍待逐词核验","现有应用词条；词头/词性/等级仍待整体验收"
"synge","动词","A1","å","NTNU LearnNoW; NorweigenLearn 当前词库","03D","3","synge · synger · sang · sunget / synger, sang, har sunget","唱；唱歌","Barna synger en sang i barnehagen. / Vi sang sammen på festen.","孩子们在幼儿园唱一首歌。 / 我们在聚会上一起唱歌。","沿用现有词库暂标；仍待逐词核验","现有应用词条；词头/词性/等级仍待整体验收"
"telefon","名词","A1","en","NTNU LearnNoW; NorweigenLearn 当前词库","03C","3","en telefon · telefonen · telefoner · telefonene / telefonen, telefoner, telefonene","电话；手机","Telefonen min ligger på kjøkkenet. / Jeg ringer deg senere.","我的手机在厨房。 / 我晚些时候给你打电话。","沿用现有词库暂标；仍待逐词核验","现有应用词条；词头/词性/等级仍待整体验收"
"tenke","动词","A1","å","NTNU LearnNoW; NorweigenLearn 当前词库","03A","3","tenke · tenker · tenkte · tenkt / tenker, tenkte, har tenkt","想；思考；打算；认为（依结构）","Jeg tenker på familien min. / Hun tenkte at bussen kom klokka åtte.","我在想我的家人。 / 她以为公交车八点到。","沿用现有词库暂标；仍待逐词核验","现有应用词条；词头/词性/等级仍待整体验收"
"tirsdag","名词","A1","en","NTNU LearnNoW; NorweigenLearn 当前词库","03C","3","en tirsdag · tirsdagen · tirsdager · tirsdagene / tirsdagen, tirsdager, tirsdagene","星期二；一个星期二","Vi har norskkurs på tirsdag. / Hun trener på tirsdager.","我们星期二有挪威语课。 / 她每周二锻炼。","沿用现有词库暂标；仍待逐词核验","现有应用词条；词头/词性/等级仍待整体验收"
"trapp","名词","A1","ei","NTNU LearnNoW; NorweigenLearn 当前词库","03C","3","ei trapp · trappa · trapper · trappene / trappa, trapper, trappene","楼梯；一段楼梯；台阶","Han går opp trappa til andre etasje. / Barna sitter i trappa.","他走楼梯上到二楼。 / 孩子们坐在楼梯上。","沿用现有词库暂标；仍待逐词核验","现有应用词条；词头/词性/等级仍待整体验收"
"undertøy","名词","A1","et","NTNU LearnNoW; NorweigenLearn 当前词库","03D","3","undertøy · undertøyet / undertøyet, undertøy, undertøyene","内衣；贴身衣物（通常作集合/不可数用法）","Jeg pakker undertøy til helgeturen. / Undertøyet ligger i den øverste skuffen.","我在为周末旅行收拾内衣。 / 内衣放在最上面的抽屉里。","沿用现有词库暂标；仍待逐词核验","现有应用词条；词头/词性/等级仍待整体验收"
"ut","副词","A1","","NTNU LearnNoW; NorweigenLearn 当前词库","03B","3","ut","出去；向外；外面（方向）","Barna går ut for å leke. / Kan du ta søpla ut?","孩子们出去玩。 / 你能把垃圾拿出去吗？","沿用现有词库暂标；仍待逐词核验","现有应用词条；词头/词性/等级仍待整体验收"
"utenfor","介词","A1","","NTNU LearnNoW; NorweigenLearn 当前词库","03B","3","utenfor","在……外面；在……之外","Det står en sykkel utenfor døra. / Vi venter utenfor legekontoret.","门外有一辆自行车。 / 我们在医生诊所外面等。","沿用现有词库暂标；仍待逐词核验","现有应用词条；词头/词性/等级仍待整体验收"
"våken","形容词","A1","","NTNU LearnNoW; NorweigenLearn 当前词库","03A","3","våken · våkent · våkne / våkent, våkne","醒着的；清醒的；警觉的","Babyen er våken nå. / Barna var våkne hele natta.","宝宝现在醒着。 / 孩子们整晚都醒着。","沿用现有词库暂标；仍待逐词核验","现有应用词条；词头/词性/等级仍待整体验收"
"våkne","动词","A1","å","NTNU LearnNoW; NorweigenLearn 当前词库","03A","3","våkne · våkner · våknet · våknet / våkner, våknet, har våknet","醒来；醒过来（主语自己醒）","Jeg våkner vanligvis klokka seks. / Hun våknet av telefonen.","我通常六点醒。 / 她被电话声吵醒了。","沿用现有词库暂标；仍待逐词核验","现有应用词条；词头/词性/等级仍待整体验收"
"vaske","动词","A1","å","NTNU LearnNoW; NorweigenLearn 当前词库","03C","3","vaske · vasker · vasket · vasket / vasker, vasket, har vasket","洗；清洗；打扫","Jeg vasker hendene før maten. / Vi vasket kjøkkenet i går.","吃饭前我洗手。 / 我们昨天打扫了厨房。","沿用现有词库暂标；仍待逐词核验","现有应用词条；词头/词性/等级仍待整体验收"
"vaskemaskin","名词","A1","en","NTNU LearnNoW; NorweigenLearn 当前词库","03C","3","en vaskemaskin · vaskemaskinen · vaskemaskiner · vaskemaskinene / vaskemaskinen, vaskemaskiner, vaskemaskinene","洗衣机","Jeg setter på vaskemaskinen før jeg legger meg. / Vaskemaskinen står på badet.","我睡觉前启动洗衣机。 / 洗衣机放在浴室里。","沿用现有词库暂标；仍待逐词核验","现有应用词条；词头/词性/等级仍待整体验收"
"ved","介词","A1","","NTNU LearnNoW; NorweigenLearn 当前词库","03D","3","ved","在……旁边；靠近；在……处；通过/借助（依搭配）","Vi møtes ved inngangen. / Hun lærte norsk ved hjelp av en app.","我们在入口处碰面。 / 她借助一个应用学习挪威语。","沿用现有词库暂标；仍待逐词核验","现有应用词条；词头/词性/等级仍待整体验收"
"vegg","名词","A1","en","NTNU LearnNoW; NorweigenLearn 当前词库","03D","3","en vegg · veggen · vegger · veggene / veggen, vegger, veggene","墙；墙壁","Bildet henger på veggen. / Vi maler veggene hvite.","画挂在墙上。 / 我们把墙刷成白色。","沿用现有词库暂标；仍待逐词核验","现有应用词条；词头/词性/等级仍待整体验收"
"venn","名词","A1","en","NTNU LearnNoW; NorweigenLearn 当前词库","03A","3","en venn · vennen · venner · vennene / vennen, venner, vennene","朋友（阳性形式；泛指朋友）","Hun er en god venn av meg. / Vi møtte vennene våre på kafé.","她是我的一位好朋友。 / 我们在咖啡馆见到了朋友们。","沿用现有词库暂标；仍待逐词核验","现有应用词条；词头/词性/等级仍待整体验收"
"ville","动词","A1","å","NTNU LearnNoW; NorweigenLearn 当前词库","03C","3","vil, ville, har villet / ville · vil · ville · villet","想要；愿意；将会/会（依语境）","Jeg vil gjerne snakke bedre norsk. / Vi ville kjøpe bil, men ventet.","我很想把挪威语说得更好。 / 我们当时想买车，但后来等了等。","沿用现有词库暂标；仍待逐词核验","现有应用词条；词头/词性/等级仍待整体验收"
"vindu","名词","A1","et","NTNU LearnNoW; NorweigenLearn 当前词库","03D","3","et vindu · vinduet · vinduer · vinduene / vinduet, vinduer, vinduene","窗户","Kan du åpne vinduet? / Leiligheten har store vinduer.","你能把窗户打开吗？ / 公寓有大窗户。","沿用现有词库暂标；仍待逐词核验","现有应用词条；词头/词性/等级仍待整体验收"
"banan","名词","A1","en","NTNU LearnNoW; NTNU NoW1; NorweigenLearn 当前词库","04K; 05D","4","bananen, bananer, bananene / en banan · bananen · bananer · bananene","香蕉","Jeg spiser en banan etter trening. / Bananene er modne nå.","我训练后吃一根香蕉。 / 香蕉现在熟了。","沿用现有词库暂标；仍待逐词核验","现有应用词条；词头/词性/等级仍待整体验收"
"barn","名词","A1","et","NTNU LearnNoW; NTNU NoW1; NorweigenLearn 当前词库","04B; 07A","4","barnet, barn, barna / et barn · barnet · barn · barna","孩子；儿童；儿女","De har to barn. / Barna leker ute.","他们有两个孩子。 / 孩子们在外面玩。","沿用现有词库暂标；仍待逐词核验","现有应用词条；词头/词性/等级仍待整体验收"
"begynne","动词","A1","å","NTNU LearnNoW; NTNU NoW1; NorweigenLearn 当前词库","04A; 04M","4","begynne · begynner · begynte · begynt / begynner, begynte, har begynt","开始；着手","Kurset begynner klokka ni. / Hun begynte å lære norsk i fjor.","课程九点开始。 / 她去年开始学挪威语。","沿用现有词库暂标；仍待逐词核验","现有应用词条；词头/词性/等级仍待整体验收"
"bestemme","动词","A1","å","NTNU LearnNoW; NTNU NoW1; NorweigenLearn 当前词库","04M; 08B","4","bestemme · bestemmer · bestemte · bestemt / bestemmer, bestemte, har bestemt","决定；确定；规定","Vi bestemmer oss for å ta toget. / Hun bestemte datoen for møtet.","我们决定坐火车。 / 她确定了会议日期。","沿用现有词库暂标；仍待逐词核验","现有应用词条；词头/词性/等级仍待整体验收"
"bok","名词","A1","ei","NTNU LearnNoW; NTNU NoW1; NorweigenLearn 当前词库","04M; 08A","4","boka, bøker, bøkene / ei bok · boka · bøker · bøkene","书；书籍","Jeg leser ei bok på norsk hver kveld. / Bøkene ligger på bordet.","我每天晚上读一本挪威语书。 / 那些书放在桌子上。","沿用现有词库暂标；仍待逐词核验","现有应用词条；词头/词性/等级仍待整体验收"
"butikk","名词","A1","en","NTNU LearnNoW; NTNU NoW1; NorweigenLearn 当前词库","04A","4","butikken, butikker, butikkene / en butikk · butikken · butikker · butikkene","商店；店铺","Jeg går på butikken etter jobb. / Butikken stenger klokka åtte.","我下班后去商店。 / 商店八点关门。","沿用现有词库暂标；仍待逐词核验","现有应用词条；词头/词性/等级仍待整体验收"
"dusje","动词","A1","å","NTNU LearnNoW; NTNU NoW1; NorweigenLearn 当前词库","04B; 06K","4","dusje · dusjer · dusjet · dusjet / dusjer, dusjet, har dusjet","淋浴；洗淋浴；给……冲澡","Jeg dusjer etter trening. / Barna dusjet før de la seg.","我训练后洗澡。 / 孩子们睡前洗了澡。","沿用现有词库暂标；仍待逐词核验","现有应用词条；词头/词性/等级仍待整体验收"
"eple","名词","A1","et","NTNU LearnNoW; NTNU NoW1; NorweigenLearn 当前词库","04K; 05B","4","eplet, epler, eplene / et eple · eplet · epler · eplene","苹果","Barnet spiser et eple. / Eplene ligger i kjøleskapet.","孩子在吃一个苹果。 / 苹果在冰箱里。","沿用现有词库暂标；仍待逐词核验","现有应用词条；词头/词性/等级仍待整体验收"
"forelder","名词","A1","en","NTNU LearnNoW; NTNU NoW1; NorweigenLearn 当前词库","04D; 07A","4","en forelder · forelderen · foreldre · foreldrene / forelderen, foreldre, foreldrene","父亲或母亲；家长","En forelder må signere skjemaet. / Foreldrene mine bor i Norge.","一位家长必须在表格上签字。 / 我的父母住在挪威。","沿用现有词库暂标；仍待逐词核验","现有应用词条；词头/词性/等级仍待整体验收"
"fortelle","动词","A1","å","NTNU LearnNoW; NTNU NoW1; NorweigenLearn 当前词库","04P; 07B","4","fortelle · forteller · fortalte · fortalt / forteller, fortalte, har fortalt","讲述；告诉","Kan du fortelle meg hva som skjedde? / Bestefar fortalte en morsom historie.","你能告诉我发生了什么吗？ / 爷爷讲了一个有趣的故事。","沿用现有词库暂标；仍待逐词核验","现有应用词条；词头/词性/等级仍待整体验收"
"fotball","名词","A1","en","NTNU LearnNoW; NTNU NoW1; NorweigenLearn 当前词库","04A; 06M","4","en fotball · fotballen · fotballer · fotballene / fotballen, fotballer, fotballene","足球；足球运动","Sønnen min spiller fotball hver tirsdag. / Fotballen ligger i hagen.","我儿子每周二踢足球。 / 足球在花园里。","沿用现有词库暂标；仍待逐词核验","现有应用词条；词头/词性/等级仍待整体验收"
"gave","名词","A1","en","NTNU LearnNoW; NTNU NoW1; NorweigenLearn 当前词库","04C; 10B","4","en gave · gaven · gaver · gavene / gaven, gaver, gavene","礼物；赠品（不是英语 gift 的“毒品”义）","Jeg kjøpte en gave til mamma. / Barna åpnet gavene etter middagen.","我给妈妈买了一份礼物。 / 孩子们晚饭后打开了礼物。","沿用现有词库暂标；仍待逐词核验","现有应用词条；词头/词性/等级仍待整体验收"
"genser","名词","A1","en","NTNU LearnNoW; NTNU NoW1; NorweigenLearn 当前词库","04A; 12A","4","en genser · genseren · gensere · genserne / genseren, gensere, genserne","毛衣；套头衫；针织衫","Ta på deg en varm genser, det er kaldt. / Genseren min er blå.","穿上一件暖和的毛衣，天气很冷。 / 我的毛衣是蓝色的。","沿用现有词库暂标；仍待逐词核验","现有应用词条；词头/词性/等级仍待整体验收"
"gi","动词","A1","å","NTNU LearnNoW; NTNU NoW1; NorweigenLearn 当前词库","04A; 07A","4","gi · gir · ga · gitt / gir, ga, har gitt","给；递给；提供；造成（依语境）","Jeg gir naboen en nøkkel. / Hun ga meg beskjed i går.","我给邻居一把钥匙。 / 她昨天通知了我。","沿用现有词库暂标；仍待逐词核验","现有应用词条；词头/词性/等级仍待整体验收"
"handle","动词","A1","å","NTNU LearnNoW; NTNU NoW1; NorweigenLearn 当前词库","04K; 05C","4","handle · handler · handlet · handlet / handler, handlet, har handlet","购物；买东西；处理/经营（依语境）","Jeg handler mat på butikken etter jobb. / Vi handlet alt til festen i går.","我下班后去商店买食物。 / 我们昨天买齐了聚会需要的东西。","沿用现有词库暂标；仍待逐词核验","现有应用词条；词头/词性/等级仍待整体验收"
"invitere","动词","A1","å","NTNU LearnNoW; NTNU NoW1; NorweigenLearn 当前词库","04P; 11A","4","invitere · inviterer · inviterte · invitert / inviterer, inviterte, har invitert","邀请；请……参加/到访","Vi inviterer naboene til middag på lørdag. / Hun inviterte meg hjem på kaffe.","我们邀请邻居星期六来吃晚饭。 / 她邀请我去她家喝咖啡。","沿用现有词库暂标；仍待逐词核验","现有应用词条；词头/词性/等级仍待整体验收"
"kake","名词","A1","ei","NTNU LearnNoW; NTNU NoW1; NorweigenLearn 当前词库","04M; 06D","4","ei kake · kaka · kaker · kakene / kaka, kaker, kakene","蛋糕；糕点；一块蛋糕（依语境）","Jeg baker en kake til fødselsdagen. / Kaka står på bordet.","我为生日烤一个蛋糕。 / 蛋糕放在桌子上。","沿用现有词库暂标；仍待逐词核验","现有应用词条；词头/词性/等级仍待整体验收"
"kakestykke","名词","A1","et","NTNU LearnNoW; NTNU NoW1; NorweigenLearn 当前词库","04M; 06D","4","et kakestykke · kakestykket · kakestykker · kakestykkene / kakestykket, kakestykker, kakestykkene","一块蛋糕；一份切下来的蛋糕","Vil du ha et kakestykke til kaffen? / Kakestykkene står på kjøkkenbordet.","你想来一块蛋糕配咖啡吗？ / 那些蛋糕块放在厨房桌上。","沿用现有词库暂标；仍待逐词核验","现有应用词条；词头/词性/等级仍待整体验收"
"kasse","名词","A1","ei","NTNU LearnNoW; NTNU NoW1; NorweigenLearn 当前词库","04K; 05C","4","ei kasse · kassa · kasser · kassene / kassa, kasser, kassene","箱子；收银台/收银处；一箱（依语境）","Jeg betaler i kassa. / Eplene ligger i ei kasse.","我在收银台付款。 / 苹果装在一个箱子里。","沿用现有词库暂标；仍待逐词核验","现有应用词条；词头/词性/等级仍待整体验收"
"klasse","名词","A1","en","NTNU LearnNoW; NTNU NoW1; NorweigenLearn 当前词库","04D; 07B","4","en klasse · klassen · klasser · klassene / klassen, klasser, klassene","班级；年级；课堂；类别（依语境）","Datteren min går i tredje klasse. / Hele klassen skal på tur.","我女儿读三年级。 / 全班要一起去郊游。","沿用现有词库暂标；仍待逐词核验","现有应用词条；词头/词性/等级仍待整体验收"
"klem","名词","A1","en","NTNU LearnNoW; NTNU NoW1; NorweigenLearn 当前词库","04A; 08B","4","en klem · klemmen · klemmer · klemmene / klemmen, klemmer, klemmene","拥抱；搂抱（友好或亲昵的拥抱）","Bestemor gir barnebarnet en klem. / Hun fikk en varm klem av venninnen.","奶奶拥抱了孙子 / 孙女。 / 她得到了女友一个温暖的拥抱。","沿用现有词库暂标；仍待逐词核验","现有应用词条；词头/词性/等级仍待整体验收"
"klesbutikk","名词","A1","en","NTNU LearnNoW; NTNU NoW1; NorweigenLearn 当前词库","04A; 06C","4","en klesbutikk · klesbutikken · klesbutikker · klesbutikkene / klesbutikken, klesbutikker, klesbutikkene","服装店；卖衣服的商店","Jeg fant en varm jakke i klesbutikken. / Det ligger flere klesbutikker i sentrum.","我在服装店找到一件暖和的外套。 / 市中心有好几家服装店。","沿用现有词库暂标；仍待逐词核验","现有应用词条；词头/词性/等级仍待整体验收"
"kontor","名词","A1","et","NTNU LearnNoW; NTNU NoW1; NorweigenLearn 当前词库","04B; 06K","4","et kontor · kontoret · kontorer · kontorene / kontoret, kontorer, kontorene","办公室；办公处；办事处","Lederen sitter på kontoret sitt. / Kommunen har et kontor i sentrum.","经理在自己的办公室里。 / 市政府在市中心有一个办事处。","沿用现有词库暂标；仍待逐词核验","现有应用词条；词头/词性/等级仍待整体验收"
"allerede","副词","A1","","NTNU LearnNoW; NorweigenLearn 当前词库","04B","4","allerede","已经；早已","Jeg har allerede spist frokost. / Er klokka allerede åtte?","我已经吃过早饭了。 / 已经八点了吗？","沿用现有词库暂标；仍待逐词核验","现有应用词条；词头/词性/等级仍待整体验收"
"åpne","动词","A1","å","NTNU LearnNoW; NorweigenLearn 当前词库","04C","4","åpne · åpner · åpnet · åpnet / åpner, åpnet, har åpnet","打开；开门；开办/营业","Kan du åpne vinduet litt? / Butikken åpner klokka ni på lørdag.","你能把窗户打开一点吗？ / 商店星期六九点开门营业。","沿用现有词库暂标；仍待逐词核验","现有应用词条；词头/词性/等级仍待整体验收"
"august","名词","A1","","NTNU LearnNoW; NorweigenLearn 当前词库","04C","4","august","八月","Skolen begynner igjen i august. / Vi skal reise til Bergen i august.","学校八月份重新开学。 / 我们八月份要去卑尔根。","沿用现有词库暂标；仍待逐词核验","现有应用词条；词头/词性/等级仍待整体验收"
"bagett","名词","A1","en","NTNU NoW1; NorweigenLearn 当前词库","04M","4","en bagett · bagetten · bagetter · bagettene","法棍；长形法式面包","Jeg kjøper en bagett til lunsj. / Bagettene ligger ved siden av brødet.","我买一条法棍当午餐。 / 法棍放在面包旁边。","沿用现有词库暂标；仍待逐词核验","现有应用词条；词头/词性/等级仍待整体验收"
"bakeri","名词","A1","et","NTNU NoW1; NorweigenLearn 当前词库","04M","4","et bakeri · bakeriet · bakerier · bakeriene","面包店；烘焙坊","Vi kjøper rundstykker på bakeriet. / Det åpner et nytt bakeri i gata.","我们在面包店买小圆面包。 / 街上要开一家新面包店。","沿用现有词库暂标；仍待逐词核验","现有应用词条；词头/词性/等级仍待整体验收"
"banke","动词","A1","å","NTNU NoW1; NorweigenLearn 当前词库","04M","4","banke · banker · banket · banket","敲；叩；敲打","Det banker på døra. / Hun banket forsiktig på vinduet.","有人在敲门。 / 她轻轻敲了敲窗户。","沿用现有词库暂标；仍待逐词核验","现有应用词条；词头/词性/等级仍待整体验收"
"bekreftelse","名词","A1","en","NTNU NoW1; NorweigenLearn 当前词库","04P","4","en bekreftelse · bekreftelsen · bekreftelser · bekreftelsene","确认；确认信息；确认函/凭证","Jeg fikk en bekreftelse på e-post. / Ta med bekreftelsen til timen.","我通过电子邮件收到了一份确认通知。 / 去预约时把确认凭证带上。","沿用现有词库暂标；仍待逐词核验","现有应用词条；词头/词性/等级仍待整体验收"
"bokhandel","名词","A1","en","NTNU NoW1; NorweigenLearn 当前词库","04M","4","en bokhandel · bokhandelen · bokhandler · bokhandlene","书店","Jeg kjøper en norsk ordbok i bokhandelen. / Bokhandelen ligger ved siden av kafeen.","我在书店买一本挪威语词典。 / 书店在咖啡馆旁边。","沿用现有词库暂标；仍待逐词核验","现有应用词条；词头/词性/等级仍待整体验收"
"bolle","名词","A1","ei","NTNU NoW1; NorweigenLearn 当前词库","04K","4","ei bolle · bolla · boller · bollene","小圆面包；甜面包；一碗（依语境）","Jeg kjøper en kanelbolle til kaffen. / Hun spiser suppe fra ei bolle.","我买一个肉桂小圆面包配咖啡。 / 她用碗喝汤。","沿用现有词库暂标；仍待逐词核验","现有应用词条；词头/词性/等级仍待整体验收"
"brev","名词","A1","et","NTNU NoW1; NorweigenLearn 当前词库","04P","4","et brev · brevet · brev · brevene","信；信件；书面通知","Jeg skriver et brev til bestemor. / Brevet kom i posten i går.","我给外婆写一封信。 / 这封信昨天邮寄到了。","沿用现有词库暂标；仍待逐词核验","现有应用词条；词头/词性/等级仍待整体验收"
"brødhylle","名词","A1","ei","NTNU NoW1; NorweigenLearn 当前词库","04K","4","ei brødhylle · brødhylla · brødhyller · brødhyllene","面包货架；放面包的架子","Det står ferske rundstykker på brødhylla. / Jeg fant grovbrød på den nederste brødhylla.","面包架上放着新鲜的小圆面包。 / 我在最下面的面包架上找到了全麦面包。","沿用现有词库暂标；仍待逐词核验","现有应用词条；词头/词性/等级仍待整体验收"
"da","副词","A1","","NTNU LearnNoW; NorweigenLearn 当前词库","04D","4","da","那时；当时；那么；于是（依上下文）","Da bodde jeg i en liten leilighet. / Hvis du er ferdig, kan vi da gå.","那时我住在一间小公寓里。 / 如果你准备好了，那么我们就可以走了。","沿用现有词库暂标；仍待逐词核验","现有应用词条；词头/词性/等级仍待整体验收"
"dyne","名词","A1","ei","NTNU NoW1; NorweigenLearn 当前词库","04M","4","ei dyne · dyna · dyner · dynene","被子；羽绒被/棉被（盖在身上的被芯）","Jeg legger et rent dynetrekk på dyna. / Katten ligger under dyna.","我给被子套上干净的被套。 / 猫躺在被子下面。","沿用现有词库暂标；仍待逐词核验","现有应用词条；词头/词性/等级仍待整体验收"
"fin","形容词","A1","","NTNU LearnNoW; NorweigenLearn 当前词库","04B","4","fin · fint · fine · finere · finest / fint, fine","漂亮的；好的；不错的；愉快的（依语境）","Det er en fin dag i dag. / De har et fint hus nær sjøen.","今天天气真好。 / 他们在海边有一栋漂亮的房子。","沿用现有词库暂标；仍待逐词核验","现有应用词条；词头/词性/等级仍待整体验收"
"fødselsdag","名词","A1","en","NTNU LearnNoW; NorweigenLearn 当前词库","04C","4","en fødselsdag · fødselsdagen · fødselsdager · fødselsdagene / fødselsdagen, fødselsdager, fødselsdagene","生日；出生纪念日","Datteren min har fødselsdag i mai. / Vi feiret fødselsdagen hennes hjemme.","我女儿五月过生日。 / 我们在家给她庆祝了生日。","沿用现有词库暂标；仍待逐词核验","现有应用词条；词头/词性/等级仍待整体验收"
"forklare","动词","A1","å","NTNU LearnNoW; NorweigenLearn 当前词库","04D","4","forklare · forklarer · forklarte · forklart / forklarer, forklarte, har forklart","解释；说明；讲解","Læreren forklarer grammatikken på en enkel måte. / Kan du forklare meg hvordan appen virker?","老师用简单的方式讲解语法。 / 你能给我解释一下这个应用怎么用吗？","沿用现有词库暂标；仍待逐词核验","现有应用词条；词头/词性/等级仍待整体验收"
"først","副词","A1","","NTNU LearnNoW; NorweigenLearn 当前词库","04D","4","først","首先；最先；才（表示先后）","Først spiser vi, så går vi. / Hun kom først til møtet.","我们先吃饭，然后再走。 / 她最先到了会议。","沿用现有词库暂标；仍待逐词核验","现有应用词条；词头/词性/等级仍待整体验收"
"fotoautomat","名词","A1","en","NTNU NoW1; NorweigenLearn 当前词库","04P","4","en fotoautomat · fotoautomaten · fotoautomater · fotoautomatene","自助照相亭；证件照自动拍摄机","Jeg tok passfoto i en fotoautomat på stasjonen. / Fotoautomaten tar både kort og kontanter.","我在车站的自助照相亭拍了护照照片。 / 这台自助照相亭既收银行卡也收现金。","沿用现有词库暂标；仍待逐词核验","现有应用词条；词头/词性/等级仍待整体验收"
"fram","副词","A1","","NTNU LearnNoW; NorweigenLearn 当前词库","04D","4","fram","向前；往前；进展","Gå litt fram, så ser du skiltet. / Jeg finner fram billettene.","往前走一点，你就能看到标志。 / 我把车票找出来。","沿用现有词库暂标；仍待逐词核验","现有应用词条；词头/词性/等级仍待整体验收"
"frimerke","名词","A1","et","NTNU NoW1; NorweigenLearn 当前词库","04K","4","et frimerke · frimerket · frimerker · frimerkene","邮票","Jeg setter et frimerke på konvolutten. / Frimerkene er til julekortene.","我在信封上贴一张邮票。 / 这些邮票是给圣诞贺卡用的。","沿用现有词库暂标；仍待逐词核验","现有应用词条；词头/词性/等级仍待整体验收"
"fruktdisk","名词","A1","en","NTNU NoW1; NorweigenLearn 当前词库","04K","4","en fruktdisk · fruktdisken · fruktdisker · fruktdiskene","水果柜台；水果展示区","Eplene ligger i fruktdisken ved inngangen. / Butikken har en stor fruktdisk.","苹果放在入口旁的水果柜台。 / 这家商店有一个很大的水果柜台。","沿用现有词库暂标；仍待逐词核验","现有应用词条；词头/词性/等级仍待整体验收"
"gebyr","名词","A1","et","NTNU NoW1; NorweigenLearn 当前词库","04P","4","et gebyr · gebyret · gebyrer · gebyrene","手续费；服务费；费用","Det koster et gebyr på femti kroner. / Banken tok et gebyr for overføringen.","这项服务收取五十克朗手续费。 / 银行为这笔转账收取了手续费。","沿用现有词库暂标；仍待逐词核验","现有应用词条；词头/词性/等级仍待整体验收"
"gjerne","副词","A1","","NTNU LearnNoW; NorweigenLearn 当前词库","04C","4","gjerne · heller · helst","乐意；愿意；很想；常常（依语境）","Vil du ha kaffe? – Ja, gjerne. / Jeg vil gjerne lære mer norsk.","你想喝咖啡吗？——好啊，乐意。 / 我很想多学一些挪威语。","沿用现有词库暂标；仍待逐词核验","现有应用词条；词头/词性/等级仍待整体验收"
"gøy","形容词","A1","","NTNU LearnNoW; NorweigenLearn 当前词库","04A","4","gøy · gøye · gøyere · gøyest","有趣的；好玩的；令人愉快的","Barna hadde det gøy i svømmehallen. / Det er gøy å lære nye ord.","孩子们在游泳馆玩得很开心。 / 学习新单词很有趣。","沿用现有词库暂标；仍待逐词核验","现有应用词条；词头/词性/等级仍待整体验收"
"halv","形容词","A1","","NTNU LearnNoW; NorweigenLearn 当前词库","04B","4","halv · halvt · halve / halvt, halve","半；一半的","Bussen går om en halv time. / Møtet begynner klokka halv ni.","公交车半小时后发车。 / 会议八点半开始。","沿用现有词库暂标；仍待逐词核验","现有应用词条；词头/词性/等级仍待整体验收"
"handlekurv","名词","A1","en","NTNU NoW1; NorweigenLearn 当前词库","04M","4","en handlekurv · handlekurven · handlekurver · handlekurvene","购物篮；手提购物篮","Jeg legger brød og melk i handlekurven. / Butikken har små handlekurver ved inngangen.","我把面包和牛奶放进购物篮。 / 商店入口处有小购物篮。","沿用现有词库暂标；仍待逐词核验","现有应用词条；词头/词性/等级仍待整体验收"
"handlevogn","名词","A1","ei","NTNU NoW1; NorweigenLearn 当前词库","04K","4","ei handlevogn · handlevogna · handlevogner · handlevognene","购物车；超市推车","Vi tar en handlevogn fordi vi skal kjøpe mye. / Handlevogna står ved kassa.","我们拿一辆购物车，因为要买很多东西。 / 购物车停在收银台旁边。","沿用现有词库暂标；仍待逐词核验","现有应用词条；词头/词性/等级仍待整体验收"
"helseforsikring","名词","A1","en","NTNU NoW1; NorweigenLearn 当前词库","04P","4","ei helseforsikring · helseforsikringa · helseforsikringer · helseforsikringene","健康保险；医疗保险","Arbeidsgiveren tilbyr privat helseforsikring. / Hun undersøker hva helseforsikringen dekker.","雇主提供私人医疗保险。 / 她在查询医疗保险的保障范围。","沿用现有词库暂标；仍待逐词核验","现有应用词条；词头/词性/等级仍待整体验收"
"hos","介词","A1","","NTNU LearnNoW; NorweigenLearn 当前词库","04A","4","hos","在……那里；到……那里；在某人/专业人士处","Vi spiser middag hos foreldrene mine. / Jeg har time hos tannlegen klokka to.","我们在我父母家吃晚饭。 / 我两点有牙医预约。","沿用现有词库暂标；仍待逐词核验","现有应用词条；词头/词性/等级仍待整体验收"
"høyre","形容词","A1","","NTNU LearnNoW; NorweigenLearn 当前词库","04D","4","høyre","右边的；右侧的（通常修饰身体部位或位置）","Hun skriver med høyre hånd. / Apoteket ligger på høyre side av gata.","她用右手写字。 / 药房在街道右侧。","沿用现有词库暂标；仍待逐词核验","现有应用词条；词头/词性/等级仍待整体验收"
"humør","名词","A1","et","NTNU NoW1; NorweigenLearn 当前词库","04M","4","et humør · humøret · humør · humørene","心情；情绪；情绪状态","Hun er i godt humør i dag. / Været påvirker humøret mitt.","她今天心情很好。 / 天气会影响我的心情。","沿用现有词库暂标；仍待逐词核验","现有应用词条；词头/词性/等级仍待整体验收"
"interiørbutikk","名词","A1","en","NTNU NoW1; NorweigenLearn 当前词库","04M","4","en interiørbutikk · interiørbutikken · interiørbutikker · interiørbutikkene","家居用品店；室内装饰用品商店","Vi kjøpte nye gardiner i en interiørbutikk. / Interiørbutikken ligger ved siden av kjøpesenteret.","我们在一家家居用品店买了新窗帘。 / 家居用品店在购物中心旁边。","沿用现有词库暂标；仍待逐词核验","现有应用词条；词头/词性/等级仍待整体验收"
"is","名词","A1","en","NTNU LearnNoW; NorweigenLearn 当前词库","04A","4","en is · isen · iser · isene / isen, iser, isene","冰淇淋；冰（同形词，依语境）","Barna kjøper en is etter skolen. / Det er glatt fordi det ligger is på veien.","孩子们放学后买一个冰淇淋。 / 路上结冰了，所以很滑。","沿用现有词库暂标；仍待逐词核验","现有应用词条；词头/词性/等级仍待整体验收"
"jernbanestasjon","名词","A1","en","NTNU NoW1; NorweigenLearn 当前词库","04P","4","en jernbanestasjon · jernbanestasjonen · jernbanestasjoner · jernbanestasjonene","火车站；铁路车站","Vi møtes foran jernbanestasjonen. / Toget går fra jernbanestasjonen klokka seks.","我们在火车站前面见。 / 火车六点从火车站发车。","沿用现有词库暂标；仍待逐词核验","现有应用词条；词头/词性/等级仍待整体验收"
"jobb","名词","A1","en","NTNU LearnNoW; NorweigenLearn 当前词库","04B","4","en jobb · jobben · jobber · jobbene / jobben, jobber, jobbene","工作；职位；一份工作","Hun søker jobb på et sykehus. / Jeg er på jobben til klokka fire.","她在申请医院的工作。 / 我在工作单位待到四点。","沿用现有词库暂标；仍待逐词核验","现有应用词条；词头/词性/等级仍待整体验收"
"kjær","形容词","A1","","NTNU LearnNoW; NorweigenLearn 当前词库","04D","4","kjær · kjært · kjære · kjære / kjært, kjære","亲爱的；珍爱的；心爱的（常见于固定称呼）","Kjære Maria, takk for brevet ditt. / Han mistet en kjær venn i fjor.","亲爱的玛丽亚，谢谢你的来信。 / 他去年失去了一位挚友。","沿用现有词库暂标；仍待逐词核验","现有应用词条；词头/词性/等级仍待整体验收"
"kjøledisk","名词","A1","en","NTNU NoW1; NorweigenLearn 当前词库","04K","4","en kjøledisk · kjøledisken · kjøledisker · kjølediskene","冷藏柜；冷柜（商店展示冷藏食品的柜台）","Melka står i kjøledisken ved inngangen. / Butikken har en ny kjøledisk.","牛奶放在入口旁的冷藏柜里。 / 商店有一台新的冷藏柜。","沿用现有词库暂标；仍待逐词核验","现有应用词条；词头/词性/等级仍待整体验收"
"koselig","形容词","A1","","NTNU LearnNoW; NorweigenLearn 当前词库","04A","4","koselig · koselig · koselige · koseligere · koseligst / koseligste / koselig, koselige","舒适温馨的；惬意的；令人愉快的","Vi hadde en koselig kveld med venner. / Det er koselig å sitte her.","我们和朋友度过了一个温馨愉快的夜晚。 / 坐在这里感觉很惬意。","沿用现有词库暂标；仍待逐词核验","现有应用词条；词头/词性/等级仍待整体验收"
"kryss","名词","A1","et","NTNU LearnNoW; NorweigenLearn 当前词库","04C","4","et kryss · krysset · kryss · kryssene / krysset, kryss, kryssene","十字路口；交叉处；叉号/勾号（依语境）","Ta til høyre i neste kryss. / Sett et kryss ved riktig svar.","在下一个路口右转。 / 在正确答案旁打一个勾。","沿用现有词库暂标；仍待逐词核验","现有应用词条；词头/词性/等级仍待整体验收"
"lære","动词","A1","å","NTNU LearnNoW; NorweigenLearn 当前词库","04D","4","lære · lærer · lærte · lært / lærer, lærte, har lært","学习；学会；教（依语境）","Jeg lærer norsk på tirsdager. / Han lærte barna å svømme.","我星期二学挪威语。 / 他教孩子们游泳。","沿用现有词库暂标；仍待逐词核验","现有应用词条；词头/词性/等级仍待整体验收"
"lage","动词","A1","å","NTNU LearnNoW; NorweigenLearn 当前词库","04B","4","lage · lager · laget · laget / lager, lagde, har lagd","制作；做（饭）；创造","Vi lager middag sammen. / Hun laget en kake til festen.","我们一起做晚饭。 / 她为聚会做了一个蛋糕。","沿用现有词库暂标；仍待逐词核验","现有应用词条；词头/词性/等级仍待整体验收"
"legge","动词","A1","å","NTNU LearnNoW; NorweigenLearn 当前词库","04D; 10A","4","legge · legger · la · lagt / legger, la, har lagt","放置；搁下；躺下（反身结构）","Jeg legger nøklene på bordet. / Barna la seg klokka åtte.","我把钥匙放在桌上。 / 孩子们八点上床睡觉。","沿用现有词库暂标；仍待逐词核验","现有应用词条；词头/词性/等级仍待整体验收"
"lese","动词","A1","å","NTNU LearnNoW; NorweigenLearn 当前词库","04D","4","lese · leser · leste · lest / leser, leste, har lest","读；阅读；学习某门学科；朗读（依结构）","Jeg leser en norsk bok før jeg legger meg. / Hun leste til eksamen hele helga.","我睡前读一本挪威语书。 / 她整个周末都在为考试学习。","沿用现有词库暂标；仍待逐词核验","现有应用词条；词头/词性/等级仍待整体验收"
"løfte","动词","A1","å","NTNU LearnNoW; NorweigenLearn 当前词库","04A","4","løfte · løfter · løftet · løftet / løfter, løftet, har løftet","抬起；举起；提起；提升（依语境）","Kan du hjelpe meg med å løfte bordet? / Hun løftet blikket og smilte.","你能帮我抬一下桌子吗？ / 她抬起头，笑了。","沿用现有词库暂标；仍待逐词核验","现有应用词条；词头/词性/等级仍待整体验收"
"lomme","名词","A1","ei","NTNU LearnNoW; NorweigenLearn 当前词库","04D","4","ei lomme · lomma · lommer · lommene / lomma, lommer, lommene","口袋；衣袋","Nøkkelen ligger i lomma mi. / Jakka har fire lommer.","钥匙在我的口袋里。 / 这件外套有四个口袋。","沿用现有词库暂标；仍待逐词核验","现有应用词条；词头/词性/等级仍待整体验收"
"lyskryss","名词","A1","et","NTNU LearnNoW; NorweigenLearn 当前词库","04C","4","et lyskryss · lyskrysset · lyskryss · lyskryssene / lyskrysset, lyskryss, lyskryssene","红绿灯路口；有交通信号灯的交叉路口","Gå over gata ved lyskrysset. / Det er kø gjennom lyskrysset.","在红绿灯路口过马路。 / 车流排队通过红绿灯路口。","沿用现有词库暂标；仍待逐词核验","现有应用词条；词头/词性/等级仍待整体验收"
"matbu","名词","A1","ei","NTNU LearnNoW; NorweigenLearn 当前词库","04C","4","ei matbu · matbua · matbuer · matbuene / matbua, matbuer, matbuene","食品摊；卖简餐或食物的小摊/小店","Vi kjøpte pølser i ei matbu på markedet. / Matbua selger kaffe og vafler.","我们在集市的一个食品摊买了热狗。 / 这个食品摊卖咖啡和华夫饼。","沿用现有词库暂标；仍待逐词核验","现有应用词条；词头/词性/等级仍待整体验收"
"mene","动词","A1","å","NTNU LearnNoW; NorweigenLearn 当前词库","04C","4","mene · mener · mente · ment / mener, mente, har ment","认为；觉得；意思是；指的是","Jeg mener at vi bør ta bussen. / Hva mener du med dette ordet?","我认为我们应该坐公交车。 / 你说这个词是什么意思？","沿用现有词库暂标；仍待逐词核验","现有应用词条；词头/词性/等级仍待整体验收"
"meter","名词","A1","en","NTNU LearnNoW; NorweigenLearn 当前词库","04D","4","en meter · meteren · meter · meterne / meteren, meter, metrene","米（长度单位）","Bordet er nesten to meter langt. / Skolen ligger hundre meter herfra.","这张桌子将近两米长。 / 学校离这里一百米。","沿用现有词库暂标；仍待逐词核验","现有应用词条；词头/词性/等级仍待整体验收"
"minutt","名词","A1","et","NTNU LearnNoW; NorweigenLearn 当前词库","04A","4","et minutt · minuttet · minutter · minuttene / minuttet, minutter, minuttene","分钟；片刻","Toget går om fem minutter. / Kan du vente et minutt?","火车五分钟后发车。 / 你能等一分钟吗？","沿用现有词库暂标；仍待逐词核验","现有应用词条；词头/词性/等级仍待整体验收"
"mor","名词","A1","ei","NTNU LearnNoW; NorweigenLearn 当前词库","04C","4","ei mor · mora · mødre · mødrene / mora, mødre, mødrene","母亲；妈妈","Mora mi bor i Bergen. / Mødrene venter utenfor skolen.","我妈妈住在卑尔根。 / 几位母亲在学校外面等。","沿用现有词库暂标；仍待逐词核验","现有应用词条；词头/词性/等级仍待整体验收"
"nabolag","名词","A1","et","NTNU LearnNoW; NorweigenLearn 当前词库","04B","4","et nabolag · nabolaget · nabolag · nabolagene / nabolaget, nabolag, nabolagene","社区；街坊邻里；居住周边","Det er en fin park i nabolaget. / De bor i et rolig nabolag.","社区里有一个不错的公园。 / 他们住在一个安静的社区。","沿用现有词库暂标；仍待逐词核验","现有应用词条；词头/词性/等级仍待整体验收"
"nær","形容词","A1","","NTNU LearnNoW; NorweigenLearn 当前词库","04B","4","nær · nært · nære · nærmere · nærmest / nært, nære","近的；靠近的；亲近的","Butikken ligger nær skolen. / Det nærmeste apoteket er fem minutter unna.","商店在学校附近。 / 最近的药房在五分钟路程外。","沿用现有词库暂标；仍待逐词核验","现有应用词条；词头/词性/等级仍待整体验收"
"nærhet","名词","A1","en","NTNU LearnNoW; NorweigenLearn 当前词库","04B","4","en nærhet · nærheten · nærheter · nærhetene / nærheten, - , nærhetene","附近；接近；亲近（常见于固定搭配）","Det ligger en matbutikk i nærheten av huset. / Vi bor i nærheten, så jeg kan gå dit.","房子附近有一家食品店。 / 我们住得很近，所以我可以走过去。","沿用现有词库暂标；仍待逐词核验","现有应用词条；词头/词性/等级仍待整体验收"
"onsdag","名词","A1","en","NTNU LearnNoW; NorweigenLearn 当前词库","04D","4","en onsdag · onsdagen · onsdager · onsdagene / onsdagen, onsdager, onsdagene","星期三；一个星期三","Jeg har time hos legen på onsdag. / Vi trener sammen på onsdager.","我星期三有医生预约。 / 我们每周三一起锻炼。","沿用现有词库暂标；仍待逐词核验","现有应用词条；词头/词性/等级仍待整体验收"
"opp","副词","A1","","NTNU LearnNoW; NorweigenLearn 当前词库","04A","4","opp","向上；上去；起来","Jeg står opp klokka seks. / Gå opp trappa, så finner du kontoret.","我六点起床。 / 上楼梯，然后你就能找到办公室。","沿用现有词库暂标；仍待逐词核验","现有应用词条；词头/词性/等级仍待整体验收"
"over","介词","A1","","NTNU LearnNoW; NorweigenLearn 当前词库","04B","4","over","在……上方；越过；穿过；超过（依语境）","Vi går over gata ved fotgjengerfeltet. / Lampa henger over bordet.","我们在人行横道处过马路。 / 灯挂在桌子上方。","沿用现有词库暂标；仍待逐词核验","现有应用词条；词头/词性/等级仍待整体验收"
"pakke","名词","A1","en","NTNU LearnNoW; NorweigenLearn 当前词库","04C","4","en pakke · pakken · pakker · pakkene / pakken, pakker, pakkene","包裹；一包/一盒东西；包装（名词义）","Jeg henter en pakke på postkontoret. / Pakken kom i posten i dag.","我去邮局取一个包裹。 / 包裹今天邮寄到了。","沿用现有词库暂标；仍待逐词核验","现有应用词条；词头/词性/等级仍待整体验收"
"postkontor","名词","A1","en","NTNU LearnNoW; NorweigenLearn 当前词库","04C","4","et postkontor · postkontoret · postkontorer · postkontorene / posten / postkontoret, postkontor, postkontorene","邮局；邮政服务点","Jeg går på postkontoret for å sende en pakke. / Postkontoret stenger klokka fem.","我去邮局寄一个包裹。 / 邮局五点关门。","沿用现有词库暂标；仍待逐词核验","现有应用词条；词头/词性/等级仍待整体验收"
"retning","名词","A1","en","NTNU LearnNoW; NorweigenLearn 当前词库","04C","4","en retning · retningen · retninger · retningene / retningen, retninger, retningene","方向；方位；趋势","Gå i retning av sentrum. / Vi må snu og gå i motsatt retning.","朝市中心方向走。 / 我们得掉头，朝相反的方向走。","沿用现有词库暂标；仍待逐词核验","现有应用词条；词头/词性/等级仍待整体验收"
"rett","形容词","A1","","NTNU LearnNoW; NorweigenLearn 当前词库","04C","4","rett · rett · rette · rettere · rettest / rett, rette","正确的；直的；恰当的；正好（依语境）","Du har rett i at vi bør gå nå. / Gå rett fram til neste gate.","你说得对，我们现在应该走。 / 一直往前走到下一条街。","沿用现有词库暂标；仍待逐词核验","现有应用词条；词头/词性/等级仍待整体验收"
"sann","形容词","A1","","NTNU LearnNoW; NorweigenLearn 当前词库","04A","4","sann · sant · sanne · sannere · sannest / sant, sanne","真实的；确实的；真的","Hun fortalte en sann historie. / Det er sant at været skifter fort her.","她讲了一个真实的故事。 / 这里天气变化很快，这是真的。","沿用现有词库暂标；仍待逐词核验","现有应用词条；词头/词性/等级仍待整体验收"
"sein","形容词","A1","","NTNU LearnNoW; NorweigenLearn 当前词库","04C","4","sein · seint · seine · seinere · seinest / seint, seine","晚的；迟的；晚到的（较常见书面/部分地区形式）","Vi kom litt seint til møtet. / Hun tok en sein buss hjem.","我们开会稍微迟到了一点。 / 她坐了一班较晚的公交回家。","沿用现有词库暂标；仍待逐词核验","现有应用词条；词头/词性/等级仍待整体验收"
"sende","动词","A1","å","NTNU LearnNoW; NorweigenLearn 当前词库","04C","4","sende · sender · sendte · sendt / sender, sendte, har sendt","发送；寄送；派遣；递给","Jeg sender deg adressen på SMS. / Hun sendte pakken i går.","我用短信把地址发给你。 / 她昨天把包裹寄出去了。","沿用现有词库暂标；仍待逐词核验","现有应用词条；词头/词性/等级仍待整体验收"
"siden","副词","A1","","NTNU LearnNoW; NorweigenLearn 当前词库","04C","4","siden","……以前；自从那时起；后来（依结构）","Vi flyttet hit for to år siden. / Jeg har bodd her siden august.","我们两年前搬到这里。 / 我从八月起就住在这里。","沿用现有词库暂标；仍待逐词核验","现有应用词条；词头/词性/等级仍待整体验收"
"sist","形容词","A1","","NTNU LearnNoW; NorweigenLearn 当前词库","04B","4","sist · siste / sist, siste","上一次的；上周/上次的；最后（依结构）","Jeg snakket med henne sist uke. / Sist kom bussen for sent.","我上周和她聊过。 / 上次公交车来晚了。","沿用现有词库暂标；仍待逐词核验","现有应用词条；词头/词性/等级仍待整体验收"
"spille","动词","A1","å","NTNU LearnNoW; NorweigenLearn 当前词库","04A","4","spille · spiller · spilte · spilt / spiller, spilte, har spilt","玩（游戏）；踢/打（球类）；演奏；播放","Barna spiller fotball etter skolen. / Hun spilte piano på konserten.","孩子们放学后踢足球。 / 她在音乐会上演奏了钢琴。","沿用现有词库暂标；仍待逐词核验","现有应用词条；词头/词性/等级仍待整体验收"
"straks","副词","A1","","NTNU LearnNoW; NorweigenLearn 当前词库","04C","4","straks","马上；立刻；很快","Jeg kommer straks. / Bussen kommer straks.","我马上来。 / 公交车很快就到。","沿用现有词库暂标；仍待逐词核验","现有应用词条；词头/词性/等级仍待整体验收"
"sykehus","名词","A1","et","NTNU LearnNoW; NorweigenLearn 当前词库","04B","4","et sykehus · sykehuset · sykehus · sykehusene / sykehuset, sykehus, sykehusene","医院；收治病人的医疗机构","Bestefaren min er på sykehus. / Vi kjørte henne til sykehuset.","我祖父在住院。 / 我们开车送她去了医院。","沿用现有词库暂标；仍待逐词核验","现有应用词条；词头/词性/等级仍待整体验收"
"takke","动词","A1","å","NTNU LearnNoW; NorweigenLearn 当前词库","04C","4","takke · takker · takket · takket / takker, takket, har takket","感谢；道谢；谢绝（takke nei）","Jeg vil takke deg for hjelpen. / Hun takket nei til invitasjonen.","我想感谢你的帮助。 / 她谢绝了邀请。","沿用现有词库暂标；仍待逐词核验","现有应用词条；词头/词性/等级仍待整体验收"
"tegne","动词","A1","å","NTNU LearnNoW; NorweigenLearn 当前词库","04D","4","tegne · tegner · tegnet · tegnet / tegner, tegnet, har tegnet","画；绘制（线条、图画或设计草图）","Barnet tegner et hus med en rød blyant. / Han tegnet et kart til oss.","孩子用一支红铅笔画一栋房子。 / 他给我们画了一张地图。","沿用现有词库暂标；仍待逐词核验","现有应用词条；词头/词性/等级仍待整体验收"
"treffe","动词","A1","å","NTNU LearnNoW; NorweigenLearn 当前词库","04B; 07D","4","treffe · treffer · traff · truffet / treffer, traff, har truffet","遇见；碰到；与……见面","Jeg treffer en venn på kafé etter jobb. / Vi traff læreren på butikken.","我下班后在咖啡馆和一位朋友见面。 / 我们在商店碰见了老师。","沿用现有词库暂标；仍待逐词核验","现有应用词条；词头/词性/等级仍待整体验收"
"tur","名词","A1","en","NTNU LearnNoW; NorweigenLearn 当前词库","04C","4","en tur · turen · turer · turene / turen, turer, turene","一次出行；散步；短途旅行；一趟（依搭配）","Vi går en tur langs elva etter middag. / Barna skal på tur med skolen.","晚饭后我们沿着河边散步。 / 孩子们要和学校一起外出活动。","沿用现有词库暂标；仍待逐词核验","现有应用词条；词头/词性/等级仍待整体验收"
"ungdomsskole","名词","A1","en","NTNU LearnNoW; NorweigenLearn 当前词库","04D","4","en ungdomsskole · ungdomsskolen · ungdomsskoler · ungdomsskolene / ungdomsskolen, ungdomsskoler, ungdomsskolene","初中；挪威 8—10 年级的学校阶段/学校","Datteren min begynner på ungdomsskolen til høsten. / Ungdomsskolen ligger ved siden av biblioteket.","我女儿今年秋天开始上初中。 / 初中在图书馆旁边。","沿用现有词库暂标；仍待逐词核验","现有应用词条；词头/词性/等级仍待整体验收"
"vei","名词","A1","en","NTNU LearnNoW; NorweigenLearn 当前词库","04C","4","en vei · veien · veier · veiene / veien, veier, veiene","道路；路；方式","Vi er på vei til legen. / Denne veien går til sentrum.","我们正在去医生那里的路上。 / 这条路通往市中心。","沿用现有词库暂标；仍待逐词核验","现有应用词条；词头/词性/等级仍待整体验收"
"veikryss","名词","A1","et","NTNU LearnNoW; NorweigenLearn 当前词库","04C","4","et veikryss · veikrysset · veikryss · veikryssene / veikrysset, veikryss, veikryssene","道路交叉口；十字路口","Ta til venstre i neste veikryss. / Det er et veikryss ved skolen.","在下一个路口左转。 / 学校旁边有一个交叉路口。","沿用现有词库暂标；仍待逐词核验","现有应用词条；词头/词性/等级仍待整体验收"
"vekke","动词","A1","å","NTNU LearnNoW; NorweigenLearn 当前词库","04B","4","vekke · vekker · vekket · vekket / vekker, vekket, har vekket","叫醒；唤醒；使……醒来","Jeg vekker sønnen min klokka sju. / Telefonen vekket meg midt på natta.","我七点叫醒儿子。 / 电话半夜把我吵醒了。","沿用现有词库暂标；仍待逐词核验","现有应用词条；词头/词性/等级仍待整体验收"
"vel","副词","A1","","NTNU LearnNoW; NorweigenLearn 当前词库","04D","4","vel","大概；想必；应该（表示推测或缓和语气）","Du kommer vel på festen i morgen? / Det er vel best å ringe først.","你明天应该会来参加聚会吧？ / 最好还是先打个电话吧。","沿用现有词库暂标；仍待逐词核验","现有应用词条；词头/词性/等级仍待整体验收"
"vise","动词","A1","å","NTNU LearnNoW; NorweigenLearn 当前词库","04D","4","vise · viser · viste · vist / viser, viste, har vist","给……看；展示；指示；带领","Kan du vise meg veien til stasjonen? / Hun viste oss bildene fra ferien.","你能给我指一下去车站的路吗？ / 她给我们看了度假时拍的照片。","沿用现有词库暂标；仍待逐词核验","现有应用词条；词头/词性/等级仍待整体验收"
"appelsin","名词","A1","en","NTNU LearnNoW; NTNU NoW1; NorweigenLearn 当前词库","05D; 08A","5","appelsinen, appelsiner, appelsinene / en appelsin · appelsinen · appelsiner · appelsinene","橙子；甜橙（水果）","Jeg spiser en appelsin til frokost. / Appelsinene ligger i kjøleskapet.","我早餐吃一个橙子。 / 那些橙子放在冰箱里。","沿用现有词库暂标；仍待逐词核验","现有应用词条；词头/词性/等级仍待整体验收"
"bestemor","名词","A1","ei","NTNU LearnNoW; NTNU NoW1; NorweigenLearn 当前词库","05D; 07A","5","bestemora, bestemødre, bestemødrene / ei/en bestemor · bestemora / bestemoren · bestemødre · bestemødrene","祖母；外祖母；奶奶/外婆（不区分父系母系）","Bestemora mi lager vafler på søndager. / Bestemødrene kom på besøk i går.","我奶奶 / 外婆星期天会做华夫饼。 / 几位奶奶 / 外婆昨天来做客了。","沿用现有词库暂标；仍待逐词核验","现有应用词条；词头/词性/等级仍待整体验收"
"bestille","动词","A1","å","NTNU LearnNoW; NTNU NoW1; NorweigenLearn 当前词库","05M; 06D","5","bestille · bestiller · bestilte · bestilt / bestiller, bestilte, har bestilt","订购；预订；点（餐）；预约","Vi bestiller to kaffe og en kake. / Jeg bestilte time hos legen.","我们点两杯咖啡和一块蛋糕。 / 我预约了医生。","沿用现有词库暂标；仍待逐词核验","现有应用词条；词头/词性/等级仍待整体验收"
"bygge","动词","A1","å","NTNU LearnNoW; NTNU NoW1; NorweigenLearn 当前词库","05P; 07C","5","bygge · bygger · bygde / bygget · bygd / bygget / bygger, bygde, har bygd","建造；修建；建设；搭建","De bygger et nytt hus utenfor byen. / Bestefaren min bygde huset selv.","他们正在城外建一栋新房子。 / 我祖父自己建了这栋房子。","沿用现有词库暂标；仍待逐词核验","现有应用词条；词头/词性/等级仍待整体验收"
"diskutere","动词","A1","å","NTNU LearnNoW; NTNU NoW1; NorweigenLearn 当前词库","05B; 07B","5","diskutere · diskuterer · diskuterte · diskutert / diskuterer, diskuterte, har diskutert","讨论；谈论；商讨","Vi diskuterer planen med læreren. / De diskuterte hvor de skulle reise.","我们和老师讨论这个计划。 / 他们讨论了要去哪里旅行。","沿用现有词库暂标；仍待逐词核验","现有应用词条；词头/词性/等级仍待整体验收"
"gågate","名词","A1","ei","NTNU LearnNoW; NTNU NoW1; NorweigenLearn 当前词库","05A; 06B","5","ei gågate · gågata · gågater · gågatene / gågata, gågater, gågatene","步行街；禁止普通车辆通行的街道","Butikkene i gågata stenger klokka seks. / Vi møtes ved inngangen til gågata.","步行街上的商店六点关门。 / 我们在步行街入口见面。","沿用现有词库暂标；仍待逐词核验","现有应用词条；词头/词性/等级仍待整体验收"
"gate","名词","A1","ei","NTNU LearnNoW; NTNU NoW1; NorweigenLearn 当前词库","05A; 06B","5","ei gate · gata · gater · gatene / gata, gater, gatene","街道；大街；城市中的街（不是公路）","Skolen ligger i en rolig gate. / Barna går over gata sammen.","学校在一条安静的街上。 / 孩子们一起过马路。","沿用现有词库暂标；仍待逐词核验","现有应用词条；词头/词性/等级仍待整体验收"
"glemme","动词","A1","å","NTNU LearnNoW; NTNU NoW1; NorweigenLearn 当前词库","05M; 08D","5","glemme · glemmer · glemte · glemt / glemmer, glemte, har glemt","忘记；忘了","Jeg glemmer ofte navn. / Hun glemte å ta med boka.","我常常忘记名字。 / 她忘记带书了。","沿用现有词库暂标；仍待逐词核验","现有应用词条；词头/词性/等级仍待整体验收"
"greie","动词","A1","å","NTNU LearnNoW; NTNU NoW1; NorweigenLearn 当前词库","05A; 09D","5","greie · greier · greide · greid / greier, greide, har greid","设法做到；应付；处理好；理解（依搭配）","Jeg greier ikke å åpne denne døra. / Hvordan greide du deg på prøven?","我打不开这扇门。 / 你考试考得怎么样？","沿用现有词库暂标；仍待逐词核验","现有应用词条；词头/词性/等级仍待整体验收"
"historie","名词","A1","ei","NTNU LearnNoW; NTNU NoW1; NorweigenLearn 当前词库","05A; 08D","5","ei historie · historia · historier · historiene / historia, historier, historiene","故事；经历；历史（依搭配）","Bestefar forteller en historie fra barndommen. / Vi lærer om norsk historie på skolen.","爷爷 / 外公讲了一个童年故事。 / 我们在学校学习挪威历史。","沿用现有词库暂标；仍待逐词核验","现有应用词条；词头/词性/等级仍待整体验收"
"holde","动词","A1","å","NTNU LearnNoW; NTNU NoW1; NorweigenLearn 当前词库","05M; 09C","5","holde · holder · holdt · holdt / holder, holdt, har holdt","拿着；握住；保持；举行（依搭配）","Hun holder barnet i hånda. / Skolen holder et møte på mandag.","她牵着孩子的手。 / 学校星期一要开会。","沿用现有词库暂标；仍待逐词核验","现有应用词条；词头/词性/等级仍待整体验收"
"kantine","名词","A1","ei","NTNU LearnNoW; NTNU NoW1; NorweigenLearn 当前词库","05B; 09A","5","ei kantine · kantina · kantiner · kantinene / kantina, kantiner, kantinene","食堂；餐厅（学校、公司或机构内）","Vi spiser lunsj i kantina på jobben. / Skolen har ei ny kantine.","我们在单位食堂吃午饭。 / 学校有一个新食堂。","沿用现有词库暂标；仍待逐词核验","现有应用词条；词头/词性/等级仍待整体验收"
"kirke","名词","A1","ei","NTNU LearnNoW; NTNU NoW1; NorweigenLearn 当前词库","05P; 06B","5","ei kirke · kirka · kirker · kirkene / kirka, kirker, kirkene","教堂；基督教礼拜堂/教会建筑","Det står ei gammel kirke ved torget. / Kirken ligger nær sentrum.","广场旁边有一座古老的教堂。 / 教堂在市中心附近。","沿用现有词库暂标；仍待逐词核验","现有应用词条；词头/词性/等级仍待整体验收"
"kollega","名词","A1","en","NTNU LearnNoW; NTNU NoW1; NorweigenLearn 当前词库","05B; 10B","5","en kollega · kollegaen · kollegaer / kolleger · kollegaene / kollegene / kollegaen, kollegaer, kollegaene","同事；一起工作的人","En kollega hjalp meg med rapporten. / Jeg spiser lunsj med kollegene mine.","一位同事帮我处理了这份报告。 / 我和同事们一起吃午饭。","沿用现有词库暂标；仍待逐词核验","现有应用词条；词头/词性/等级仍待整体验收"
"konge","名词","A1","en","NTNU LearnNoW; NTNU NoW1; NorweigenLearn 当前词库","05P; 11B","5","en konge · kongen · konger · kongene / kongen, konger, kongene","国王；君主","Kongen bor ikke på slottet hele året. / Eventyret handler om en konge og en dronning.","国王并不是全年都住在王宫里。 / 这个童话讲的是一位国王和一位王后。","沿用现有词库暂标；仍待逐词核验","现有应用词条；词头/词性/等级仍待整体验收"
"administrasjon","名词","A1","en","NTNU LearnNoW; NorweigenLearn 当前词库","05C","5","administrasjonen, -er, -ene / en administrasjon · administrasjonen · administrasjoner · administrasjonene","行政部门；管理工作；行政管理（依语境）","Hun jobber i administrasjonen på skolen. / Den nye administrasjonen begynner på mandag.","她在学校的行政部门工作。 / 新的管理团队星期一开始履职。","沿用现有词库暂标；仍待逐词核验","现有应用词条；词头/词性/等级仍待整体验收"
"alltid","副词","A1","","NTNU LearnNoW; NorweigenLearn 当前词库","05B","5","alltid","总是；一直","Jeg drikker alltid kaffe om morgenen. / Hun er alltid presis.","我早上总是喝咖啡。 / 她总是很准时。","沿用现有词库暂标；仍待逐词核验","现有应用词条；词头/词性/等级仍待整体验收"
"ansikt","名词","A1","et","NTNU NoW1; NorweigenLearn 当前词库","05M","5","et ansikt · ansiktet · ansikter · ansiktene","脸；面部","Hun vasker ansiktet før hun legger seg. / Barnet hadde maling i hele ansiktet.","她睡前洗脸。 / 孩子满脸都是颜料。","沿用现有词库暂标；仍待逐词核验","现有应用词条；词头/词性/等级仍待整体验收"
"arbeide","动词","A1","å","NTNU LearnNoW; NorweigenLearn 当前词库","05C","5","arbeide · arbeider · arbeidet / arbeida / arbeidde · arbeidet / arbeida / arbeidde / arbeider, arbeidet, har arbeidet","工作；劳动；做（某项工作）","Hun arbeider som sykepleier på et sykehus. / Vi arbeidet med prosjektet hele dagen.","她在一家医院当护士。 / 我们一整天都在做这个项目。","沿用现有词库暂标；仍待逐词核验","现有应用词条；词头/词性/等级仍待整体验收"
"bestefar","名词","A1","en","NTNU NoW1; NorweigenLearn 当前词库","05M","5","en bestefar · bestefaren · bestefedre · bestefedrene","祖父；外祖父；爷爷/外公（不区分父系母系）","Bestefaren min bor i Bergen. / Barna besøker bestefedrene sine i helga.","我爷爷 / 外公住在卑尔根。 / 孩子们周末去看望各自的爷爷 / 外公。","沿用现有词库暂标；仍待逐词核验","现有应用词条；词头/词性/等级仍待整体验收"
"blå","形容词","A1","","NTNU LearnNoW; NorweigenLearn 当前词库","05D","5","blå · blått · blå · blåere · blåest / blått, blåe","蓝色的；蓝的","Han har en blå sykkel. / Barna tegner et blått hav.","他有一辆蓝色自行车。 / 孩子们画了一片蓝色的大海。","沿用现有词库暂标；仍待逐词核验","现有应用词条；词头/词性/等级仍待整体验收"
"brenne","动词","A1","å","NTNU NoW1; NorweigenLearn 当前词库","05P","5","brenne · brenner · brant / brente · brent","燃烧；烧着；烧伤；烧焦（依语境）","Peisen brenner hele kvelden. / Jeg brant meg på den varme panna.","壁炉整个晚上都烧着。 / 我被热锅烫到了。","沿用现有词库暂标；仍待逐词核验","现有应用词条；词头/词性/等级仍待整体验收"
"brosjyre","名词","A1","en","NTNU NoW1; NorweigenLearn 当前词库","05A","5","en brosjyre · brosjyren · brosjyrer · brosjyrene","宣传册；说明手册；小册子","Jeg fant en brosjyre om norskkurs på biblioteket. / Brosjyren ligger på bordet.","我在图书馆找到一本挪威语课程介绍册。 / 那本宣传册在桌子上。","沿用现有词库暂标；仍待逐词核验","现有应用词条；词头/词性/等级仍待整体验收"
"bytur","名词","A1","en","NTNU NoW1; NorweigenLearn 当前词库","05K","5","en bytur · byturen · byturer · byturene","进城；去城里逛/办事的一趟；城市游览","Vi drar på bytur på lørdag. / Byturen tok hele ettermiddagen.","我们星期六进城逛逛。 / 这趟进城逛街花了整个下午。","沿用现有词库暂标；仍待逐词核验","现有应用词条；词头/词性/等级仍待整体验收"
"dessverre","副词","A1","","NTNU LearnNoW; NorweigenLearn 当前词库","05B","5","dessverre","遗憾的是；可惜；不幸的是","Dessverre kan jeg ikke komme i kveld. / Bussen er dessverre forsinket.","很遗憾，我今晚不能来。 / 很可惜，公交车晚点了。","沿用现有词库暂标；仍待逐词核验","现有应用词条；词头/词性/等级仍待整体验收"
"dø","动词","A1","å","NTNU NoW1; NorweigenLearn 当前词库","05P","5","dø · dør · døde · dødd","死亡；去世；熄灭（火/灯等，依语境）","Den gamle katten døde i fjor. / Lyset døde ut da batteriet ble tomt.","那只老猫去年去世了。 / 电池耗尽时，灯光熄灭了。","沿用现有词库暂标；仍待逐词核验","现有应用词条；词头/词性/等级仍待整体验收"
"dyr","形容词","A1","","NTNU LearnNoW; NorweigenLearn 当前词库","05B","5","dyr · dyrt · dyre · dyre / dyrt, dyre","贵的；价格高的（注意：dyr 作名词时另指动物）","Denne jakka er for dyr for meg. / Det er dyrt å bo i Oslo.","这件夹克对我来说太贵了。 / 在奥斯陆生活很贵。","沿用现有词库暂标；仍待逐词核验","现有应用词条；词头/词性/等级仍待整体验收"
"elske","动词","A1","å","NTNU LearnNoW; NorweigenLearn 当前词库","05D","5","elske · elsker · elsket · elsket / elsker, elsket, har elsket","爱；深爱；非常喜欢","De elsker barna sine. / Jeg elsker å gå på ski om vinteren.","他们深爱自己的孩子。 / 我特别喜欢冬天去滑雪。","沿用现有词库暂标；仍待逐词核验","现有应用词条；词头/词性/等级仍待整体验收"
"farge","名词","A1","en","NTNU NoW1; NorweigenLearn 当前词库","05M","5","en farge · fargen · farger · fargene","颜色；色彩；染料（依语境）","Hvilken farge har bilen din? / Butikken har mange fine farger.","你的车是什么颜色？ / 这家店有很多漂亮的颜色。","沿用现有词库暂标；仍待逐词核验","现有应用词条；词头/词性/等级仍待整体验收"
"ferdig","形容词","A1","","NTNU LearnNoW; NorweigenLearn 当前词库","05C","5","ferdig · ferdig · ferdige · ferdige / ferdig, ferdige","完成的；做完的；准备好的；用完的（依语境）","Jeg er ferdig med leksene. / Maten er snart ferdig.","我做完作业了。 / 饭菜很快就做好了。","沿用现有词库暂标；仍待逐词核验","现有应用词条；词头/词性/等级仍待整体验收"
"fersk","形容词","A1","","NTNU LearnNoW; NorweigenLearn 当前词库","05B","5","fersk · ferskt · ferske · ferskere · ferskest / ferskeste / ferskt, ferske","新鲜的；刚做/刚到的；最新的（依语境）","Vi kjøper fersk fisk på markedet. / Jeg baker ferskt brød hver søndag.","我们在市场买新鲜鱼。 / 我每个星期天都烤新鲜面包。","沿用现有词库暂标；仍待逐词核验","现有应用词条；词头/词性/等级仍待整体验收"
"fisk","名词","A1","en","NTNU LearnNoW; NorweigenLearn 当前词库","05C","5","en fisk · fisken · fisker · fiskene / fisken, fisker, fiskene","鱼；鱼肉（依语境）","Vi spiser fisk til middag på fredager. / Det er mange fisker i innsjøen.","我们星期五晚饭吃鱼。 / 湖里有很多鱼。","沿用现有词库暂标；仍待逐词核验","现有应用词条；词头/词性/等级仍待整体验收"
"fiskemarked","名词","A1","et","NTNU NoW1; NorweigenLearn 当前词库","05A","5","et fiskemarked · fiskemarkedet · fiskemarkeder · fiskemarkedene","鱼市场；鱼类市场；海鲜市场","Vi kjøpte fersk torsk på fiskemarkedet. / Fiskemarkedet åpner tidlig om morgenen.","我们在鱼市场买了新鲜鳕鱼。 / 鱼市场清晨开门。","沿用现有词库暂标；仍待逐词核验","现有应用词条；词头/词性/等级仍待整体验收"
"flink","形容词","A1","","NTNU LearnNoW; NorweigenLearn 当前词库","05B","5","flink · flinkt · flinke · flinkere · flinkest / flinkt, flinke","擅长的；能干的；表现好的","Datteren min er flink til å tegne. / Han er flinkere i norsk nå.","我女儿很会画画。 / 他现在挪威语学得更好了。","沿用现有词库暂标；仍待逐词核验","现有应用词条；词头/词性/等级仍待整体验收"
"fortsette","动词","A1","å","NTNU LearnNoW; NorweigenLearn 当前词库","05C","5","fortsette · fortsetter · fortsatte · fortsatt / fortsetter, forsatte, har fortsatt","继续；接着做；持续","Vi fortsetter å øve etter pausen. / Det regnet hele dagen, men kampen fortsatte.","休息后我们继续练习。 / 下了一整天雨，但比赛继续进行了。","沿用现有词库暂标；仍待逐词核验","现有应用词条；词头/词性/等级仍待整体验收"
"fotballspiller","名词","A1","en","NTNU LearnNoW; NorweigenLearn 当前词库","05B","5","en fotballspiller · fotballspilleren · fotballspillere · fotballspillerne / fotballspilleren, fotballspillere, fotballspillerne","足球运动员；踢足球的人","Broren min er fotballspiller i en lokal klubb. / Fotballspillerne trener tre ganger i uka.","我哥哥 / 弟弟是当地俱乐部的足球运动员。 / 足球运动员们每周训练三次。","沿用现有词库暂标；仍待逐词核验","现有应用词条；词头/词性/等级仍待整体验收"
"frukt","名词","A1","en","NTNU LearnNoW; NorweigenLearn 当前词库","05C","5","en frukt · frukten · frukter · fruktene / frukten, frukter, fruktene","水果；一种水果","Barnet får frukt etter barnehagen. / Eplet er en frukt.","孩子从幼儿园回来后会吃水果。 / 苹果是一种水果。","沿用现有词库暂标；仍待逐词核验","现有应用词条；词头/词性/等级仍待整体验收"
"gjennom","介词","A1","","NTNU LearnNoW; NorweigenLearn 当前词库","05B","5","gjennom","穿过；通过；贯穿","Vi går gjennom parken. / Hun leser gjennom e-posten før hun sender den.","我们穿过公园。 / 她发送邮件前通读了一遍。","沿用现有词库暂标；仍待逐词核验","现有应用词条；词头/词性/等级仍待整体验收"
"glass","名词","A1","et","NTNU LearnNoW; NorweigenLearn 当前词库","05A","5","et glass · glasset · glass · glassene / glasset, glass, glassene","玻璃；玻璃杯；一杯（饮料，依语境）","Kan jeg få et glass vann? / Glasset falt på gulvet, men det knuste ikke.","能给我一杯水吗？ / 玻璃杯掉到地上了，但没有摔碎。","沿用现有词库暂标；仍待逐词核验","现有应用词条；词头/词性/等级仍待整体验收"
"grav","名词","A1","en","NTNU NoW1; NorweigenLearn 当前词库","05P","5","en grav · graven · graver · gravene","坟墓；墓穴；墓地中的墓位","Familien la blomster på graven. / Graven ligger på kirkegården ved kirka.","家人在墓前放了鲜花。 / 那座墓在教堂旁的墓园里。","沿用现有词库暂标；仍待逐词核验","现有应用词条；词头/词性/等级仍待整体验收"
"grønnsak","名词","A1","en","NTNU LearnNoW; NorweigenLearn 当前词库","05C","5","en grønnsak · grønnsaken · grønnsaker · grønnsakene / grønnsaken, grønnsaker, grønnsakene","蔬菜；一种蔬菜","Barn bør spise frukt og grønnsaker hver dag. / Gulrota er en rotgrønnsak.","孩子应该每天吃水果和蔬菜。 / 胡萝卜是一种根茎类蔬菜。","沿用现有词库暂标；仍待逐词核验","现有应用词条；词头/词性/等级仍待整体验收"
"grov","形容词","A1","","NTNU LearnNoW; NorweigenLearn 当前词库","05C","5","grov · grovt · grove · grove / grovt, grove","粗的；粗糙的；粗粒/全谷物的（食物语境）","Jeg kjøper grovt brød til frokost. / Vi trenger grove gulrøtter til suppa.","我买全麦面包当早餐。 / 我们做汤需要粗一些的胡萝卜。","沿用现有词库暂标；仍待逐词核验","现有应用词条；词头/词性/等级仍待整体验收"
"guide","名词","A1","en","NTNU NoW1; NorweigenLearn 当前词库","05P","5","en guide · guiden · guider · guidene","导游；指南；指导手册（依语境）","Guiden viser oss rundt i museet. / Jeg bruker en guide til norsk grammatikk.","导游带我们参观博物馆。 / 我用一本挪威语语法指南。","沿用现有词库暂标；仍待逐词核验","现有应用词条；词头/词性/等级仍待整体验收"
"gul","形容词","A1","","NTNU LearnNoW; NorweigenLearn 当前词库","05A","5","gul · gult · gule · gule / gult, gule","黄色的；黄的","Hun har en gul regnjakke. / Bladene blir gule om høsten.","她有一件黄色雨衣。 / 树叶在秋天会变黄。","沿用现有词库暂标；仍待逐词核验","现有应用词条；词头/词性/等级仍待整体验收"
"gulrot","名词","A1","ei","NTNU LearnNoW; NorweigenLearn 当前词库","05C","5","ei gulrot · gulrota · gulrøtter · gulrøttene / gulrota, gulrøtter, gulrøttene","胡萝卜；红萝卜（橙色根菜）","Jeg skreller ei gulrot til suppa. / Gulrøttene ligger i kjøleskapet.","我削一根胡萝卜放进汤里。 / 那些胡萝卜放在冰箱里。","沿用现有词库暂标；仍待逐词核验","现有应用词条；词头/词性/等级仍待整体验收"
"himmel","名词","A1","en","NTNU LearnNoW; NorweigenLearn 当前词库","05B","5","en himmel · himmelen · himler · himlene / himmelen, himler, himlene","天空；天；（宗教语境）天堂","Himmelen er blå i dag. / Det er en sky på himmelen.","今天天空很蓝。 / 天空中有一朵云。","沿用现有词库暂标；仍待逐词核验","现有应用词条；词头/词性/等级仍待整体验收"
"kanskje","副词","A1","","NTNU LearnNoW; NorweigenLearn 当前词库","05C","5","kanskje","也许；可能；说不定","Kanskje kommer hun på besøk i morgen. / Vi kan kanskje ta bussen.","她也许明天会来拜访。 / 我们也许可以坐公交。","沿用现有词库暂标；仍待逐词核验","现有应用词条；词头/词性/等级仍待整体验收"
"katedral","名词","A1","en","NTNU NoW1; NorweigenLearn 当前词库","05P","5","en katedral · katedralen · katedraler · katedralene","大教堂；主教座堂（通常是主教驻地教堂）","Turistene besøkte katedralen i sentrum. / Nidarosdomen er en kjent katedral i Trondheim.","游客参观了市中心的大教堂。 / 尼达罗斯大教堂是特隆赫姆一座著名的大教堂。","沿用现有词库暂标；仍待逐词核验","现有应用词条；词头/词性/等级仍待整体验收"
"katt","名词","A1","en","NTNU LearnNoW; NorweigenLearn 当前词库","05A","5","en katt · katten · katter · kattene / katten, katter, kattene","猫；家猫","Naboen har en svart katt. / Katten sover på sofaen.","邻居养了一只黑猫。 / 猫在沙发上睡觉。","沿用现有词库暂标；仍待逐词核验","现有应用词条；词头/词性/等级仍待整体验收"
"kilo","名词","A1","et","NTNU LearnNoW; NorweigenLearn 当前词库","05C","5","et kilo · kiloet / kiloa · kilo · kiloene / kiloet, kiloer, kiloene","千克；公斤；一公斤的量","Jeg kjøper et kilo epler. / Potetene koster tjue kroner kiloet.","我买一公斤苹果。 / 土豆每公斤二十克朗。","沿用现有词库暂标；仍待逐词核验","现有应用词条；词头/词性/等级仍待整体验收"
"kjøtt","名词","A1","et","NTNU LearnNoW; NorweigenLearn 当前词库","05C","5","kjøtt · kjøttet / kjøttet","肉；肉类（通常不可数）","Vi spiser ikke kjøtt hver dag. / Kjøttet er ferdig stekt.","我们不是每天都吃肉。 / 肉已经煎 / 烤好了。","沿用现有词库暂标；仍待逐词核验","现有应用词条；词头/词性/等级仍待整体验收"
"klappe","动词","A1","å","NTNU LearnNoW; NorweigenLearn 当前词库","05A","5","klappe · klapper · klappet · klappet / klapper, klappet, har klappet","拍；轻拍；鼓掌；抚摸（依搭配）","Publikum klappet etter konserten. / Barnet klapper katten forsiktig.","音乐会结束后观众鼓掌了。 / 孩子轻轻抚摸那只猫。","沿用现有词库暂标；仍待逐词核验","现有应用词条；词头/词性/等级仍待整体验收"
"klar","形容词","A1","","NTNU LearnNoW; NorweigenLearn 当前词库","05B; 08C","5","klar · klart · klare · klare / klart, klare","准备好的；清楚的；明显的（依结构）","Er du klar til å gå nå? / Vi er klare for prøven.","你现在准备好出发了吗？ / 我们已经准备好参加考试了。","沿用现有词库暂标；仍待逐词核验","现有应用词条；词头/词性/等级仍待整体验收"
"kylling","名词","A1","en","NTNU LearnNoW; NorweigenLearn 当前词库","05C","5","en kylling · kyllingen · kyllinger · kyllingene / kyllingen, kyllinger, kyllingene","鸡；小鸡；鸡肉（食物语境）","Vi skal ha kylling med ris til middag. / Kyllingene går sammen med høna.","我们晚饭要吃鸡肉配米饭。 / 小鸡们跟着母鸡一起走。","沿用现有词库暂标；仍待逐词核验","现有应用词条；词头/词性/等级仍待整体验收"
"lag","名词","A1","et","NTNU LearnNoW; NorweigenLearn 当前词库","05B","5","et lag · laget · lag · lagene / laget, lag, lagene","队；团队；小组（也有“层、层次”等义）","Sønnen min spiller på et fotballag. / Vi jobber godt i lag.","我儿子在一支足球队踢球。 / 我们合作得很好。","沿用现有词库暂标；仍待逐词核验","现有应用词条；词头/词性/等级仍待整体验收"
"laks","名词","A1","en","NTNU LearnNoW; NorweigenLearn 当前词库","05C","5","en laks · laksen · lakser · laksene / laksen, lakser, laksene","鲑鱼；三文鱼（鱼类或食材）","Vi spiser laks med poteter i dag. / Laksen svømmer opp elva.","我们今天吃三文鱼配土豆。 / 鲑鱼沿河向上游游。","沿用现有词库暂标；仍待逐词核验","现有应用词条；词头/词性/等级仍待整体验收"
"liter","名词","A1","en","NTNU LearnNoW; NorweigenLearn 当前词库","05C","5","en liter · literen · liter · literne / literen, liter, literne","升；一升的容量单位","Jeg drikker nesten en liter vann om dagen. / Vi trenger to liter melk til oppskriften.","我每天喝将近一升水。 / 这个食谱需要两升牛奶。","沿用现有词库暂标；仍待逐词核验","现有应用词条；词头/词性/等级仍待整体验收"
"loff","名词","A1","en","NTNU LearnNoW; NorweigenLearn 当前词库","05C","5","en loff · loffen · loffer · loffene / loffen, loffer, loffene","白面包；白面包条（通常指松软精白面包）","Bestefar kjøpte en fersk loff til frokost. / Jeg smører ost på en skive loff.","爷爷 / 外公买了一条新鲜白面包作早餐。 / 我在一片白面包上抹奶酪。","沿用现有词库暂标；仍待逐词核验","现有应用词条；词头/词性/等级仍待整体验收"
"lunsj","名词","A1","en","NTNU LearnNoW; NorweigenLearn 当前词库","05B","5","en lunsj · lunsjen · lunsjer · lunsjene / lunsjen, lunsjer, lunsjene","午餐","Vi spiser lunsj klokka tolv. / Lunsjen i dag var god.","我们十二点吃午饭。 / 今天的午餐很好吃。","沿用现有词库暂标；仍待逐词核验","现有应用词条；词头/词性/等级仍待整体验收"
"lyst","名词","A1","en","NTNU LearnNoW; NorweigenLearn 当前词库","05D","5","ei lyst · lysta · lyster · lystene / lysten, lyster, lystene","愿望；兴趣；想做某事的意愿；欲望（依语境）","Jeg har lyst til å lære mer norsk. / Har du lyst på kaffe?","我想再多学一些挪威语。 / 你想喝咖啡吗？","沿用现有词库暂标；仍待逐词核验","现有应用词条；词头/词性/等级仍待整体验收"
"mål","名词","A1","et","NTNU LearnNoW; NorweigenLearn 当前词库","05B","5","et mål · målet · mål · målene / målet, mål, målene","目标；目的；进球；语言（依语境）","Målet mitt er å snakke norsk på jobb. / Hun scoret et mål i kampen.","我的目标是在工作中说挪威语。 / 她在比赛中进了一个球。","沿用现有词库暂标；仍待逐词核验","现有应用词条；词头/词性/等级仍待整体验收"
"mat","名词","A1","","NTNU LearnNoW; NorweigenLearn 当前词库","05A","5","mat · maten · — · — / maten (uncountable)","食物","Vi lager mat hjemme.","我们在家做饭。","沿用现有词库暂标；仍待逐词核验","现有应用词条；词头/词性/等级仍待整体验收"
"melk","名词","A1","","NTNU LearnNoW; NorweigenLearn 当前词库","05A","5","melk · melken · — · — / melken (uncountable)","牛奶","Barnet drikker melk.","孩子喝牛奶。","沿用现有词库暂标；仍待逐词核验","现有应用词条；词头/词性/等级仍待整体验收"
"mett","形容词","A1","","NTNU LearnNoW; NorweigenLearn 当前词库","05A","5","mett · mett · mette · mette / mett, mette","饱的；吃饱了的","Takk, jeg er mett nå. / Barna ble mette etter middagen.","谢谢，我现在吃饱了。 / 孩子们晚饭后吃饱了。","沿用现有词库暂标；仍待逐词核验","现有应用词条；词头/词性/等级仍待整体验收"
"middag","名词","A1","en","NTNU LearnNoW; NorweigenLearn 当前词库","05C","5","en middag · middagen · middager · middagene / middagen, middager, middagene","晚餐；正餐；午餐（地域/语境差异）","Vi spiser middag klokka fem. / Middagen står på bordet.","我们五点吃晚饭 / 正餐。 / 晚饭已经摆在桌上了。","沿用现有词库暂标；仍待逐词核验","现有应用词条；词头/词性/等级仍待整体验收"
"mot","介词","A1","","NTNU LearnNoW; NorweigenLearn 当前词库","05B","5","mot","朝向；朝着；对着；反对；靠着（依语境）","Vi går mot busstasjonen nå. / Hun lente sykkelen mot veggen.","我们现在朝公交车站走。 / 她把自行车靠在墙边。","沿用现有词库暂标；仍待逐词核验","现有应用词条；词头/词性/等级仍待整体验收"
"nummer","名词","A1","et","NTNU LearnNoW; NorweigenLearn 当前词库","05B","5","et nummer · nummeret · nummer / numre · numrene / nummeret, nummer/numre, numrene","号码；编号；数字；期号（依语境）","Kan jeg få telefonnummeret ditt? / Huset vårt har nummer tolv.","我可以要你的电话号码吗？ / 我们的房子是十二号。","沿用现有词库暂标；仍待逐词核验","现有应用词条；词头/词性/等级仍待整体验收"
"ny","形容词","A1","","NTNU LearnNoW; NorweigenLearn 当前词库","05D","5","ny · nytt · nye · nyere · nyest / nyeste / nytt, nye","新的；刚来的","Hun har fått en ny jobb. / Vi kjøpte et nytt bord.","她找到了一份新工作。 / 我们买了一张新桌子。","沿用现有词库暂标；仍待逐词核验","现有应用词条；词头/词性/等级仍待整体验收"
"nysgjerrig","形容词","A1","","NTNU LearnNoW; NorweigenLearn 当前词库","05D","5","nysgjerrig · nysgjerrig · nysgjerrige · nysgjerrige / nysgjerrig, nysgjerrige","好奇的；想知道的","Jeg er nysgjerrig på den nye boka. / Barna stilte mange spørsmål fordi de var nysgjerrige.","我很好奇那本新书。 / 孩子们问了很多问题，因为他们很好奇。","沿用现有词库暂标；仍待逐词核验","现有应用词条；词头/词性/等级仍待整体验收"
"ost","名词","A1","en","NTNU LearnNoW; NorweigenLearn 当前词库","05A","5","en ost · osten · oster · ostene / osten, oster, ostene","奶酪；乳酪","Jeg spiser brød med ost til frokost. / Denne osten kommer fra en gård i nærheten.","我早餐吃夹奶酪的面包。 / 这款奶酪来自附近的一个农场。","沿用现有词库暂标；仍待逐词核验","现有应用词条；词头/词性/等级仍待整体验收"
"pålegg","名词","A1","et","NTNU LearnNoW; NorweigenLearn 当前词库","05C","5","et pålegg · pålegget · pålegg · påleggene / pålegget, pålegg, påleggene","面包配料；抹面包/夹面包吃的冷食（如奶酪、火腿）","Barna velger pålegg til matpakka. / Pålegget står i kjøleskapet.","孩子们为午餐盒里的面包选择配料。 / 面包配料放在冰箱里。","沿用现有词库暂标；仍待逐词核验","现有应用词条；词头/词性/等级仍待整体验收"
"paprika","名词","A1","en","NTNU LearnNoW; NorweigenLearn 当前词库","05C","5","en paprika · paprikaen · paprikaer · paprikaene / paprikaen, paprikaer, paprikaene","甜椒；彩椒；灯笼椒（蔬菜）","Jeg skjærer en rød paprika i små biter. / Paprikaen passer godt i salaten.","我把一个红甜椒切成小块。 / 甜椒很适合放进沙拉里。","沿用现有词库暂标；仍待逐词核验","现有应用词条；词头/词性/等级仍待整体验收"
"pose","名词","A1","en","NTNU LearnNoW; NorweigenLearn 当前词库","05C","5","en pose · posen · poser · posene / posen, poser, posene","袋子；购物袋","Vil du ha en pose? / Jeg legger varene i posen.","你要一个袋子吗？ / 我把商品放进袋子里。","沿用现有词库暂标；仍待逐词核验","现有应用词条；词头/词性/等级仍待整体验收"
"potet","名词","A1","en","NTNU LearnNoW; NorweigenLearn 当前词库","05C","5","en potet · poteten · poteter · potetene / poteten, poteter, potetene","土豆；马铃薯","Vi koker poteter til fisken. / Potetene er klare nå.","我们煮土豆配鱼吃。 / 土豆现在做好了。","沿用现有词库暂标；仍待逐词核验","现有应用词条；词头/词性/等级仍待整体验收"
"prøve","动词","A1","å","NTNU LearnNoW; NorweigenLearn 当前词库","05D","5","prøve · prøver · prøvde · prøvd / prøver, prøvde, har prøvd","尝试；试一试；试穿","Jeg prøver å snakke norsk hver dag. / Han prøvde jakka før han kjøpte den.","我每天都试着说挪威语。 / 他买夹克前先试穿了。","沿用现有词库暂标；仍待逐词核验","现有应用词条；词头/词性/等级仍待整体验收"
"sette","动词","A1","å","NTNU LearnNoW; NorweigenLearn 当前词库","05D","5","sette · setter · satte · satt / setter, satte, har satt","放；摆；使坐下/安置","Hun setter koppen på bordet. / Vi satte oss ved vinduet.","她把杯子放在桌上。 / 我们在窗边坐下了。","沿用现有词库暂标；仍待逐词核验","现有应用词条；词头/词性/等级仍待整体验收"
"sol","名词","A1","ei","NTNU LearnNoW; NorweigenLearn 当前词库","05B","5","ei sol · sola · soler · solene / sola, soler, solene","太阳；阳光","Sola skinner i dag. / Vi sitter i sola på terrassen.","今天阳光明媚。 / 我们坐在露台上晒太阳。","沿用现有词库暂标；仍待逐词核验","现有应用词条；词头/词性/等级仍待整体验收"
"ute","副词","A1","","NTNU LearnNoW; NorweigenLearn 当前词库","05A","5","ute","在外面；户外；不在家/不在场（依语境）","Barna leker ute etter skolen. / Sjefen er ute og handler.","孩子们放学后在外面玩。 / 老板出去购物了。","沿用现有词库暂标；仍待逐词核验","现有应用词条；词头/词性/等级仍待整体验收"
"vær","名词","A1","","NTNU LearnNoW; NorweigenLearn 当前词库","05B","5","et vær · været / været (uncountable)","天气；气象状况；天气情况","Det blir dårlig vær i morgen. / Hvordan blir været i helga?","明天天气会不好。 / 周末天气怎么样？","沿用现有词库暂标；仍待逐词核验","现有应用词条；词头/词性/等级仍待整体验收"
"huske","动词","A1","å","NTNU LearnNoW; NTNU NoW1; NorweigenLearn 当前词库","06A; 11A","6","huske · husker · husket · husket / husker, husket, har husket","记得；记住","Husker du adressen? / Jeg husket å låse døra.","你记得地址吗？ / 我记得锁门了。","沿用现有词库暂标；仍待逐词核验","现有应用词条；词头/词性/等级仍待整体验收"
"billig","形容词","A1","","NTNU LearnNoW; NorweigenLearn 当前词库","06C","6","billig · billig · billige · billigere · billigst / billig, billige","便宜的；价格低的","Denne jakka er billigere enn den andre. / Vi fant den billigste billetten på nettet.","这件外套比另一件便宜。 / 我们在网上找到了最便宜的车票。","沿用现有词库暂标；仍待逐词核验","现有应用词条；词头/词性/等级仍待整体验收"
"brun","形容词","A1","","NTNU LearnNoW; NorweigenLearn 当前词库","06A","6","brun · brunt · brune · brunere · brunest / brunt, brune","棕色的；褐色的；晒黑的","Hun har brune øyne. / Vi kjøpte et brunt bord.","她有一双棕色的眼睛。 / 我们买了一张棕色的桌子。","沿用现有词库暂标；仍待逐词核验","现有应用词条；词头/词性/等级仍待整体验收"
"dit","副词","A1","","NTNU LearnNoW; NorweigenLearn 当前词库","06B","6","dit","到那里；往那里（表示方向/目的地）","Hvordan kommer jeg dit fra stasjonen? / Jeg var der i går, men skal dit igjen i morgen.","我从车站怎么去那里？ / 我昨天在那里，明天还要再去。","沿用现有词库暂标；仍待逐词核验","现有应用词条；词头/词性/等级仍待整体验收"
"etterpå","副词","A1","","NTNU LearnNoW; NorweigenLearn 当前词库","06A","6","etterpå","之后；过一会儿；后来","Vi spiser først, og så går vi en tur etterpå. / Jeg ringer deg etterpå.","我们先吃饭，然后再去散步。 / 我过一会儿给你打电话。","沿用现有词库暂标；仍待逐词核验","现有应用词条；词头/词性/等级仍待整体验收"
"forskjellig","形容词","A1","","NTNU LearnNoW; NorweigenLearn 当前词库","06B","6","forskjellig · forskjellig · forskjellige · forskjellige / forskjellig, forskjellige","不同的；各不相同的；多种多样的","Søstrene mine er veldig forskjellige. / Vi har forskjellig smak i musikk.","我的姐妹们彼此很不一样。 / 我们的音乐品味不同。","沿用现有词库暂标；仍待逐词核验","现有应用词条；词头/词性/等级仍待整体验收"
"glad","形容词","A1","","NTNU LearnNoW; NorweigenLearn 当前词库","06A","6","glad · glad · glade · gladere · gladest / gladeste / glad, glade","高兴的；开心的；乐意的","Jeg er glad for at du kan komme. / Barna er glade i besteforeldrene sine.","我很高兴你能来。 / 孩子们喜欢 / 爱他们的祖父母。","沿用现有词库暂标；仍待逐词核验","现有应用词条；词头/词性/等级仍待整体验收"
"grønn","形容词","A1","","NTNU LearnNoW; NorweigenLearn 当前词库","06C","6","grønn · grønt · grønne · grønnere · grønnest / grønt, grønne","绿色的；绿的","Hun har en grønn jakke. / Vi venter til lyset blir grønt.","她有一件绿色外套。 / 我们等到绿灯亮。","沿用现有词库暂标；仍待逐词核验","现有应用词条；词头/词性/等级仍待整体验收"
"inne","副词","A1","","NTNU LearnNoW; NorweigenLearn 当前词库","06C","6","inne","在里面；在室内","Det er varmt inne. / Barna leker inne når det regner.","室内很暖和。 / 下雨时孩子们在室内玩。","沿用现有词库暂标；仍待逐词核验","现有应用词条；词头/词性/等级仍待整体验收"
"interessant","形容词","A1","","NTNU LearnNoW; NorweigenLearn 当前词库","06C","6","interessant · interessant · interessante · mer interessant · mest interessant / interessant, interessante","有趣的；有意思的；值得关注的","Det var en interessant bok om Norge. / Det er interessant å høre hvordan du lærte norsk.","那是一本关于挪威的有趣书籍。 / 听你讲你是怎么学挪威语的很有意思。","沿用现有词库暂标；仍待逐词核验","现有应用词条；词头/词性/等级仍待整体验收"
"kjempegod","形容词","A1","","NTNU LearnNoW; NorweigenLearn 当前词库","06D","6","kjempegod · kjempegodt · kjempegode · kjempegode / kjempegodt, kjempegode","特别好吃的；特别好的；极棒的","Suppa var kjempegod. / Vi spiste et kjempegodt måltid sammen.","汤特别好喝。 / 我们一起吃了一顿特别美味的饭。","沿用现有词库暂标；仍待逐词核验","现有应用词条；词头/词性/等级仍待整体验收"
"kniv","名词","A1","en","NTNU LearnNoW; NorweigenLearn 当前词库","06A","6","en kniv · kniven · kniver · knivene / kniven, kniver, knivene","刀；餐刀","Kan jeg få en kniv? / Kniven ligger ved siden av tallerkenen.","可以给我一把刀吗？ / 餐刀在盘子旁边。","沿用现有词库暂标；仍待逐词核验","现有应用词条；词头/词性/等级仍待整体验收"
"liten","形容词","A1","","NTNU LearnNoW; NorweigenLearn 当前词库","06B","6","lita(f), lite(n), små(pl), det/det lille, de små / liten · lite · små · mindre · minst / minste","小；小的","Vi har et lite kjøkken. / Det minste rommet er barnets.","我们有一个小厨房。 / 最小的房间是孩子的。","沿用现有词库暂标；仍待逐词核验","现有应用词条；词头/词性/等级仍待整体验收"
"pris","名词","A1","en","NTNU LearnNoW; NorweigenLearn 当前词库","06C","6","en pris · prisen · priser · prisene / prisen, priser, prisene","价格","Hva er prisen på denne jakka? / Prisene har gått opp.","这件外套多少钱？ / 价格上涨了。","沿用现有词库暂标；仍待逐词核验","现有应用词条；词头/词性/等级仍待整体验收"
"sentrum","名词","A1","et","NTNU LearnNoW; NorweigenLearn 当前词库","06A","6","et sentrum · sentrumet · sentrum / sentra / sentre · sentrumene / sentraene / sentrene / sentret, sentre, sentrene","市中心；中心区域","Butikken ligger i sentrum. / Vi tar bussen til sentrum.","商店在市中心。 / 我们坐公交去市中心。","沿用现有词库暂标；仍待逐词核验","现有应用词条；词头/词性/等级仍待整体验收"
"sulten","形容词","A1","","NTNU LearnNoW; NorweigenLearn 当前词库","06D","6","sulten · sultent · sultne · sultnere · sultnest / sultent, sultne","饿的","Er du sulten? Maten er klar. / Barna er sultne etter turen.","你饿了吗？饭做好了。 / 孩子们散步后饿了。","沿用现有词库暂标；仍待逐词核验","现有应用词条；词头/词性/等级仍待整体验收"
"tallerken","名词","A1","en","NTNU LearnNoW; NorweigenLearn 当前词库","06A","6","en tallerken · tallerkenen · tallerkener · tallerkenene / tallerkenen, tallerkner, tallerknene","盘子","Jeg setter tallerkenen på bordet. / Vi trenger flere tallerkener.","我把盘子放在桌上。 / 我们还需要几个盘子。","沿用现有词库暂标；仍待逐词核验","现有应用词条；词头/词性/等级仍待整体验收"
"tørst","形容词","A1","","NTNU LearnNoW; NorweigenLearn 当前词库","06D","6","tørst · tørst · tørste / tørst, tørste","渴的","Jeg er tørst. Kan jeg få vann? / De er tørste etter treningen.","我渴了。可以给我水吗？ / 他们锻炼后口渴。","沿用现有词库暂标；仍待逐词核验","现有应用词条；词头/词性/等级仍待整体验收"
"vann","名词","A1","et","NTNU LearnNoW; NorweigenLearn 当前词库","06A; 11B","6","et vann · vannet · vann · vannene / vannet (uncountable) / vannet, vann, vannene","水；湖泊（按语境）","Kan jeg få et glass vann? / Det ligger et lite vann bak huset.","可以给我一杯水吗？ / 房子后面有一个小湖。","沿用现有词库暂标；仍待逐词核验","现有应用词条；词头/词性/等级仍待整体验收"
"datter","名词","A1","ei","NTNU NoW1; NorweigenLearn 当前词库","07A","7","ei datter · dattera · døtre · døtrene","女儿","Dattera mi er fem år. / De har to døtre.","我女儿五岁。 / 他们有两个女儿。","沿用现有词库暂标；仍待逐词核验","现有应用词条；词头/词性/等级仍待整体验收"
"dessuten","副词","A1","","NTNU LearnNoW; NorweigenLearn 当前词库","07D","7","dessuten","此外；而且；再说","Leiligheten er billig, og dessuten ligger den nær jobben. / Dessuten har vi ikke nok tid.","这套公寓便宜，而且离工作地点近。 / 此外，我们时间也不够。","沿用现有词库暂标；仍待逐词核验","现有应用词条；词头/词性/等级仍待整体验收"
"flott","形容词","A1","","NTNU LearnNoW; NorweigenLearn 当前词库","07C","7","flott · flott · flotte · flotte / flott, flotte","很棒的；漂亮的；出色的","Vi hadde en flott dag ved sjøen. / Det var et flott hus med store vinduer.","我们在海边度过了美好的一天。 / 那是一栋很漂亮的房子，有很大的窗户。","沿用现有词库暂标；仍待逐词核验","现有应用词条；词头/词性/等级仍待整体验收"
"fornøyd","形容词","A1","","NTNU LearnNoW; NorweigenLearn 当前词库","07D","7","fornøyd · fornøyd · fornøyde / fornøyd, fornøyde","满意的；高兴的；感到满足的","Jeg er fornøyd med norskkurset. / Kundene er fornøyde med servicen.","我对这门挪威语课程很满意。 / 顾客们对服务很满意。","沿用现有词库暂标；仍待逐词核验","现有应用词条；词头/词性/等级仍待整体验收"
"ganske","副词","A1","","NTNU LearnNoW; NorweigenLearn 当前词库","07D","7","ganske","相当；挺；比较（程度副词）","Det er ganske kaldt ute i dag. / Hun snakker ganske fort.","今天外面挺冷的。 / 她说得比较快。","沿用现有词库暂标；仍待逐词核验","现有应用词条；词头/词性/等级仍待整体验收"
"heldigvis","副词","A1","","NTNU LearnNoW; NorweigenLearn 当前词库","07A","7","heldigvis","幸好；幸运的是","Heldigvis rakk vi toget. / Det var heldigvis ikke langt å gå.","幸好我们赶上了火车。 / 幸好路不远。","沿用现有词库暂标；仍待逐词核验","现有应用词条；词头/词性/等级仍待整体验收"
"uke","名词","A1","ei","NTNU LearnNoW; NorweigenLearn 当前词库","07B","7","ei uke · uka · uker · ukene / uka, uker, ukene","星期；一周（七天）","Jeg jobber tre dager i uka. / Vi skal reise om to uker.","我每周工作三天。 / 我们两周后要出行。","沿用现有词库暂标；仍待逐词核验","现有应用词条；词头/词性/等级仍待整体验收"
"feber","名词","A1","en","NTNU LearnNoW; NTNU NoW1; NorweigenLearn 当前词库","08B; 10A","8","en feber · feberen · febere / febrer · feberne / febrene / feberen, febere, feberne","发烧；发热","Barnet har feber i dag. / Feberen gikk ned etter medisinen.","孩子今天发烧。 / 吃药后烧退了。","沿用现有词库暂标；仍待逐词核验","现有应用词条；词头/词性/等级仍待整体验收"
"helg","名词","A1","ei","NTNU LearnNoW; NTNU NoW1; NorweigenLearn 当前词库","08A; 10D","8","ei helg · helga · helger · helgene / helga, helger, helgene","周末","Hva skal du gjøre i helga? / Vi har fri denne helga.","你这个周末打算做什么？ / 这个周末我们休息。","沿用现有词库暂标；仍待逐词核验","现有应用词条；词头/词性/等级仍待整体验收"
"høst","名词","A1","en","NTNU LearnNoW; NTNU NoW1; NorweigenLearn 当前词库","08A; 10B","8","en høst · høsten · høster · høstene / høsten, høster, høstene","秋天","Trærne skifter farge om høsten. / Høsten er fin på fjellet.","树木在秋天变色。 / 秋天的山间很美。","沿用现有词库暂标；仍待逐词核验","现有应用词条；词头/词性/等级仍待整体验收"
"derfor","副词","A1","","NTNU LearnNoW; NorweigenLearn 当前词库","08B","8","derfor","因此；所以；为此","Det regner, og derfor tar vi bussen. / Derfor kommer hun litt senere.","下雨了，所以我们坐公交车。 / 因此她会晚一点来。","沿用现有词库暂标；仍待逐词核验","现有应用词条；词头/词性/等级仍待整体验收"
"hånd","名词","A1","ei","NTNU LearnNoW; NorweigenLearn 当前词库","08A","8","hånd · hånda · hånden · hender · hendene / hånda, hender, hendene","手（手掌及手腕部分）","Barnet holder moren i hånda. / Husk å vaske hendene før du lager mat.","孩子牵着妈妈的手。 / 做饭前记得洗手。","沿用现有词库暂标；仍待逐词核验","现有应用词条；词头/词性/等级仍待整体验收"
"oppgave","名词","A1","ei","NTNU LearnNoW; NorweigenLearn 当前词库","08D","8","ei oppgave · oppgaven · oppgaver · oppgavene / oppgava, oppgaver, oppgavene","任务；作业；题目","Jeg gjør oppgavene etter kurset. / Læreren gir oss ei ny oppgave.","我在课程结束后做作业。 / 老师给我们一项新任务。","沿用现有词库暂标；仍待逐词核验","现有应用词条；词头/词性/等级仍待整体验收"
"pause","名词","A1","en","NTNU LearnNoW; NorweigenLearn 当前词库","08B","8","en pause · pausen · pauser · pausene / pausen, pauser, pausene","休息；休息时间","Vi tar en pause etter timen. / Pausen varer i ti minutter.","下课后我们休息一下。 / 休息时间持续十分钟。","沿用现有词库暂标；仍待逐词核验","现有应用词条；词头/词性/等级仍待整体验收"
"regn","名词","A1","et","NTNU LearnNoW; NorweigenLearn 当前词库","08C","8","regn · regnet / regnet","雨；降雨","Det kommer til å regne i morgen. / Vi fikk mye regn i helga.","明天会下雨。 / 周末下了很多雨。","沿用现有词库暂标；仍待逐词核验","现有应用词条；词头/词性/等级仍待整体验收"
"skog","名词","A1","en","NTNU LearnNoW; NorweigenLearn 当前词库","08C","8","en skog · skogen · skoger · skogene / skogen, skoger, skogene","森林；树林","Vi går en tur i skogen etter lunsj. / Det er mange små skoger i området.","午饭后我们去森林里散步。 / 这个地区有许多小片树林。","沿用现有词库暂标；仍待逐词核验","现有应用词条；词头/词性/等级仍待整体验收"
"vind","名词","A1","en","NTNU LearnNoW; NorweigenLearn 当前词库","08C","8","en vind · vinden · vinder · vindene / vinden, vinder, vindene","风","Det blåser en kald vind i dag. / Vinden kommer fra nord.","今天刮着冷风。 / 风从北方吹来。","沿用现有词库暂标；仍待逐词核验","现有应用词条；词头/词性/等级仍待整体验收"
"ennå","副词","A1","","NTNU LearnNoW; NorweigenLearn 当前词库","09A","9","ennå","还；仍然；尚未（常与否定连用）","Bussen har ennå ikke kommet. / Bor foreldrene dine ennå i Oslo?","公交车还没来。 / 你父母还住在奥斯陆吗？","沿用现有词库暂标；仍待逐词核验","现有应用词条；词头/词性/等级仍待整体验收"
"hel","形容词","A1","","NTNU LearnNoW; NorweigenLearn 当前词库","09C","9","hel · helt · hele · hele / helt, hele","整个的；完整的；全……的","Vi ventet en hel time på bussen. / Hele familien spiser middag sammen.","我们等公交整整等了一个小时。 / 全家人一起吃晚饭。","沿用现有词库暂标；仍待逐词核验","现有应用词条；词头/词性/等级仍待整体验收"
"navn","名词","A1","et","NTNU LearnNoW; NorweigenLearn 当前词库","09C","9","et navn · navnet · navn · navnene / navnet, navn, navnene","名字；名称","Hva er navnet ditt? / Barna skriver navnene sine på arket.","你叫什么名字？ / 孩子们把自己的名字写在纸上。","沿用现有词库暂标；仍待逐词核验","现有应用词条；词头/词性/等级仍待整体验收"
"ofte","副词","A1","","NTNU LearnNoW; NorweigenLearn 当前词库","09C","9","ofte · oftere · oftest","经常；常常","Jeg tar ofte bussen til jobb. / Vi besøker familien oftere om sommeren.","我经常坐公交上班。 / 夏天我们更常去看家人。","沿用现有词库暂标；仍待逐词核验","现有应用词条；词头/词性/等级仍待整体验收"
"tid","名词","A1","ei","NTNU LearnNoW; NorweigenLearn 当前词库","09C","9","ei tid · tida · tider · tidene / tida, tider, tidene","时间；时期；一段时间","Har du tid til en kopp kaffe? / Vi bodde der i lang tid.","你有时间喝杯咖啡吗？ / 我们在那里住了很长时间。","沿用现有词库暂标；仍待逐词核验","现有应用词条；词头/词性/等级仍待整体验收"
"vanligvis","副词","A1","","NTNU LearnNoW; NorweigenLearn 当前词库","09C","9","vanligvis","通常；一般来说","Jeg jobber vanligvis hjemme på fredager. / Vanligvis går toget hvert kvarter.","我通常周五在家工作。 / 通常火车每十五分钟一班。","沿用现有词库暂标；仍待逐词核验","现有应用词条；词头/词性/等级仍待整体验收"
"aldri","副词","A1","","NTNU LearnNoW; NorweigenLearn 当前词库","10D","10","aldri","从不；从来没有","Jeg kommer aldri for sent på jobb. / Han har aldri vært i Bergen.","我上班从不迟到。 / 他从来没有去过卑尔根。","沿用现有词库暂标；仍待逐词核验","现有应用词条；词头/词性/等级仍待整体验收"
"forresten","副词","A1","","NTNU LearnNoW; NorweigenLearn 当前词库","10A","10","forresten","顺便说一下；对了；此外（转换话题）","Forresten, har du sett nøklene mine? / Jeg må forresten ringe legen i morgen.","对了，你看到我的钥匙了吗？ / 对了，我明天还得给医生打电话。","沿用现有词库暂标；仍待逐词核验","现有应用词条；词头/词性/等级仍待整体验收"
"hjerte","名词","A1","et","NTNU LearnNoW; NorweigenLearn 当前词库","10C","10","et hjerte · hjertet · hjerter · hjertene / hjertet, hjerter, hjertene","心脏；心（情感或象征义）","Hjertet slår raskere når jeg løper. / Hun tegnet et rødt hjerte på kortet.","我跑步时心跳得更快。 / 她在卡片上画了一颗红心。","沿用现有词库暂标；仍待逐词核验","现有应用词条；词头/词性/等级仍待整体验收"
"kald","形容词","A1","","NTNU LearnNoW; NorweigenLearn 当前词库","10A; 12A","10","kald · kaldt · kalde · kaldere · kaldest / kaldeste / kald, kaldt, kalde / kaldt, kalde","冷的；凉的","Det er kaldt ute i dag. / Vannet er kaldt.","今天外面很冷。 / 水是凉的。","沿用现有词库暂标；仍待逐词核验","现有应用词条；词头/词性/等级仍待整体验收"
"kjempeflink","形容词","A1","","NTNU LearnNoW; NorweigenLearn 当前词库","10D","10","kjempeflink · kjempeflinkt · kjempeflinke / kjempeflinkt, kjempeflinke","特别能干的；非常擅长的；表现很棒的（口语）","Du er kjempeflink til å snakke norsk. / Barna var kjempeflinke på konserten.","你挪威语说得特别棒。 / 孩子们在音乐会上表现得非常好。","沿用现有词库暂标；仍待逐词核验","现有应用词条；词头/词性/等级仍待整体验收"
"kropp","名词","A1","en","NTNU LearnNoW; NorweigenLearn 当前词库","10D","10","en kropp · kroppen · kropper · kroppene / kroppen, kropper, kroppene","身体","Hele kroppen er trøtt etter turen. / Kroppen trenger hvile.","散步之后全身都累。 / 身体需要休息。","沿用现有词库暂标；仍待逐词核验","现有应用词条；词头/词性/等级仍待整体验收"
"natt","名词","A1","ei","NTNU LearnNoW; NorweigenLearn 当前词库","10A","10","ei natt · natta/natten · netter · nettene / natta, netter, nettene","夜；夜晚（通常指睡觉的一段夜间时间）","Jeg sov dårlig i natt. / Det var tre kalde netter på rad.","我昨晚没睡好。 / 连续有三个寒冷的夜晚。","沿用现有词库暂标；仍待逐词核验","现有应用词条；词头/词性/等级仍待整体验收"
"varm","形容词","A1","","NTNU LearnNoW; NorweigenLearn 当前词库","10A","10","varm · varmt · varme · varmere · varmest / varmeste / varmt, varme","暖和的；热的","Jeg trenger ei varm jakke. / Suppa er varm nå.","我需要一件暖和的外套。 / 汤现在是热的。","沿用现有词库暂标；仍待逐词核验","现有应用词条；词头/词性/等级仍待整体验收"
"vinter","名词","A1","en","NTNU LearnNoW; NorweigenLearn 当前词库","10B","10","en vinter · vinteren · vintre · vintrene / vinteren, vintre, vintrene","冬天","Det snør ofte om vinteren. / Vinteren var kald i fjor.","冬天经常下雪。 / 去年的冬天很冷。","沿用现有词库暂标；仍待逐词核验","现有应用词条；词头/词性/等级仍待整体验收"
"kjempebra","形容词","A1","","NTNU LearnNoW; NorweigenLearn 当前词库","11D","11","kjempebra / kjempebra, kjempebra","特别好；棒极了；非常不错（口语）","Det gikk kjempebra på prøven. / Kjempebra, da sees vi på fredag!","考试考得特别好。 / 太好了，那我们星期五见！","沿用现有词库暂标；仍待逐词核验","现有应用词条；词头/词性/等级仍待整体验收"
"nese","名词","A1","en","NTNU LearnNoW; NorweigenLearn 当前词库","12A","12","en nese · nesen · neser · nesene / nesen, neser, nesene","鼻子","Jeg puster gjennom nesen. / Barnet er forkjølet og har rennende nese.","我用鼻子呼吸。 / 孩子感冒了，还流鼻涕。","沿用现有词库暂标；仍待逐词核验","现有应用词条；词头/词性/等级仍待整体验收"
"all","限定词/代词","A1","","NorweigenLearn 当前词库","","","all · alt · alle","所有的；全部的；整个；大家/一切（依性数与句法）","Alle barna kom tidlig til skolen. / Alt vannet i flasken er kaldt.","所有孩子都很早来到学校。 / 瓶子里的水全是凉的。","沿用现有词库暂标；仍待逐词核验","现有应用词条；词头/词性/等级仍待整体验收"
"annen","限定词/形容词","A1","","NorweigenLearn 当前词库","","","annen · annet · andre","另一个；其他的；不同的；第二个（依语境）","Kan vi møtes en annen dag? / Har du noe annet å spise?","我们能改天见面吗？ / 你还有别的东西吃吗？","沿用现有词库暂标；仍待逐词核验","现有应用词条；词头/词性/等级仍待整体验收"
"at","从属连词","A1","","NorweigenLearn 当前词库","","","at","（引导内容从句）……这件事；……的话；（依语境也作结构成分）","Jeg vet at hun bor i Bergen. / Læreren sier at prøven begynner klokka ni.","我知道她住在卑尔根。 / 老师说考试九点开始。","沿用现有词库暂标；仍待逐词核验","现有应用词条；词头/词性/等级仍待整体验收"
"åtte","限定词","A1","","NorweigenLearn 当前词库","","","åtte","八；8","Skolen begynner klokka åtte. / Vi blir i Norge i åtte dager.","学校八点开始上课。 / 我们会在挪威待八天。","沿用现有词库暂标；仍待逐词核验","现有应用词条；词头/词性/等级仍待整体验收"
"atten","限定词","A1","","NorweigenLearn 当前词库","","","atten","十八；18","Datteren min er atten år gammel. / Vi venter atten minutter på bussen.","我女儿十八岁。 / 我们等公交车十八分钟。","沿用现有词库暂标；仍待逐词核验","现有应用词条；词头/词性/等级仍待整体验收"
"blod","名词（通常不可数）","A1","","NorweigenLearn 当前词库","","","et blod · blodet · blod · blodene","血；血液","Legen tar en blodprøve. / Blodet er viktig for kroppen.","医生抽取一份血液样本。 / 血液对身体很重要。","沿用现有词库暂标；仍待逐词核验","现有应用词条；词头/词性/等级仍待整体验收"
"blomst","名词","A1","","NorweigenLearn 当前词库","","","en blomst · blomsten · blomster · blomstene","花；一朵花","Hun kjøper en blomst til læreren. / Blomstene trenger vann.","她给老师买了一朵花。 / 这些花需要水。","沿用现有词库暂标；仍待逐词核验","现有应用词条；词头/词性/等级仍待整体验收"
"ca.","缩写","A1","","NorweigenLearn 当前词库","","","ca.","约；大约（拉丁语 circa 的缩写）","Turen tar ca. tjue minutter. / Det bor ca. tusen mennesker i bygda.","这段路大约需要二十分钟。 / 这个村大约有一千人。","沿用现有词库暂标；仍待逐词核验","现有应用词条；词头/词性/等级仍待整体验收"
"de","代词","A1","","NorweigenLearn 当前词库","","","de · dem","他们；她们；它们；您（正式称呼，较少用）","De bor i Trondheim. / Jeg snakker med dem hver uke.","他们住在特隆赫姆。 / 我每周都和他们交谈。","沿用现有词库暂标；仍待逐词核验","现有应用词条；词头/词性/等级仍待整体验收"
"den","代词","A1","","NorweigenLearn 当前词库","","","den","那个；这/那（阳性或阴性名词前）；它/那一个","Den røde bilen er min. / Jeg liker den best.","那辆红色汽车是我的。 / 我最喜欢那一个。","沿用现有词库暂标；仍待逐词核验","现有应用词条；词头/词性/等级仍待整体验收"
"denne","限定词","A1","","NorweigenLearn 当前词库","","","denne · dette · disse","这个；这位；这件（近指单数）","Denne uka jobber jeg hjemme. / Disse bøkene er fra biblioteket.","这周我在家工作。 / 这些书是从图书馆借来的。","沿用现有词库暂标；仍待逐词核验","现有应用词条；词头/词性/等级仍待整体验收"
"dere","代词","A1","","NorweigenLearn 当前词库","","","dere","你们（主格/宾格）","Dere kan komme inn nå. / Jeg venter på dere utenfor.","你们现在可以进来了。 / 我在外面等你们。","沿用现有词库暂标；仍待逐词核验","现有应用词条；词头/词性/等级仍待整体验收"
"det","代词","A1","","NorweigenLearn 当前词库","","","det","它；那个；（中性名词前）那个；形式主语 it","Det er kaldt ute i dag. / Huset er fint. Det er også stort.","今天外面很冷。 / 这房子很漂亮，而且也很大。","沿用现有词库暂标；仍待逐词核验","现有应用词条；词头/词性/等级仍待整体验收"
"dette","限定词","A1","","NorweigenLearn 当前词库","","","dette","这个；这件事/这个东西（中性形式）","Dette barnet går i barnehagen. / Hva synes du om dette?","这个孩子上幼儿园。 / 你觉得这件事怎么样？","沿用现有词库暂标；仍待逐词核验","现有应用词条；词头/词性/等级仍待整体验收"
"din","限定词","A1","","NorweigenLearn 当前词库","","","din · di · ditt · dine","你的；你们的（与被拥有名词性数一致）","Hvor er nøkkelen din? / Jeg liker de nye skoene dine.","你的钥匙在哪里？ / 我喜欢你的新鞋。","沿用现有词库暂标；仍待逐词核验","现有应用词条；词头/词性/等级仍待整体验收"
"disse","限定词","A1","","NorweigenLearn 当前词库","","","disse","这些；这些人/这些东西","Disse skoene er veldig gode å gå i. / En av disse bussene går til sentrum.","这双鞋穿着走路很舒服。 / 这些公交车中有一辆去市中心。","沿用现有词库暂标；仍待逐词核验","现有应用词条；词头/词性/等级仍待整体验收"
"du","代词","A1","","NorweigenLearn 当前词库","","","du · deg · din / ditt / dine","你（单数，非正式称呼）","Hvor bor du nå? / Jeg ringer deg etter kurset.","你现在住在哪里？ / 课程结束后我给你打电话。","沿用现有词库暂标；仍待逐词核验","现有应用词条；词头/词性/等级仍待整体验收"
"dytte","动词","A1","","NorweigenLearn 当前词库","","","å dytte · dytter · dyttet · dyttet","推；推挤；轻轻推一下","Han dyttet døra forsiktig opp. / Ikke dytt de andre i køen.","他轻轻把门推开了。 / 别在队伍里推别人。","沿用现有词库暂标；仍待逐词核验","现有应用词条；词头/词性/等级仍待整体验收"
"egg","名词","A1","","NorweigenLearn 当前词库","","","et egg · egget · egg · eggene","鸡蛋","Jeg koker et egg til frokost. / Eggene er ferdige.","我早餐煮一个鸡蛋。 / 鸡蛋做好了。","沿用现有词库暂标；仍待逐词核验","现有应用词条；词头/词性/等级仍待整体验收"
"ei","限定词","A1","","NorweigenLearn 当前词库","","","ei","一；一个（阴性名词前的不定冠词）","Hun kjøpte ei bok på biblioteket. / Det står ei jente utenfor døra.","她在图书馆买了一本书。 / 门外站着一个女孩。","沿用现有词库暂标；仍待逐词核验","现有应用词条；词头/词性/等级仍待整体验收"
"eller","并列连词","A1","","NorweigenLearn 当前词库","","","eller","或者；还是（选择问句中）","Vil du ha te eller kaffe? / Vi kan gå, eller vi kan ta bussen.","你想喝茶还是咖啡？ / 我们可以走路，也可以坐公交。","沿用现有词库暂标；仍待逐词核验","现有应用词条；词头/词性/等级仍待整体验收"
"elv","名词","A1","","NorweigenLearn 当前词库","","","ei/en elv · elva / elven · elver · elvene","河；河流","Det går en sti langs elva. / De krysset ei elv på vei til hytta.","河边有一条小路。 / 他们去小木屋的路上渡过了一条河。","沿用现有词库暂标；仍待逐词核验","现有应用词条；词头/词性/等级仍待整体验收"
"en","代词","A1","","NorweigenLearn 当前词库","","","en","一个人；人们；你（泛指）","En lærer mye av å snakke med folk. / Når en bor i Norge, bruker en ofte buss.","人们能从与他人交谈中学到很多。 / 住在挪威时，人们常常坐公交。","沿用现有词库暂标；仍待逐词核验","现有应用词条；词头/词性/等级仍待整体验收"
"én","数词","A1","","NorweigenLearn 当前词库","","","én / ei / ett","一个；一位；一（强调数量时，阳性形式）","Det er bare én person igjen i rommet. / Jeg har én bror og to søstre.","房间里只剩一个人。 / 我有一个兄弟和两个姐妹。","沿用现有词库暂标；仍待逐词核验","现有应用词条；词头/词性/等级仍待整体验收"
"endelig","副词/形容词","A1","","NorweigenLearn 当前词库","","","endelig · endelig · endelige · endelig","终于；最终；盼望已久的（依语法和语境）","Endelig er ferien her! / Vi fikk et endelig svar fra kommunen.","假期终于到了！ / 我们收到了市政府的最终答复。","沿用现有词库暂标；仍待逐词核验","现有应用词条；词头/词性/等级仍待整体验收"
"engelsk","名词/形容词","A1","","NorweigenLearn 当前词库","","","engelsk · engelsk · engelske","英语；英国/英格兰的；英文的（依语境）","Kan du forklare dette på engelsk? / Hun leser en engelsk bok på toget.","你能用英语解释这个吗？ / 她在火车上读一本英文书。","沿用现有词库暂标；仍待逐词核验","现有应用词条；词头/词性/等级仍待整体验收"
"fæl","形容词","A1","","NorweigenLearn 当前词库","","","fæl · fælt · fæle · fælere · fælest","糟糕的；可怕的；讨厌的","Det var et fælt vær i går. / Det lukter fælt på kjøkkenet.","昨天的天气糟透了。 / 厨房里有股很难闻的味道。","沿用现有词库暂标；仍待逐词核验","现有应用词条；词头/词性/等级仍待整体验收"
"faktisk","副词/形容词","A1","","NorweigenLearn 当前词库","","","faktisk · faktisk · faktiske · faktisk","实际上；事实上；确实（强调或修正预期）","Det var faktisk lettere enn jeg trodde. / Jeg visste faktisk ikke at du bodde her.","这其实比我想的容易。 / 我确实不知道你住在这里。","沿用现有词库暂标；仍待逐词核验","现有应用词条；词头/词性/等级仍待整体验收"
"falle","动词","A1","","NorweigenLearn 当前词库","","","å falle · faller · falt · falt","跌倒；落下；下降；进入某种状态（依语境）","Et eple falt ned fra treet. / Hun falt på isen, men slo seg ikke.","一个苹果从树上掉了下来。 / 她在冰上摔倒了，但没有受伤。","沿用现有词库暂标；仍待逐词核验","现有应用词条；词头/词性/等级仍待整体验收"
"fattig","形容词","A1","","NorweigenLearn 当前词库","","","fattig · fattig · fattige · fattige","贫穷的；缺乏……的（如 fattig på tid，时间不够）","Familien var fattig, men de hjalp naboene. / Jeg er fattig på tid denne uka.","这家人虽然贫穷，却帮助了邻居。 / 我这周时间很紧。","沿用现有词库暂标；仍待逐词核验","现有应用词条；词头/词性/等级仍待整体验收"
"fem","限定词","A1","","NorweigenLearn 当前词库","","","fem","五；5","Toget går klokka fem. / Vi venter i fem minutter.","火车五点发车。 / 我们等五分钟。","沿用现有词库暂标；仍待逐词核验","现有应用词条；词头/词性/等级仍待整体验收"
"fire","数词","A1","","NorweigenLearn 当前词库","","","fire","四；第四（口语/序数结构按语境）","Bussen går klokka fire. / Vi har fire stoler rundt bordet.","公交车四点发车。 / 桌子周围有四把椅子。","沿用现有词库暂标；仍待逐词核验","现有应用词条；词头/词性/等级仍待整体验收"
"fjorten","限定词","A1","","NorweigenLearn 当前词库","","","fjorten","十四；14","Kurset varer i fjorten dager. / Hun er fjorten år gammel.","课程持续十四天。 / 她十四岁。","沿用现有词库暂标；仍待逐词核验","现有应用词条；词头/词性/等级仍待整体验收"
"forbi","介词","A1","","NorweigenLearn 当前词库","","","forbi","经过；从……旁边经过；过了（时间点）","Bussen kjører forbi skolen. / Vi gikk forbi uten å se ham.","公交车从学校旁边开过。 / 我们经过时没有看见他。","沿用现有词库暂标；仍待逐词核验","现有应用词条；词头/词性/等级仍待整体验收"
"forrige","形容词","A1","","NorweigenLearn 当前词库","","","forrige","上一个的；前一个的；刚过去的","Vi besøkte bestemor forrige helg. / Jeg så den filmen forrige måned.","我们上周末去看望了奶奶 / 外婆。 / 我上个月看了那部电影。","沿用现有词库暂标；仍待逐词核验","现有应用词条；词头/词性/等级仍待整体验收"
"første","形容词","A1","","NorweigenLearn 当前词库","","","første","第一；首先的","Dette er første gang jeg er i Bergen. / Hun kom først i mål.","这是我第一次来卑尔根。 / 她第一个到达终点。","沿用现有词库暂标；仍待逐词核验","现有应用词条；词头/词性/等级仍待整体验收"
"førti","限定词","A1","","NorweigenLearn 当前词库","","","førti","四十；40","Bestefar er førti år eldre enn pappa. / Billetten koster førti kroner.","爷爷 / 外公比爸爸大四十岁。 / 票价四十克朗。","沿用现有词库暂标；仍待逐词核验","现有应用词条；词头/词性/等级仍待整体验收"
"fugl","名词","A1","","NorweigenLearn 当前词库","","","en fugl · fuglen · fugler · fuglene","鸟；一只鸟","Det sitter en fugl i treet. / Fuglene synger tidlig om morgenen.","树上停着一只鸟。 / 鸟儿一大早就在唱歌。","沿用现有词库暂标；仍待逐词核验","现有应用词条；词头/词性/等级仍待整体验收"
"gaffel","名词","A1","","NorweigenLearn 当前词库","","","en gaffel · gaffelen · gafler · gaflene","叉子","Vi trenger en gaffel til. / Gaflene ligger i skuffen.","我们还需要一把叉子。 / 叉子在抽屉里。","沿用现有词库暂标；仍待逐词核验","现有应用词条；词头/词性/等级仍待整体验收"
"grå","形容词","A1","","NorweigenLearn 当前词库","","","grå · grått · grå · gråere · gråest","灰色的；灰暗的","Det er grå skyer på himmelen. / Vi fikk en grå og regnfull dag.","天空中有灰色的云。 / 我们遇上了一个阴沉又下雨的日子。","沿用现有词库暂标；仍待逐词核验","现有应用词条；词头/词性/等级仍待整体验收"
"gress","名词","A1","","NorweigenLearn 当前词库","","","et gress · gresset · gress · gressene","草；草坪/地面上的草","Barna leker på gresset utenfor huset. / Det vokser høyt gress langs stien.","孩子们在房子外的草地上玩。 / 小路边长着高高的草。","沿用现有词库暂标；仍待逐词核验","现有应用词条；词头/词性/等级仍待整体验收"
"hallo","感叹词","A1","","NorweigenLearn 当前词库","","","hallo","你好；喂（打招呼或接电话）","Hallo, det er Anna. / Han sa hallo til naboen.","喂，我是安娜。 / 他向邻居打了招呼。","沿用现有词库暂标；仍待逐词核验","现有应用词条；词头/词性/等级仍待整体验收"
"han","代词","A1","","NorweigenLearn 当前词库","","","han · ham · hans","他（主格）；宾格形式 ham；所有格 hans","Han jobber på et sykehus i Oslo. / Jeg snakker med ham etter møtet.","他在奥斯陆的一家医院工作。 / 会议后我和他交谈。","沿用现有词库暂标；仍待逐词核验","现有应用词条；词头/词性/等级仍待整体验收"
"handleliste","名词","A1","","NorweigenLearn 当前词库","","","ei handleliste · handlelista · handlelister · handlelistene","购物清单","Jeg skriver ei handleliste før jeg går til butikken. / Handlelista ligger på kjøkkenbordet.","我去商店前先写一份购物清单。 / 购物清单在厨房桌上。","沿用现有词库暂标；仍待逐词核验","现有应用词条；词头/词性/等级仍待整体验收"
"hans","限定词","A1","","NorweigenLearn 当前词库","","","hans","他的；属于他的","Han bor sammen med familien sin, ikke med familien hans. / Jeg møtte broren hans på stasjonen.","他和自己的家人住在一起，不是和另一个男人的家人住在一起。 / 我在车站遇到了他的兄弟。","沿用现有词库暂标；仍待逐词核验","现有应用词条；词头/词性/等级仍待整体验收"
"hav","名词","A1","","NorweigenLearn 当前词库","","","et hav · havet · hav · havene","海；海洋","Barna svømmer i havet. / Vi bor nær havet.","孩子们在海里游泳。 / 我们住在海边附近。","沿用现有词库暂标；仍待逐词核验","现有应用词条；词头/词性/等级仍待整体验收"
"hei","感叹词","A1","","NorweigenLearn 当前词库","","","hei","你好；嗨；再见（口语）","Hei! Hvordan går det? / Jeg må gå nå. Hei så lenge!","嗨！最近怎么样？ / 我现在得走了，回头见！","沿用现有词库暂标；仍待逐词核验","现有应用词条；词头/词性/等级仍待整体验收"
"hemmelig","形容词","A1","","NorweigenLearn 当前词库","","","hemmelig · hemmelig · hemmelige · hemmelige","秘密的；保密的；不公开的","Vi planlegger en hemmelig fest for pappa. / De holdt planen hemmelig.","我们正在为爸爸筹划一个秘密派对。 / 他们对计划保密。","沿用现有词库暂标；仍待逐词核验","现有应用词条；词头/词性/等级仍待整体验收"
"hm","感叹词","A1","","NorweigenLearn 当前词库","","","hm","嗯；唔；表示思考、迟疑或不确定","Hm, jeg må sjekke kalenderen først. / Hm? Kan du si det en gang til?","嗯，我得先查一下日历。 / 嗯？你能再说一遍吗？","沿用现有词库暂标；仍待逐词核验","现有应用词条；词头/词性/等级仍待整体验收"
"holdeplass","名词","A1","","NorweigenLearn 当前词库","","","en holdeplass · holdeplassen · holdeplasser · holdeplassene","车站；公交停靠站","Bussen stopper ved holdeplassen. / Vi går til bussholdeplassen.","公交车在站点停靠。 / 我们走去公交站。","沿用现有词库暂标；仍待逐词核验","现有应用词条；词头/词性/等级仍待整体验收"
"høy","名词","A1","","NorweigenLearn 当前词库","","","et høy · høyet · høy · høyene","干草；作动物饲料的干草（名词义）","Hestene spiser høy i stallen. / Bonden samler høy før vinteren.","马在马厩里吃干草。 / 农夫在冬天前收集干草。","沿用现有词库暂标；仍待逐词核验","现有应用词条；词头/词性/等级仍待整体验收"
"hun","代词","A1","","NorweigenLearn 当前词库","","","hun · henne · hennes","她（主格）；宾格 henne；所有格 hennes","Hun besøker moren sin på søndag. / Jeg reiser med henne og sønnen hennes.","她星期天去看望自己的母亲。 / 我和她以及她的儿子一起旅行。","沿用现有词库暂标；仍待逐词核验","现有应用词条；词头/词性/等级仍待整体验收"
"hundre","数词","A1","","NorweigenLearn 当前词库","","","hundre","一百；百；一百个/单位","Boka koster hundre kroner. / Det var over hundre mennesker på konserten.","这本书一百克朗。 / 音乐会上有一百多人。","沿用现有词库暂标；仍待逐词核验","现有应用词条；词头/词性/等级仍待整体验收"
"hva","代词","A1","","NorweigenLearn 当前词库","","","hva","什么；（从句中）……的事情/内容","Hva skal vi spise i kveld? / Hun spør hva klokka er.","我们今晚吃什么？ / 她问现在几点。","沿用现有词库暂标；仍待逐词核验","现有应用词条；词头/词性/等级仍待整体验收"
"hver","限定词","A1","","NorweigenLearn 当前词库","","","hver · hvert","每个；每一；任何一个（单数逐一指称）","Jeg øver norsk hver dag. / Vi besøker familien hvert år.","我每天练习挪威语。 / 我们每年都去看家人。","沿用现有词库暂标；仍待逐词核验","现有应用词条；词头/词性/等级仍待整体验收"
"hverandre","代词","A1","","NorweigenLearn 当前词库","","","hverandre","彼此；互相；对方","Vi hjelper hverandre med norskleksene. / De kjenner hverandre fra skolen.","我们互相帮忙做挪威语作业。 / 他们在学校时就认识彼此。","沿用现有词库暂标；仍待逐词核验","现有应用词条；词头/词性/等级仍待整体验收"
"hvilken","限定词","A1","","NorweigenLearn 当前词库","","","hvilken · hvilket · hvilke","哪一个；哪一种（修饰名词）","Hvilken buss går til sentrum? / Hvilket språk snakker de?","哪路公交车去市中心？ / 他们说哪种语言？","沿用现有词库暂标；仍待逐词核验","现有应用词条；词头/词性/等级仍待整体验收"
"hvor","副词","A1","","NorweigenLearn 当前词库","","","hvor","哪里；多么/多（与形容词连用）","Hvor ligger apoteket? / Hvor langt er det til sentrum?","药店在哪里？ / 到市中心有多远？","沿用现有词库暂标；仍待逐词核验","现有应用词条；词头/词性/等级仍待整体验收"
"hvordan","副词","A1","","NorweigenLearn 当前词库","","","hvordan","怎样；如何；怎么样","Hvordan kommer jeg til togstasjonen? / Hvordan har du det i dag?","我怎么去火车站？ / 你今天怎么样？","沿用现有词库暂标；仍待逐词核验","现有应用词条；词头/词性/等级仍待整体验收"
"ingen","限定词","A1","","NorweigenLearn 当前词库","","","ingen · intet · ingen","没有一个；没有任何；无人（修饰可数名词）","Jeg har ingen bil. / Det er ingen elever i klasserommet.","我没有车。 / 教室里一个学生也没有。","沿用现有词库暂标；仍待逐词核验","现有应用词条；词头/词性/等级仍待整体验收"
"ingenting","代词","A1","","NorweigenLearn 当前词库","","","ingenting","什么都没有；没有任何事情/东西","Jeg forstår ingenting av denne beskjeden. / Det er ingenting å bekymre seg for.","这条通知我一点也看不懂。 / 没什么可担心的。","沿用现有词库暂标；仍待逐词核验","现有应用词条；词头/词性/等级仍待整体验收"
"innsjø","名词","A1","","NorweigenLearn 当前词库","","","en innsjø · innsjøen · innsjøer · innsjøene","湖；内陆湖（被陆地环绕的水域）","Vi badet i en innsjø nær hytta. / Innsjøen er dekket av is om vinteren.","我们在小木屋附近的一个湖里游泳。 / 这座湖冬天会结冰。","沿用现有词库暂标；仍待逐词核验","现有应用词条；词头/词性/等级仍待整体验收"
"italiensk","形容词/语言名词","A1","","NorweigenLearn 当前词库","","","italiensk · italiensk · italienske","意大利的；意大利人/意大利语的；意大利语（依语境）","Vi spiser italiensk mat på lørdag. / Hun snakker italiensk med familien sin.","我们星期六吃意大利菜。 / 她用意大利语和家人交谈。","沿用现有词库暂标；仍待逐词核验","现有应用词条；词头/词性/等级仍待整体验收"
"ja","感叹词/副词","A1","","NorweigenLearn 当前词库","","","ja","是；对；好的；确实（依语调和句型）","Ja, jeg kommer på møtet. / Ja, det var faktisk en lang tur.","好，我会来参加会议。 / 是啊，那确实是一次很长的旅行。","沿用现有词库暂标；仍待逐词核验","现有应用词条；词头/词性/等级仍待整体验收"
"jeg","代词","A1","","NorweigenLearn 当前词库","","","jeg · meg","我（主格）；宾格形式是 meg","Jeg lærer norsk sammen med kona mi. / Læreren snakker med meg etter timen.","我和妻子一起学挪威语。 / 老师下课后和我交谈。","沿用现有词库暂标；仍待逐词核验","现有应用词条；词头/词性/等级仍待整体验收"
"kjempefin","形容词","A1","","NorweigenLearn 当前词库","","","kjempefin · kjempefint · kjempefine","特别好看的；非常棒的；很好的（口语）","Vi hadde en kjempefin dag på fjellet. / Det var et kjempefint bilde.","我们在山上度过了特别棒的一天。 / 那是一张非常漂亮的照片。","沿用现有词库暂标；仍待逐词核验","现有应用词条；词头/词性/等级仍待整体验收"
"kjempesulten","形容词","A1","","NorweigenLearn 当前词库","","","kjempesulten · kjempesultent · kjempesultne","特别饿的；饿极了（口语）","Barna er kjempesultne etter svømmetreningen. / Jeg ble kjempesulten på vei hjem.","孩子们游泳训练后饿极了。 / 我回家路上饿得不行。","沿用现有词库暂标；仍待逐词核验","现有应用词条；词头/词性/等级仍待整体验收"
"klær","名词（复数）","A1","","NorweigenLearn 当前词库","","","klær · klærne","衣服","Jeg legger fram klær til i morgen. / Klærne er tørre nå.","我把明天要穿的衣服准备好。 / 衣服现在干了。","沿用现有词库暂标；仍待逐词核验","现有应用词条；词头/词性/等级仍待整体验收"
"kne","名词","A1","","NorweigenLearn 当前词库","","","et kne · kneet · knær · knærne","膝盖；膝关节","Hun slo kneet da hun falt. / Barna sitter på knærne på gulvet.","她摔倒时磕到了膝盖。 / 孩子们跪坐在地板上。","沿用现有词库暂标；仍待逐词核验","现有应用词条；词头/词性/等级仍待整体验收"
"kø","名词","A1","","NorweigenLearn 当前词库","","","en kø · køen · køer · køene","队伍；队列（等待服务的人群）","Det er lang kø foran kassa. / Vi sto i kø i nesten tjue minutter.","收银台前排了很长的队。 / 我们排了将近二十分钟的队。","沿用现有词库暂标；仍待逐词核验","现有应用词条；词头/词性/等级仍待整体验收"
"kvart","数词/副词","A1","","NorweigenLearn 当前词库","","","kvart","一刻；四分之一；一刻钟（常用于报时）","Vi møtes klokka kvart over fire. / Klokka er kvart på sju.","我们四点一刻见面。 / 现在差一刻七点。","沿用现有词库暂标；仍待逐词核验","现有应用词条；词头/词性/等级仍待整体验收"
"kvinne","名词","A1","","NorweigenLearn 当前词库","","","ei kvinne · kvinna · kvinner · kvinnene","女性；成年女子","Det står ei kvinne utenfor. / Kvinnene jobber på samme skole.","外面站着一位女性。 / 这些女性在同一所学校工作。","沿用现有词库暂标；仍待逐词核验","现有应用词条；词头/词性/等级仍待整体验收"
"lår","名词","A1","","NorweigenLearn 当前词库","","","et lår · låret · lår · lårene","大腿（髋部至膝盖之间）","Jeg har vondt i det venstre låret. / Fotballspilleren fikk et blåmerke på låret.","我左大腿疼。 / 那名足球运动员的大腿上有一块淤青。","沿用现有词库暂标；仍待逐词核验","现有应用词条；词头/词性/等级仍待整体验收"
"lås","名词","A1","","NorweigenLearn 当前词库","","","en lås · låsen · låser · låsene","锁；门锁；锁具","Låsen på ytterdøra virker ikke. / Vi må skifte lås før vi flytter inn.","外门的锁坏了。 / 搬进去之前我们得换一把锁。","沿用现有词库暂标；仍待逐词核验","现有应用词条；词头/词性/等级仍待整体验收"
"låse","动词","A1","","NorweigenLearn 当前词库","","","å låse · låser · låste · låst","锁上；锁住；上锁","Husk å låse døra når du går. / Han låste sykkelen fast til stativet.","你走的时候记得锁门。 / 他把自行车锁在车架上了。","沿用现有词库暂标；仍待逐词核验","现有应用词条；词头/词性/等级仍待整体验收"
"leve","动词","A1","","NorweigenLearn 当前词库","","","å leve · lever · levde · levd","生活；活着；生存；以……为生","De lever et rolig liv på landet. / Mange familier lever av jordbruk.","他们在乡下过着平静的生活。 / 许多家庭靠农业为生。","沿用现有词库暂标；仍待逐词核验","现有应用词条；词头/词性/等级仍待整体验收"
"litt","限定词/副词","A1","","NorweigenLearn 当前词库","","","litt","一点；少量；稍微；有点儿","Kan jeg få litt melk i kaffen? / Jeg forstår litt norsk, men jeg snakker sakte.","能在咖啡里给我加一点牛奶吗？ / 我懂一点挪威语，但我说得很慢。","沿用现有词库暂标；仍待逐词核验","现有应用词条；词头/词性/等级仍待整体验收"
"lommebok","名词","A1","","NorweigenLearn 当前词库","","","ei/en lommebok · lommeboka / lommeboken · lommebøker · lommebøkene","钱包；钱夹","Jeg finner ikke lommeboka mi. / Hun la bankkortet tilbake i lommeboken.","我找不到我的钱包了。 / 她把银行卡放回了钱包里。","沿用现有词库暂标；仍待逐词核验","现有应用词条；词头/词性/等级仍待整体验收"
"lukke","动词","A1","","NorweigenLearn 当前词库","","","å lukke · lukker · lukket · lukket","关上；关闭；合上（门、窗、眼睛等）","Husk å lukke vinduet før du går. / Han lukket øynene og prøvde å sove.","走之前记得把窗户关上。 / 他闭上眼睛，试着睡觉。","沿用现有词库暂标；仍待逐词核验","现有应用词条；词头/词性/等级仍待整体验收"
"måne","名词","A1","","NorweigenLearn 当前词库","","","en måne · månen · måner · månene","月亮；月球","Månen lyser over fjorden. / Vi så en stor måne på bildet.","月亮照亮了峡湾上空。 / 我们在图片上看到一个很大的月亮。","沿用现有词库暂标；仍待逐词核验","现有应用词条；词头/词性/等级仍待整体验收"
"mange","限定词","A1","","NorweigenLearn 当前词库","","","mange","许多；很多（修饰可数复数名词）","Det bor mange mennesker i byen. / Vi har besøkt Oslo mange ganger.","这座城市住着很多人。 / 我们去过奥斯陆很多次。","沿用现有词库暂标；仍待逐词核验","现有应用词条；词头/词性/等级仍待整体验收"
"men","并列连词","A1","","NorweigenLearn 当前词库","","","men","但是；可是；不过","Jeg liker kaffe, men kona mi drikker te. / Han er ikke fra Oslo, men fra Bergen.","我喜欢咖啡，但我妻子喝茶。 / 他不是来自奥斯陆，而是来自卑尔根。","沿用现有词库暂标；仍待逐词核验","现有应用词条；词头/词性/等级仍待整体验收"
"mens","从属连词","A1","","NorweigenLearn 当前词库","","","mens","当……的时候；与此同时；而（表示对比）","Jeg hører på radio mens jeg lager middag. / Hun liker byen, mens broren hennes trives best på landet.","我做晚饭时听着广播。 / 她喜欢城市，而她哥哥 / 弟弟最喜欢住在乡下。","沿用现有词库暂标；仍待逐词核验","现有应用词条；词头/词性/等级仍待整体验收"
"mer","副词/限定词","A1","","NorweigenLearn 当前词库","","","mer · mest","更多；再一些；更（用于不可数数量或程度）","Vil du ha mer kaffe? / Jeg vil gjerne lære mer norsk.","你还想要些咖啡吗？ / 我很想再多学一些挪威语。","沿用现有词库暂标；仍待逐词核验","现有应用词条；词头/词性/等级仍待整体验收"
"min","限定词","A1","","NorweigenLearn 当前词库","","","min · mi · mitt · mine","我的（修饰名词；形式随名词性数变化）","Sønnen min går på skolen. / Jeg finner ikke nøklene mine.","我儿子在上学。 / 我找不到我的钥匙。","沿用现有词库暂标；仍待逐词核验","现有应用词条；词头/词性/等级仍待整体验收"
"mobilnummer","名词","A1","","NorweigenLearn 当前词库","","","et mobilnummer · mobilnummeret · mobilnummer · mobilnumrene","手机号码；手机号","Kan jeg få mobilnummeret ditt? / Hun skrev mobilnummeret mitt på en lapp.","我可以要一下你的手机号吗？ / 她把我的手机号写在一张纸上。","沿用现有词库暂标；仍待逐词核验","现有应用词条；词头/词性/等级仍待整体验收"
"museum","名词","A1","","NorweigenLearn 当前词库","","","et museum · museet · museer · museene","博物馆；展览馆","Vi besøkte et museum i Bergen i helga. / Museet stenger klokka fem.","我们周末参观了卑尔根的一家博物馆。 / 博物馆五点关门。","沿用现有词库暂标；仍待逐词核验","现有应用词条；词头/词性/等级仍待整体验收"
"nakke","名词","A1","","NorweigenLearn 当前词库","","","en nakke · nakken · nakker · nakkene","颈后；后颈；脖颈后部","Jeg har vært stiv i nakken siden i går. / Hun masserer nakken etter en lang arbeidsdag.","我从昨天开始后颈就僵硬。 / 她在漫长的工作日后按摩后颈。","沿用现有词库暂标；仍待逐词核验","现有应用词条；词头/词性/等级仍待整体验收"
"nei","感叹词/副词","A1","","NorweigenLearn 当前词库","","","nei","不；不是；不，谢谢；不会","Nei takk, jeg vil bare ha vann. / Nei, bussen går ikke før klokka åtte.","不用了，谢谢，我只想要水。 / 不，公交车八点前不发车。","沿用现有词库暂标；仍待逐词核验","现有应用词条；词头/词性/等级仍待整体验收"
"ni","限定词","A1","","NorweigenLearn 当前词库","","","ni","九；9","Bussen går klokka ni. / Kurset varer i ni uker.","公交车九点发车。 / 课程持续九周。","沿用现有词库暂标；仍待逐词核验","现有应用词条；词头/词性/等级仍待整体验收"
"niende","形容词","A1","","NorweigenLearn 当前词库","","","niende","第九；第九个/位/次","Vi flytter inn den niende mai. / Dette er niende gang jeg prøver.","我们五月九日搬进去。 / 这是我第九次尝试。","沿用现有词库暂标；仍待逐词核验","现有应用词条；词头/词性/等级仍待整体验收"
"noen","限定词","A1","","NorweigenLearn 当前词库","","","noen · noe · noen","一些；几个；某些；有人/某人（依句法）","Har du noen spørsmål? / Jeg trenger noe varmt å drikke.","你有什么问题吗？ / 我需要一些热饮。","沿用现有词库暂标；仍待逐词核验","现有应用词条；词头/词性/等级仍待整体验收"
"nøkkel","名词","A1","","NorweigenLearn 当前词库","","","en nøkkel · nøkkelen · nøkler · nøklene","钥匙","Jeg finner ikke husnøkkelen min. / Hun legger nøklene på bordet.","我找不到我的家门钥匙。 / 她把钥匙放在桌子上。","沿用现有词库暂标；仍待逐词核验","现有应用词条；词头/词性/等级仍待整体验收"
"notatbok","名词","A1","","NorweigenLearn 当前词库","","","ei notatbok · notatboka · notatbøker · notatbøkene","笔记本；记事本","Jeg skriver nye ord i notatboka mi. / Studentene tok fram notatbøkene sine.","我把新单词记在我的笔记本里。 / 学生们拿出了各自的笔记本。","沿用现有词库暂标；仍待逐词核验","现有应用词条；词头/词性/等级仍待整体验收"
"og","并列连词","A1","","NorweigenLearn 当前词库","","","og","和；并且；而且","Vi kjøper brød og melk på butikken. / Jeg lager middag, og barna dekker bordet.","我们在商店买面包和牛奶。 / 我做晚饭，孩子们摆桌子。","沿用现有词库暂标；仍待逐词核验","现有应用词条；词头/词性/等级仍待整体验收"
"oi","感叹词","A1","","NorweigenLearn 当前词库","","","oi","哎呀；哦；哇（惊讶、注意到或轻微担心）","Oi, jeg glemte nøklene hjemme! / Oi, så stor hund du har!","哎呀，我把钥匙忘在家里了！ / 哇，你的狗真大！","沿用现有词库暂标；仍待逐词核验","现有应用词条；词头/词性/等级仍待整体验收"
"om","介词/从属连词","A1","","NorweigenLearn 当前词库","","","om","关于；在……之后/期间；如果；绕着（依结构）","Vi snakker om ferien etter middag. / Toget går om ti minutter.","晚饭后我们聊度假的事。 / 火车十分钟后发车。","沿用现有词库暂标；仍待逐词核验","现有应用词条；词头/词性/等级仍待整体验收"
"oppskrift","名词","A1","","NorweigenLearn 当前词库","","","ei oppskrift · oppskrifta · oppskrifter · oppskriftene","食谱；配方；操作说明（依语境）","Jeg fant ei enkel oppskrift på gulrotkake. / Følg oppskriften nøye.","我找到了一份简单的胡萝卜蛋糕食谱。 / 仔细按照食谱操作。","沿用现有词库暂标；仍待逐词核验","现有应用词条；词头/词性/等级仍待整体验收"
"ordbok","名词","A1","","NorweigenLearn 当前词库","","","ei ordbok · ordboka · ordbøker · ordbøkene","词典；字典","Jeg slår opp nye ord i ordboka. / Har du ei norsk-kinesisk ordbok?","我在词典里查新单词。 / 你有一本挪汉词典吗？","沿用现有词库暂标；仍待逐词核验","现有应用词条；词头/词性/等级仍待整体验收"
"øre","名词","A1","","NorweigenLearn 当前词库","","","et øre · øret · ører · ørene","耳朵；听觉；耳（货币单位/其他义项依语境）","Barnet har vondt i det ene øret. / Katten har lange hår på ørene.","孩子一只耳朵疼。 / 猫的耳朵上有长毛。","沿用现有词库暂标；仍待逐词核验","现有应用词条；词头/词性/等级仍待整体验收"
"ovn","名词","A1","","NorweigenLearn 当前词库","","","en ovn · ovnen · ovner · ovnene","烤箱；炉子；暖炉（依语境）","Sett pizzaen i ovnen på 220 grader. / Det står en gammel vedovn i stua.","把披萨放进烤箱，温度调到220度。 / 客厅里有一台老式柴炉。","沿用现有词库暂标；仍待逐词核验","现有应用词条；词头/词性/等级仍待整体验收"
"øye","名词","A1","","NorweigenLearn 当前词库","","","et øye · øyet · øyne · øynene","眼睛；眼部；视力（依语境）","Jeg fikk noe støv i øyet. / Hun har blå øyne.","我眼睛里进了点灰。 / 她有一双蓝眼睛。","沿用现有词库暂标；仍待逐词核验","现有应用词条；词头/词性/等级仍待整体验收"
"pære","名词","A1","","NorweigenLearn 当前词库","","","ei pære · pæra · pærer · pærene","梨；（灯具）灯泡/梨形灯","Jeg spiser ei pære på vei hjem. / Lampa virker ikke, så vi må skifte pære.","我在回家的路上吃一个梨。 / 灯不亮了，所以我们得换灯泡。","沿用现有词库暂标；仍待逐词核验","现有应用词条；词头/词性/等级仍待整体验收"
"park","名词","A1","","NorweigenLearn 当前词库","","","en park · parken · parker · parkene","公园；公共绿地","Vi spiste lunsj i parken. / Det finnes flere parker i sentrum.","我们在公园里吃了午饭。 / 市中心有好几个公园。","沿用现有词库暂标；仍待逐词核验","现有应用词条；词头/词性/等级仍待整体验收"
"penge","名词","A1","","NorweigenLearn 当前词库","","","en penge · pengen · penger · pengene","钱币；钱（泛指金钱时常用复数 penger）","Jeg sparer penger til en sykkel.","我在攒钱买一辆自行车。","沿用现有词库暂标；仍待逐词核验","现有应用词条；词头/词性/等级仍待整体验收"
"penn","名词","A1","","NorweigenLearn 当前词库","","","en penn · pennen · penner · pennene","笔；钢笔；圆珠笔（广义书写工具）","Har du en penn jeg kan låne? / Pennen ligger ved siden av boka.","你有一支笔可以借我吗？ / 笔在书旁边。","沿用现有词库暂标；仍待逐词核验","现有应用词条；词头/词性/等级仍待整体验收"
"pølse","名词","A1","","NorweigenLearn 当前词库","","","ei pølse · pølsa · pølser · pølsene","香肠；热狗肠","Barna spiste pølser med brød etter turen. / Jeg kjøpte ei pølse på bensinstasjonen.","徒步之后孩子们吃了面包夹香肠。 / 我在加油站买了一根香肠。","沿用现有词库暂标；仍待逐词核验","现有应用词条；词头/词性/等级仍待整体验收"
"postkort","名词","A1","","NorweigenLearn 当前词库","","","et postkort · postkortet · postkort · postkortene","明信片","Jeg sendte et postkort fra Tromsø til familien. / Hun skrev adressen på baksiden av postkortet.","我从特罗姆瑟寄了一张明信片给家人。 / 她把地址写在明信片背面。","沿用现有词库暂标；仍待逐词核验","现有应用词条；词头/词性/等级仍待整体验收"
"pute","名词","A1","","NorweigenLearn 当前词库","","","ei pute · puta · puter · putene","枕头；靠垫","Jeg trenger ei ekstra pute til gjesterommet. / Katten ligger på puta i sofaen.","客房还需要一个备用枕头。 / 猫躺在沙发上的靠垫上。","沿用现有词库暂标；仍待逐词核验","现有应用词条；词头/词性/等级仍待整体验收"
"samme","限定词","A1","","NorweigenLearn 当前词库","","","samme","同一个；同样的；共同的","Vi tar den samme bussen hver morgen. / Barna går på samme skole.","我们每天早上都坐同一班公交车。 / 孩子们在同一所学校上学。","沿用现有词库暂标；仍待逐词核验","现有应用词条；词头/词性/等级仍待整体验收"
"saus","名词","A1","","NorweigenLearn 当前词库","","","en saus · sausen · sauser · sausene","酱汁；调味汁；肉汁（依语境）","Kan du lage en saus til fisken? / Sausen står i en liten bolle på bordet.","你能给鱼做个酱汁吗？ / 酱汁放在桌上的小碗里。","沿用现有词库暂标；仍待逐词核验","现有应用词条；词头/词性/等级仍待整体验收"
"seks","限定词","A1","","NorweigenLearn 当前词库","","","seks","六；6","Jeg står opp klokka seks på hverdager. / Vi bestilte seks billetter.","工作日我六点起床。 / 我们订了六张票。","沿用现有词库暂标；仍待逐词核验","现有应用词条；词头/词性/等级仍待整体验收"
"selge","动词","A1","","NorweigenLearn 当前词库","","","å selge · selger · solgte · solgt","卖；出售；销售","Butikken selger ferskt brød hver morgen. / Vi solgte den gamle sofaen på nettet.","这家商店每天早上卖新鲜面包。 / 我们在网上卖掉了那张旧沙发。","沿用现有词库暂标；仍待逐词核验","现有应用词条；词头/词性/等级仍待整体验收"
"sju","限定词","A1","","NorweigenLearn 当前词库","","","sju","七（数字；也可拼 syv）","Bussen går klokka sju. / Vi blir i Oslo i sju dager.","公交车七点发车。 / 我们会在奥斯陆待七天。","沿用现有词库暂标；仍待逐词核验","现有应用词条；词头/词性/等级仍待整体验收"
"sky","名词","A1","","NorweigenLearn 当前词库","","","ei sky · skya · skyer · skyene","云；一朵云","Det ligger mørke skyer over byen. / En liten sky dekker sola.","城市上空乌云密布。 / 一小片云遮住了太阳。","沿用现有词库暂标；仍待逐词核验","现有应用词条；词头/词性/等级仍待整体验收"
"slå","动词","A1","","NorweigenLearn 当前词库","","","å slå · slår · slo · slått","打；击；敲；按；打败；使关闭（依语境）","Kan du slå på lyset i gangen? / Laget vårt slo motstanderne i finalen.","你能把走廊的灯打开吗？ / 我们的队伍在决赛中击败了对手。","沿用现有词库暂标；仍待逐词核验","现有应用词条；词头/词性/等级仍待整体验收"
"slutte","动词","A1","","NorweigenLearn 当前词库","","","slutte · slutter · sluttet · sluttet","停止；结束；离开（工作/学校）","Møtet slutter klokka tre. / Han sluttet å jobbe der i fjor.","会议三点结束。 / 他去年不在那里工作了。","沿用现有词库暂标；仍待逐词核验","现有应用词条；词头/词性/等级仍待整体验收"
"småkake","名词","A1","","NorweigenLearn 当前词库","","","ei småkake · småkaka · småkaker · småkakene","小饼干；小块甜酥饼","Vi baker småkaker til jul. / Vil du ha ei småkake til kaffen?","我们为圣诞节烤小饼干。 / 你想来块小饼干配咖啡吗？","沿用现有词库暂标；仍待逐词核验","现有应用词条；词头/词性/等级仍待整体验收"
"snø","名词（通常不可数）","A1","","NorweigenLearn 当前词库","","","snø · snøen","雪；降雪","Det ligger mye snø på bakken. / Snøen smelter om våren.","地上积了很多雪。 / 雪在春天融化。","沿用现有词库暂标；仍待逐词核验","现有应用词条；词头/词性/等级仍待整体验收"
"sommer","名词","A1","","NorweigenLearn 当前词库","","","en sommer · sommeren · somre · somrene","夏天","Vi reiser ofte bort om sommeren. / Sommeren i Norge kan være varm.","我们夏天经常外出旅行。 / 挪威的夏天有时很暖和。","沿用现有词库暂标；仍待逐词核验","现有应用词条；词头/词性/等级仍待整体验收"
"sønn","名词","A1","","NorweigenLearn 当前词库","","","en sønn · sønnen · sønner · sønnene","儿子","Sønnen min går i barnehagen. / De har tre sønner.","我儿子上幼儿园。 / 他们有三个儿子。","沿用现有词库暂标；仍待逐词核验","现有应用词条；词头/词性/等级仍待整体验收"
"stasjon","名词","A1","","NorweigenLearn 当前词库","","","en stasjon · stasjonen · stasjoner · stasjonene","车站；火车站","Vi møtes på stasjonen klokka seks. / Toget går fra spor fire på stasjonen.","我们六点在车站见。 / 火车从车站的四号站台出发。","沿用现有词库暂标；仍待逐词核验","现有应用词条；词头/词性/等级仍待整体验收"
"stein","名词","A1","","NorweigenLearn 当前词库","","","en stein · steinen · steiner · steinene","石头；石块","Barnet fant en fin stein på stranda. / Steinene ligger ved inngangen.","孩子在海滩上找到一块漂亮的石头。 / 石头放在入口旁边。","沿用现有词库暂标；仍待逐词核验","现有应用词条；词头/词性/等级仍待整体验收"
"stjerne","名词","A1","","NorweigenLearn 当前词库","","","ei stjerne · stjerna · stjerner · stjernene","星星；恒星；明星","Vi så mange stjerner på himmelen. / Hun er en kjent norsk stjerne.","我们在天空中看到了许多星星。 / 她是一位知名的挪威明星。","沿用现有词库暂标；仍待逐词核验","现有应用词条；词头/词性/等级仍待整体验收"
"telle","动词","A1","","NorweigenLearn 当前词库","","","å telle · teller · telte · telt","数；计数；清点；算作/有……意义（依语境）","Kan du telle hvor mange kopper vi har? / Han telte til ti før han svarte.","你能数一下我们有多少个杯子吗？ / 他数到十才回答。","沿用现有词库暂标；仍待逐词核验","现有应用词条；词头/词性/等级仍待整体验收"
"ti","限定词","A1","","NorweigenLearn 当前词库","","","ti","十；10","Legen har en ledig time klokka ti. / Bussen er ti minutter forsinket.","医生十点有一个空档。 / 公交车晚点十分钟。","沿用现有词库暂标；仍待逐词核验","现有应用词条；词头/词性/等级仍待整体验收"
"T-skjorte","名词","A2","ei","NTNU LearnNoW; NorweigenLearn 当前词库","03D","3","ei T-skjorte · T-skjorta · T-skjorter · T-skjortene / en T-skjorte · T-skjorten · T-skjorter · T-skjortene","T恤；短袖圆领衫","Jeg kjøpte en blå T-skjorte på salg. / Han har på seg en hvit T-skjorte. / Jeg kjøpte ei blå T-skjorte på salg. / Han har på seg en hvit T-skjorte.","我打折买了一件蓝色T恤。 / 他穿着一件白色T恤。 / 我打折买了一件蓝色T恤。 / 他穿着一件白色T恤。","沿用现有词库暂标；仍待逐词核验","现有应用词条；词头/词性/等级仍待整体验收"
"prate","动词","A2","å","NTNU LearnNoW; NorweigenLearn 当前词库","05D","5","å prate · prater · pratet / prata · pratet / prata / prater, pratet, har pratet","聊天；交谈；闲谈","Jeg pratet med naboen utenfor butikken. / Vi satt og pratet om ferien.","我在商店外和邻居聊了会儿。 / 我们坐着聊假期。","沿用现有词库暂标；仍待逐词核验","现有应用词条；词头/词性/等级仍待整体验收"
"rød","形容词","A2","","NTNU LearnNoW; NorweigenLearn 当前词库","05B","5","rød · rødt · røde / rødt, røde","红色的；脸红的","Vi stoppet da det ble rødt lys. / Hun ble rød i ansiktet av kulda.","红灯亮起时我们停了下来。 / 她冻得脸都红了。","沿用现有词库暂标；仍待逐词核验","现有应用词条；词头/词性/等级仍待整体验收"
"rundstykke","名词","A2","et","NTNU LearnNoW; NorweigenLearn 当前词库","05B","5","et rundstykke · rundstykket · rundstykker · rundstykkene / rundstykket, rundstykker, rundstykkene","小圆面包；餐包","Jeg spiser et rundstykke med ost til frokost. / Vi kjøpte ferske rundstykker på bakeriet.","我早餐吃一个夹奶酪的小圆面包。 / 我们在面包店买了新鲜的小圆面包。","沿用现有词库暂标；仍待逐词核验","现有应用词条；词头/词性/等级仍待整体验收"
"sakte","副词","A2","","NTNU LearnNoW; NorweigenLearn 当前词库","05D","5","sakte · saktere · saktest / sakteste","慢慢地；缓慢地","Kan du snakke litt saktere? / Bilen kjørte sakte på den glatte veien.","你能说得再慢一点吗？ / 汽车在湿滑的路上开得很慢。","沿用现有词库暂标；仍待逐词核验","现有应用词条；词头/词性/等级仍待整体验收"
"salami","名词","A2","en","NTNU LearnNoW; NorweigenLearn 当前词库","05C","5","en salami · salamien · salamier · salamiene / salamien, salamier, salamiene","萨拉米香肠；意大利风味腌肠","Han spiser brød med salami til lunsj. / Jeg kjøpte en pakke salami i butikken.","他午餐吃萨拉米香肠面包。 / 我在商店买了一包萨拉米香肠。","沿用现有词库暂标；仍待逐词核验","现有应用词条；词头/词性/等级仍待整体验收"
"selvfølgelig","形容词","A2","","NTNU LearnNoW; NorweigenLearn 当前词库","05B","5","selvfølgelig · selvfølgelig · selvfølgelige / selvfølgelig, selvfølgelige","理所当然的；当然（作副词）","Selvfølgelig kan jeg hjelpe deg. / Det er en selvfølgelig del av jobben.","当然，我可以帮你。 / 这是工作中理所当然的一部分。","沿用现有词库暂标；仍待逐词核验","现有应用词条；词头/词性/等级仍待整体验收"
"skinke","名词","A2","en","NTNU LearnNoW; NorweigenLearn 当前词库","05A","5","ei/en skinke · skinka / skinken · skinker · skinkene / skinken, skinker, skinkene","火腿；猪后腿肉（食材）","Jeg lager en sandwich med ost og skinke. / Skinka står i kjøleskapet.","我做了一个奶酪火腿三明治。 / 火腿放在冰箱里。","沿用现有词库暂标；仍待逐词核验","现有应用词条；词头/词性/等级仍待整体验收"
"skinne","动词","A2","å","NTNU LearnNoW; NorweigenLearn 当前词库","05B","5","å skinne · skinner · skinte · skint / har skint / skinner, skinte, har skint","照耀；发光；闪耀","Sola skinner, så vi går en tur. / Lampen skinte svakt i mørket.","阳光明媚，所以我们出去散步。 / 灯在黑暗中微弱地发着光。","沿用现有词库暂标；仍待逐词核验","现有应用词条；词头/词性/等级仍待整体验收"
"skive","名词","A2","ei","NTNU LearnNoW; NorweigenLearn 当前词库","05A","5","ei/en skive · skiva / skiven · skiver · skivene / skiva, skiver, skivene","一片；薄片；切片","Kan jeg få en skive ost til? / Hun la to skiver brød i brødristeren.","我能再要一片奶酪吗？ / 她把两片面包放进了烤面包机。","沿用现有词库暂标；仍待逐词核验","现有应用词条；词头/词性/等级仍待整体验收"
"søt","形容词","A2","","NTNU LearnNoW; NorweigenLearn 当前词库","05A","5","søt · søtt · søte · søtere · søtest / søteste / søtt, søte","甜的；可爱的；亲切讨喜的","Kaffen er litt for søt for meg. / For en søt hund!","这咖啡对我来说有点太甜了。 / 多可爱的一只狗啊！","沿用现有词库暂标；仍待逐词核验","现有应用词条；词头/词性/等级仍待整体验收"
"spansk","形容词","A2","","NTNU LearnNoW; NorweigenLearn 当前词库","05B","5","spansk · spansk · spanske · mer spansk · mest spansk / spansk, spanske","西班牙的；西班牙语的；西班牙人（依名词化语境）","Hun snakker spansk med kollegaene sine. / Vi spiste spansk mat på restaurant.","她和同事说西班牙语。 / 我们在餐馆吃了西班牙菜。","沿用现有词库暂标；仍待逐词核验","现有应用词条；词头/词性/等级仍待整体验收"
"spesiell","形容词","A2","","NTNU LearnNoW; NorweigenLearn 当前词库","05B","5","spesiell · spesielt · spesielle / spesielt, spesielle","特别的；特殊的；与众不同的","I dag er en spesiell dag for familien. / Har du noe spesielt på hjertet?","今天对这个家庭来说是个特别的日子。 / 你有什么特别想说的吗？","沿用现有词库暂标；仍待逐词核验","现有应用词条；词头/词性/等级仍待整体验收"
"spiller","名词","A2","en","NTNU LearnNoW; NorweigenLearn 当前词库","05B","5","en spiller · spilleren · spillere · spillerne / spilleren, spillere, spillerne","运动员；选手；玩家；演奏者","Hun er en dyktig spiller på laget. / Spilleren vant finalen.","她是队里一名出色的选手。 / 这名选手赢得了决赛。","沿用现有词库暂标；仍待逐词核验","现有应用词条；词头/词性/等级仍待整体验收"
"svensk","形容词","A2","","NTNU LearnNoW; NorweigenLearn 当前词库","05B","5","svensk · svensk · svenske · mer svensk · mest svensk / svensk, svenske","瑞典的；瑞典语的；瑞典人（依名词化语境）","Naboen min er svensk, men snakker norsk også. / Vi lærte noen svenske ord på reisen.","我的邻居是瑞典人，不过也说挪威语。 / 旅行时我们学了几个瑞典语词。","沿用现有词库暂标；仍待逐词核验","现有应用词条；词头/词性/等级仍待整体验收"
"sykepleier","名词","A2","en","NTNU LearnNoW; NorweigenLearn 当前词库","05C","5","en sykepleier · sykepleieren · sykepleiere · sykepleierne / sykepleieren, sykepleiere, sykepleierne","护士；护理人员","Sykepleieren hjalp pasienten med medisinen. / Hun utdanner seg til sykepleier.","护士帮助病人服药。 / 她正在接受护士职业教育。","沿用现有词库暂标；仍待逐词核验","现有应用词条；词头/词性/等级仍待整体验收"
"syltetøy","名词","A2","et","NTNU LearnNoW; NorweigenLearn 当前词库","05C","5","et syltetøy · syltetøyet · syltetøy · syltetøyene / syltetøyet, syltetøy, syltetøyene","果酱；蜜饯（通常指抹面包的果酱）","Barna liker brød med syltetøy. / Jordbærsyltetøy passer godt til vafler.","孩子们喜欢吃抹果酱的面包。 / 草莓果酱很适合搭配华夫饼。","沿用现有词库暂标；仍待逐词核验","现有应用词条；词头/词性/等级仍待整体验收"
"te","名词","A2","","NTNU LearnNoW; NorweigenLearn 当前词库","05A","5","en te · teen · teer · teene / teen (uncountable)","茶；一杯茶；一种茶","Vil du ha en kopp te? / Butikken selger flere typer te.","你想喝一杯茶吗？ / 这家商店卖好几种茶。","沿用现有词库暂标；仍待逐词核验","现有应用词条；词头/词性/等级仍待整体验收"
"terrasse","名词","A2","en","NTNU LearnNoW; NorweigenLearn 当前词库","05B","5","en terrasse · terrassen · terrasser · terrassene / terrassen, terrasser, terrassene","露台；平台；房屋外的休闲平台","Vi spiser middag på terrassen når det er varmt. / Leiligheten har en liten terrasse mot sør.","天气暖和时我们在露台上吃晚饭。 / 这套公寓有一个朝南的小露台。","沿用现有词库暂标；仍待逐词核验","现有应用词条；词头/词性/等级仍待整体验收"
"trenge","动词","A2","å","NTNU LearnNoW; NorweigenLearn 当前词库","05C","5","å trenge · trenger · trengte · trengt / trenger, trengte, har trengt","需要；有必要；挤/穿过（较少见义）","Vi trenger mer tid til å fylle ut skjemaet. / Hun trengte hjelp med å forstå brevet.","我们需要更多时间填写表格。 / 她当时需要帮助来理解这封信。","沿用现有词库暂标；仍待逐词核验","现有应用词条；词头/词性/等级仍待整体验收"
"veldig","形容词","A2","","NTNU LearnNoW; NorweigenLearn 当前词库","05B","5","veldig · veldig · veldige · veldig（副词用法不变） / veldig, veldige","非常；很；（作形容词）巨大的/强烈的","Det var veldig kaldt ute i går. / Jeg er veldig glad for at du kom.","昨天外面非常冷。 / 你来了我非常高兴。","沿用现有词库暂标；仍待逐词核验","现有应用词条；词头/词性/等级仍待整体验收"
"venninne","名词","A2","ei","NTNU LearnNoW; NorweigenLearn 当前词库","05D","5","ei venninne · venninna · venninner · venninnene / venninna, venninner, venninnene","女性朋友；女友（需结合语境判断）","Jeg skal spise middag med ei venninne fra jobben. / Venninnene hennes bor i samme by.","我要和一位女同事朋友一起吃晚饭。 / 她的女性朋友们住在同一座城市。","沿用现有词库暂标；仍待逐词核验","现有应用词条；词头/词性/等级仍待整体验收"
"verden","名词","A2","en","NTNU LearnNoW; NorweigenLearn 当前词库","05B","5","en verden · verdenen · verdener · verdenene / verdenen, verdener, verdenene","世界；人类世界；某个领域/圈子","Folk fra hele verden besøker Norge om sommeren. / Hun drømmer om å reise ut i verden.","来自世界各地的人夏天会来挪威旅游。 / 她梦想着去世界各地旅行。","沿用现有词库暂标；仍待逐词核验","现有应用词条；词头/词性/等级仍待整体验收"
"vinne","动词","A2","å","NTNU LearnNoW; NorweigenLearn 当前词库","05B; 11A","5","å vinne · vinner · vant · vunnet / vinner, vant, har vunnet","赢；获胜；赢得；争取到","Laget vårt vant kampen i går. / Hun har vunnet en premie i en konkurranse.","我们的队昨天赢了比赛。 / 她在一场比赛中赢得了奖品。","沿用现有词库暂标；仍待逐词核验","现有应用词条；词头/词性/等级仍待整体验收"
"anbefale","动词","A2","å","NTNU LearnNoW; NTNU NoW1; NorweigenLearn 当前词库","06C; 10A","6","å anbefale · anbefaler · anbefalte · anbefalt / anbefaler, anbefalte, har anbefalt","推荐；建议；劝告","Kan du anbefale en god norsk podcast? / Legen anbefalte meg å hvile.","你能推荐一个好的挪威语播客吗？ / 医生建议我休息。","沿用现有词库暂标；仍待逐词核验","现有应用词条；词头/词性/等级仍待整体验收"
"bibliotek","名词","A2","et","NTNU LearnNoW; NTNU NoW1; NorweigenLearn 当前词库","06A; 06D","6","biblioteket, biblioteker, bibliotekene / et bibliotek · biblioteket · biblioteker · bibliotekene","图书馆；藏书室","Vi låner bøker på biblioteket. / Det nye biblioteket ligger ved torget.","我们在图书馆借书。 / 新图书馆在广场旁边。","沿用现有词库暂标；仍待逐词核验","现有应用词条；词头/词性/等级仍待整体验收"
"bygg","名词","A2","et","NTNU LearnNoW; NTNU NoW1; NorweigenLearn 当前词库","06K; 07B","6","et bygg · bygget · bygg · byggene","建筑物；楼；建筑（物）","Universitetet åpnet et nytt bygg i høst. / De offentlige byggene må pusses opp.","大学今年秋天启用了一栋新楼。 / 这些公共建筑需要翻修。","沿用现有词库暂标；仍待逐词核验","现有应用词条；词头/词性/等级仍待整体验收"
"e-post","名词","A2","en","NTNU LearnNoW; NTNU NoW1; NorweigenLearn 当前词库","06K; 07B","6","e-posten, e-poster, e-postene / en e-post · e-posten · e-poster · e-postene","电子邮件；邮件消息","Jeg sender deg en e-post i kveld. / Har du lest e-posten fra skolen?","我今晚给你发一封邮件。 / 你读学校发来的邮件了吗？","沿用现有词库暂标；仍待逐词核验","现有应用词条；词头/词性/等级仍待整体验收"
"håpe","动词","A2","å","NTNU LearnNoW; NTNU NoW1; NorweigenLearn 当前词库","06P; 09A","6","å håpe · håper · håpet · håpet / håper, håpet, har håpet","希望；盼望；但愿","Jeg håper at du får en fin helg. / Vi håper på bedre vær i morgen.","我希望你周末愉快。 / 我们希望明天天气好一些。","沿用现有词库暂标；仍待逐词核验","现有应用词条；词头/词性/等级仍待整体验收"
"kino","名词","A2","en","NTNU LearnNoW; NTNU NoW1; NorweigenLearn 当前词库","06D; 07B","6","en kino · kinoen · kinoer · kinoene / kinoen, kinoer, kinoene","电影院；看电影（活动，依语境）","Skal vi gå på kino på fredag? / Kinoen åpner en halvtime før filmen.","我们星期五去看电影好吗？ / 电影院在电影开场前半小时开放。","沿用现有词库暂标；仍待逐词核验","现有应用词条；词头/词性/等级仍待整体验收"
"konsert","名词","A2","en","NTNU LearnNoW; NTNU NoW1; NorweigenLearn 当前词库","06M; 11D","6","en konsert · konserten · konserter · konsertene / konserten, konserter, konsertene","音乐会；现场演出（以音乐为主）","Vi skal på konsert med et norsk band. / Konserten begynner klokka åtte.","我们要去听一个挪威乐队的音乐会。 / 音乐会八点开始。","沿用现有词库暂标；仍待逐词核验","现有应用词条；词头/词性/等级仍待整体验收"
"kurs","名词","A2","et","NTNU LearnNoW; NTNU NoW1; NorweigenLearn 当前词库","06P; 08B","6","et kurs · kurset · kurs / kurser · kursene / kursene / kurset, kurs, kursene","课程；培训班；培训；方向/航向（依语境）","Jeg går på et norskkurs to ganger i uka. / Kurset varer i seks uker.","我每周上两次挪威语课程。 / 这门课程持续六周。","沿用现有词库暂标；仍待逐词核验","现有应用词条；词头/词性/等级仍待整体验收"
"akkurat","副词","A2","","NTNU LearnNoW; NorweigenLearn 当前词库","06C","6","akkurat","恰好；正好；确切地；刚刚（依语境）","Bussen kommer akkurat klokka åtte. / Det var akkurat det jeg mente.","公交车正好八点到。 / 我想表达的正是这个。","沿用现有词库暂标；仍待逐词核验","现有应用词条；词头/词性/等级仍待整体验收"
"apotek","名词","A2","et","NTNU LearnNoW; NorweigenLearn 当前词库","06B","6","apoteket, apoteker, apotekene / et apotek · apoteket · apoteker · apotekene","药房；药店","Jeg går på apoteket for å kjøpe hostesaft. / Det ligger et apotek ved siden av legekontoret.","我去药房买止咳糖浆。 / 诊所旁边有一家药房。","沿用现有词库暂标；仍待逐词核验","现有应用词条；词头/词性/等级仍待整体验收"
"arkitektstudent","名词","A2","en","NTNU NoW1; NorweigenLearn 当前词库","06A","6","en arkitektstudent · arkitektstudenten · arkitektstudenter · arkitektstudentene","建筑专业学生；建筑系学生","Hun er arkitektstudent ved universitetet i Oslo. / Arkitektstudentene arbeider med en modell av et hus.","她是奥斯陆大学的建筑专业学生。 / 建筑系学生们正在制作一栋房子的模型。","沿用现有词库暂标；仍待逐词核验","现有应用词条；词头/词性/等级仍待整体验收"
"arrangement","名词","A2","et","NTNU NoW1; NorweigenLearn 当前词库","06M","6","et arrangement · arrangementet · arrangementer · arrangementene","活动；安排；举办的事项","Biblioteket har et arrangement for barn på lørdag. / Arrangementet begynner klokka seks.","图书馆周六有一场儿童活动。 / 活动六点开始。","沿用现有词库暂标；仍待逐词核验","现有应用词条；词头/词性/等级仍待整体验收"
"arrangere","动词","A2","å","NTNU NoW1; NorweigenLearn 当前词库","06M","6","å arrangere · arrangerer · arrangerte · arrangert","组织；安排；举办","Foreldrene arrangerer en fest for barna. / Skolen arrangerte en konsert i vår.","家长们为孩子们组织了一场派对。 / 学校今年春天举办了一场音乐会。","沿用现有词库暂标；仍待逐词核验","现有应用词条；词头/词性/等级仍待整体验收"
"auditorium","名词","A2","et","NTNU NoW1; NorweigenLearn 当前词库","06P","6","et auditorium · auditoriet · auditorier · auditoriene","礼堂；阶梯教室；演讲厅","Forelesningen er i et stort auditorium. / Auditoriet var fullt av studenter.","讲座在一间大型阶梯教室里。 / 礼堂里坐满了学生。","沿用现有词库暂标；仍待逐词核验","现有应用词条；词头/词性/等级仍待整体验收"
"avgift","名词","A2","en","NTNU NoW1; NorweigenLearn 当前词库","06K","6","en avgift · avgiften · avgifter · avgiftene","费用；收费；税费","Du må betale en liten avgift for parkering. / Den årlige avgiften blir trukket i januar.","停车需要支付一小笔费用。 / 年度费用会在一月份扣除。","沿用现有词库暂标；仍待逐词核验","现有应用词条；词头/词性/等级仍待整体验收"
"bank","名词","A2","en","NTNU LearnNoW; NorweigenLearn 当前词库","06B","6","banken, banker, bankene / en bank · banken · banker · bankene","银行；河岸/岸边（依语境）","Jeg må gå i banken før den stenger. / Båten kom nær en sandbank.","银行关门前我得去一趟。 / 船靠近了一处沙洲。","沿用现有词库暂标；仍待逐词核验","现有应用词条；词头/词性/等级仍待整体验收"
"barne-TV","名词","A2","en","NTNU LearnNoW; NorweigenLearn 当前词库","06B","6","barne-TV-en, barne-TV-er, barne-TV-ene / en barne-TV · barne-TV-en · barne-TV-er · barne-TV-ene","儿童电视节目；儿童电视内容","Barna ser på barne-TV etter barnehagen. / Norsk barne-TV har mange figurer som barna kjenner.","孩子们上完幼儿园后看儿童电视节目。 / 挪威儿童节目里有许多孩子熟悉的角色。","沿用现有词库暂标；仍待逐词核验","现有应用词条；词头/词性/等级仍待整体验收"
"bokstav","名词","A2","en","NTNU LearnNoW; NorweigenLearn 当前词库","06C","6","bokstaven, bokstaver, bokstavene / en bokstav · bokstaven · bokstaver · bokstavene","字母；文字字符","Navnet hennes begynner med bokstaven M. / Husk stor bokstav i begynnelsen av setningen.","她的名字以字母 M 开头。 / 记得在句子开头使用大写字母。","沿用现有词库暂标；仍待逐词核验","现有应用词条；词头/词性/等级仍待整体验收"
"campus","名词","A2","en","NTNU NoW1; NorweigenLearn 当前词库","06K","6","en campus · campusen · campuser · campusene","校园；大学校区","Studentene møtes på campus etter forelesningen. / Den nye campusen ligger utenfor sentrum.","学生们讲座结束后在校园碰面。 / 新校区位于市中心外。","沿用现有词库暂标；仍待逐词核验","现有应用词条；词头/词性/等级仍待整体验收"
"cola","名词","A2","en","NTNU LearnNoW; NorweigenLearn 当前词库","06D","6","colaen, colaer, colaene / en cola · colaen · colaer · colaene","可乐；一杯/一瓶可乐","Kan jeg få en cola uten sukker? / Colaen står i kjøleskapet.","可以给我一杯无糖可乐吗？ / 可乐在冰箱里。","沿用现有词库暂标；仍待逐词核验","现有应用词条；词头/词性/等级仍待整体验收"
"dagsbillett","名词","A2","en","NTNU NoW1; NorweigenLearn 当前词库","06M","6","en dagsbillett · dagsbilletten · dagsbilletter · dagsbillettene","日票；一日通票","Kan jeg kjøpe en dagsbillett her? / Dagsbilletten gjelder på alle bussene i sentrum.","我可以在这里买一张日票吗？ / 这张日票在市中心所有公交车上都有效。","沿用现有词库暂标；仍待逐词核验","现有应用词条；词头/词性/等级仍待整体验收"
"danse","动词","A2","å","NTNU NoW1; NorweigenLearn 当前词库","06M","6","å danse · danser · danset / dansa · danset / dansa","跳舞；舞蹈","Vil du danse med meg? / De danset hele kvelden i bryllupet.","你愿意和我跳舞吗？ / 他们在婚礼上跳了一整晚。","沿用现有词库暂标；仍待逐词核验","现有应用词条；词头/词性/等级仍待整体验收"
"dekke","动词","A2","å","NTNU LearnNoW; NorweigenLearn 当前词库","06A","6","å dekke · dekker · dekket / dekte · dekket / dekt / dekker, dekket, har dekket","摆（餐桌）；覆盖；支付/承担","Kan du dekke bordet før gjestene kommer? / Forsikringen dekker ikke alle kostnadene.","客人来之前你能摆好餐桌吗？ / 保险并不承担所有费用。","沿用现有词库暂标；仍待逐词核验","现有应用词条；词头/词性/等级仍待整体验收"
"disk","名词","A2","en","NTNU LearnNoW; NorweigenLearn 当前词库","06D","6","disken, disker, diskene / en disk · disken · disker · diskene","柜台；服务台；磁盘/存储盘（依语境）","Du kan betale ved disken. / Apoteket har en egen disk for resepter.","你可以在柜台付款。 / 药房有专门的处方服务柜台。","沿用现有词库暂标；仍待逐词核验","现有应用词条；词头/词性/等级仍待整体验收"
"eksempel","名词","A2","et","NTNU LearnNoW; NorweigenLearn 当前词库","06C","6","eksempelet, eksempler, eksemplene / et eksempel · eksempelet · eksempler · eksemplene","例子；实例；范例","Kan du gi et eksempel på et sterkt verb? / For eksempel kan vi ta bussen.","你能举一个强变化动词的例子吗？ / 例如，我们可以坐公交车。","沿用现有词库暂标；仍待逐词核验","现有应用词条；词头/词性/等级仍待整体验收"
"elegant","形容词","A2","","NTNU LearnNoW; NorweigenLearn 当前词库","06C","6","elegant · elegant · elegante / elegant, elegante","优雅的；雅致的；讲究的","Hun hadde på seg en elegant kjole. / Det var en enkel og elegant løsning.","她穿着一条优雅的连衣裙。 / 那是一个简单而巧妙雅致的解决方案。","沿用现有词库暂标；仍待逐词核验","现有应用词条；词头/词性/等级仍待整体验收"
"eplekake","名词","A2","ei","NTNU LearnNoW; NorweigenLearn 当前词库","06D","6","ei/en eplekake · eplekaka / eplekaken · eplekaker · eplekakene / eplekaka, eplekaker, eplekakene","苹果蛋糕；苹果派式蛋糕","Bestemor bakte eplekake med epler fra hagen. / Vi fikk et stykke varm eplekake til kaffen.","奶奶用花园里的苹果烤了苹果蛋糕。 / 我们喝咖啡时吃了一块热苹果蛋糕。","沿用现有词库暂标；仍待逐词核验","现有应用词条；词头/词性/等级仍待整体验收"
"femhundrelapp","名词","A2","en","NTNU LearnNoW; NorweigenLearn 当前词库","06C","6","en femhundrelapp · femhundrelappen · femhundrelapper · femhundrelappene / femhundrelappen, femhundrelapper, femhundrelappene","一张500克朗纸币；五百克朗钞票","Kan du veksle en femhundrelapp for meg? / Han betalte med en femhundrelapp.","你能帮我把一张五百克朗钞票换开吗？ / 他用一张五百克朗纸币付款。","沿用现有词库暂标；仍待逐词核验","现有应用词条；词头/词性/等级仍待整体验收"
"festival","名词","A2","en","NTNU NoW1; NorweigenLearn 当前词库","06M","6","en festival · festivalen · festivaler · festivalene","节庆；艺术节；音乐节；电影节","Byen arrangerer en musikkfestival hver sommer. / Festivalen varer i tre dager.","这座城市每年夏天都会举办音乐节。 / 这个艺术节持续三天。","沿用现有词库暂标；仍待逐词核验","现有应用词条；词头/词性/等级仍待整体验收"
"flaske","名词","A2","ei","NTNU LearnNoW; NorweigenLearn 当前词库","06D","6","ei flaske · flaska · flasker · flaskene / flaska, flasker, flaskene","瓶子；一瓶（饮料等）","Kan jeg få en flaske vann? / Hun satte den tomme flaska på bordet.","能给我一瓶水吗？ / 她把空瓶子放在桌上。","沿用现有词库暂标；仍待逐词核验","现有应用词条；词头/词性/等级仍待整体验收"
"foreleser","名词","A2","en","NTNU NoW1; NorweigenLearn 当前词库","06A","6","en foreleser · foreleseren · forelesere · foreleserne","讲师；授课教师；主讲人","Foreleseren forklarte teorien med et eksempel. / Vi stilte spørsmål til foreleseren etter timen.","讲师用一个例子解释了理论。 / 下课后我们向讲师提了问题。","沿用现有词库暂标；仍待逐词核验","现有应用词条；词头/词性/等级仍待整体验收"
"forelesning","名词","A2","en","NTNU NoW1; NorweigenLearn 当前词库","06A","6","en forelesning · forelesningen · forelesninger · forelesningene","讲座；大学授课；课堂讲授","Jeg har en forelesning i norsk grammatikk i dag. / Forelesningen begynner klokka ti.","我今天有一堂挪威语语法课。 / 讲座十点开始。","沿用现有词库暂标；仍待逐词核验","现有应用词条；词头/词性/等级仍待整体验收"
"gjette","动词","A2","å","NTNU LearnNoW; NorweigenLearn 当前词库","06A","6","å gjette · gjetter · gjettet · har gjettet / gjetter, gjettet, har gjettet","猜；猜测；估计","Kan du gjette hvor gammel han er? / Jeg gjettet på feil svar.","你能猜猜他多大吗？ / 我猜错答案了。","沿用现有词库暂标；仍待逐词核验","现有应用词条；词头/词性/等级仍待整体验收"
"grovbrød","名词","A2","et","NTNU LearnNoW; NorweigenLearn 当前词库","06A","6","et grovbrød · grovbrødet · grovbrød · grovbrødene / grovbrødet, grovbrød, grovbrødene","粗粮面包；全谷/高纤维面包","Jeg spiser grovbrød med ost til lunsj. / Grovbrødet er ferskt fra bakeriet.","我午餐吃粗粮面包配奶酪。 / 这条粗粮面包是面包店新鲜出炉的。","沿用现有词库暂标；仍待逐词核验","现有应用词条；词头/词性/等级仍待整体验收"
"helårskort","名词","A2","et","NTNU NoW1; NorweigenLearn 当前词库","06M","6","et helårskort · helårskortet · helårskort · helårskortene","全年通票；年卡","Hun kjøpte et helårskort til svømmehallen. / Helårskortet lønner seg hvis du trener ofte.","她买了一张游泳馆年卡。 / 如果你经常锻炼，年卡就很划算。","沿用现有词库暂标；仍待逐词核验","现有应用词条；词头/词性/等级仍待整体验收"
"helt","副词","A2","","NTNU LearnNoW; NorweigenLearn 当前词库","06C","6","helt","完全；彻底；非常；整整（依搭配）","Jeg er helt ferdig med oppgaven. / Det var helt fantastisk å se nordlyset.","我已经完全做完作业了。 / 看到北极光真是太棒了。","沿用现有词库暂标；仍待逐词核验","现有应用词条；词头/词性/等级仍待整体验收"
"hud","名词","A2","en","NTNU LearnNoW; NorweigenLearn 当前词库","06A","6","ei hud · huda · huden · huder · hudene / huden, huder, hudene","皮肤；肌肤","Om vinteren får jeg ofte tørr hud. / Hun smører krem på huden.","冬天我的皮肤常常会变干。 / 她在皮肤上涂乳霜。","沿用现有词库暂标；仍待逐词核验","现有应用词条；词头/词性/等级仍待整体验收"
"hvit","形容词","A2","","NTNU LearnNoW; NorweigenLearn 当前词库","06A","6","hvit · hvitt · hvite · hvitere · hvitest / hviteste / hvitt, hvite","白色的；白的","Det ligger hvit snø på bakken. / Hun kjøpte et hvitt skjerf og hvite hansker.","地上覆盖着白雪。 / 她买了一条白围巾和一副白手套。","沿用现有词库暂标；仍待逐词核验","现有应用词条；词头/词性/等级仍待整体验收"
"ID-kort","名词","A2","et","NTNU NoW1; NorweigenLearn 当前词库","06K","6","et ID-kort · ID-kortet · ID-kort · ID-kortene","身份证件；身份卡；ID卡","Du må vise fram ID-kortet ved inngangen. / Husk å ta med et gyldig ID-kort.","你必须在入口出示身份证件。 / 记得带一张有效身份证件。","沿用现有词库暂标；仍待逐词核验","现有应用词条；词头/词性/等级仍待整体验收"
"idé","名词","A2","en","NTNU LearnNoW; NorweigenLearn 当前词库","06D","6","en idé · idéen/ideen · idéer/ideer · idéene/ideene / ideen, ideer, ideene","想法；主意；构想","Jeg fikk en god idé på vei hjem. / Har du noen idéer til helgen?","我回家路上想到了一个好主意。 / 你对周末有什么想法吗？","沿用现有词库暂标；仍待逐词核验","现有应用词条；词头/词性/等级仍待整体验收"
"idrettssenter","名词","A2","et","NTNU NoW1; NorweigenLearn 当前词库","06M","6","et idrettssenter · idrettssenteret · idrettssentre · idrettssentrene","体育中心；运动中心","Studentene trener på idrettssenteret etter forelesningen. / Kommunen bygger et nytt idrettssenter.","学生们讲座后去体育中心锻炼。 / 市政府正在建一座新的体育中心。","沿用现有词库暂标；仍待逐词核验","现有应用词条；词头/词性/等级仍待整体验收"
"inngang","名词","A2","en","NTNU NoW1; NorweigenLearn 当前词库","06K","6","en inngang · inngangen · innganger · inngangene","入口；进门处；入场通道","Hovedinngangen ligger på den andre siden. / Det er gratis inngang til museet i dag.","主入口在另一侧。 / 今天博物馆免费入场。","沿用现有词库暂标；仍待逐词核验","现有应用词条；词头/词性/等级仍待整体验收"
"institutt","名词","A2","et","NTNU NoW1; NorweigenLearn 当前词库","06K","6","et institutt · instituttet · institutter · instituttene","研究所；系；学院下属机构","Hun jobber ved Institutt for lingvistiske fag. / Instituttet tilbyr flere norskkurs.","她在语言学系工作。 / 该系开设了多门挪威语课程。","沿用现有词库暂标；仍待逐词核验","现有应用词条；词头/词性/等级仍待整体验收"
"kåpe","名词","A2","ei","NTNU LearnNoW; NorweigenLearn 当前词库","06C","6","en kåpe · kåpen · kåper · kåpene / kåpa, kåper, kåpene","女式长外套；大衣","Hun kjøpte en varm kåpe til vinteren. / Kåpa henger ved døra.","她买了一件暖和的大衣过冬。 / 大衣挂在门边。","沿用现有词库暂标；仍待逐词核验","现有应用词条；词头/词性/等级仍待整体验收"
"kjole","名词","A2","en","NTNU LearnNoW; NorweigenLearn 当前词库","06C","6","en kjole · kjolen · kjoler · kjolene / kjolen, kjoler, kjolene","连衣裙；裙装","Hun trenger en ny kjole til festen. / Den blå kjolen passer godt.","她需要一条新连衣裙参加派对。 / 那条蓝色连衣裙很合适。","沿用现有词库暂标；仍待逐词核验","现有应用词条；词头/词性/等级仍待整体验收"
"kode","名词","A2","en","NTNU LearnNoW; NorweigenLearn 当前词库","06D","6","en kode · koden · koder · kodene / koden, koder, kodene","代码；密码；编号","Du må taste inn koden for å åpne døra. / Programmereren fant en feil i koden.","你必须输入密码才能开门。 / 程序员在代码里发现了一个错误。","沿用现有词库暂标；仍待逐词核验","现有应用词条；词头/词性/等级仍待整体验收"
"kompendium","名词","A2","et","NTNU NoW1; NorweigenLearn 当前词库","06A","6","et kompendium · kompendiet · kompendier · kompendiene","课程讲义汇编；课程资料册","Læreren la kompendiet ut på nettet. / Vi må lese to kapitler i kompendiet.","老师把课程资料册放到了网上。 / 我们必须读资料册里的两章。","沿用现有词库暂标；仍待逐词核验","现有应用词条；词头/词性/等级仍待整体验收"
"konsulent","名词","A2","en","NTNU NoW1; NorweigenLearn 当前词库","06K","6","en konsulent · konsulenten · konsulenter · konsulentene","顾问；咨询人员","Hun jobber som konsulent i et teknologiselskap. / Kommunen ansatte en konsulent til prosjektet.","她在一家科技公司做顾问。 / 市政府为这个项目聘请了一位顾问。","沿用现有词库暂标；仍待逐词核验","现有应用词条；词头/词性/等级仍待整体验收"
"kvittering","名词","A2","en","NTNU LearnNoW; NorweigenLearn 当前词库","06C","6","ei kvittering · kvitteringa · kvitteringen · kvitteringer · kvitteringene / kvitteringen, kvitteringer, kvitteringene","收据；付款凭证；电子小票","Kan jeg få kvitteringen, takk? / Ta vare på kvitteringen hvis du vil bytte varen.","请问可以给我收据吗？ / 如果你想换商品，请保留收据。","沿用现有词库暂标；仍待逐词核验","现有应用词条；词头/词性/等级仍待整体验收"
"lav","形容词","A2","","NTNU LearnNoW; NorweigenLearn 当前词库","06C","6","lav · lavt · lave / lavt, lave","低的；矮的；低声的；低廉的","Vi må holde kostnadene på et lavt nivå. / Hun snakket med lav stemme.","我们必须把成本保持在较低水平。 / 她低声说话。","沿用现有词库暂标；仍待逐词核验","现有应用词条；词头/词性/等级仍待整体验收"
"lekebutikk","名词","A2","en","NTNU LearnNoW; NorweigenLearn 当前词库","06C","6","en lekebutikk · lekebutikken · lekebutikker · lekebutikkene / lekebutikken, lekebutikker, lekebutikkene","玩具店","Vi går innom en lekebutikk før bursdagen. / Lekebutikken ligger ved siden av apoteket.","生日会之前，我们顺路去一家玩具店。 / 玩具店在药房旁边。","沿用现有词库暂标；仍待逐词核验","现有应用词条；词头/词性/等级仍待整体验收"
"lenge","副词","A2","","NTNU LearnNoW; NorweigenLearn 当前词库","06C","6","lenge · lenger · lengst / lenger, lengst","很久；长时间；许久","Hvor lenge har du bodd i Norge? / Vi ventet lenger enn en time.","你在挪威住多久了？ / 我们等了一个多小时。","沿用现有词库暂标；仍待逐词核验","现有应用词条；词头/词性/等级仍待整体验收"
"lenger","副词","A2","","NTNU LearnNoW; NorweigenLearn 当前词库","06D","6","lenger","更久；更远；不再（常见于否定句）","Jeg bor ikke lenger i Oslo. / Vi må gå litt lenger før vi finner en rasteplass.","我不再住在奥斯陆了。 / 我们还得再走远一点才能找到休息区。","沿用现有词库暂标；仍待逐词核验","现有应用词条；词头/词性/等级仍待整体验收"
"lørdag","名词","A2","en","NTNU LearnNoW; NorweigenLearn 当前词库","06A","6","en lørdag · lørdagen · lørdager · lørdagene / lørdagen, lørdager, lørdagene","星期六；周六","Skal vi gå på kino på lørdag? / Jeg jobber ofte på lørdager.","我们周六去看电影吗？ / 我常在周六工作。","沿用现有词库暂标；仍待逐词核验","现有应用词条；词头/词性/等级仍待整体验收"
"lue","名词","A2","ei","NTNU LearnNoW; NorweigenLearn 当前词库","06C","6","en lue · luen · luer · luene / lua, luer, luene","帽子；针织帽；保暖帽","Ta på deg lua før du går ut. / Han kjøpte ei varm lue til vinteren.","出门前把帽子戴上。 / 他买了一顶暖和的帽子过冬。","沿用现有词库暂标；仍待逐词核验","现有应用词条；词头/词性/等级仍待整体验收"
"lys","形容词","A2","","NTNU LearnNoW; NorweigenLearn 当前词库","06C","6","lys · lyst · lyse / lyst, lyse","明亮的；浅色的；光线充足的","Kjøkkenet er lyst og romslig. / Hun har lyst hår.","厨房明亮又宽敞。 / 她有浅色头发。","沿用现有词库暂标；仍待逐词核验","现有应用词条；词头/词性/等级仍待整体验收"
"lysebrun","形容词","A2","","NTNU LearnNoW; NorweigenLearn 当前词库","06C","6","lysebrun · lysebrunt · lysebrune / lysebrunt, lysebrune","浅棕色的；浅褐色的","Han har lysebrunt hår. / Hun kjøpte en lysebrun jakke.","他有浅棕色头发。 / 她买了一件浅棕色夹克。","沿用现有词库暂标；仍待逐词核验","现有应用词条；词头/词性/等级仍待整体验收"
"moderne","形容词","A2","","NTNU LearnNoW; NorweigenLearn 当前词库","06B","6","moderne · moderne · moderne / moderne, moderne","现代的；新式的","De bor i et moderne hus. / Skolen bruker moderne teknologi i undervisningen.","他们住在一栋现代化的房子里。 / 学校在教学中使用现代技术。","沿用现有词库暂标；仍待逐词核验","现有应用词条；词头/词性/等级仍待整体验收"
"møtes","动词","A2","å","NTNU LearnNoW; NorweigenLearn 当前词库","06C","6","å møtes · møtes · møttes · møttes / møtes, møttes, har møttes","见面；会面；相遇","Vi møtes utenfor stasjonen klokka fem. / De møttes på norskkurset.","我们五点在车站外见面。 / 他们是在挪威语课上认识 / 相遇的。","沿用现有词库暂标；仍待逐词核验","现有应用词条；词头/词性/等级仍待整体验收"
"naturligvis","副词","A2","","NTNU LearnNoW; NorweigenLearn 当前词库","06C","6","naturligvis","当然；自然地；理所当然地","Kan jeg låne boka di? – Ja, naturligvis. / Naturligvis må vi bestille bord først.","我能借你的书吗？——当然可以。 / 我们当然得先订位。","沿用现有词库暂标；仍待逐词核验","现有应用词条；词头/词性/等级仍待整体验收"
"ned","副词","A2","","NTNU LearnNoW; NorweigenLearn 当前词库","06A","6","ned","向下；下去；下降","Barna løp ned trappa. / Prisene går ned i januar.","孩子们跑下了楼梯。 / 价格在一月份下降。","沿用现有词库暂标；仍待逐词核验","现有应用词条；词头/词性/等级仍待整体验收"
"nok","副词","A2","","NTNU LearnNoW; NorweigenLearn 当前词库","06D","6","nok","足够；大概；想必（依语境）","Vi har nok mat til alle. / Det går nok bra.","我们的食物够每个人吃。 / 事情大概会顺利的。","沿用现有词库暂标；仍待逐词核验","现有应用词条；词头/词性/等级仍待整体验收"
"nydelig","形容词","A2","","NTNU LearnNoW; NorweigenLearn 当前词库","06C","6","nydelig · nydelig · nydelige / nydelig, nydelige","极好的；美妙的；精美的","Middagen smakte nydelig. / Vi hadde nydelig utsikt over fjorden.","这顿晚餐味道好极了。 / 我们能欣赏到峡湾的绝美景色。","沿用现有词库暂标；仍待逐词核验","现有应用词条；词头/词性/等级仍待整体验收"
"øyeblikk","名词","A2","et","NTNU LearnNoW; NorweigenLearn 当前词库","06C","6","et øyeblikk · øyeblikket · øyeblikk · øyeblikkene / øyeblikket, øyeblikk, øyeblikkene","片刻；瞬间；一会儿","Kan du vente et øyeblikk? / Bussen kommer om et øyeblikk.","你能稍等一会儿吗？ / 公交车一会儿就到。","沿用现有词库暂标；仍待逐词核验","现有应用词条；词头/词性/等级仍待整体验收"
"par","名词","A2","et","NTNU LearnNoW; NorweigenLearn 当前词库","06C","6","et par · paret · par · parene / paret, par, parene","一对；一双；几个/一些（依搭配）","Jeg trenger et par varme hansker. / Vi blir her et par dager til.","我需要一双暖和的手套。 / 我们还要在这里待几天。","沿用现有词库暂标；仍待逐词核验","现有应用词条；词头/词性/等级仍待整体验收"
"parkere","动词","A2","å","NTNU LearnNoW; NorweigenLearn 当前词库","06B","6","å parkere · parkerer · parkerte · parkert / parkerer, parkerte, har parkert","停车；停放车辆","Hvor kan jeg parkere bilen? / Hun parkerte utenfor hotellet.","我可以把车停在哪里？ / 她把车停在酒店外面。","沿用现有词库暂标；仍待逐词核验","现有应用词条；词头/词性/等级仍待整体验收"
"parkeringsplass","名词","A2","en","NTNU LearnNoW; NorweigenLearn 当前词库","06B","6","en parkeringsplass · parkeringsplassen · parkeringsplasser · parkeringsplassene / parkeringsplassen,parkeringsplasser, parkeringsplassene","停车位；停车场","Vi fant en ledig parkeringsplass utenfor butikken. / Bilen står på parkeringsplassen bak huset.","我们在商店外找到一个空停车位。 / 车停在房子后面的停车场。","沿用现有词库暂标；仍待逐词核验","现有应用词条；词头/词性/等级仍待整体验收"
"passe","动词","A2","å","NTNU LearnNoW; NorweigenLearn 当前词库","06C","6","å passe · passer · passet / passa · passet / passa / passer, passet, har passet","适合；合身；照看；留意","Den blå jakka passer godt. / Kan du passe barna mens jeg handler?","这件蓝色夹克很合身。 / 我购物时你能帮忙照看孩子吗？","沿用现有词库暂标；仍待逐词核验","现有应用词条；词头/词性/等级仍待整体验收"
"plutselig","副词","A2","","NTNU LearnNoW; NorweigenLearn 当前词库","06C","6","plutselig","突然；忽然","Plutselig begynte det å snø. / Han ble plutselig stille.","突然开始下雪了。 / 他突然沉默了。","沿用现有词库暂标；仍待逐词核验","现有应用词条；词头/词性/等级仍待整体验收"
"pusse","动词","A2","å","NTNU LearnNoW; NorweigenLearn 当前词库","06A","6","å pusse · pusser · pusset / pussa · pusset / pussa / pusser, pusset, har pusset","刷（牙）；擦亮；打磨","Barna pusser tennene før de legger seg. / Han pusset skoene før intervjuet.","孩子们睡前刷牙。 / 面试前他把鞋擦亮了。","沿用现有词库暂标；仍待逐词核验","现有应用词条；词头/词性/等级仍待整体验收"
"rabatt","名词","A2","en","NTNU LearnNoW; NorweigenLearn 当前词库","06C","6","en rabatt · rabatten · rabatter · rabattene / rabatten, rabatter, rabattene","折扣；优惠","Studenter får rabatt på billettene. / Butikken gir ti prosent rabatt denne uka.","学生买票可以享受折扣。 / 这家商店本周打九折（优惠百分之十）。","沿用现有词库暂标；仍待逐词核验","现有应用词条；词头/词性/等级仍待整体验收"
"salg","名词","A2","et","NTNU LearnNoW; NorweigenLearn 当前词库","06B","6","et salg · salget · salg · salgene / salget, salg, salgene","销售；促销；特价销售","Vinterjakka er på salg nå. / Salget av billetter starter på mandag.","冬季夹克现在正在促销。 / 门票销售周一开始。","沿用现有词库暂标；仍待逐词核验","现有应用词条；词头/词性/等级仍待整体验收"
"sjiraff","名词","A2","en","NTNU LearnNoW; NorweigenLearn 当前词库","06C","6","en sjiraff · sjiraffen · sjiraffer · sjiraffene / sjiraffen, sjiraffer, sjiraffene","长颈鹿","Sjiraffen spiser blader fra høye trær. / Vi så to sjiraffer i dyreparken.","长颈鹿吃高树上的叶子。 / 我们在动物园看到了两只长颈鹿。","沿用现有词库暂标；仍待逐词核验","现有应用词条；词头/词性/等级仍待整体验收"
"sjokoladekake","名词","A2","ei","NTNU LearnNoW; NorweigenLearn 当前词库","06D","6","en sjokoladekake · sjokoladekaken · sjokoladekaker · sjokoladekakene / sjokoladekaka, sjokoladekaker, sjokoladekakene","巧克力蛋糕","Jeg baker en sjokoladekake til bursdagen. / Sjokoladekaka står på kjøkkenbordet.","我为生日烤一个巧克力蛋糕。 / 巧克力蛋糕放在厨房桌上。","沿用现有词库暂标；仍待逐词核验","现有应用词条；词头/词性/等级仍待整体验收"
"skjære","动词","A2","å","NTNU LearnNoW; NorweigenLearn 当前词库","06A","6","å skjære · skjærer · skar · skåret / skjærer, skar, har skåret","切；割；切片","Kan du skjære brødet i skiver? / Hun skar seg på kniven.","你能把面包切成片吗？ / 她被刀划伤了。","沿用现有词库暂标；仍待逐词核验","现有应用词条；词头/词性/等级仍待整体验收"
"skobutikk","名词","A2","en","NTNU LearnNoW; NorweigenLearn 当前词库","06C","6","en skobutikk · skobutikken · skobutikker · skobutikkene / skobutikken, skobutikker, skobutikkene","鞋店；鞋类商店","Vi fant en liten skobutikk i sentrum. / Skobutikken stenger klokka seks.","我们在市中心找到一家小鞋店。 / 鞋店六点关门。","沿用现有词库暂标；仍待逐词核验","现有应用词条；词头/词性/等级仍待整体验收"
"smil","名词","A2","et","NTNU LearnNoW; NorweigenLearn 当前词库","06A","6","et smil · smilet · smil · smilene / smilet, smil, smilene","微笑；笑容","Hun hilste på meg med et smil. / Han hadde et stort smil om munnen.","她微笑着向我打招呼。 / 他脸上挂着灿烂的笑容。","沿用现有词库暂标；仍待逐词核验","现有应用词条；词头/词性/等级仍待整体验收"
"smør","名词","A2","et","NTNU LearnNoW; NorweigenLearn 当前词库","06A","6","et smør · smøret · smør · smøra / smørene / smøret","黄油；牛油（乳脂制品）","Jeg smører smør på brødet. / Smøret står i kjøleskapet.","我把黄油抹在面包上。 / 黄油放在冰箱里。","沿用现有词库暂标；仍待逐词核验","现有应用词条；词头/词性/等级仍待整体验收"
"snill","形容词","A2","","NTNU LearnNoW; NorweigenLearn 当前词库","06A","6","snill · snilt · snille · snillere · snillest / snilleste / snilt, snille","善良的；友善的；乖的","Hun er alltid snill mot de nye elevene. / Vær så snill og vent litt.","她总是很友善地对待新同学。 / 请稍等一下。","沿用现有词库暂标；仍待逐词核验","现有应用词条；词头/词性/等级仍待整体验收"
"sove","动词","A2","å","NTNU LearnNoW; NorweigenLearn 当前词库","06A","6","å sove · sover · sov · sovet / sover, sov, har sovet","睡觉；睡眠","Jeg sov dårlig i natt. / Barnet sover allerede.","我昨晚没睡好。 / 孩子已经睡着了。","沿用现有词库暂标；仍待逐词核验","现有应用词条；词头/词性/等级仍待整体验收"
"sted","名词","A2","et","NTNU LearnNoW; NorweigenLearn 当前词库","06D","6","et sted · stedet · steder · stedene / stedet, steder, stedene","地方；地点；场所","Vi fant et rolig sted å spise lunsj. / Hvor er det beste stedet å parkere?","我们找到一个安静的地方吃午饭。 / 哪里是最适合停车的地方？","沿用现有词库暂标；仍待逐词核验","现有应用词条；词头/词性/等级仍待整体验收"
"stykke","名词","A2","et","NTNU LearnNoW; NorweigenLearn 当前词库","06D","6","et stykke · stykket · stykker · stykkene / stykket, stykker, stykkene","一块；一段；一件作品","Vil du ha et stykke kake? / Vi gikk et stykke langs elva.","你想来一块蛋糕吗？ / 我们沿着河走了一段路。","沿用现有词库暂标；仍待逐词核验","现有应用词条；词头/词性/等级仍待整体验收"
"svart","形容词","A2","","NTNU LearnNoW; NorweigenLearn 当前词库","06C","6","svart · svart · svarte · svartere · svartest / svarteste / svart, svarte","黑色的；黑暗的；非常糟的（依语境）","Han går med en svart jakke. / Skjermen ble helt svart.","他穿着一件黑色夹克。 / 屏幕完全黑了。","沿用现有词库暂标；仍待逐词核验","现有应用词条；词头/词性/等级仍待整体验收"
"synes","动词","A2","å","NTNU LearnNoW; NorweigenLearn 当前词库","06C","6","å synes · synes · syntes · syntes / synes, syntes, har syntes","觉得；认为；感觉（主观判断）","Jeg synes at denne boka er spennende. / Hva syntes du om maten?","我觉得这本书很有意思。 / 你觉得饭菜怎么样？","沿用现有词库暂标；仍待逐词核验","现有应用词条；词头/词性/等级仍待整体验收"
"tast","名词","A2","en","NTNU LearnNoW; NorweigenLearn 当前词库","06D","6","en tast · tasten · taster · tastene / tasten, taster, tastene","键；按键；按钮（键盘或设备上的单个键）","Trykk på en tast for å fortsette. / Backspace-tasten sletter bokstaven til venstre.","按任意键继续。 / 退格键会删除左边的字母。","沿用现有词库暂标；仍待逐词核验","现有应用词条；词头/词性/等级仍待整体验收"
"tilbake","副词","A2","","NTNU LearnNoW; NorweigenLearn 当前词库","06C","6","tilbake","回来；回去；返回；剩下；恢复（依搭配）","Når kommer du tilbake fra jobb? / Jeg fikk pengene tilbake i går.","你什么时候下班回来？ / 我昨天拿回了钱。","沿用现有词库暂标；仍待逐词核验","现有应用词条；词头/词性/等级仍待整体验收"
"tilbud","名词","A2","et","NTNU LearnNoW; NorweigenLearn 当前词库","06C","6","et tilbud · tilbudet · tilbud · tilbudene / tilbudet, tilbud, tilbudene","优惠；特价；提议；服务项目（依语境）","Denne uka er kaffen på tilbud. / Takk for tilbudet om å hjelpe.","这周咖啡有特价。 / 谢谢你提出帮忙。","沿用现有词库暂标；仍待逐词核验","现有应用词条；词头/词性/等级仍待整体验收"
"tohundrelapp","名词","A2","en","NTNU LearnNoW; NorweigenLearn 当前词库","06D","6","en tohundrelapp · tohundrelappen · tohundrelapper · tohundrelappene / tohundrelappen, tohundrelapper, tohundrelappene","一张200克朗纸币","Jeg betaler med en tohundrelapp. / Hun får to tohundrelapper tilbake.","我用一张200克朗纸币付款。 / 她拿回两张200克朗纸币。","沿用现有词库暂标；仍待逐词核验","现有应用词条；词头/词性/等级仍待整体验收"
"tomat","名词","A2","en","NTNU LearnNoW; NorweigenLearn 当前词库","06A","6","en tomat · tomaten · tomater · tomatene / tomaten, tomater, tomatene","西红柿；番茄","Jeg kjøper tomater til salaten. / Tomaten ligger på kjøkkenbenken.","我买西红柿做沙拉。 / 西红柿放在厨房台面上。","沿用现有词库暂标；仍待逐词核验","现有应用词条；词头/词性/等级仍待整体验收"
"torg","名词","A2","et","NTNU LearnNoW; NorweigenLearn 当前词库","06B","6","et torg · torget · torg · torgene / torget, torg, torgene","广场；集市广场","Vi møtes på torget klokka seks. / Det er marked på torget hver lørdag.","我们六点在广场见面。 / 广场上每周六都有集市。","沿用现有词库暂标；仍待逐词核验","现有应用词条；词头/词性/等级仍待整体验收"
"tørke","动词","A2","å","NTNU LearnNoW; NorweigenLearn 当前词库","06A","6","å tørke · tørker · tørket / tørka · tørket / tørka / tørker, tørket, har tørket","擦干；擦拭；使干燥；（不及物）变干","Kan du tørke av bordet etter maten? / Håndklærne tørker ute i sola.","吃完饭后你能把桌子擦一下吗？ / 毛巾在外面的阳光下晾干。","沿用现有词库暂标；仍待逐词核验","现有应用词条；词头/词性/等级仍待整体验收"
"vanlig","形容词","A2","","NTNU LearnNoW; NorweigenLearn 当前词库","06C","6","vanlig · vanlig · vanlige / vanlig, vanlige","普通的；常见的；通常的","Det er vanlig å ta av seg skoene hjemme. / Vi tar bussen som vanlig.","在家脱鞋是很常见的做法。 / 我们照常坐公交车。","沿用现有词库暂标；仍待逐词核验","现有应用词条；词头/词性/等级仍待整体验收"
"vinterjakke","名词","A2","ei","NTNU LearnNoW; NorweigenLearn 当前词库","06C","6","ei vinterjakke · vinterjakka · vinterjakker · vinterjakkene / vinterjakka, vinterjakker, vinterjakkene","冬季外套；冬衣","Ta på deg vinterjakka før du går ut. / Barna trenger varme vinterjakker når det blir kaldt.","出门前把冬季外套穿上。 / 天冷时，孩子们需要保暖的冬季外套。","沿用现有词库暂标；仍待逐词核验","现有应用词条；词头/词性/等级仍待整体验收"
"vite","动词","A2","å","NTNU LearnNoW; NorweigenLearn 当前词库","06C; 07C; 11B","6","å vite · vet · visste · visst / vet, visste, har visst","知道；了解（事实或信息）","Vet du når bussen går? / Jeg visste ikke at han var syk.","你知道公交车几点开吗？ / 我不知道他病了。","沿用现有词库暂标；仍待逐词核验","现有应用词条；词头/词性/等级仍待整体验收"
"ingeniør","名词","A2","en","NTNU LearnNoW; NTNU NoW1; NorweigenLearn 当前词库","07A; 07B","7","en ingeniør · ingeniøren · ingeniører · ingeniørene / ingeniøren, ingeniører, ingeniørene","工程师","Broren hennes jobber som ingeniør i Bergen. / Ingeniørene planlegger en ny bro.","她哥哥 / 弟弟在卑尔根做工程师。 / 工程师们正在规划一座新桥。","沿用现有词库暂标；仍待逐词核验","现有应用词条；词头/词性/等级仍待整体验收"
"kontakt","名词","A2","en","NTNU LearnNoW; NTNU NoW1; NorweigenLearn 当前词库","07A; 09B","7","en kontakt · kontakten · kontakter · kontaktene / kontakten, kontakter, kontaktene","联系；联系人；接触","Ta kontakt med skolen hvis du har spørsmål. / Vi holder kontakten etter kurset.","如果你有问题，请联系学校。 / 课程结束后我们还保持联系。","沿用现有词库暂标；仍待逐词核验","现有应用词条；词头/词性/等级仍待整体验收"
"album","名词","A2","et","NTNU NoW1; NorweigenLearn 当前词库","07A","7","et album · albumet · album · albumene","专辑；相册","Bandet ga ut et nytt album i vår. / Bestemor har et album med gamle bilder.","乐队今年春天发行了一张新专辑。 / 奶奶有一本装着老照片的相册。","沿用现有词库暂标；仍待逐词核验","现有应用词条；词头/词性/等级仍待整体验收"
"alvorlig","形容词","A2","","NTNU LearnNoW; NorweigenLearn 当前词库","07C","7","alvorlig · alvorlig · alvorlige / alvorlig, alvorlige","严重的；严肃的；认真的","Hun har ikke en alvorlig sykdom. / Foreldrene snakket alvorlig med ham.","她没有严重的疾病。 / 父母严肃地和他谈了谈。","沿用现有词库暂标；仍待逐词核验","现有应用词条；词头/词性/等级仍待整体验收"
"arbeidsdag","名词","A2","en","NTNU LearnNoW; NorweigenLearn 当前词库","07B","7","arbeidsdagen, arbeidsdager, arbeidsdagene / en arbeidsdag · arbeidsdagen · arbeidsdager · arbeidsdagene","工作日；一个工作日/工作班次","Jeg har en lang arbeidsdag i morgen. / Jeg jobber hjemmefra én arbeidsdag i uka.","我明天要工作很长时间。 / 我每周有一个工作日在家办公。","沿用现有词库暂标；仍待逐词核验","现有应用词条；词头/词性/等级仍待整体验收"
"bak","介词","A2","","NTNU LearnNoW; NorweigenLearn 当前词库","07A","7","bak","在……后面；在……之后（时间）","Sykkelen står bak huset. / Vi møtes igjen bak en uke.","自行车停在房子后面。 / 我们一周后再见。","沿用现有词库暂标；仍待逐词核验","现有应用词条；词头/词性/等级仍待整体验收"
"ballett","名词","A2","en","NTNU NoW1; NorweigenLearn 当前词库","07B","7","en ballett · balletten · balletter · ballettene","芭蕾舞；芭蕾舞剧","Datteren min går på ballett hver tirsdag. / Teatret setter opp en klassisk ballett.","我女儿每周二去上芭蕾课。 / 剧院正在上演一部经典芭蕾舞剧。","沿用现有词库暂标；仍待逐词核验","现有应用词条；词头/词性/等级仍待整体验收"
"ballspill","名词","A2","et","NTNU NoW1; NorweigenLearn 当前词库","07B","7","et ballspill · ballspillet · ballspill · ballspillene","球类运动；球类游戏","Elevene prøvde flere ballspill i gymtimen. / Fotball er et populært ballspill.","学生们在体育课上尝试了几种球类运动。 / 足球是一种受欢迎的球类运动。","沿用现有词库暂标；仍待逐词核验","现有应用词条；词头/词性/等级仍待整体验收"
"begynnelse","名词","A2","en","NTNU LearnNoW; NorweigenLearn 当前词库","07C","7","begynnelsen, begynnelser, begynnelsene / en begynnelse · begynnelsen · begynnelser · begynnelsene","开始；开端","I begynnelsen var norsken vanskelig. / Vi må starte fra begynnelsen.","刚开始时，挪威语很难。 / 我们必须从头开始。","沿用现有词库暂标；仍待逐词核验","现有应用词条；词头/词性/等级仍待整体验收"
"begynnerkurs","名词","A2","et","NTNU NoW1; NorweigenLearn 当前词库","07B","7","et begynnerkurs · begynnerkurset · begynnerkurs · begynnerkursene","初级课程；入门班","Jeg meldte meg på et begynnerkurs i norsk. / Begynnerkurset starter neste uke.","我报名了一门挪威语入门课。 / 入门课程下周开始。","沿用现有词库暂标；仍待逐词核验","现有应用词条；词头/词性/等级仍待整体验收"
"bestevenn","名词","A2","en","NTNU LearnNoW; NorweigenLearn 当前词库","07C","7","bestevennen, bestevenner, bestevennene / en bestevenn · bestevennen · bestevenner · bestevennene","最好的朋友；挚友","Hun er bestevennen min. / De to ble bestevenner på skolen.","她是我最好的朋友。 / 他们俩在学校成了最好的朋友。","沿用现有词库暂标；仍待逐词核验","现有应用词条；词头/词性/等级仍待整体验收"
"bort","副词","A2","","NTNU LearnNoW; NorweigenLearn 当前词库","07C","7","bort","离开；到别处去；消失","Barna gikk bort til lekeplassen. / Vi reiser bort i helgen.","孩子们走到那边的游乐场去了。 / 我们周末要外出。","沿用现有词库暂标；仍待逐词核验","现有应用词条；词头/词性/等级仍待整体验收"
"bråk","名词","A2","et","NTNU LearnNoW; NorweigenLearn 当前词库","07D","7","bråket / et bråk · bråket · bråk · bråkene","吵闹；喧哗；麻烦；争端","Barna laget mye bråk i gangen. / Det ble bråk om den nye regelen.","孩子们在走廊里闹得很大声。 / 新规定引起了争议。","沿用现有词库暂标；仍待逐词核验","现有应用词条；词头/词性/等级仍待整体验收"
"byggfirma","名词","A2","et","NTNU LearnNoW; NorweigenLearn 当前词库","07B","7","byggfirmaet, byggfirmaer, byggfirmaene / et byggfirma · byggfirmaet · byggfirma · byggfirmaene","建筑公司；施工公司","Et byggfirma skal reparere taket vårt. / Vi fikk et tilbud fra byggfirmaet.","一家建筑公司要来修我们的屋顶。 / 我们收到了那家施工公司的报价。","沿用现有词库暂标；仍待逐词核验","现有应用词条；词头/词性/等级仍待整体验收"
"dårlig","形容词","A2","","NTNU LearnNoW; NorweigenLearn 当前词库","07C","7","dårlig · dårlig · dårlige · verre · verst / dårlig, dårlige","差的；糟糕的；不舒服的；质量差的（依语境）","Jeg føler meg dårlig og blir hjemme i dag. / Bussen går sjeldnere når været er dårlig.","我觉得不舒服，今天待在家里。 / 天气不好时，公交车班次会更少。","沿用现有词库暂标；仍待逐词核验","现有应用词条；词头/词性/等级仍待整体验收"
"deretter","副词","A2","","NTNU LearnNoW; NorweigenLearn 当前词库","07A","7","deretter","然后；随后；之后","Først fyller du ut skjemaet, deretter sender du det. / Vi spiste middag og gikk deretter en tur.","先填写表格，然后把它寄出去。 / 我们吃了晚饭，随后去散了步。","沿用现有词库暂标；仍待逐词核验","现有应用词条；词头/词性/等级仍待整体验收"
"dimensjon","名词","A2","en","NTNU LearnNoW; NorweigenLearn 当前词库","07B","7","dimensjonen, dimensjoner, dimensjonene / en dimensjon · dimensjonen · dimensjoner · dimensjonene","尺寸；维度；方面","Bordet har tre dimensjoner: lengde, bredde og høyde. / Trygghet er en viktig dimensjon ved trivsel.","这张桌子有三个尺寸维度：长、宽和高。 / 安全感是幸福感中的一个重要方面。","沿用现有词库暂标；仍待逐词核验","现有应用词条；词头/词性/等级仍待整体验收"
"dum","形容词","A2","","NTNU LearnNoW; NorweigenLearn 当前词库","07D","7","dum · dumt · dumme · dummere · dummest / dummeste / dumt, dumme","愚蠢的；不明智的；糟糕的","Det var dumt å dra uten paraply. / Han følte seg dum da han glemte avtalen.","不带伞就出门真是不明智。 / 他忘了约定后觉得自己很糊涂。","沿用现有词库暂标；仍待逐词核验","现有应用词条；词头/词性/等级仍待整体验收"
"elev","名词","A2","en","NTNU LearnNoW; NorweigenLearn 当前词库","07D","7","eleven, elever, elevene / en elev · eleven · elever · elevene","学生；学员（通常指中小学学生）","Hver elev må ta med en blyant. / Elevene arbeider sammen i grupper.","每个学生都要带一支铅笔。 / 学生们分组合作。","沿用现有词库暂标；仍待逐词核验","现有应用词条；词头/词性/等级仍待整体验收"
"enebarn","名词","A2","et","NTNU NoW1; NorweigenLearn 当前词库","07A","7","et enebarn · enebarnet · enebarn · enebarna / enebarnene","独生子女；独生子","Jeg er enebarn og vokste opp uten søsken. / Hun synes ikke det er ensomt å være enebarn.","我是独生子女，成长过程中没有兄弟姐妹。 / 她并不觉得做独生子女很孤单。","沿用现有词库暂标；仍待逐词核验","现有应用词条；词头/词性/等级仍待整体验收"
"essay","名词","A2","et","NTNU NoW1; NorweigenLearn 当前词库","07A","7","et essay · essayet · essay · essayene","短文；随笔；论说文","Vi skal skrive et essay om språk og identitet. / Læreren ga kommentarer til essayet mitt.","我们要写一篇关于语言与身份的短文。 / 老师给我的文章写了评语。","沿用现有词库暂标；仍待逐词核验","现有应用词条；词头/词性/等级仍待整体验收"
"farfar","名词","A2","en","NTNU NoW1; NorweigenLearn 当前词库","07A","7","en farfar · farfaren · farfedre · farfedrene","爷爷；父亲的父亲","Farfar bor i et hus ved sjøen. / Vi besøker farfar hver søndag.","爷爷住在海边的一栋房子里。 / 我们每周日去看爷爷。","沿用现有词库暂标；仍待逐词核验","现有应用词条；词头/词性/等级仍待整体验收"
"farmor","名词","A2","ei","NTNU NoW1; NorweigenLearn 当前词库","07A","7","en farmor · farmoren · farmødre · farmødrene","奶奶；父亲的母亲","Farmora mi lager verdens beste vafler. / Jeg skal ringe farmor i kveld.","我奶奶做的华夫饼是世界上最好吃的。 / 我今晚要给奶奶打电话。","沿用现有词库暂标；仍待逐词核验","现有应用词条；词头/词性/等级仍待整体验收"
"firma","名词","A2","et","NTNU LearnNoW; NorweigenLearn 当前词库","07B","7","et firma · firmaet · firmaer · firmaene / firmaet, firmaer, firmaene","公司；企业；事务所","Hun jobber i et lite firma i Oslo. / Firmaet flyttet til et større kontor.","她在奥斯陆一家小公司工作。 / 这家公司搬进了更大的办公室。","沿用现有词库暂标；仍待逐词核验","现有应用词条；词头/词性/等级仍待整体验收"
"fjernkontroll","名词","A2","en","NTNU LearnNoW; NorweigenLearn 当前词库","07A","7","en fjernkontroll · fjernkontrollen · fjernkontroller · fjernkontrollene / fjernkontrollen, fjernkontroller, fjernkontrollene","遥控器","Kan du gi meg fjernkontrollen? / Jeg finner ikke fjernkontrollen til TV-en.","你能把遥控器递给我吗？ / 我找不到电视遥控器了。","沿用现有词库暂标；仍待逐词核验","现有应用词条；词头/词性/等级仍待整体验收"
"fornavn","名词","A2","et","NTNU LearnNoW; NorweigenLearn 当前词库","07D","7","et fornavn · fornavnet · fornavn · fornavnene / fornavnet, fornavn, fornavnene","名字；名（与姓氏相对）","Skriv fornavn og etternavn på skjemaet. / Hva er fornavnet ditt?","请在表格上填写名字和姓氏。 / 你的名字是什么？","沿用现有词库暂标；仍待逐词核验","现有应用词条；词头/词性/等级仍待整体验收"
"fort","副词","A2","","NTNU LearnNoW; NorweigenLearn 当前词库","07C","7","fort · fortere · fortest","快地；迅速地；很快","Kan du snakke litt saktere? Du snakker veldig fort. / Tiden går fort når vi har det gøy.","你能说慢一点吗？你说得很快。 / 开心的时候时间过得很快。","沿用现有词库暂标；仍待逐词核验","现有应用词条；词头/词性/等级仍待整体验收"
"fritidsaktivitet","名词","A2","en","NTNU NoW1; NorweigenLearn 当前词库","07B","7","en fritidsaktivitet · fritidsaktiviteten · fritidsaktiviteter · fritidsaktivitetene","休闲活动；业余活动","Fotball er en populær fritidsaktivitet for barn. / Kommunen tilbyr mange fritidsaktiviteter for ungdom.","足球是孩子们很受欢迎的一种业余活动。 / 市政府为青少年提供许多休闲活动。","沿用现有词库暂标；仍待逐词核验","现有应用词条；词头/词性/等级仍待整体验收"
"grammatikk","名词","A2","en","NTNU NoW1; NorweigenLearn 当前词库","07A","7","en grammatikk · grammatikken · grammatikker · grammatikkene","语法；语法体系；语法书（依语境）","Vi lærer norsk grammatikk på kurset. / Grammatikkboka forklarer verb i fortid.","我们在课程上学习挪威语语法。 / 语法书解释了动词的过去时。","沿用现有词库暂标；仍待逐词核验","现有应用词条；词头/词性/等级仍待整体验收"
"gruppe","名词","A2","ei","NTNU NoW1; NorweigenLearn 当前词库","07A","7","en gruppe · gruppen / gruppa · grupper · gruppene","组；群；团队；类别","Vi arbeider i ei gruppe på fire personer. / Gruppene presenterer arbeidet sitt etter lunsj.","我们四个人一组做事。 / 各小组午饭后展示他们的成果。","沿用现有词库暂标；仍待逐词核验","现有应用词条；词头/词性/等级仍待整体验收"
"hjemland","名词","A2","et","NTNU NoW1; NorweigenLearn 当前词库","07B","7","et hjemland · hjemlandet · hjemland · hjemlandene","祖国；故乡国家；自己的国家","Hun flyttet til Norge, men savner hjemlandet sitt. / Familien måtte forlate hjemlandet.","她搬到了挪威，但很想念自己的祖国。 / 这个家庭不得不离开祖国。","沿用现有词库暂标；仍待逐词核验","现有应用词条；词头/词性/等级仍待整体验收"
"hobby","名词","A2","en","NTNU NoW1; NorweigenLearn 当前词库","07B","7","en hobby · hobbyen · hobbyer · hobbyene","爱好；业余兴趣","Matlaging er hobbyen hennes. / Har du noen hobbyer?","烹饪是她的爱好。 / 你有什么爱好吗？","沿用现有词库暂标；仍待逐词核验","现有应用词条；词头/词性/等级仍待整体验收"
"informasjon","名词","A2","en","NTNU LearnNoW; NorweigenLearn 当前词库","07B","7","informasjon · informasjonen / informasjonen, informasjoner, informasjonene","信息；资料；通知内容（通常不可数）","Du finner mer informasjon på nettsiden. / Jeg fikk informasjon om kurset på e-post.","你可以在网站上找到更多信息。 / 我通过邮件收到了课程信息。","沿用现有词库暂标；仍待逐词核验","现有应用词条；词头/词性/等级仍待整体验收"
"kamerat","名词","A2","en","NTNU LearnNoW; NorweigenLearn 当前词库","07C","7","en kamerat · kameraten · kamerater · kameratene / kameraten, kamerater, kameratene","朋友；伙伴；同伴","Han gikk på tur med en kamerat. / Kameratene mine spiller fotball etter skolen.","他和一位朋友去徒步了。 / 我的朋友们放学后踢足球。","沿用现有词库暂标；仍待逐词核验","现有应用词条；词头/词性/等级仍待整体验收"
"kjekk","形容词","A2","","NTNU LearnNoW; NorweigenLearn 当前词库","07D","7","kjekk · kjekt · kjekke · kjekkere · kjekkest / kjekkeste / kjekt, kjekke","友好的；愉快的；好看的；实用的（依语境）","Vi hadde en kjekk kveld sammen. / Han er en kjekk og hjelpsom kollega.","我们一起度过了愉快的夜晚。 / 他是一位友好又乐于助人的同事。","沿用现有词库暂标；仍待逐词核验","现有应用词条；词头/词性/等级仍待整体验收"
"klatre","动词","A2","å","NTNU NoW1; NorweigenLearn 当前词库","07B","7","å klatre · klatrer · klatra / klatret · klatra / klatret","攀爬；攀登；爬上","Barna klatrer i et tre i hagen. / Vi klatret opp en bratt sti til toppen.","孩子们在院子里爬树。 / 我们沿着陡峭的小路攀爬到山顶。","沿用现有词库暂标；仍待逐词核验","现有应用词条；词头/词性/等级仍待整体验收"
"klatregruppe","名词","A2","ei","NTNU NoW1; NorweigenLearn 当前词库","07B","7","ei klatregruppe · klatregruppa · klatregrupper · klatregruppene","攀岩小组；攀岩队/社团","Datteren min vil begynne i ei klatregruppe. / Klatregruppa trener i hallen på tirsdager.","我女儿想加入一个攀岩小组。 / 攀岩小组每周二在馆里训练。","沿用现有词库暂标；仍待逐词核验","现有应用词条；词头/词性/等级仍待整体验收"
"knapp","名词","A2","en","NTNU LearnNoW; NorweigenLearn 当前词库","07A","7","en knapp · knappen · knapper · knappene / knappen, knapper, knappene","按钮；纽扣；按键","Trykk på den røde knappen for å stoppe. / Skjorta mangler en knapp.","按红色按钮停止。 / 这件衬衫少了一颗纽扣。","沿用现有词库暂标；仍待逐词核验","现有应用词条；词头/词性/等级仍待整体验收"
"lærer","名词","A2","en","NTNU LearnNoW; NorweigenLearn 当前词库","07D","7","en lærer · læreren · lærere · lærerne / læreren, lærere, lærerne","老师","Læreren hjelper elevene.","老师帮助学生们。","沿用现有词库暂标；仍待逐词核验","现有应用词条；词头/词性/等级仍待整体验收"
"leke","动词","A2","å","NTNU LearnNoW; NorweigenLearn 当前词库","07C","7","å leke · leker · lekte · lekt / leker, lekte, har lekt","玩；玩耍；做游戏","Barna leker ute etter skolen. / Han lekte med søsteren sin hele ettermiddagen.","孩子们放学后在外面玩。 / 他整个下午都在和妹妹玩。","沿用现有词库暂标；仍待逐词核验","现有应用词条；词头/词性/等级仍待整体验收"
"lekse","名词","A2","ei","NTNU LearnNoW; NorweigenLearn 当前词库","07D","7","en lekse · leksa / leksen · lekser · leksene / leksa, lekser, leksene","家庭作业；课后作业；功课","Jeg må gjøre leksene før jeg ser på TV. / Læreren ga oss ei lekse i norsk.","我得先做完作业再看电视。 / 老师给我们布置了一项挪威语作业。","沿用现有词库暂标；仍待逐词核验","现有应用词条；词头/词性/等级仍待整体验收"
"løse","动词","A2","å","NTNU LearnNoW; NorweigenLearn 当前词库","07B","7","å løse · løser · løste · løst / løser, løste, har løst","解决；解答；解开","Vi prøver å løse problemet sammen. / Hun løste alle oppgavene på prøven.","我们正尝试一起解决这个问题。 / 她解答了考试中的所有题目。","沿用现有词库暂标；仍待逐词核验","现有应用词条；词头/词性/等级仍待整体验收"
"lykkelig","形容词","A2","","NTNU LearnNoW; NorweigenLearn 当前词库","07C","7","lykkelig · lykkelig · lykkelige · lykkeligere · lykkeligst / lykkeligste / lykkelig, lykkelige","幸福的；快乐的；幸运的（语境决定）","De er lykkelige sammen. / Hun ble lykkelig da hun fikk jobben.","他们在一起很幸福。 / 她得到这份工作时高兴极了。","沿用现有词库暂标；仍待逐词核验","现有应用词条；词头/词性/等级仍待整体验收"
"modell","名词","A2","en","NTNU LearnNoW; NorweigenLearn 当前词库","07B","7","en modell · modellen · modeller · modellene / modellen, modeller, modellene","模型；模特；型号；模式（依语境）","Elevene bygde en modell av solsystemet. / Bilmerket lanserte en ny modell.","学生们制作了一个太阳系模型。 / 这个汽车品牌推出了一款新车型。","沿用现有词库暂标；仍待逐词核验","现有应用词条；词头/词性/等级仍待整体验收"
"nervøs","形容词","A2","","NTNU LearnNoW; NorweigenLearn 当前词库","07D","7","nervøs · nervøst · nervøse · mer nervøs · mest nervøs / nervøst, nervøse","紧张的；焦虑不安的","Jeg er litt nervøs før jobbintervjuet. / Hun ble nervøs da telefonen ringte.","工作面试前我有点紧张。 / 电话响时她变得紧张起来。","沿用现有词库暂标；仍待逐词核验","现有应用词条；词头/词性/等级仍待整体验收"
"nesten","副词","A2","","NTNU LearnNoW; NorweigenLearn 当前词库","07B","7","nesten","几乎；差不多；将近","Jeg er nesten ferdig med rapporten. / Nesten alle kom før klokka ni.","我的报告差不多完成了。 / 几乎所有人都在九点前到了。","沿用现有词库暂标；仍待逐词核验","现有应用词条；词头/词性/等级仍待整体验收"
"nokså","副词","A2","","NTNU LearnNoW; NorweigenLearn 当前词库","07D","7","nokså","相当；颇；比较（程度副词）","Leiligheten er nokså liten, men lys. / Det var nokså mange på møtet.","这套公寓相当小，不过很明亮。 / 会议上来的人相当多。","沿用现有词库暂标；仍待逐词核验","现有应用词条；词头/词性/等级仍待整体验收"
"nyhet","名词","A2","en","NTNU LearnNoW; NorweigenLearn 当前词库","07C","7","en nyhet · nyheten / nyheta · nyheter · nyhetene / nyheten, nyheter, nyhetene","新闻；消息；新事物/新功能","Jeg leste en viktig nyhet på nettet. / Nyhetene begynner klokka sju.","我在网上读到一条重要新闻。 / 新闻节目七点开始。","沿用现有词库暂标；仍待逐词核验","现有应用词条；词头/词性/等级仍待整体验收"
"oppe","副词","A2","","NTNU LearnNoW; NorweigenLearn 当前词库","07A","7","oppe","在上面；楼上；醒着/起床了","Barna er fortsatt oppe klokka ti. / Katten sitter oppe på taket.","十点时孩子们还醒着。 / 猫坐在屋顶上面。","沿用现有词库暂标；仍待逐词核验","现有应用词条；词头/词性/等级仍待整体验收"
"perm","名词","A2","en","NTNU LearnNoW; NorweigenLearn 当前词库","07B","7","en perm · permen · permer · permene / permen, permer, permene","活页夹；文件夹；资料夹","Jeg har lagt papirene i en blå perm. / Permen står på hylla ved kontoret.","我把文件放进一个蓝色活页夹里了。 / 文件夹放在办公室旁的架子上。","沿用现有词库暂标；仍待逐词核验","现有应用词条；词头/词性/等级仍待整体验收"
"personale","名词","A2","et","NTNU LearnNoW; NorweigenLearn 当前词库","07C","7","et personale · personalet · personaler · personalene / personalet, personaler, personalene","全体员工；工作人员；职员队伍","Hotellet har et vennlig personale. / Hele personalet deltok på møtet.","这家酒店的工作人员很友好。 / 全体员工都参加了会议。","沿用现有词库暂标；仍待逐词核验","现有应用词条；词头/词性/等级仍待整体验收"
"problem","名词","A2","et","NTNU LearnNoW; NorweigenLearn 当前词库","07B","7","et problem · problemet · problemer · problemene / problemet, problemer, problemene","问题；难题；麻烦","Jeg har et problem med innloggingen. / De fant en løsning på problemene.","我的登录出了点问题。 / 他们找到了这些问题的解决办法。","沿用现有词库暂标；仍待逐词核验","现有应用词条；词头/词性/等级仍待整体验收"
"prosjekt","名词","A2","et","NTNU LearnNoW; NorweigenLearn 当前词库","07B","7","et prosjekt · prosjektet · prosjekter · prosjektene / prosjektet, prosjekter, prosjektene","项目；课题；计划任务","Vi jobber med et prosjekt om norsk natur. / Prosjektet skal være ferdig i juni.","我们正在做一个关于挪威自然的项目。 / 这个项目应该在六月完成。","沿用现有词库暂标；仍待逐词核验","现有应用词条；词头/词性/等级仍待整体验收"
"rapport","名词","A2","en","NTNU LearnNoW; NorweigenLearn 当前词库","07B","7","en rapport · rapporten · rapporter · rapportene / rapporten, rapporter, rapportene","报告；书面汇报；报道","Studentene skriver en rapport etter forsøket. / Rapporten viser resultatene fra undersøkelsen.","学生们在实验后写一份报告。 / 这份报告展示了调查结果。","沿用现有词库暂标；仍待逐词核验","现有应用词条；词头/词性/等级仍待整体验收"
"rar","形容词","A2","","NTNU LearnNoW; NorweigenLearn 当前词库","07D","7","rar · rart · rare · rarere · rarest / rareste / rart, rare","奇怪的；古怪的；稀奇的","Det kom en rar lyd fra kjøkkenet. / Det var rart å møte læreren på ferie.","厨房里传来一声奇怪的声音。 / 在度假时遇到老师真是挺奇怪的。","沿用现有词库暂标；仍待逐词核验","现有应用词条；词头/词性/等级仍待整体验收"
"sint","形容词","A2","","NTNU LearnNoW; NorweigenLearn 当前词库","07D","7","sint · sint · sinte · sintere · sintest / sinteste / sint, sinte","生气的；愤怒的","Han ble sint på seg selv fordi han glemte nøkkelen. / Barna var sinte etter krangelen.","他因为忘带钥匙而生自己的气。 / 争吵之后孩子们都很生气。","沿用现有词库暂标；仍待逐词核验","现有应用词条；词头/词性/等级仍待整体验收"
"sjef","名词","A2","en","NTNU LearnNoW; NorweigenLearn 当前词库","07B","7","en sjef · sjefen · sjefer · sjefene / sjefen, sjefer, sjefene","老板；主管；负责人","Jeg må snakke med sjefen om arbeidstiden. / Hun er sjef for et lite team.","我得和主管谈一下工作时间。 / 她是一个小团队的负责人。","沿用现有词库暂标；仍待逐词核验","现有应用词条；词头/词性/等级仍待整体验收"
"sjenert","形容词","A2","","NTNU LearnNoW; NorweigenLearn 当前词库","07C","7","sjenert · sjenert · sjenerte · mer sjenert · mest sjenert / sjenert, sjenerte","害羞的；腼腆的；怕生的","Han var sjenert da han begynte på den nye skolen. / Hun smilte sjenert til gjestene.","刚到新学校时他很害羞。 / 她腼腆地对客人笑了笑。","沿用现有词库暂标；仍待逐词核验","现有应用词条；词头/词性/等级仍待整体验收"
"skremme","动词","A2","å","NTNU LearnNoW; NorweigenLearn 当前词库","07A","7","å skremme · skremmer · skremte · skremt / skremmer, skremte, har skremt","吓唬；使害怕；惊吓","Den høye lyden skremte barnet. / Jeg ble skremt av hunden som bjeffet.","那声巨响吓到了孩子。 / 我被那只吠叫的狗吓了一跳。","沿用现有词库暂标；仍待逐词核验","现有应用词条；词头/词性/等级仍待整体验收"
"skrive","动词","A2","å","NTNU LearnNoW; NorweigenLearn 当前词库","07B","7","å skrive · skriver · skrev · skrevet / skriver, skrev, skrevet","写；书写；撰写","Jeg skriver en melding til læreren. / Hun har skrevet ferdig rapporten.","我在给老师写一条消息。 / 她已经写完报告了。","沿用现有词库暂标；仍待逐词核验","现有应用词条；词头/词性/等级仍待整体验收"
"søndag","名词","A2","en","NTNU LearnNoW; NorweigenLearn 当前词库","07A","7","en søndag · søndagen · søndager · søndagene / søndagen, søndager, søndagene","星期日；周日","Vi besøker besteforeldrene på søndag. / Butikken er stengt på søndager.","我们周日去看祖父母。 / 商店周日不营业。","沿用现有词库暂标；仍待逐词核验","现有应用词条；词头/词性/等级仍待整体验收"
"spennende","形容词","A2","","NTNU LearnNoW; NorweigenLearn 当前词库","07C","7","spennende · spennende · spennende · mer spennende · mest spennende / spennende, spennende","有趣的；令人兴奋的；引人入胜的","Det var spennende å prøve noe nytt. / Hun fortalte en spennende historie.","尝试新事物很令人兴奋。 / 她讲了一个引人入胜的故事。","沿用现有词库暂标；仍待逐词核验","现有应用词条；词头/词性/等级仍待整体验收"
"stille","形容词","A2","","NTNU LearnNoW; NorweigenLearn 当前词库","07A","7","stille · stille · stille · stillere · stillest / stilleste","安静的；静止的；沉默的","Det er stille i biblioteket. / Han ble stille da læreren spurte.","图书馆里很安静。 / 老师提问时他沉默了。","沿用现有词库暂标；仍待逐词核验","现有应用词条；词头/词性/等级仍待整体验收"
"sur","形容词","A2","","NTNU LearnNoW; NorweigenLearn 当前词库","07D","7","sur · surt · sure · surere · surest / sureste / surt, sure","酸的；不高兴的；闹情绪的","Sitronen smaker surt. / Hun så sur ut etter møtet.","柠檬尝起来很酸。 / 会议后她看起来不太高兴。","沿用现有词库暂标；仍待逐词核验","现有应用词条；词头/词性/等级仍待整体验收"
"ting","名词","A2","en","NTNU LearnNoW; NorweigenLearn 当前词库","07C","7","en ting · tingen · ting · tingene / tingen, ting, tingene","东西；物品；事情；事物","Jeg må hente noen ting hjemme. / Det er én ting jeg ikke forstår.","我得回家拿几样东西。 / 有一件事我不明白。","沿用现有词库暂标；仍待逐词核验","现有应用词条；词头/词性/等级仍待整体验收"
"trykke","动词","A2","å","NTNU LearnNoW; NorweigenLearn 当前词库","07A","7","å trykke · trykker · trykket / trykte · har trykket / har trykt","按；按压；印刷；出版","Trykk på den grønne knappen for å fortsette. / Forlaget skal trykke boka på nytt.","按绿色按钮继续。 / 出版社将重新印刷这本书。","沿用现有词库暂标；仍待逐词核验","现有应用词条；词头/词性/等级仍待整体验收"
"under","介词","A2","","NTNU LearnNoW; NorweigenLearn 当前词库","07A","7","under","在……下面；在……期间；少于","Katten ligger under bordet. / Hun sov under hele filmen.","猫躺在桌子下面。 / 整场电影期间她都在睡觉。","沿用现有词库暂标；仍待逐词核验","现有应用词条；词头/词性/等级仍待整体验收"
"viktig","形容词","A2","","NTNU LearnNoW; NorweigenLearn 当前词库","07B","7","viktig · viktig · viktige · viktigere · viktigst/viktigste / viktig, viktige","重要的；要紧的","Det er viktig å lese instruksjonene først. / Familien er det viktigste for henne.","先阅读说明很重要。 / 家人对她来说是最重要的。","沿用现有词库暂标；仍待逐词核验","现有应用词条；词头/词性/等级仍待整体验收"
"virke","动词","A2","å","NTNU LearnNoW; NorweigenLearn 当前词库","07C","7","å virke · virker · virket / virka · virket / virka / virker, virket, har virket","似乎；显得；起作用；运转","Han virker litt trøtt i dag. / Telefonen virker ikke etter oppdateringen.","他今天看起来有点累。 / 更新之后手机不能正常用了。","沿用现有词库暂标；仍待逐词核验","现有应用词条；词头/词性/等级仍待整体验收"
"bedring","名词","A2","ei","NTNU LearnNoW; NTNU NoW1; NorweigenLearn 当前词库","08B; 10B","8","bedringa, bedringer, bedringene / en bedring · bedringen · bedringer · bedringene","好转；改善；康复；好转迹象","Etter noen dager med hvile var hun i bedring. / Legen så en bedring i prøveresultatene.","休息几天后，她的状况开始好转。 / 医生在化验结果中看到了改善。","沿用现有词库暂标；仍待逐词核验","现有应用词条；词头/词性/等级仍待整体验收"
"beskjed","名词","A2","en","NTNU LearnNoW; NTNU NoW1; NorweigenLearn 当前词库","08A","8","beskjeden, beskjeder, beskjedene / en beskjed · beskjeden · beskjeder · beskjedene","消息；通知；口头/书面指示","Jeg fikk beskjed om at møtet er flyttet. / Kan du gi læreren beskjed om at jeg er syk?","我收到通知，会议时间改了。 / 你能告诉老师我生病了吗？","沿用现有词库暂标；仍待逐词核验","现有应用词条；词头/词性/等级仍待整体验收"
"fest","名词","A2","en","NTNU LearnNoW; NTNU NoW1; NorweigenLearn 当前词库","08B; 11A","8","en fest · festen · fester · festene / festen, fester, festene","聚会；派对；庆祝活动","Vi skal ha en liten fest på lørdag. / Festen begynte klokka sju.","我们星期六要办一个小聚会。 / 聚会七点开始。","沿用现有词库暂标；仍待逐词核验","现有应用词条；词头/词性/等级仍待整体验收"
"føle","动词","A2","å","NTNU LearnNoW; NTNU NoW1; NorweigenLearn 当前词库","08B; 09C","8","å føle · føler · følte · følt / føler, følte, har følt","感觉；感到；感受","Jeg føler meg bedre i dag. / Hun følte en kald vind mot ansiktet.","我今天感觉好多了。 / 她感到一阵冷风吹在脸上。","沿用现有词库暂标；仍待逐词核验","现有应用词条；词头/词性/等级仍待整体验收"
"fryse","动词","A2","å","NTNU LearnNoW; NTNU NoW1; NorweigenLearn 当前词库","08A; 12B","8","å fryse · fryser · frøs · frosset / fryser, frøs, har frosset","觉得冷；结冰；冷冻（依句型）","Ta på deg jakka hvis du fryser. / Vi frøs ned restene til senere.","如果你觉得冷，就把外套穿上。 / 我们把剩菜冷冻起来留着以后吃。","沿用现有词库暂标；仍待逐词核验","现有应用词条；词头/词性/等级仍待整体验收"
"gulv","名词","A2","et","NTNU LearnNoW; NTNU NoW1; NorweigenLearn 当前词库","08B; 12D","8","et gulv · gulvet · gulv · gulvene / gulvet, gulv, gulvene","地板；地面（室内）","Boka ligger på gulvet ved sofaen. / Vi må vaske gulvet på kjøkkenet.","书在沙发旁的地板上。 / 我们得把厨房地板擦一下。","沿用现有词库暂标；仍待逐词核验","现有应用词条；词头/词性/等级仍待整体验收"
"hals","名词","A2","en","NTNU LearnNoW; NTNU NoW1; NorweigenLearn 当前词库","08B; 10A","8","en hals · halsen · halser · halsene / halsen, halser, halsene","脖子；颈部；喉咙（依语境）","Jeg har vondt i halsen og hoster. / Han tok på seg et skjerf rundt halsen.","我喉咙痛，还咳嗽。 / 他在脖子上围了一条围巾。","沿用现有词库暂标；仍待逐词核验","现有应用词条；词头/词性/等级仍待整体验收"
"hytte","名词","A2","ei","NTNU LearnNoW; NTNU NoW1; NorweigenLearn 当前词库","08A; 08C","8","en hytte · hytta / hytten · hytter · hyttene / hytta, hytter, hyttene","小木屋；度假小屋；山间/乡间小屋","Vi drar på hytta i helgen. / Hytta ligger ved en liten innsjø.","我们周末要去度假小屋。 / 这间小屋在一个小湖边。","沿用现有词库暂标；仍待逐词核验","现有应用词条；词头/词性/等级仍待整体验收"
"hyttetur","名词","A2","en","NTNU LearnNoW; NTNU NoW1; NorweigenLearn 当前词库","08A; 11B","8","en hyttetur · hytteturen · hytteturer · hytteturene / hytteturen, hytteturer, hytteturene","去小木屋度假/旅行；小木屋之旅","Vi drar på hyttetur med venner i helga. / Hytteturen ble utsatt på grunn av snøværet.","这个周末我们和朋友去小木屋度假。 / 因为暴雪，小木屋之旅延期了。","沿用现有词库暂标；仍待逐词核验","现有应用词条；词头/词性/等级仍待整体验收"
"influensa","名词","A2","en","NTNU LearnNoW; NTNU NoW1; NorweigenLearn 当前词库","08B; 10A","8","en influensa · influensaen · influensaer · influensaene / influensaen, influensaer, influensaene","流感；流行性感冒","Hun har influensa og må holde seg hjemme. / Influensaen sprer seg ofte om vinteren.","她得了流感，得待在家里。 / 流感常在冬季传播。","沿用现有词库暂标；仍待逐词核验","现有应用词条；词头/词性/等级仍待整体验收"
"arm","名词","A2","en","NTNU LearnNoW; NorweigenLearn 当前词库","08A","8","armen, armer, armene / en arm · armen · armer · armene","手臂；胳膊（肩部至手部）","Jeg har vondt i høyre arm etter treningen. / Hun løftet armen for å stille et spørsmål.","锻炼后我右胳膊疼。 / 她举起手臂准备提问。","沿用现有词库暂标；仍待逐词核验","现有应用词条；词头/词性/等级仍待整体验收"
"bål","名词","A2","et","NTNU NoW1; NorweigenLearn 当前词库","08A","8","et bål · bålet · bål · bålene","篝火；营火；露天生火","Vi satt rundt bålet og drakk kakao. / Husk å slukke bålet helt før dere går.","我们围坐在篝火旁喝可可。 / 离开前记得把篝火彻底熄灭。","沿用现有词库暂标；仍待逐词核验","现有应用词条；词头/词性/等级仍待整体验收"
"best","形容词","A2","","NTNU LearnNoW; NorweigenLearn 当前词库","08D","8","best / god, best, beste","最好；最佳；最合适（god 的最高级形式）","Dette er den beste løsningen for familien. / Jeg jobber best om morgenen.","这是对全家来说最好的解决方案。 / 我早上工作效率最高。","沿用现有词库暂标；仍待逐词核验","现有应用词条；词头/词性/等级仍待整体验收"
"bestemt","形容词","A2","","NTNU LearnNoW; NorweigenLearn 当前词库","08C","8","bestemt · bestemt · bestemte · mer bestemt · mest bestemt / bestemt, bestemte","确定的；明确的；坚定的；特定的（依语境）","Vi må møtes på et bestemt tidspunkt. / Hun var bestemt på å fullføre kurset.","我们必须在一个确定的时间见面。 / 她决心完成这门课程。","沿用现有词库暂标；仍待逐词核验","现有应用词条；词头/词性/等级仍待整体验收"
"bla","动词","A2","å","NTNU LearnNoW; NorweigenLearn 当前词库","08C","8","å bla · blar · bladde · bladd / blar, bladde, har bladd","翻阅；翻页；浏览；翻动","Hun bladde gjennom avisa mens hun ventet. / Kan du bla om til side fem?","她等候时翻看了报纸。 / 你能翻到第五页吗？","沿用现有词库暂标；仍待逐词核验","现有应用词条；词头/词性/等级仍待整体验收"
"blåse","动词","A2","å","NTNU NoW1; NorweigenLearn 当前词库","08A","8","å blåse · blåser · blåste · blåst","吹；吹气；刮风；吹奏（依语境）","Det blåser mye ved sjøen i dag. / Hun blåste på suppa før hun smakte.","今天海边风很大。 / 她尝之前先对汤吹了吹。","沿用现有词库暂标；仍待逐词核验","现有应用词条；词头/词性/等级仍待整体验收"
"blyant","名词","A2","en","NTNU LearnNoW; NorweigenLearn 当前词库","08B","8","blyanten, blyanter, blyantene / en blyant · blyanten · blyanter · blyantene","铅笔","Skriv svaret med blyant. / Blyanten ligger ved siden av boka.","请用铅笔写答案。 / 铅笔在书旁边。","沿用现有词库暂标；仍待逐词核验","现有应用词条；词头/词性/等级仍待整体验收"
"deltaker","名词","A2","en","NTNU LearnNoW; NorweigenLearn 当前词库","08B","8","deltakeren, deltakere, deltakerne / en deltaker · deltakeren · deltakere · deltakerne","参与者；参加者；参赛者","Hver deltaker får et kursbevis. / Deltakerne møtte opp før klokka ni.","每位参与者都会拿到一份课程证明。 / 参加者们九点前就到了。","沿用现有词库暂标；仍待逐词核验","现有应用词条；词头/词性/等级仍待整体验收"
"disiplin","名词","A2","en","NTNU LearnNoW; NorweigenLearn 当前词库","08D","8","disiplinen, disipliner, disiplinene / en disiplin · disiplinen · disipliner · disiplinene","纪律；自律；学科；训练项目（依语境）","Det krever disiplin å øve norsk hver dag. / Lingvistikk er en akademisk disiplin.","每天练习挪威语需要自律。 / 语言学是一门学术学科。","沿用现有词库暂标；仍待逐词核验","现有应用词条；词头/词性/等级仍待整体验收"
"ekstra","形容词","A2","","NTNU LearnNoW; NorweigenLearn 当前词库","08C","8","ekstra / ekstra, ekstra","额外的；附加的；特别的","Vi trenger en ekstra dag for å bli ferdige. / Hun jobber ekstra denne uka.","我们还需要额外一天才能完成。 / 她这周加班 / 额外工作。","沿用现有词库暂标；仍待逐词核验","现有应用词条；词头/词性/等级仍待整体验收"
"enda","副词","A2","","NTNU LearnNoW; NorweigenLearn 当前词库","08A","8","enda","仍然；还；更加；甚至（依语境）","Det ble enda kaldere om kvelden. / Hun bor enda i samme hus.","晚上天气变得更冷了。 / 她仍然住在同一栋房子里。","沿用现有词库暂标；仍待逐词核验","现有应用词条；词头/词性/等级仍待整体验收"
"engelskprøve","名词","A2","en","NTNU LearnNoW; NorweigenLearn 当前词库","08D","8","en engelskprøve · engelskprøven · engelskprøver · engelskprøvene / engelskprøven, engelskprøver, engelskprøvene","英语测验；英语考试；英语测试","Vi har en engelskprøve på fredag. / Hun øver på gloser før engelskprøven.","我们星期五有一场英语测验。 / 她在英语考试前练习词汇。","沿用现有词库暂标；仍待逐词核验","现有应用词条；词头/词性/等级仍待整体验收"
"fag","名词","A2","et","NTNU LearnNoW; NorweigenLearn 当前词库","08D","8","et fag · faget · fag · fagene / faget, fag, fagene","学科；课程科目；专业领域；职业/行业","Norsk er et viktig fag på skolen. / Hun vil lære mer om faget sitt.","挪威语是学校里一门重要的课程。 / 她想进一步了解自己的专业领域。","沿用现有词库暂标；仍待逐词核验","现有应用词条；词头/词性/等级仍待整体验收"
"fastlege","名词","A2","en","NTNU NoW1; NorweigenLearn 当前词库","08B","8","en fastlege · fastlegen · fastleger · fastlegene","家庭医生；固定全科医生（挪威医疗体系中的登记医生）","Jeg bestilte time hos fastlegen fordi jeg hadde feber. / Fastlegen kan henvise deg til en spesialist.","我因为发烧预约了家庭医生。 / 家庭医生可以把你转诊给专科医生。","沿用现有词库暂标；仍待逐词核验","现有应用词条；词头/词性/等级仍待整体验收"
"favorittfag","名词","A2","et","NTNU LearnNoW; NorweigenLearn 当前词库","08D","8","et favorittfag · favorittfaget · favorittfag · favorittfagene / favorittfaget, favorittfag, favorittfagene","最喜欢的科目；最喜欢的课程","Norsk er favorittfaget mitt på skolen. / Elevene snakker om favorittfagene sine.","挪威语是我在学校最喜欢的科目。 / 学生们在谈论自己最喜欢的科目。","沿用现有词库暂标；仍待逐词核验","现有应用词条；词头/词性/等级仍待整体验收"
"flau","形容词","A2","","NTNU LearnNoW; NorweigenLearn 当前词库","08A","8","flau · flaut · flaue · flauere · flauest / flaueste / flaut, flaue","尴尬的；难为情的；羞愧的","Jeg ble flau da jeg glemte navnet hennes. / Det var en flau situasjon for alle.","我忘了她的名字，顿时觉得很尴尬。 / 那对所有人来说都是个尴尬的场面。","沿用现有词库暂标；仍待逐词核验","现有应用词条；词头/词性/等级仍待整体验收"
"følge","动词","A2","å","NTNU LearnNoW; NorweigenLearn 当前词库","08C","8","å følge · følger · fulgte · fulgt / følger, fulgte, har fulgt","跟随；陪同；遵守；接下来发生（依语境）","Kan du følge meg til busstoppet? / Det er viktig å følge instruksjonene.","你能陪我走到公交站吗？ / 遵循说明很重要。","沿用现有词库暂标；仍待逐词核验","现有应用词条；词头/词性/等级仍待整体验收"
"før","副词","A2","","NTNU LearnNoW; NorweigenLearn 当前词库","08B","8","før","以前；之前；曾经","Har du sett denne filmen før? / Jeg har aldri vært i Tromsø før.","你以前看过这部电影吗？ / 我以前从没去过特罗姆瑟。","沿用现有词库暂标；仍待逐词核验","现有应用词条；词头/词性/等级仍待整体验收"
"fri","形容词","A2","","NTNU LearnNoW; NorweigenLearn 当前词库","08D","8","fri · fritt · frie · friere · friest / frieste / fritt, frie","休息的；有空的；自由的","Jeg har fri på fredag. / Er du fri etter klokka seks?","我星期五休息。 / 你六点以后有空吗？","沿用现有词库暂标；仍待逐词核验","现有应用词条；词头/词性/等级仍待整体验收"
"friminutt","名词","A2","et","NTNU LearnNoW; NorweigenLearn 当前词库","08D","8","et friminutt · friminuttet · friminutt · friminuttene / friminuttet, friminutter, friminuttene","课间休息；课间休息时间","Elevene spiller fotball i friminuttet. / Det lange friminuttet er etter tredje time.","学生们在课间踢足球。 / 较长的课间休息在第三节课后。","沿用现有词库暂标；仍待逐词核验","现有应用词条；词头/词性/等级仍待整体验收"
"fyre","动词","A2","å","NTNU NoW1; NorweigenLearn 当前词库","08A","8","å fyre · fyrer · fyrte · fyrt","生火；烧炉取暖；开火","Vi fyrer i peisen når det blir kaldt. / De fyrte med ved hele kvelden.","天冷时我们会在壁炉里生火。 / 他们整个晚上都烧木柴取暖。","沿用现有词库暂标；仍待逐词核验","现有应用词条；词头/词性/等级仍待整体验收"
"grille","动词","A2","å","NTNU NoW1; NorweigenLearn 当前词库","08A","8","å grille · griller · grillet · grillet","烧烤；烤制；用烤架烹调","Vi griller pølser i hagen. / De grillet grønnsaker til middagen.","我们在花园里烤香肠。 / 他们为晚餐烤了蔬菜。","沿用现有词库暂标；仍待逐词核验","现有应用词条；词头/词性/等级仍待整体验收"
"gryterett","名词","A2","en","NTNU NoW1; NorweigenLearn 当前词库","08A","8","en gryterett · gryteretten · gryteretter · gryterettene","炖菜；锅炖料理；一锅煮的菜","Hun lagde en gryterett med grønnsaker og bønner. / Gryteretten smaker enda bedre dagen etter.","她做了一锅蔬菜豆子炖菜。 / 这道炖菜第二天吃起来更香。","沿用现有词库暂标；仍待逐词核验","现有应用词条；词头/词性/等级仍待整体验收"
"gubbe","名词","A2","en","NTNU LearnNoW; NorweigenLearn 当前词库","08A","8","en gubbe · gubben · gubber · gubbene / gubben, gubber, gubbene","老头；老大爷；老家伙（口语，语气依情境）","Den gamle gubben fortalte en morsom historie. / Han kalte seg selv en sta gammel gubbe.","那位老大爷讲了一个有趣的故事。 / 他自称是个固执的老家伙。","沿用现有词库暂标；仍待逐词核验","现有应用词条；词头/词性/等级仍待整体验收"
"halstablett","名词","A2","en","NTNU NoW1; NorweigenLearn 当前词库","08B","8","en halstablett · halstabletten · halstabletter · halstablettene","润喉含片；喉片","Jeg kjøper halstabletter på apoteket fordi jeg har vondt i halsen. / Vil du ha en halstablett?","我喉咙痛，所以去药房买润喉含片。 / 你想要一片润喉含片吗？","沿用现有词库暂标；仍待逐词核验","现有应用词条；词头/词性/等级仍待整体验收"
"halvtime","名词","A2","en","NTNU LearnNoW; NorweigenLearn 当前词库","08C","8","en halvtime · halvtimen · halvtimer · halvtimene / halvtimen, halvtimer, halvtimene","半小时；三十分钟","Toget er forsinket med en halvtime. / Jeg kommer tilbake om en halvtime.","火车晚点半小时。 / 我半小时后回来。","沿用现有词库暂标；仍待逐词核验","现有应用词条；词头/词性/等级仍待整体验收"
"heldig","形容词","A2","","NTNU LearnNoW; NorweigenLearn 当前词库","08A","8","heldig · heldig · heldige · heldigere · heldigst / heldigste / heldig, heldige","幸运的；走运的；碰巧有利的","Vi var heldige med været på turen. / Hun var heldig som fant nøklene.","我们这趟旅行天气很好，真幸运。 / 她很幸运找到了钥匙。","沿用现有词库暂标；仍待逐词核验","现有应用词条；词头/词性/等级仍待整体验收"
"hit","副词","A2","","NTNU LearnNoW; NorweigenLearn 当前词库","08B","8","hit","到这里；朝这里；到这一处/这一组","Kan du komme hit et øyeblikk? / Jeg flyttet hit for tre år siden.","你能到这儿来一下吗？ / 我三年前搬到这里。","沿用现有词库暂标；仍待逐词核验","现有应用词条；词头/词性/等级仍待整体验收"
"høres","动词","A2","å","NTNU LearnNoW; NorweigenLearn 当前词库","08C","8","å høres · høres · hørtes · har hørtes","听起来；被听见；显得（依结构）","Det høres ut som en god plan. / Bankingen hørtes gjennom veggen.","这听起来像个好计划。 / 敲击声隔着墙都听得见。","沿用现有词库暂标；仍待逐词核验","现有应用词条；词头/词性/等级仍待整体验收"
"høstdag","名词","A2","en","NTNU LearnNoW; NorweigenLearn 当前词库","08C","8","en høstdag · høstdagen · høstdager · høstdagene / høstdagen, høstdager, høstdagene","秋日；一个秋天的日子","Vi gikk en lang tur på en solrik høstdag. / Høstdagene blir kortere utover høsten.","一个阳光明媚的秋日，我们走了很久。 / 入秋以后，白昼逐渐变短。","沿用现有词库暂标；仍待逐词核验","现有应用词条；词头/词性/等级仍待整体验收"
"høstsalg","名词","A2","et","NTNU LearnNoW; NorweigenLearn 当前词库","08C","8","et høstsalg · høstsalg(et) · høstsalg · høstsalgene / høstsalget, høstsalg, høstsalgene","秋季促销；秋季甩卖；秋季销售活动","Butikken starter høstsalget neste uke. / Jeg kjøpte vinterjakka på høstsalg.","商店下周开始秋季促销。 / 我在秋季促销时买了冬季夹克。","沿用现有词库暂标；仍待逐词核验","现有应用词条；词头/词性/等级仍待整体验收"
"hotell","名词","A2","et","NTNU NoW1; NorweigenLearn 当前词库","08A","8","et hotell · hotellet · hoteller · hotellene","酒店；旅馆","Vi bodde på hotell i Bergen. / Hotellet ligger nær togstasjonen.","我们在卑尔根住了酒店。 / 这家酒店在火车站附近。","沿用现有词库暂标；仍待逐词核验","现有应用词条；词头/词性/等级仍待整体验收"
"karakter","名词","A2","en","NTNU LearnNoW; NorweigenLearn 当前词库","08D","8","en karakter · karakteren · karakterer · karakterene / karakteren, karakterer, karakterene","成绩；分数等级；人物角色；性格特征（依语境）","Han fikk gode karakterer i norsk. / Hovedpersonen er en interessant karakter.","他的挪威语成绩不错。 / 主人公是个有趣的角色。","沿用现有词库暂标；仍待逐词核验","现有应用词条；词头/词性/等级仍待整体验收"
"kaste","动词","A2","å","NTNU LearnNoW; NorweigenLearn 当前词库","08A","8","å kaste · kaster · kastet / kasta · kastet / kasta / kaster, kastet, har kastet","扔；投；丢弃；抛出","Barna kaster ball i hagen. / Husk å kaste papiret i søpla.","孩子们在花园里扔球玩。 / 记得把纸扔进垃圾桶。","沿用现有词库暂标；仍待逐词核验","现有应用词条；词头/词性/等级仍待整体验收"
"keeper","名词","A2","en","NTNU LearnNoW; NorweigenLearn 当前词库","08A","8","en keeper · keeperen · keepere · keeperne / keeperen, keepere, keeperne","守门员；门将","Keeperen reddet straffesparket i siste minutt. / Laget trenger en ny keeper før sesongen.","门将在最后一分钟扑出了点球。 / 球队在赛季开始前需要一名新门将。","沿用现有词库暂标；仍待逐词核验","现有应用词条；词头/词性/等级仍待整体验收"
"kikke","动词","A2","å","NTNU LearnNoW; NorweigenLearn 当前词库","08C","8","å kikke · kikker · kikket / kikka · kikket / kikka / kikker, kikket, har kikket","看一看；瞥；探头看；查看","Kan jeg få kikke på menyen først? / Hun kikket ut av vinduet for å se om bussen kom.","我可以先看一下菜单吗？ / 她探头望向窗外，看看公交车是否来了。","沿用现有词库暂标；仍待逐词核验","现有应用词条；词头/词性/等级仍待整体验收"
"kjedelig","形容词","A2","","NTNU LearnNoW; NorweigenLearn 当前词库","08A","8","kjedelig · kjedelig · kjedelige · kjedeligere · kjedeligst / kjedeligste / kjedelig, kjedelige","无聊的；乏味的；令人厌烦的","Det var kjedelig å vente så lenge på legen. / Barna syntes filmen var kjedelig.","等医生等了那么久真无聊。 / 孩子们觉得这部电影很乏味。","沿用现有词库暂标；仍待逐词核验","现有应用词条；词头/词性/等级仍待整体验收"
"kjeks","名词","A2","en","NTNU NoW1; NorweigenLearn 当前词库","08A","8","en kjeks · kjeksen · kjeks · kjeksene","饼干；曲奇；薄脆饼","Jeg kjøpte en pakke kjeks til kaffen. / Barna spiste opp kjeksen etter skolen.","我买了一包饼干配咖啡。 / 孩子们放学后把饼干吃完了。","沿用现有词库暂标；仍待逐词核验","现有应用词条；词头/词性/等级仍待整体验收"
"klasseliste","名词","A2","ei","NTNU NoW1; NorweigenLearn 当前词库","08A","8","en klasseliste · klasselista / klasselisten · klasselister · klasselistene","班级名单；班级名册","Læreren sjekket klasselista før timen. / Navnet mitt står på klasselista.","老师上课前核对了班级名单。 / 我的名字在班级名单上。","沿用现有词库暂标；仍待逐词核验","现有应用词条；词头/词性/等级仍待整体验收"
"klasserom","名词","A2","et","NTNU LearnNoW; NorweigenLearn 当前词库","08B","8","et klasserom · klasserommet · klasserom · klasserommene / klasseromet, klasserom, klasserommene","教室；班级教室","Elevene må være i klasserommet før timen begynner. / Skolen har pusset opp tre klasserom.","上课开始前，学生们必须在教室里。 / 学校翻新了三间教室。","沿用现有词库暂标；仍待逐词核验","现有应用词条；词头/词性/等级仍待整体验收"
"kunstutstilling","名词","A2","ei","NTNU LearnNoW; NorweigenLearn 当前词库","08C","8","en kunstutstilling · kunstutstillingen · kunstutstillinger · kunstutstillingene / kunstutstillinga, kunstutstillinger, kunstutstillingene","艺术展览；美术展","Vi besøkte en kunstutstilling på museet. / Kunstutstillingen åpner på lørdag.","我们参观了博物馆的一场艺术展。 / 这场艺术展周六开幕。","沿用现有词库暂标；仍待逐词核验","现有应用词条；词头/词性/等级仍待整体验收"
"land","名词","A2","et","NTNU LearnNoW; NorweigenLearn 当前词库","08B","8","et land · landet · land · landene / landet, land, landene","国家；土地；陆地；乡村地区（依语境）","Mange mennesker fra andre land bor i Norge. / Besteforeldrene mine bor på landet.","许多来自其他国家的人住在挪威。 / 我的祖父母住在乡下。","沿用现有词库暂标；仍待逐词核验","现有应用词条；词头/词性/等级仍待整体验收"
"låne","动词","A2","å","NTNU LearnNoW; NorweigenLearn 当前词库","08A","8","å låne · låner · lånte · lånt / låner, lånte, har lånt","借；借用；借给（方向依搭配判断）","Kan jeg låne en bok av deg? / Hun lånte bort sykkelen sin til naboen.","我可以向你借一本书吗？ / 她把自己的自行车借给了邻居。","沿用现有词库暂标；仍待逐词核验","现有应用词条；词头/词性/等级仍待整体验收"
"lillebror","名词","A2","en","NTNU LearnNoW; NorweigenLearn 当前词库","08A","8","en lillebror · lillebroren · lillebrødre · lillebrødrene / lillebroren, lillebrødre, lillebrødrene","弟弟；年纪较小的兄弟","Lillebroren min går på barneskolen. / De to lillebrødrene leker i hagen.","我弟弟在上小学。 / 两个弟弟在花园里玩。","沿用现有词库暂标；仍待逐词核验","现有应用词条；词头/词性/等级仍待整体验收"
"male","动词","A2","å","NTNU LearnNoW; NorweigenLearn 当前词库","08A","8","å male · maler · malte · malt / maler, malte, har malt","涂漆；粉刷；绘画；画画","Vi skal male kjøkkenet lyst før jul. / Hun malte et bilde av fjellene.","圣诞节前我们要把厨房刷成浅色。 / 她画了一幅山景画。","沿用现有词库暂标；仍待逐词核验","现有应用词条；词头/词性/等级仍待整体验收"
"måned","名词","A2","en","NTNU LearnNoW; NorweigenLearn 当前词库","08B","8","en måned · måneden · måneder · månedene / måneden, måneder, månedene","月；一个月；月份","Kurset varer i tre måneder. / Vi betaler husleie én gang i måneden.","这门课程持续三个月。 / 我们每个月付一次房租。","沿用现有词库暂标；仍待逐词核验","现有应用词条；词头/词性/等级仍待整体验收"
"matematikk","名词","A2","en","NTNU LearnNoW; NorweigenLearn 当前词库","08D","8","matematikk · matematikken / matematikken, matematikker, matematikkene","数学；数学学科","Vi har matematikk før lunsj på tirsdag. / Matematikken blir lettere når jeg øver jevnlig.","星期二午饭前我们有数学课。 / 我定期练习后，数学变得容易多了。","沿用现有词库暂标；仍待逐词核验","现有应用词条；词头/词性/等级仍待整体验收"
"menneske","名词","A2","et","NTNU LearnNoW; NorweigenLearn 当前词库","08B","8","et menneske · mennesket · mennesker · menneskene / mennesket, mennesker, menneskene","人；人类中的一个人；人类（依语境）","Alle mennesker trenger søvn og hvile. / Hun er et varmt og omsorgsfullt menneske.","所有人都需要睡眠和休息。 / 她是一个热情又体贴的人。","沿用现有词库暂标；仍待逐词核验","现有应用词条；词头/词性/等级仍待整体验收"
"mest","形容词","A2","","NTNU LearnNoW; NorweigenLearn 当前词库","08C","8","mest","最多的；最……的；最大程度的","Hun har mest erfaring av oss alle. / Hvem jobbet mest i går?","她是我们所有人中经验最丰富的。 / 昨天谁工作得最多？","沿用现有词库暂标；仍待逐词核验","现有应用词条；词头/词性/等级仍待整体验收"
"naturfag","名词","A2","et","NTNU LearnNoW; NorweigenLearn 当前词库","08D","8","et naturfag · naturfaget · naturfag · naturfagene / naturfaget, naturfag, naturfagene","自然科学课；自然科学学科（挪威学校课程名）","Vi har naturfag på skolen hver torsdag. / Elevene gjorde et enkelt forsøk i naturfag.","我们每周四在学校上自然科学课。 / 学生们在自然科学课上做了一个简单实验。","沿用现有词库暂标；仍待逐词核验","现有应用词条；词头/词性/等级仍待整体验收"
"neste","形容词","A2","","NTNU LearnNoW; NorweigenLearn 当前词库","08B","8","neste","下一个；接下来的；下一次的","Vi skal besøke besteforeldrene neste helg. / Toget stopper på neste stasjon.","我们下周末要去看望祖父母。 / 火车在下一站停车。","沿用现有词库暂标；仍待逐词核验","现有应用词条；词头/词性/等级仍待整体验收"
"nettopp","副词","A2","","NTNU LearnNoW; NorweigenLearn 当前词库","08C","8","nettopp","刚刚；正好；恰恰；正是（依语气/语境）","Jeg har nettopp snakket med læreren. / Det er nettopp derfor jeg spør.","我刚刚和老师谈过。 / 这正是我提问的原因。","沿用现有词库暂标；仍待逐词核验","现有应用词条；词头/词性/等级仍待整体验收"
"norskkurs","名词","A2","et","NTNU LearnNoW; NorweigenLearn 当前词库","08B","8","et norskkurs · norskkurset · norskkurs · norskkursene / norskkurset, norskkurs, norskkursene","挪威语课程；挪威语班","Jeg går på norskkurs to kvelder i uka. / Norskkurset begynner i september.","我每周有两个晚上上挪威语课。 / 挪威语课程九月开始。","沿用现有词库暂标；仍待逐词核验","现有应用词条；词头/词性/等级仍待整体验收"
"opptatt","形容词","A2","","NTNU LearnNoW; NorweigenLearn 当前词库","08D","8","opptatt · opptatt · opptatte · mer opptatt · mest opptatt","忙的；被占用的；专注于/对……感兴趣的（依搭配）","Jeg er opptatt med arbeid fram til klokka fire. / Alle møterommene er opptatte nå.","我忙工作要到四点。 / 现在所有会议室都有人使用。","沿用现有词库暂标；仍待逐词核验","现有应用词条；词头/词性/等级仍待整体验收"
"øve","动词","A2","å","NTNU LearnNoW; NorweigenLearn 当前词库","08D","8","å øve · øver · øvde · øvd / øver, øvde, har øvd","练习；训练；排练","Jeg øver på uttalen hver morgen. / Hun øvde til konserten i flere uker.","我每天早上练习发音。 / 她为音乐会排练了好几个星期。","沿用现有词库暂标；仍待逐词核验","现有应用词条；词头/词性/等级仍待整体验收"
"overskyet","形容词","A2","","NTNU LearnNoW; NorweigenLearn 当前词库","08C","8","overskyet · overskyet · overskyede/overskyete / overskyet, overskyede","多云的；阴天的；云层遮蔽的","Det blir overskyet i morgen, men det skal ikke regne. / Vi gikk tur selv om været var overskyet.","明天会多云，不过预报说不会下雨。 / 虽然天气阴沉，我们还是去散步了。","沿用现有词库暂标；仍待逐词核验","现有应用词条；词头/词性/等级仍待整体验收"
"pannekake","名词","A2","ei","NTNU LearnNoW; NorweigenLearn 当前词库","08A","8","en pannekake · pannekaken / pannekaka · pannekaker · pannekakene / pannekaka, pannekaker, pannekakene","薄煎饼；挪威式煎饼（常较大、薄）","Barna spiste pannekaker med syltetøy til middag. / Den siste pannekaka ligger på fatet.","孩子们晚餐吃了煎饼配果酱。 / 最后一张煎饼还在盘子里。","沿用现有词库暂标；仍待逐词核验","现有应用词条；词头/词性/等级仍待整体验收"
"pen","形容词","A2","","NTNU LearnNoW; NorweigenLearn 当前词库","08C","8","pen · pent · pene · penere · penest / peneste / pent, pene","好看的；漂亮的；整洁的；工整的（依语境）","Hun har veldig pen håndskrift. / De fant et pent lite hotell ved sjøen.","她的字写得很工整。 / 他们在海边找到一家漂亮的小酒店。","沿用现有词库暂标；仍待逐词核验","现有应用词条；词头/词性/等级仍待整体验收"
"perfekt","形容词","A2","","NTNU LearnNoW; NorweigenLearn 当前词库","08C","8","perfekt · perfekt · perfekte / perfekt, perfekte","完美的；极好的；完全准确的","Tidspunktet passer perfekt for meg. / Det var en perfekt dag for en tur.","这个时间对我来说正合适。 / 那天非常适合出游。","沿用现有词库暂标；仍待逐词核验","现有应用词条；词头/词性/等级仍待整体验收"
"rødme","动词","A2","å","NTNU LearnNoW; NorweigenLearn 当前词库","08A","8","å rødme · rødmer · rødmet / rødma · rødmet / rødma / rødmer, rødmet, har rødmet","脸红；泛红","Han begynte å rødme da alle så på ham. / Hun rødmet av flauhet.","大家都看着他时，他开始脸红。 / 她羞得脸都红了。","沿用现有词库暂标；仍待逐词核验","现有应用词条；词头/词性/等级仍待整体验收"
"rute","名词","A2","ei","NTNU LearnNoW; NorweigenLearn 当前词库","08C","8","en rute · ruten / ruta · ruter · rutene / ruta, ruter, rutene","路线；班次；窗格；方格","Bussen følger en fast rute gjennom sentrum. / En rute i vinduet var knust.","公交车沿着固定路线穿过市中心。 / 窗户的一块玻璃碎了。","沿用现有词库暂标；仍待逐词核验","现有应用词条；词头/词性/等级仍待整体验收"
"samfunnsfag","名词","A2","et","NTNU LearnNoW; NorweigenLearn 当前词库","08D","8","et samfunnsfag · samfunnsfaget · samfunnsfag · samfunnsfagene / samfunnsfaget, samfunnsfag, samfunnsfagene","社会科学课；社会学科（学校课程）","Vi har samfunnsfag etter lunsj. / I samfunnsfag lærer elevene om Norge.","我们午饭后有社会科学课。 / 在社会科学课上，学生们学习有关挪威的知识。","沿用现有词库暂标；仍待逐词核验","现有应用词条；词头/词性/等级仍待整体验收"
"ses","动词","A2","å","NTNU LearnNoW; NorweigenLearn 当前词库","08C","8","å ses · ses · sås · har settes / ses, sås, har settes","见面；互相见到；再见（常见表达）","Vi ses utenfor biblioteket klokka fem. / De sås på en kafé forrige uke.","我们五点在图书馆外见。 / 他们上周在一家咖啡馆见了面。","沿用现有词库暂标；仍待逐词核验","现有应用词条；词头/词性/等级仍待整体验收"
"sjokolade","名词","A2","en","NTNU LearnNoW; NorweigenLearn 当前词库","08C","8","sjokolade · sjokoladen / sjokoladen, sjokolader, sjokoladene","巧克力；一块/一条巧克力（依语境）","Jeg kjøpte en plate mørk sjokolade. / Barna fikk litt sjokolade etter middagen.","我买了一板黑巧克力。 / 孩子们晚饭后吃了一点巧克力。","沿用现有词库暂标；仍待逐词核验","现有应用词条；词头/词性/等级仍待整体验收"
"skogsvei","名词","A2","en","NTNU LearnNoW; NorweigenLearn 当前词库","08C","8","en skogsvei · skogsveien · skogsveier · skogsveiene / skogsveien, skogsveier, skogsveiene","林间道路；森林里的路","Vi gikk en rolig tur på en skogsvei. / Skogsveien var glatt etter regnet.","我们沿着一条林间道路悠闲地散步。 / 下雨后林间道路很滑。","沿用现有词库暂标；仍待逐词核验","现有应用词条；词头/词性/等级仍待整体验收"
"skrivebok","名词","A2","ei","NTNU LearnNoW; NorweigenLearn 当前词库","08B","8","en skrivebok · skriveboka / skriveboken · skrivebøker · skrivebøkene / skriveboka, skriveboker, skrivebokene","练习本；书写本","Elevene skriver svarene i skriveboka. / Jeg kjøpte en ny skrivebok til kurset.","学生们把答案写在练习本里。 / 我为课程买了一本新的练习本。","沿用现有词库暂标；仍待逐词核验","现有应用词条；词头/词性/等级仍待整体验收"
"søster","名词","A2","ei","NTNU LearnNoW; NorweigenLearn 当前词库","08A","8","en søster · søsteren / søstera · søstre · søstrene / søstera, søstre, søstrene","姐妹；姐姐/妹妹（挪威语本身不区分年长年幼）","Jeg har ei søster og to brødre. / Søstrene mine bor i Norge.","我有一个姐妹和两个兄弟。 / 我的姐妹们住在挪威。","沿用现有词库暂标；仍待逐词核验","现有应用词条；词头/词性/等级仍待整体验收"
"språk","名词","A2","et","NTNU LearnNoW; NorweigenLearn 当前词库","08B","8","et språk · språket · språk · språkene / språket, språk, språkene","语言；说话方式；措辞/语气（依语境）","Norsk er et språk jeg lærer hver dag. / Teksten bruker et enkelt språk.","挪威语是我每天都在学的一种语言。 / 这篇文章用词简单。","沿用现有词库暂标；仍待逐词核验","现有应用词条；词头/词性/等级仍待整体验收"
"stenge","动词","A2","å","NTNU LearnNoW; NorweigenLearn 当前词库","08A","8","å stenge · stenger · stengte · stengt / stenger, stengte, har stengt","关上；关闭；停止营业","Butikken stenger klokka åtte. / Husk å stenge vinduet før du går.","商店八点关门。 / 走之前记得把窗户关上。","沿用现有词库暂标；仍待逐词核验","现有应用词条；词头/词性/等级仍待整体验收"
"storesøster","名词","A2","ei","NTNU LearnNoW; NorweigenLearn 当前词库","08A","8","en storesøster · storesøstera / storesøsteren · storesøstre · storesøstrene / storesøstera, storesøstre, storesøstrene","姐姐；年长的姐妹","Storesøstera mi bor i Bergen. / Han har to storesøstre.","我姐姐住在卑尔根。 / 他有两个姐姐。","沿用现有词库暂标；仍待逐词核验","现有应用词条；词头/词性/等级仍待整体验收"
"studere","动词","A2","å","NTNU LearnNoW; NorweigenLearn 当前词库","08B","8","å studere · studerer · studerte · studert / studerer, studerte, har studert","学习；攻读；研究；仔细观察","Hun studerer sykepleie ved universitetet. / Jeg studerer norsk før prøven.","她在大学攻读护理专业。 / 我在考试前学习挪威语。","沿用现有词库暂标；仍待逐词核验","现有应用词条；词头/词性/等级仍待整体验收"
"supermarked","名词","A2","et","NTNU LearnNoW; NorweigenLearn 当前词库","08C","8","et supermarked · supermarkedet · supermarkeder · supermarkedene / supermarkedet, supermarkeder, supermarkedene","大型超市；超级市场","Vi handler mat på supermarkedet etter jobb. / Det ligger et supermarked ved busstasjonen.","我们下班后去超市买食物。 / 公交车站旁边有一家大型超市。","沿用现有词库暂标；仍待逐词核验","现有应用词条；词头/词性/等级仍待整体验收"
"sykkel","名词","A2","en","NTNU LearnNoW; NorweigenLearn 当前词库","08C","8","en sykkel · sykkelen · sykler · syklene / sykkelen, sykler, syklene","自行车；脚踏车","Jeg låner en sykkel på hotellet. / Sykkelen står utenfor butikken.","我在酒店借了一辆自行车。 / 自行车停在商店外面。","沿用现有词库暂标；仍待逐词核验","现有应用词条；词头/词性/等级仍待整体验收"
"sykkeltur","名词","A2","en","NTNU LearnNoW; NorweigenLearn 当前词库","08C","8","en sykkeltur · sykkelturen · sykkelturer · sykkelturene / sykkelturen, sykkelturer, sykkelturene","骑自行车出游；骑行","Vi drar på sykkeltur langs fjorden. / Sykkelturen tok nesten tre timer.","我们沿着峡湾骑车出游。 / 这次骑行花了将近三个小时。","沿用现有词库暂标；仍待逐词核验","现有应用词条；词头/词性/等级仍待整体验收"
"sykle","动词","A2","å","NTNU LearnNoW; NorweigenLearn 当前词库","08A","8","å sykle · sykler · syklet / sykla · syklet / sykla / sykler, syklet, har syklet","骑自行车；骑车出行","Hun sykler til jobben hver dag. / Vi syklet langs fjorden i går.","她每天骑车上班。 / 我们昨天沿着峡湾骑行。","沿用现有词库暂标；仍待逐词核验","现有应用词条；词头/词性/等级仍待整体验收"
"sykling","名词","A2","ei","NTNU LearnNoW; NorweigenLearn 当前词库","08C","8","en sykling · syklingen · syklinger · syklingene / syklinga","骑自行车；自行车运动；骑行活动","Sykling er en fin måte å komme seg til skolen på. / Syklingen langs kysten tok hele dagen.","骑车是去学校的一种好方式。 / 沿海骑行花了整整一天。","沿用现有词库暂标；仍待逐词核验","现有应用词条；词头/词性/等级仍待整体验收"
"tavle","名词","A2","ei","NTNU LearnNoW; NorweigenLearn 当前词库","08D","8","en tavle · tavla / tavlen · tavler · tavlene / tavla, tavler, tavlene","黑板；白板；告示板","Læreren skriver tre nye ord på tavla. / Det står en beskjed på tavlen.","老师在黑板上写了三个新单词。 / 板上有一条通知。","沿用现有词库暂标；仍待逐词核验","现有应用词条；词头/词性/等级仍待整体验收"
"tekst","名词","A2","en","NTNU LearnNoW; NorweigenLearn 当前词库","08D","8","en tekst · teksten · tekster · tekstene / teksten, tekster, tekstene","文本；文章；一段文字；歌词（依语境）","Les teksten og svar på spørsmålene. / Hun skrev en kort tekst om familien sin.","读这篇文章并回答问题。 / 她写了一段关于自己家庭的短文。","沿用现有词库暂标；仍待逐词核验","现有应用词条；词头/词性/等级仍待整体验收"
"torsdag","名词","A2","en","NTNU LearnNoW; NorweigenLearn 当前词库","08D","8","en torsdag · torsdagen · torsdager · torsdagene / torsdagen, torsdager, torsdagene","星期四；某个星期四","Jeg har norskkurs på torsdag. / Butikken stenger tidlig på torsdager.","我星期四有挪威语课。 / 这家商店每逢星期四都会早关门。","沿用现有词库暂标；仍待逐词核验","现有应用词条；词头/词性/等级仍待整体验收"
"trinn","名词","A2","et","NTNU LearnNoW; NorweigenLearn 当前词库","08D","8","et trinn · trinnet · trinn · trinnene / trinnet, trinn, trinnene","年级；阶段；台阶；步骤","Datteren min går på femte trinn. / Dette er et viktig trinn i arbeidet.","我女儿上小学五年级。 / 这是工作中的一个重要步骤。","沿用现有词库暂标；仍待逐词核验","现有应用词条；词头/词性/等级仍待整体验收"
"tung","形容词","A2","","NTNU LearnNoW; NorweigenLearn 当前词库","08B","8","tung · tungt · tunge · tyngre · tyngst / tyngste / tungt, tunge","重的；费力的；困难的；沉重的","Kofferten er for tung til å bære. / Det var en tung uke på jobben.","这个行李箱太重了，提不动。 / 那是工作上很难熬的一周。","沿用现有词库暂标；仍待逐词核验","现有应用词条；词头/词性/等级仍待整体验收"
"tursekk","名词","A2","en","NTNU LearnNoW; NorweigenLearn 当前词库","08C","8","en tursekk · tursekken · tursekker · tursekkene / tursekken, tursekker, tursekkene","徒步背包；旅行背包","Jeg pakker tursekken før vi går på tur. / Tursekkene står ved døra.","出发徒步前，我把背包收拾好。 / 旅行背包放在门边。","沿用现有词库暂标；仍待逐词核验","现有应用词条；词头/词性/等级仍待整体验收"
"undervise","动词","A2","å","NTNU LearnNoW; NorweigenLearn 当前词库","08B","8","å undervise · underviser · underviste · undervist / underviser, underviste, har undervist","教；授课","Hun underviser voksne i norsk. / Han underviste på en skole i mange år.","她教成年人挪威语。 / 他在一所学校教了很多年。","沿用现有词库暂标；仍待逐词核验","现有应用词条；词头/词性/等级仍待整体验收"
"urettferdig","形容词","A2","","NTNU LearnNoW; NorweigenLearn 当前词库","08D","8","urettferdig · urettferdig · urettferdige · mer urettferdig · mest urettferdig / urettferdig, urettferdige","不公平的；不公正的","Det føles urettferdig at bare noen får hjelp. / Læreren endret den urettferdige regelen.","只有一些人得到帮助，这让人觉得不公平。 / 老师改掉了那条不公平的规则。","沿用现有词库暂标；仍待逐词核验","现有应用词条；词头/词性/等级仍待整体验收"
"uten","介词","A2","","NTNU LearnNoW; NorweigenLearn 当前词库","08D","8","uten","没有；不带；在……之外","Jeg drikker kaffe uten sukker. / Hun gikk uten å si farvel.","我喝不加糖的咖啡。 / 她没有道别就离开了。","沿用现有词库暂标；仍待逐词核验","现有应用词条；词头/词性/等级仍待整体验收"
"uttale","动词","A2","å","NTNU LearnNoW; NorweigenLearn 当前词库","08B","8","å uttale · uttaler · uttalte · uttalt / uttaler, uttalte, har uttalt","发音；读出（某个词/音）","Hvordan uttaler man dette ordet? / Hun uttalte navnet mitt tydelig.","这个词怎么发音？ / 她把我的名字读得很清楚。","沿用现有词库暂标；仍待逐词核验","现有应用词条；词头/词性/等级仍待整体验收"
"værvarsel","名词","A2","et","NTNU LearnNoW; NorweigenLearn 当前词库","08C","8","et værvarsel · værvarselet · værvarsler · værvarslene / værvarselet, værvarsler, værvarslene","天气预报；天气警报/预警（依语境）","Jeg sjekker værvarselet før vi drar på tur. / Værvarselet melder om sterk vind i kveld.","出发去旅行前我会查看天气预报。 / 天气预报说今晚会有大风。","沿用现有词库暂标；仍待逐词核验","现有应用词条；词头/词性/等级仍待整体验收"
"vanskelig","形容词","A2","","NTNU LearnNoW; NorweigenLearn 当前词库","08D","8","vanskelig · vanskelig · vanskelige · vanskeligere · vanskeligst / vanskeligste / vanskelig, vanskelige","困难的；难的；不容易处理的","Det er vanskelig å forstå alle dialektene. / Hun fikk en vanskelig oppgave på prøven.","要听懂所有方言很难。 / 她在考试中遇到了一道难题。","沿用现有词库暂标；仍待逐词核验","现有应用词条；词头/词性/等级仍待整体验收"
"via","介词","A2","","NTNU LearnNoW; NorweigenLearn 当前词库","08C","8","via","经由；通过；借助","Vi reiser til Trondheim via Oslo. / Du kan bestille timen via nettet.","我们经由奥斯陆前往特隆赫姆。 / 你可以通过网络预约时间。","沿用现有词库暂标；仍待逐词核验","现有应用词条；词头/词性/等级仍待整体验收"
"viskelær","名词","A2","et","NTNU LearnNoW; NorweigenLearn 当前词库","08B","8","et viskelær · viskelæret · viskelær · viskelærene / viskelæret, viskelær, viskelærene","橡皮；橡皮擦","Har du et viskelær jeg kan låne? / Viskelæret ligger i pennalet.","你有橡皮可以借我吗？ / 橡皮在笔袋里。","沿用现有词库暂标；仍待逐词核验","现有应用词条；词头/词性/等级仍待整体验收"
"dokument","名词","A2","et","NTNU LearnNoW; NTNU NoW1; NorweigenLearn 当前词库","09A; 09B","9","dokumentet, dokumenter, dokumentene / et dokument · dokumentet · dokumenter · dokumentene","文件；文档；证明文件（依语境）","Kan du sende dokumentet til meg på e-post? / Husk å lagre dokumentet før du lukker programmet.","你能把这个文件通过邮件发给我吗？ / 关闭程序前记得保存文档。","沿用现有词库暂标；仍待逐词核验","现有应用词条；词头/词性/等级仍待整体验收"
"gjelde","动词","A2","å","NTNU LearnNoW; NTNU NoW1; NorweigenLearn 当前词库","09B","9","å gjelde · gjelder · gjaldt · gjeldt / gjelder, gjaldt, har gjeldt","适用；有效；涉及；关系到；重要（依结构）","Rabatten gjelder bare til fredag. / Det gjelder å lese instruksjonene nøye.","这项折扣只到星期五有效。 / 关键是要仔细阅读说明。","沿用现有词库暂标；仍待逐词核验","现有应用词条；词头/词性/等级仍待整体验收"
"absolutt","形容词","A2","","NTNU LearnNoW; NorweigenLearn 当前词库","09A","9","absolutt · absolutt · absolutte · mer absolutt · mest absolutt / absolutt, absolutte","绝对的；完全的；肯定的","Det er absolutt nødvendig å bestille time. / Vil du bli med? – Ja, absolutt!","预约是绝对必要的。 / 你想一起去吗？——当然！","沿用现有词库暂标；仍待逐词核验","现有应用词条；词头/词性/等级仍待整体验收"
"akutt","形容词","A2","","NTNU LearnNoW; NorweigenLearn 当前词库","09C","9","akutt · akutt · akutte · mer akutt · mest akutt / akutt, akutte","急性的；紧急的；突发的","Hun fikk akutte smerter i magen. / Ring legevakta hvis du trenger akutt hjelp.","她突然出现了急性腹痛。 / 如果你需要紧急帮助，请打电话给值班急诊。","沿用现有词库暂标；仍待逐词核验","现有应用词条；词头/词性/等级仍待整体验收"
"analyse","名词","A2","en","NTNU LearnNoW; NorweigenLearn 当前词库","09C","9","analysen, analyser, analysene / en analyse · analysen · analyser · analysene","分析；化验分析；检验报告（依语境）","Studentene skriver en analyse av artikkelen. / Legen bestilte en analyse av blodprøven.","学生们写一篇对这篇文章的分析。 / 医生要求对血样进行一项化验分析。","沿用现有词库暂标；仍待逐词核验","现有应用词条；词头/词性/等级仍待整体验收"
"ansvar","名词","A2","et","NTNU LearnNoW; NorweigenLearn 当前词库","09B","9","ansvaret / et ansvar · ansvaret · ansvar · ansvarene","责任；职责；负责的事项","Hun har ansvar for prosjektet. / Foreldrene tok ansvar for barna.","她负责这个项目。 / 父母承担起照顾孩子的责任。","沿用现有词库暂标；仍待逐词核验","现有应用词条；词头/词性/等级仍待整体验收"
"arbeid","名词","A2","et","NTNU LearnNoW; NorweigenLearn 当前词库","09A","9","arbeidet, arbeider, arbeidene / et arbeid · arbeidet · arbeider · arbeidene","工作；劳动；作品/学术成果（依语境）","Arbeidet tar lengre tid enn vi trodde. / Hun søker arbeid i helsevesenet.","这项工作花的时间比我们想的更长。 / 她正在医疗行业求职。","沿用现有词库暂标；仍待逐词核验","现有应用词条；词头/词性/等级仍待整体验收"
"arbeidsliv","名词","A2","et","NTNU LearnNoW; NorweigenLearn 当前词库","09D","9","arbeidslivet / et arbeidsliv · arbeidslivet · arbeidsliv · arbeidslivene","职场生活；劳动生活；就业领域","Det kan være vanskelig å komme inn i arbeidslivet uten erfaring. / Norsk arbeidsliv har mange regler for arbeidstid.","没有工作经验，进入职场可能很困难。 / 挪威职场对工作时间有许多规定。","沿用现有词库暂标；仍待逐词核验","现有应用词条；词头/词性/等级仍待整体验收"
"artikkel","名词","A2","en","NTNU LearnNoW; NorweigenLearn 当前词库","09D","9","artikkelen, artikkeler, artikkelene / en artikkel · artikkelen · artikler · artiklene","文章；论文；条款；商品（依语境）","Jeg leste en interessant artikkel om norsk skole. / Avisen publiserte tre artikler om været.","我读了一篇关于挪威学校的有趣文章。 / 报纸刊登了三篇关于天气的文章。","沿用现有词库暂标；仍待逐词核验","现有应用词条；词头/词性/等级仍待整体验收"
"avdelingsleder","名词","A2","en","NTNU LearnNoW; NorweigenLearn 当前词库","09A","9","avdelingslederen, avdelingsledere, avdelingslederne / en avdelingsleder · avdelingslederen · avdelingsledere · avdelingslederne","部门主管；部门负责人","Jeg må avtale et møte med avdelingslederen. / Den nye avdelingslederen begynner på mandag.","我得和部门主管约一次会。 / 新任部门负责人星期一上班。","沿用现有词库暂标；仍待逐词核验","现有应用词条；词头/词性/等级仍待整体验收"
"avtale","名词","A2","en","NTNU LearnNoW; NorweigenLearn 当前词库","09B","9","avtalen, avtaler, avtalene / en avtale · avtalen · avtaler · avtalene","约定；预约；协议；约会（依语境）","Jeg har en avtale hos tannlegen i morgen. / Vi laget en avtale om å møtes på fredag.","我明天预约了看牙医。 / 我们约好星期五见面。","沿用现有词库暂标；仍待逐词核验","现有应用词条；词头/词性/等级仍待整体验收"
"bagasjerom","名词","A2","et","NTNU LearnNoW; NorweigenLearn 当前词库","09A","9","bagasjerommet, bagasjerom, bagasjerommene / et bagasjerom · bagasjerommet · bagasjerom · bagasjerommene","（汽车）后备箱；行李舱","Kan du legge kofferten i bagasjerommet? / Bilen har et stort bagasjerom.","你能把行李箱放进后备箱吗？ / 这辆车的后备箱很大。","沿用现有词库暂标；仍待逐词核验","现有应用词条；词头/词性/等级仍待整体验收"
"baker","名词","A2","en","NTNU LearnNoW; NorweigenLearn 当前词库","09D","9","bakeren, bakere, bakerne / en baker · bakeren · bakere · bakerne","面包师；烘焙师","Bakerne står opp tidlig for å lage brød. / Den lokale bakeren lager ferske rundstykker hver morgen.","面包师们很早起床制作面包。 / 当地的面包师每天早上制作新鲜的小圆面包。","沿用现有词库暂标；仍待逐词核验","现有应用词条；词头/词性/等级仍待整体验收"
"barnehagelærer","名词","A2","en","NTNU LearnNoW; NorweigenLearn 当前词库","09A","9","barnehagelæreren, barnehagelærere, barnehagelærerne / en barnehagelærer · barnehagelæreren · barnehagelærere · barnehagelærerne","幼儿园教师；学前教育工作者","Hun utdanner seg til barnehagelærer i Bergen. / Barnehagelæreren leser en bok for barna.","她正在卑尔根学习成为幼儿园教师。 / 幼儿园老师给孩子们读一本书。","沿用现有词库暂标；仍待逐词核验","现有应用词条；词头/词性/等级仍待整体验收"
"behandle","动词","A2","å","NTNU LearnNoW; NorweigenLearn 当前词库","09C","9","å behandle · behandler · behandlet / behandla · behandlet / behandla / behandler, behandlet, har behandlet","治疗；处理；对待；加工（依语境）","Legen behandler pasienter med allergi. / Kommunen behandler søknaden min denne uka.","医生治疗过敏患者。 / 市政府这周处理我的申请。","沿用现有词库暂标；仍待逐词核验","现有应用词条；词头/词性/等级仍待整体验收"
"blodåre","名词","A2","en","NTNU LearnNoW; NorweigenLearn 当前词库","09C","9","blodåren, blodårer, blodårene / en blodåre · blodåren · blodårer · blodårene","血管；血脉","Sykepleieren fant en blodåre på armen. / Blodårene fører blod rundt i kroppen.","护士在手臂上找到一条血管。 / 血管把血液输送到全身。","沿用现有词库暂标；仍待逐词核验","现有应用词条；词头/词性/等级仍待整体验收"
"blodprøve","名词","A2","en","NTNU LearnNoW; NorweigenLearn 当前词库","09C","9","blodprøven, blodprøver, blodprøvene / en blodprøve · blodprøven · blodprøver · blodprøvene","血液检查；血样；抽血化验","Legen vil ta en blodprøve på torsdag. / Blodprøven viste at jernnivået var lavt.","医生想在星期四给我抽血化验。 / 血液检查显示铁含量偏低。","沿用现有词库暂标；仍待逐词核验","现有应用词条；词头/词性/等级仍待整体验收"
"bløtkake","名词","A2","ei","NTNU NoW1; NorweigenLearn 当前词库","09A","9","en bløtkake · bløtkaken / bløtkaka · bløtkaker · bløtkakene","奶油蛋糕；鲜奶油夹层蛋糕","Vi serverte bløtkake i bursdagen til bestemor. / Hun pyntet bløtkaka med jordbær og krem.","我们在奶奶的生日会上端上了奶油蛋糕。 / 她用草莓和奶油装饰了蛋糕。","沿用现有词库暂标；仍待逐词核验","现有应用词条；词头/词性/等级仍待整体验收"
"bomull","名词","A2","en","NTNU LearnNoW; NorweigenLearn 当前词库","09C","9","bomull · bomullen / bomullen, bomuller, bomullene","棉；棉花；棉布","Denne skjorta er laget av bomull. / Bomullen føles myk mot huden.","这件衬衫是棉制的。 / 棉布贴着皮肤感觉很柔软。","沿用现有词库暂标；仍待逐词核验","现有应用词条；词头/词性/等级仍待整体验收"
"bonde","名词","A2","en","NTNU LearnNoW; NorweigenLearn 当前词库","09D","9","bonden, bønder, bøndene / en bonde · bonden · bønder · bøndene","农民；农场主；农场经营者","Bonden dyrker poteter og grønnsaker på gården. / Mange bønder selger maten sin på lokale markeder.","这位农场主在农场种土豆和蔬菜。 / 许多农民在当地市场出售自己生产的食物。","沿用现有词库暂标；仍待逐词核验","现有应用词条；词头/词性/等级仍待整体验收"
"brukernavn","名词","A2","et","NTNU NoW1; NorweigenLearn 当前词库","09B","9","et brukernavn · brukernavnet · brukernavn · brukernavnene","用户名；登录用户名","Skriv inn brukernavn og passord for å logge inn. / Jeg har glemt brukernavnet mitt.","请输入用户名和密码以登录。 / 我忘记了自己的用户名。","沿用现有词库暂标；仍待逐词核验","现有应用词条；词头/词性/等级仍待整体验收"
"budsjett","名词","A2","et","NTNU LearnNoW; NorweigenLearn 当前词库","09B","9","budsjettet, budsjetter, budsjettene / et budsjett · budsjettet · budsjetter · budsjettene","预算；收支计划","Vi må lage et budsjett for ferien. / Prosjektet holdt seg innenfor budsjettet.","我们得为假期做一份预算。 / 这个项目没有超出预算。","沿用现有词库暂标；仍待逐词核验","现有应用词条；词头/词性/等级仍待整体验收"
"burde","动词","A2","å","NTNU LearnNoW; NorweigenLearn 当前词库","09C","9","bør · burde · burdet / bør, burde, har burdet","应该；理应；最好（语气通常比 må 温和）","Du bør bestille time hos tannlegen. / Jeg burde ha ringt tidligere.","你应该预约牙医。 / 我本来应该早点打电话的。","沿用现有词库暂标；仍待逐词核验","现有应用词条；词头/词性/等级仍待整体验收"
"bursdag","名词","A2","en","NTNU NoW1; NorweigenLearn 当前词库","09A","9","en bursdag · bursdagen · bursdager · bursdagene","生日；生日庆祝活动","Datteren min har bursdag på fredag. / Vi feiret bursdagen hennes med kake.","我女儿星期五过生日。 / 我们用蛋糕庆祝了她的生日。","沿用现有词库暂标；仍待逐词核验","现有应用词条；词头/词性/等级仍待整体验收"
"byggeprosjekt","名词","A2","et","NTNU LearnNoW; NorweigenLearn 当前词库","09B","9","byggeprosjektet, byggeprosjekter, byggeprosjektene / et byggeprosjekt · byggeprosjektet · byggeprosjekter · byggeprosjektene","建筑项目；建设工程","Kommunen starter et byggeprosjekt ved skolen. / Byggeprosjektet skal være ferdig neste år.","市政府将在学校附近启动一个建设项目。 / 这项建筑工程预计明年完工。","沿用现有词库暂标；仍待逐词核验","现有应用词条；词头/词性/等级仍待整体验收"
"bygging","名词","A2","en","NTNU LearnNoW; NorweigenLearn 当前词库","09B","9","byggingen, bygginger, byggingene / en bygging · byggingen / bygginga · bygginger · byggingene","建造；建设；施工；建筑物（依语境）","Den nye skolen er under bygging. / Byggingen av veien tar to år.","新学校正在建设中。 / 这条道路的建设需要两年。","沿用现有词库暂标；仍待逐词核验","现有应用词条；词头/词性/等级仍待整体验收"
"colaboks","名词","A2","en","NTNU NoW1; NorweigenLearn 当前词库","09B","9","en colaboks · colaboksen · colabokser · colaboksene","一罐可乐；可乐罐","Jeg kjøpte en colaboks på kiosken. / Colaboksen skal i panteautomaten.","我在小卖部买了一罐可乐。 / 这个可乐罐要放进退瓶机。","沿用现有词库暂标；仍待逐词核验","现有应用词条；词头/词性/等级仍待整体验收"
"datamaskin","名词","A2","en","NTNU LearnNoW; NorweigenLearn 当前词库","09C","9","datamaskinen, datamaskiner, datamaskinene / en datamaskin · datamaskinen · datamaskiner · datamaskinene","计算机；电脑","Jeg bruker datamaskinen til å skrive rapporten. / Datamaskinen starter ikke.","我用电脑写报告。 / 电脑启动不了。","沿用现有词库暂标；仍待逐词核验","现有应用词条；词头/词性/等级仍待整体验收"
"del","名词","A2","en","NTNU NoW1; NorweigenLearn 当前词库","09A","9","en del · delen · deler · delene","部分；一部分；份额；方面（依语境）","En del av familien bor fortsatt i Kina. / Vi må dele arbeidet i mindre deler.","家里有一部分人仍住在中国。 / 我们得把工作分成更小的部分。","沿用现有词库暂标；仍待逐词核验","现有应用词条；词头/词性/等级仍待整体验收"
"direkte","形容词","A2","","NTNU LearnNoW; NorweigenLearn 当前词库","09C","9","direkte · direkte · direkte · mer direkte · mest direkte / direkte, direkte","直达的；直接的；不绕弯的","Vi tok et direkte fly fra Oslo til Tromsø. / Du kan kontakte legen direkte.","我们从奥斯陆乘坐直飞航班去了特罗姆瑟。 / 你可以直接联系医生。","沿用现有词库暂标；仍待逐词核验","现有应用词条；词头/词性/等级仍待整体验收"
"engasjert","形容词","A2","","NTNU LearnNoW; NorweigenLearn 当前词库","09D","9","engasjert · engasjert · engasjerte · mer engasjert · mest engasjert / engasjert, engasjerte","积极投入的；热心参与的；（任职）受聘的","Hun er engasjert i skolens miljøarbeid. / De engasjerte foreldrene hjelper til på skolen.","她积极参与学校的环保工作。 / 热心的家长们在学校帮忙。","沿用现有词库暂标；仍待逐词核验","现有应用词条；词头/词性/等级仍待整体验收"
"fikse","动词","A2","å","NTNU NoW1; NorweigenLearn 当前词库","09B","9","å fikse · fikser · fikset / fiksa · fikset / fiksa","修理；弄好；解决；安排（口语）","Kan du fikse sykkelen før helgen? / Vi fikset alt før gjestene kom.","你能在周末前把自行车修好吗？ / 客人来之前我们把一切都安排妥当了。","沿用现有词库暂标；仍待逐词核验","现有应用词条；词头/词性/等级仍待整体验收"
"fisker","名词","A2","en","NTNU LearnNoW; NorweigenLearn 当前词库","09D","9","en fisker · fiskeren · fiskere · fiskerne / fiskeren, fiskere, fiskerne","渔民；捕鱼者；渔夫/渔妇","Fiskeren dro ut før soloppgang. / Mange fiskere arbeider langs norskekysten.","这位渔民在日出前就出海了。 / 许多渔民在挪威海岸沿线工作。","沿用现有词库暂标；仍待逐词核验","现有应用词条；词头/词性/等级仍待整体验收"
"fjelltur","名词","A2","en","NTNU LearnNoW; NorweigenLearn 当前词库","09A","9","en fjelltur · fjellturen · fjellturer · fjellturene / fjellturen, fjellturer, fjellturene","山地徒步；登山旅行；去山里走一趟","Vi planlegger en fjelltur i helga hvis været holder. / Husk å ta med vann på fjellturen.","如果天气稳定，我们计划周末去山里徒步。 / 记得徒步时带上水。","沿用现有词库暂标；仍待逐词核验","现有应用词条；词头/词性/等级仍待整体验收"
"flybillett","名词","A2","en","NTNU NoW1; NorweigenLearn 当前词库","09B","9","en flybillett · flybilletten · flybilletter · flybillettene","飞机票；机票","Jeg må bestille en flybillett til Bergen. / Flybilletten ligger i e-posten min.","我得订一张去卑尔根的机票。 / 机票在我的电子邮件里。","沿用现有词库暂标；仍待逐词核验","现有应用词条；词头/词性/等级仍待整体验收"
"forslag","名词","A2","et","NTNU LearnNoW; NorweigenLearn 当前词库","09B","9","et forslag · forslaget · forslag · forslagene / forslaget, forslag, forslagene","建议；提议；方案","Har du et forslag til hva vi kan gjøre? / Hun kom med flere gode forslag.","你有什么建议，觉得我们可以做什么？ / 她提出了好几个不错的建议。","沿用现有词库暂标；仍待逐词核验","现有应用词条；词头/词性/等级仍待整体验收"
"frisør","名词","A2","en","NTNU LearnNoW; NorweigenLearn 当前词库","09D","9","en frisør · frisøren · frisører · frisørene / frisøren, frisører, frisørene","理发师；发型师","Jeg skal til frisøren etter jobb. / Frisøren klippet håret kort.","我下班后要去理发。 / 理发师把头发剪短了。","沿用现有词库暂标；仍待逐词核验","现有应用词条；词头/词性/等级仍待整体验收"
"gjennomføring","名词","A2","ei","NTNU LearnNoW; NorweigenLearn 当前词库","09B","9","en gjennomføring · gjennomføringen · gjennomføringer · gjennomføringene / gjennomføringa, gjennomføringer, gjennomføringene","实施；执行；完成（计划、项目或活动）","God planlegging er viktig for gjennomføringen av prosjektet. / Gjennomføringen tok lengre tid enn vi trodde.","良好的规划对项目实施很重要。 / 实际执行花的时间比我们想的更长。","沿用现有词库暂标；仍待逐词核验","现有应用词条；词头/词性/等级仍待整体验收"
"hate","动词","A2","å","NTNU LearnNoW; NorweigenLearn 当前词库","09D","9","å hate · hater · hatet / hata · hatet / hata / hater, hatet, har hatet","恨；非常讨厌；极不喜欢","Jeg hater å komme for sent til møter. / Han hatet den kalde vinden på vei hjem.","我非常讨厌开会迟到。 / 他很讨厌回家路上的冷风。","沿用现有词库暂标；仍待逐词核验","现有应用词条；词头/词性/等级仍待整体验收"
"heller","副词","A2","","NTNU LearnNoW; NorweigenLearn 当前词库","09D","9","heller","宁可；也；也不；更（依句式）","Jeg tar heller te enn kaffe. / Hun kommer ikke i dag, og jeg kommer heller ikke.","比起咖啡，我宁愿喝茶。 / 她今天不来，我也不来。","沿用现有词库暂标；仍待逐词核验","现有应用词条；词头/词性/等级仍待整体验收"
"hensyn","名词","A2","et","NTNU LearnNoW; NorweigenLearn 当前词库","09B","9","et hensyn · hensynet · hensyn · hensynene / hensynet, hensyn, hensynene","考虑；顾及；体谅；因素（常用复数 hensyn）","Vi må ta hensyn til naboene når vi spiller musikk. / Av hensyn til sikkerheten holder døra låst.","放音乐时我们得顾及邻居。 / 出于安全考虑，门保持上锁。","沿用现有词库暂标；仍待逐词核验","现有应用词条；词头/词性/等级仍待整体验收"
"hotellrom","名词","A2","et","NTNU NoW1; NorweigenLearn 当前词库","09B","9","et hotellrom · hotellrommet · hotellrom · hotellrommene","酒店房间；旅馆客房","Vi bestilte et hotellrom nær stasjonen. / Hotellrommet har utsikt mot fjorden.","我们订了一间车站附近的酒店客房。 / 酒店房间可以看到峡湾。","沿用现有词库暂标；仍待逐词核验","现有应用词条；词头/词性/等级仍待整体验收"
"hovedpunkt","名词","A2","et","NTNU NoW1; NorweigenLearn 当前词库","09A","9","et hovedpunkt · hovedpunktet · hovedpunkter · hovedpunktene","要点；主要问题；核心项目","Kan du oppsummere de tre hovedpunktene i artikkelen? / Det viktigste hovedpunktet står i første avsnitt.","你能概括文章的三个要点吗？ / 最重要的要点写在第一段。","沿用现有词库暂标；仍待逐词核验","现有应用词条；词头/词性/等级仍待整体验收"
"imens","副词","A2","","NTNU LearnNoW; NorweigenLearn 当前词库","09C","9","imens","与此同时；在此期间；当……的时候","Jeg lager middag; imens kan du dekke bordet. / Hun leste avisa imens hun ventet på legen.","我做晚饭；与此同时你可以摆餐桌。 / 她等医生时看报纸。","沿用现有词库暂标；仍待逐词核验","现有应用词条；词头/词性/等级仍待整体验收"
"innen","介词","A2","","NTNU LearnNoW; NorweigenLearn 当前词库","09A","9","innen","在……之内；不迟于；在……范围内","Du får svar innen en uke. / Søknaden må sendes innen fredag.","你会在一周内收到答复。 / 申请必须在星期五之前寄出。","沿用现有词库暂标；仍待逐词核验","现有应用词条；词头/词性/等级仍待整体验收"
"innlegg","名词","A2","et","NTNU NoW1; NorweigenLearn 当前词库","09B","9","et innlegg · innlegget · innlegg · innleggene","帖子；发言；演讲；文章/评论（依语境）","Hun skrev et innlegg om norskopplæring på nettet. / Etter pausen holdt legen et kort innlegg om søvn.","她在网上写了一篇关于挪威语教学的帖子。 / 休息后，医生做了一个关于睡眠的简短发言。","沿用现有词库暂标；仍待逐词核验","现有应用词条；词头/词性/等级仍待整体验收"
"instituttleder","名词","A2","en","NTNU NoW1; NorweigenLearn 当前词库","09A","9","en instituttleder · instituttlederen · instituttledere · instituttlederne","研究所/系主任；学院部门负责人","Instituttlederen informerte de ansatte om endringene. / Universitetet søker en ny instituttleder.","系主任向员工介绍了这些变动。 / 大学正在招聘一位新的系主任。","沿用现有词库暂标；仍待逐词核验","现有应用词条；词头/词性/等级仍待整体验收"
"interessert","形容词","A2","","NTNU LearnNoW; NorweigenLearn 当前词库","09D","9","interessert · interessert · interesserte · mer interessert · mest interessert / interessert, interesserte","感兴趣的；有兴趣的","Jeg er interessert i norsk litteratur. / De interesserte elevene stilte mange spørsmål.","我对挪威文学感兴趣。 / 那些感兴趣的学生提出了很多问题。","沿用现有词库暂标；仍待逐词核验","现有应用词条；词头/词性/等级仍待整体验收"
"intervjue","动词","A2","å","NTNU LearnNoW; NorweigenLearn 当前词库","09D","9","å intervjue · intervjuer · intervjuet / intervjua · intervjuet / intervjua / intervjuer, intervjuet, har intervjuet","采访；面试；访谈","Journalisten intervjuet ordføreren om den nye planen. / Jeg skal intervjue tre søkere i morgen.","记者就新计划采访了市长。 / 我明天要面试三位申请者。","沿用现有词库暂标；仍待逐词核验","现有应用词条；词头/词性/等级仍待整体验收"
"joggesko","名词","A2","en","NTNU LearnNoW; NorweigenLearn 当前词库","09A","9","en joggesko · joggeskoen · joggesko · joggeskoa / joggeskoene","跑鞋；运动鞋（常成双使用）","Jeg trenger et par nye joggesko før løpet. / Joggeskoene står ved døra.","比赛前我需要买一双新跑鞋。 / 跑鞋放在门边。","沿用现有词库暂标；仍待逐词核验","现有应用词条；词头/词性/等级仍待整体验收"
"journal","名词","A2","en","NTNU LearnNoW; NorweigenLearn 当前词库","09C","9","en journal · journalen · journaler · journalene / journalen, journaler, journalene","病历；日志；期刊/刊物（依语境）","Legen skrev notatet inn i pasientjournalen. / Journalen viser hvilke medisiner hun bruker.","医生把记录写进了患者病历。 / 病历显示她在使用哪些药物。","沿用现有词库暂标；仍待逐词核验","现有应用词条；词头/词性/等级仍待整体验收"
"journalist","名词","A2","en","NTNU LearnNoW; NorweigenLearn 当前词库","09D","9","en journalist · journalisten · journalister · journalistene / journalisten, journalister, journalistene","记者；新闻工作者","Journalisten skrev en artikkel om den nye skolen. / Flere journalister møtte opp på pressekonferansen.","记者写了一篇关于新学校的文章。 / 多位记者出席了新闻发布会。","沿用现有词库暂标；仍待逐词核验","现有应用词条；词头/词性/等级仍待整体验收"
"kakao","名词","A2","en","NTNU LearnNoW; NorweigenLearn 当前词库","09A","9","kakao · kakaoen / kakaoen, kakaoer, kakaoene","可可；热可可饮料","Barna drakk varm kakao etter skituren. / Vil du ha kakao med kremfløte?","孩子们滑雪后喝了热可可。 / 你想要加奶油的可可吗？","沿用现有词库暂标；仍待逐词核验","现有应用词条；词头/词性/等级仍待整体验收"
"klare","动词","A2","å","NTNU LearnNoW; NorweigenLearn 当前词库","09B","9","å klare · klarer · klarte · klart / klarer, klarte, har klart","设法做到；完成；应付；弄清楚（依结构）","Jeg klarte å forstå beskjeden uten oversettelse. / Hun klarte seg godt på den nye jobben.","我设法不靠翻译就理解了这条通知。 / 她在新工作上应付得很好。","沿用现有词库暂标；仍待逐词核验","现有应用词条；词头/词性/等级仍待整体验收"
"klasseavis","名词","A2","ei","NTNU LearnNoW; NorweigenLearn 当前词库","09D","9","en klasseavis · klasseavisa / klasseavisen · klasseaviser · klasseavisene / klasseavisa, klasseaviser, klasseavisene","班级报纸；班级制作的报刊","Elevene lager en klasseavis på norsktimen. / Klasseavisa inneholder intervjuer og tegninger.","学生们在挪威语课上制作一份班级报纸。 / 班级报纸里有采访和绘画。","沿用现有词库暂标；仍待逐词核验","现有应用词条；词头/词性/等级仍待整体验收"
"kommunikasjon","名词","A2","en","NTNU LearnNoW; NorweigenLearn 当前词库","09C","9","en kommunikasjon · kommunikasjonen · kommunikasjoner · kommunikasjonene / kommunikasjonen, kommunikasjoner, kommunikasjonene","沟通；交流；通信；交通联系（依语境）","God kommunikasjon gjør samarbeidet enklere. / Vi bruker e-post som kommunikasjon med kundene.","良好的沟通能让合作更顺畅。 / 我们用电子邮件与客户沟通。","沿用现有词库暂标；仍待逐词核验","现有应用词条；词头/词性/等级仍待整体验收"
"konferanse","名词","A2","en","NTNU NoW1; NorweigenLearn 当前词库","09B","9","en konferanse · konferansen · konferanser · konferansene","会议；研讨会；专业大会","Legen deltar på en konferanse i Bergen neste uke. / Konferansen samler lærere fra hele landet.","医生下周会在卑尔根参加一场会议。 / 这场研讨会汇集了来自全国各地的教师。","沿用现有词库暂标；仍待逐词核验","现有应用词条；词头/词性/等级仍待整体验收"
"kontakte","动词","A2","å","NTNU LearnNoW; NorweigenLearn 当前词库","09A","9","å kontakte · kontakter · kontaktet / kontakta · kontaktet / kontakta / kontakter, kontaktet, har kontaktet","联系；联络；与……取得联系","Du bør kontakte fastlegen hvis feberen ikke går ned. / Jeg kontaktet kommunen for å spørre om barnehageplass.","如果烧不退，你应该联系家庭医生。 / 我联系了市政府，询问幼儿园名额的事。","沿用现有词库暂标；仍待逐词核验","现有应用词条；词头/词性/等级仍待整体验收"
"kontroll","名词","A2","en","NTNU LearnNoW; NorweigenLearn 当前词库","09C","9","en kontroll · kontrollen · kontroller · kontrollene / kontrollen, kontroller, kontrollene","检查；核对；控制；复诊（依语境）","Jeg skal til kontroll hos tannlegen i morgen. / Billettkontrollen skjer på toget.","我明天要去牙医那里复查。 / 列车上会查票。","沿用现有词库暂标；仍待逐词核验","现有应用词条；词头/词性/等级仍待整体验收"
"korrektur","名词","A2","en","NTNU NoW1; NorweigenLearn 当前词库","09A","9","en korrektur · korrekturen","校对；校样；文字勘误","Kan du lese korrektur på e-posten før jeg sender den? / Forfatteren rettet noen feil i korrekturen.","我发邮件前你能帮我校对一下吗？ / 作者在校样中改正了几处错误。","沿用现有词库暂标；仍待逐词核验","现有应用词条；词头/词性/等级仍待整体验收"
"kritisk","形容词","A2","","NTNU LearnNoW; NorweigenLearn 当前词库","09C","9","kritisk · kritisk · kritiske · mer kritisk · mest kritisk / kritisk, kritiske","批判性的；关键的；危急的（依语境）","Det er kritisk å få medisinen i tide. / Hun er kritisk til forslaget og stiller mange spørsmål.","按时拿到药物至关重要。 / 她对这个提议持批判态度，并提出许多问题。","沿用现有词库暂标；仍待逐词核验","现有应用词条；词头/词性/等级仍待整体验收"
"kronisk","形容词","A2","","NTNU LearnNoW; NorweigenLearn 当前词库","09C","9","kronisk · kronisk · kroniske · mer kronisk · mest kronisk / kronisk, kroniske","慢性的；长期持续的","Han har kroniske smerter i ryggen. / Astma kan være en kronisk sykdom.","他长期有慢性背痛。 / 哮喘可能是一种慢性疾病。","沿用现有词库暂标；仍待逐词核验","现有应用词条；词头/词性/等级仍待整体验收"
"kunnskap","名词","A2","en","NTNU LearnNoW; NorweigenLearn 当前词库","09D","9","en kunnskap · kunnskapen · kunnskaper · kunnskapene / kunnskapen, kunnskaper, kunnskapene","知识；学识；了解（通常作不可数名词）","Hun har god kunnskap om norsk historie. / Kurset gir oss ny kunnskap.","她对挪威历史有很好的了解。 / 这门课程让我们学到了新知识。","沿用现有词库暂标；仍待逐词核验","现有应用词条；词头/词性/等级仍待整体验收"
"laboratorium","名词","A2","et","NTNU LearnNoW; NorweigenLearn 当前词库","09C","9","et laboratorium · laboratoriet · laboratorier · laboratoriene / laboratoriet, laboratorier, laboratoriene","实验室；化验室","Studentene gjør et forsøk på laboratoriet. / Blodprøvene sendes til et laboratorium.","学生们在实验室做一项实验。 / 血液样本会被送到一家化验室。","沿用现有词库暂标；仍待逐词核验","现有应用词条；词头/词性/等级仍待整体验收"
"læreryrke","名词","A2","et","NTNU LearnNoW; NorweigenLearn 当前词库","09D","9","et læreryrke · læreryrket · læreryrker · læreryrkene / læreryrket, læreryrker, læreryrkene","教师职业；教书这一行","Hun vurderer å velge et læreryrke. / Læreryrket krever både fagkunnskap og tålmodighet.","她在考虑从事教师职业。 / 教师职业既需要专业知识，也需要耐心。","沿用现有词库暂标；仍待逐词核验","现有应用词条；词头/词性/等级仍待整体验收"
"lege","名词","A2","en","NTNU LearnNoW; NorweigenLearn 当前词库","09D","9","en lege · legen · leger · legene / legen, leger, legene","医生；医师","Jeg må bestille time hos legen. / Legen undersøker barnet.","我得预约看医生。 / 医生在给孩子检查。","沿用现有词库暂标；仍待逐词核验","现有应用词条；词头/词性/等级仍待整体验收"
"likevel","副词","A2","","NTNU LearnNoW; NorweigenLearn 当前词库","09A","9","likevel","仍然；还是；尽管如此；不过","Det regnet, men vi gikk likevel en tur. / Hun var trøtt. Likevel fortsatte hun å lese.","下雨了，不过我们还是出去散了步。 / 她很累。尽管如此，她还是继续读书。","沿用现有词库暂标；仍待逐词核验","现有应用词条；词头/词性/等级仍待整体验收"
"lønn","名词","A2","ei","NTNU LearnNoW; NorweigenLearn 当前词库","09D","9","en lønn · lønna / lønnen · lønner · lønnene / lønna, lønner, lønnene","工资；薪水；报酬","Lønna kommer inn på konto den siste dagen i måneden. / Hun fikk høyere lønn etter forfremmelsen.","工资会在每月最后一天打到账户上。 / 她升职后工资提高了。","沿用现有词库暂标；仍待逐词核验","现有应用词条；词头/词性/等级仍待整体验收"
"matpakke","名词","A2","en","NTNU LearnNoW; NorweigenLearn 当前词库","09A","9","en matpakke · matpakka / matpakken · matpakker · matpakkene / matpakken, matpakker, matpakkene","自带便当；自己准备的午餐（常为面包片）","Jeg smører matpakke til barna før skolen. / Hun spiser matpakka si i lunsjpausen.","上学前我给孩子们准备自带午餐。 / 她在午休时吃自己带的午餐。","沿用现有词库暂标；仍待逐词核验","现有应用词条；词头/词性/等级仍待整体验收"
"merke","动词","A2","å","NTNU LearnNoW; NorweigenLearn 当前词库","09C","9","å merke · merker · merket / merka · merket / merka / merker, merket, har merket","注意到；察觉；标记；感觉到（依结构）","Jeg merket at barnet var trøtt. / Husk å merke matboksen med navnet ditt.","我注意到孩子累了。 / 记得在饭盒上标上你的名字。","沿用现有词库暂标；仍待逐词核验","现有应用词条；词头/词性/等级仍待整体验收"
"møterom","名词","A2","et","NTNU LearnNoW; NorweigenLearn 当前词库","09B","9","et møterom · møterommet · møterom · møterommene / møteromet, møterom, møterommene","会议室；开会用的房间","Vi må reservere et møterom til kurset. / Møterommet er opptatt fram til klokka to.","我们得为课程预订一间会议室。 / 会议室两点前都有人在用。","沿用现有词库暂标；仍待逐词核验","现有应用词条；词头/词性/等级仍待整体验收"
"nikke","动词","A2","å","NTNU LearnNoW; NorweigenLearn 当前词库","09A","9","å nikke · nikker · nikket / nikka · nikket / nikka / nikker, nikket, har nikket","点头；颔首","Hun nikket da jeg spurte om hun forsto. / Læreren nikket til eleven ved døra.","我问她是否明白时，她点了点头。 / 老师向门边的学生点头示意。","沿用现有词库暂标；仍待逐词核验","现有应用词条；词头/词性/等级仍待整体验收"
"nyttig","形容词","A2","","NTNU LearnNoW; NorweigenLearn 当前词库","09D","9","nyttig · nyttig · nyttige · nyttigere · nyttigst / nyttigste / nyttig, nyttige","有用的；实用的；有益的","Denne appen er nyttig for å lære nye ord. / Det var nyttig å øve med korte setninger.","这个应用有助于学习新词。 / 用短句练习很有帮助。","沿用现有词库暂标；仍待逐词核验","现有应用词条；词头/词性/等级仍待整体验收"
"ord","名词","A2","et","NTNU LearnNoW; NorweigenLearn 当前词库","09B","9","et ord · ordet · ord · ordene / ordet, ord, ordene","词；单词；话语；命令（依语境）","Jeg lærte fem nye ord i dag. / Hva betyr dette ordet?","我今天学了五个新词。 / 这个词是什么意思？","沿用现有词库暂标；仍待逐词核验","现有应用词条；词头/词性/等级仍待整体验收"
"organisere","动词","A2","å","NTNU LearnNoW; NorweigenLearn 当前词库","09A","9","å organisere · organiserer · organiserte · organisert / organiserer, organiserte, har organisert","组织；安排；整理；使有条理","Foreldrene organiserer en dugnad i skolegården. / Vi organiserte dokumentene i ulike mapper.","家长们正在组织一次校园义务劳动。 / 我们把文件整理进不同的文件夹。","沿用现有词库暂标；仍待逐词核验","现有应用词条；词头/词性/等级仍待整体验收"
"overvåke","动词","A2","å","NTNU LearnNoW; NorweigenLearn 当前词库","09C","9","å overvåke · overvåker · overvåket / overvåka · overvåket / overvåka / overvåker, overvåket, har overvåket","监视；监控；持续观察；监督","Sykehuset overvåker pasienten gjennom natta. / Kameraene overvåker inngangen til bygningen.","医院整夜监测这位患者的情况。 / 摄像头监控着大楼入口。","沿用现有词库暂标；仍待逐词核验","现有应用词条；词头/词性/等级仍待整体验收"
"øyeblikkelig","形容词","A2","","NTNU LearnNoW; NorweigenLearn 当前词库","09C","9","øyeblikkelig · øyeblikkelig · øyeblikkelige · mer øyeblikkelig · mest øyeblikkelig / øyeblikkelig, øyeblikkelige","立即的；立刻；马上","Pasienten trenger øyeblikkelig hjelp. / Hun svarte øyeblikkelig på meldingen.","这位病人需要紧急救助。 / 她立刻回复了消息。","沿用现有词库暂标；仍待逐词核验","现有应用词条；词头/词性/等级仍待整体验收"
"pasient","名词","A2","en","NTNU LearnNoW; NorweigenLearn 当前词库","09C","9","en pasient · pasienten · pasienter · pasientene / pasienten, pasienter, pasientene","病人；患者；接受医疗照护的人","Pasienten venter på legen på venterommet. / Sykehuset tar imot mange pasienter hver dag.","患者正在候诊室等医生。 / 医院每天接收许多患者。","沿用现有词库暂标；仍待逐词核验","现有应用词条；词头/词性/等级仍待整体验收"
"pilot","名词","A2","en","NTNU LearnNoW; NorweigenLearn 当前词库","09D","9","en pilot · piloten · piloter · pilotene / piloten, piloter, pilotene","飞行员；驾驶飞机的人","Piloten ønsket passasjerene velkommen om bord. / Hun utdanner seg til pilot i Norge.","飞行员欢迎乘客登机。 / 她正在挪威接受飞行员培训。","沿用现有词库暂标；仍待逐词核验","现有应用词条；词头/词性/等级仍待整体验收"
"planlegge","动词","A2","å","NTNU LearnNoW; NorweigenLearn 当前词库","09B","9","å planlegge · planlegger · planla · planlagt / planlegger, planla, har planlagt","计划；筹划；安排","Vi planlegger å besøke familien i helgen. / Hun planla reisen i god tid.","我们计划周末去探望家人。 / 她提前很久就规划好了旅程。","沿用现有词库暂标；仍待逐词核验","现有应用词条；词头/词性/等级仍待整体验收"
"planlegging","名词","A2","ei","NTNU LearnNoW; NorweigenLearn 当前词库","09B","9","en planlegging · planleggingen / planlegginga · planlegginger · planleggingene / planlegginga, planlegginger, planleggingene","规划；计划；筹划过程","God planlegging gjør flyttingen enklere. / Planleggingen av kurset begynner neste uke.","良好的规划会让搬家更轻松。 / 课程的筹备工作下周开始。","沿用现有词库暂标；仍待逐词核验","现有应用词条；词头/词性/等级仍待整体验收"
"planleggingsperiode","名词","A2","en","NTNU LearnNoW; NorweigenLearn 当前词库","09B","9","en planleggingsperiode · planleggingsperioden · planleggingsperioder · planleggingsperiodene / planleggingsperioden, planleggingsperioder, planleggingsperiodene","规划期；计划阶段；规划时间段","I planleggingsperioden møtes gruppa hver uke. / Vi trenger en lengre planleggingsperiode før byggingen starter.","在规划阶段，小组每周碰一次面。 / 开工前我们需要更长的规划期。","沿用现有词库暂标；仍待逐词核验","现有应用词条；词头/词性/等级仍待整体验收"
"plaster","名词","A2","et","NTNU LearnNoW; NorweigenLearn 当前词库","09C","9","et plaster · plasteret · plaster / plastre · plastera / plastrene","创可贴；伤口敷贴；膏药（依语境）","Jeg satte et plaster på fingeren. / Har du flere plaster i skapet?","我在手指上贴了一张创可贴。 / 柜子里还有创可贴吗？","沿用现有词库暂标；仍待逐词核验","现有应用词条；词头/词性/等级仍待整体验收"
"pleie","动词","A2","å","NTNU LearnNoW; NorweigenLearn 当前词库","09C","9","å pleie · pleier · pleide · pleid / pleier, pleide, har pleid","照料；护理；经常/通常做（固定搭配）","Hun pleier å gå en tur etter middag. / Sykepleieren pleier såret hver dag.","她通常晚饭后散步。 / 护士每天护理伤口。","沿用现有词库暂标；仍待逐词核验","现有应用词条；词头/词性/等级仍待整体验收"
"popstjerne","名词","A2","ei","NTNU LearnNoW; NorweigenLearn 当前词库","09D","9","en popstjerne · popstjernen · popstjerner · popstjernene / popstjerna, popstjerner, popstjernene","流行歌星；流行音乐明星","Den unge popstjerna ga ut en ny sang. / Flere popstjerner opptrådte på festivalen.","这位年轻的流行歌星发行了一首新歌。 / 几位流行歌星在音乐节上演出。","沿用现有词库暂标；仍待逐词核验","现有应用词条；词头/词性/等级仍待整体验收"
"presentasjon","名词","A2","en","NTNU LearnNoW; NorweigenLearn 当前词库","09B","9","en presentasjon · presentasjonen · presentasjoner · presentasjonene / presentasjonen, presentasjoner, presentasjonene","介绍；展示；演讲；汇报","Jeg skal holde en presentasjon om norsk arbeidsliv. / Presentasjonen varer i ti minutter.","我要做一个关于挪威职场的介绍。 / 这场汇报持续十分钟。","沿用现有词库暂标；仍待逐词核验","现有应用词条；词头/词性/等级仍待整体验收"
"presentere","动词","A2","å","NTNU LearnNoW; NorweigenLearn 当前词库","09B","9","å presentere · presenterer · presenterte · presentert / presenterer, presenterte, har presentert","介绍；呈现；展示；作报告","Hun presenterte forslaget for kollegene. / La meg presentere meg: Jeg heter Anna.","她向同事们介绍了这个提议。 / 请允许我自我介绍：我叫安娜。","沿用现有词库暂标；仍待逐词核验","现有应用词条；词头/词性/等级仍待整体验收"
"profesjonell","形容词","A2","","NTNU LearnNoW; NorweigenLearn 当前词库","09D","9","profesjonell · profesjonelt · profesjonelle · mer profesjonell · mest profesjonell / profesjonelt, profesjonelle","专业的；职业的；专业人员（依语境）","Vi fikk profesjonell hjelp med flyttingen. / Hun opptrådte rolig og profesjonelt på møtet.","我们搬家时得到了专业帮助。 / 她在会议上表现得冷静而专业。","沿用现有词库暂标；仍待逐词核验","现有应用词条；词头/词性/等级仍待整体验收"
"prosjektdokument","名词","A2","et","NTNU LearnNoW; NorweigenLearn 当前词库","09B","9","et prosjektdokument · prosjektdokumentet · prosjektdokumenter · prosjektdokumentene / prosjektdokumentet, prosjektdokumenter, prosjektdokumentene","项目文件；项目文档","Vi skriver et prosjektdokument før vi starter arbeidet. / Prosjektdokumentet beskriver målene og tidsplanen.","我们在开始工作前先写一份项目文档。 / 项目文件说明了目标和时间表。","沿用现有词库暂标；仍待逐词核验","现有应用词条；词头/词性/等级仍待整体验收"
"prosjektleder","名词","A2","en","NTNU LearnNoW; NorweigenLearn 当前词库","09B","9","en prosjektleder · prosjektlederen · prosjektledere · prosjektlederne / prosjektlederen, prosjektledere, prosjektlederne","项目经理；项目负责人","Prosjektlederen inviterte alle til et planleggingsmøte. / De trenger en prosjektleder med erfaring.","项目经理邀请所有人参加计划会议。 / 他们需要一位有经验的项目负责人。","沿用现有词库暂标；仍待逐词核验","现有应用词条；词头/词性/等级仍待整体验收"
"redd","形容词","A2","","NTNU LearnNoW; NorweigenLearn 当前词库","09C","9","redd · redd · redde · reddere · reddest / reddeste / redd, redde","害怕的；恐惧的；担心的","Barnet er redd for hunder. / Jeg er redd for at vi kommer for sent.","孩子害怕狗。 / 我担心我们会迟到。","沿用现有词库暂标；仍待逐词核验","现有应用词条；词头/词性/等级仍待整体验收"
"regntøy","名词","A2","et","NTNU LearnNoW; NorweigenLearn 当前词库","09A","9","et regntøy · regntøyet / regntøyet, regntøy, regntøyene","雨衣裤；防雨衣物；雨具（集合）","Barna må ha på seg regntøy i barnehagen. / Regntøyet henger til tørk i gangen.","孩子们在幼儿园必须穿上雨具。 / 雨具挂在门厅晾干。","沿用现有词库暂标；仍待逐词核验","现有应用词条；词头/词性/等级仍待整体验收"
"samarbeide","动词","A2","å","NTNU LearnNoW; NorweigenLearn 当前词库","09D","9","å samarbeide · samarbeider · samarbeidet · samarbeidet / samarbeider, samarbeidet, har samarbeidet","合作；协作；共同工作","Foreldrene samarbeider med skolen om barnas læring. / Vi samarbeidet godt under hele prosjektet.","家长与学校合作促进孩子的学习。 / 整个项目期间我们合作得很好。","沿用现有词库暂标；仍待逐词核验","现有应用词条；词头/词性/等级仍待整体验收"
"samfunn","名词","A2","et","NTNU LearnNoW; NorweigenLearn 当前词库","09D","9","et samfunn · samfunnet · samfunn · samfunnene / samfunnet, samfunn, samfunnene","社会；共同体；社会体系","Språket gjør det lettere å delta i samfunnet. / Samfunnet har endret seg mye de siste årene.","掌握语言会让人更容易参与社会生活。 / 近几年社会发生了很大变化。","沿用现有词库暂标；仍待逐词核验","现有应用词条；词头/词性/等级仍待整体验收"
"sånn","副词","A2","","NTNU LearnNoW; NorweigenLearn 当前词库","09C","9","sånn","这样；那样；如此（口语）","Du kan fylle ut skjemaet sånn. / Sånn, nå er vi ferdige.","你可以这样填写表格。 / 好了，这样我们就完成了。","沿用现有词库暂标；仍待逐词核验","现有应用词条；词头/词性/等级仍待整体验收"
"sekk","名词","A2","en","NTNU LearnNoW; NorweigenLearn 当前词库","09A","9","en sekk · sekken · sekker · sekkene / sekken, sekker, sekkene","背包；袋子；麻袋（依语境）","Jeg pakker sekken før fjellturen. / Det står en sekk med poteter i kjelleren.","我在登山前收拾背包。 / 地下室里有一袋土豆。","沿用现有词库暂标；仍待逐词核验","现有应用词条；词头/词性/等级仍待整体验收"
"selger","名词","A2","en","NTNU LearnNoW; NorweigenLearn 当前词库","09D","9","en selger · selgeren · selgere · selgerne / selgeren, selgere, selgerne","销售员；售货员；销售人员","Selgeren hjalp meg med å finne riktig størrelse. / Butikken søker to nye selgere.","售货员帮我找到了合适的尺码。 / 商店正在招聘两名新销售员。","沿用现有词库暂标；仍待逐词核验","现有应用词条；词头/词性/等级仍待整体验收"
"selvsagt","形容词","A2","","NTNU LearnNoW; NorweigenLearn 当前词库","09B","9","selvsagt · selvsagt · selvsagte · mer selvsagt · mest selvsagt / selvsagt, selvsagte","当然的；不言而喻的；理所当然的","Det er selvsagt at alle må få si sin mening. / Hun tok det selvsagte valget og ringte legen.","当然，每个人都应该有机会表达自己的意见。 / 她做出了理所当然的选择，给医生打了电话。","沿用现有词库暂标；仍待逐词核验","现有应用词条；词头/词性/等级仍待整体验收"
"senter","名词","A2","et","NTNU LearnNoW; NorweigenLearn 当前词库","09B","9","et senter · senteret · sentre · sentrene / senteret, senter, sentrene","中心；购物中心；服务中心（依语境）","Vi møtes på senteret etter jobb. / Kommunen har åpnet et nytt helsesenter.","我们下班后在购物中心见。 / 市政府开设了一家新的健康中心。","沿用现有词库暂标；仍待逐词核验","现有应用词条；词头/词性/等级仍待整体验收"
"servitør","名词","A2","en","NTNU LearnNoW; NorweigenLearn 当前词库","09D","9","en servitør · servitøren · servitører · servitørene / servitøren, servitører, servitørene","服务员；餐厅侍者","Servitøren kom med menyen og tok bestillingen. / Vi takket servitørene før vi gikk.","服务员拿来菜单并记下了点单。 / 离开前我们向服务员们道了谢。","沿用现有词库暂标；仍待逐词核验","现有应用词条；词头/词性/等级仍待整体验收"
"sete","名词","A2","et","NTNU LearnNoW; NorweigenLearn 当前词库","09A","9","et sete · setet · seter · setene / setet, seter, setene","座位；座椅；席位（依语境）","Kan jeg få et sete ved vinduet? / Alle setene på toget var opptatt.","我可以要一个靠窗的座位吗？ / 火车上所有座位都有人了。","沿用现有词库暂标；仍待逐词核验","现有应用词条；词头/词性/等级仍待整体验收"
"sikker","形容词","A2","","NTNU LearnNoW; NorweigenLearn 当前词库","09B","9","sikker · sikkert · sikre · sikrere · sikrest / sikreste / sikkert, sikre","安全的；确定的；有把握的；可靠的；（副词）很可能/稳妥地","Er du sikker på at bussen går nå? / Hun kommer sikkert litt senere.","你确定公交车现在发车吗？ / 她很可能会晚一点来。","沿用现有词库暂标；仍待逐词核验","现有应用词条；词头/词性/等级仍待整体验收"
"skjema","名词","A2","et","NTNU LearnNoW; NorweigenLearn 当前词库","09C","9","et skjema · skjemaet · skjemaer · skjemaene / skjemaet, skjema, skjemaene","表格；申请表；表单","Du må fylle ut dette skjemaet før timen. / Kommunen har lagt ut skjemaene på nettsiden.","你必须在预约时间前填写这张表。 / 市政府已把这些表格放到网站上。","沿用现有词库暂标；仍待逐词核验","现有应用词条；词头/词性/等级仍待整体验收"
"slik","副词","A2","","NTNU LearnNoW; NorweigenLearn 当前词库","09B","9","slik","这样；如此；像这样","Fyll ut skjemaet slik at alle feltene er med. / Hun viste meg hvordan jeg skulle gjøre det, og jeg gjorde slik.","请按这种方式填写表格，确保所有栏目都填上。 / 她给我示范了该怎么做，我就照着做了。","沿用现有词库暂标；仍待逐词核验","现有应用词条；词头/词性/等级仍待整体验收"
"snu","动词","A2","å","NTNU LearnNoW; NorweigenLearn 当前词库","09C","9","å snu · snur · snudde · snudd / snur, snudde, har snudd","转身；转向；翻转；掉头","Jeg snudde meg da noen ropte navnet mitt. / Sjåføren snudde bilen ved neste gate.","有人喊我的名字时，我转过了身。 / 司机在下一条街掉头了。","沿用现有词库暂标；仍待逐词核验","现有应用词条；词头/词性/等级仍待整体验收"
"spent","形容词","A2","","NTNU LearnNoW; NorweigenLearn 当前词库","09A","9","spent · spent · spente · mer spent · mest spent / spent, spente","期待的；兴奋紧张的；绷紧的","Barna er spent på hva som er i pakken. / Hun var spent før jobbintervjuet.","孩子们很期待知道包裹里是什么。 / 她面试前既期待又紧张。","沿用现有词库暂标；仍待逐词核验","现有应用词条；词头/词性/等级仍待整体验收"
"spørsmål","名词","A2","et","NTNU LearnNoW; NorweigenLearn 当前词库","09B","9","et spørsmål · spørsmålet · spørsmål · spørsmålene / spørsmålet, spørsmål, spørsmålene","问题；疑问；提问","Kan jeg stille et spørsmål om oppgaven? / Læreren svarte på alle spørsmålene.","我可以问一个关于作业的问题吗？ / 老师回答了所有问题。","沿用现有词库暂标；仍待逐词核验","现有应用词条；词头/词性/等级仍待整体验收"
"starte","动词","A2","å","NTNU LearnNoW; NorweigenLearn 当前词库","09B","9","å starte · starter · startet / starta · startet / starta / starter, startet, har startet","开始；启动；着手；发动","Kurset starter neste mandag. / Han startet en ny jobb i august.","课程下周一开始。 / 他八月开始了一份新工作。","沿用现有词库暂标；仍待逐词核验","现有应用词条；词头/词性/等级仍待整体验收"
"stikke","动词","A2","å","NTNU LearnNoW; NorweigenLearn 当前词库","09C","9","å stikke · stikker · stakk · stukket / stikker, stakk, har stukket","刺；戳；迅速离开/去一趟（依短语）","Jeg stikker innom deg etter jobb. / Han stakk hull på ballongen.","我下班后顺路去你那儿一下。 / 他把气球戳破了。","沿用现有词库暂标；仍待逐词核验","现有应用词条；词头/词性/等级仍待整体验收"
"stolt","形容词","A2","","NTNU LearnNoW; NorweigenLearn 当前词库","09B","9","stolt · stolt · stolte · stoltere · stoltest / stolteste / stolt, stolte","自豪的；骄傲的；引以为荣的","Jeg er stolt av datteren min. / De var stolte over arbeidet de hadde gjort.","我为女儿感到骄傲。 / 他们为自己完成的工作感到自豪。","沿用现有词库暂标；仍待逐词核验","现有应用词条；词头/词性/等级仍待整体验收"
"støvel","名词","A2","en","NTNU LearnNoW; NorweigenLearn 当前词库","09A","9","en støvel · støvelen · støvler · støvlene / støvelen, støvler, støvlene","靴子；长筒靴；防水靴","Barna tok på seg støvlene før de gikk ut i regnet. / Jeg trenger en varm støvel til vinteren.","孩子们出门淋雨前穿上了靴子。 / 我需要一只适合冬天穿的保暖靴。","沿用现有词库暂标；仍待逐词核验","现有应用词条；词头/词性/等级仍待整体验收"
"stress","名词","A2","et","NTNU LearnNoW; NorweigenLearn 当前词库","09A","9","et stress · stresset · stress · stressene / stresset","压力；紧张状态；匆忙忙乱","Det er mye stress på jobben før fristen. / Hun prøver å redusere stresset i hverdagen.","截止日期前工作压力很大。 / 她在努力减少日常生活中的压力。","沿用现有词库暂标；仍待逐词核验","现有应用词条；词头/词性/等级仍待整体验收"
"stressende","形容词","A2","","NTNU LearnNoW; NorweigenLearn 当前词库","09C","9","stressende · stressende · stressende · mer stressende · mest stressende / stressende, stressende","令人有压力的；紧张忙碌的；令人焦虑的","Det var en stressende morgen før vi kom oss av gårde. / Vi prøver å gjøre arbeidsdagen mindre stressende.","出门前的那个早晨忙得让人很有压力。 / 我们在努力让工作日没那么紧张。","沿用现有词库暂标；仍待逐词核验","现有应用词条；词头/词性/等级仍待整体验收"
"stund","名词","A2","en","NTNU LearnNoW; NorweigenLearn 当前词库","09C","9","en stund · stunden · stunder · stundene / stunden, stunder, stundene","一会儿；一段时间；片刻","Jeg ringer deg om en liten stund. / Vi satt stille en stund etter møtet.","我过一小会儿给你打电话。 / 会议结束后我们静静坐了一会儿。","沿用现有词库暂标；仍待逐词核验","现有应用词条；词头/词性/等级仍待整体验收"
"svimmel","形容词","A2","","NTNU LearnNoW; NorweigenLearn 当前词库","09C","9","svimmel · svimmelt · svimle · mer svimmel · mest svimmel / svimmelt, svimle","头晕的；眩晕的；感到天旋地转的","Jeg blir svimmel hvis jeg reiser meg for fort. / Barnet var svimmelt etter karusellturen.","如果我起身太快，就会头晕。 / 坐完旋转木马后，孩子觉得头晕。","沿用现有词库暂标；仍待逐词核验","现有应用词条；词头/词性/等级仍待整体验收"
"syk","形容词","A2","","NTNU LearnNoW; NorweigenLearn 当前词库","09A","9","syk · sykt · syke · sykere · sykest / sykeste / sykt, syke","生病的；患病的；不舒服的","Barnet er sykt og blir hjemme fra skolen. / Jeg ble syk etter helgen.","孩子生病了，今天待在家里不上学。 / 我周末后病倒了。","沿用现有词库暂标；仍待逐词核验","现有应用词条；词头/词性/等级仍待整体验收"
"sykdom","名词","A2","en","NTNU LearnNoW; NorweigenLearn 当前词库","09C","9","en sykdom · sykdommen · sykdommer · sykdommene / sykdommen, sykdommer, sykdommene","疾病；病症；患病状态","Legen forklarte hvordan sykdommen behandles. / Noen sykdommer kan forebygges med vaksine.","医生解释了这种疾病如何治疗。 / 有些疾病可以通过疫苗预防。","沿用现有词库暂标；仍待逐词核验","现有应用词条；词头/词性/等级仍待整体验收"
"tall","名词","A2","et","NTNU LearnNoW; NorweigenLearn 当前词库","09B","9","et tall · tallet · tall · tallene / tallet, tall, tallene","数字；数值；数量；统计数据（依语境）","Skriv tallet med bokstaver. / Undersøkelsen viser høye tall for bruk av kollektivtransport.","请用字母把这个数字写出来。 / 调查显示公共交通使用量很高。","沿用现有词库暂标；仍待逐词核验","现有应用词条；词头/词性/等级仍待整体验收"
"telefonnummer","名词","A2","et","NTNU LearnNoW; NorweigenLearn 当前词库","09D","9","et telefonnummer · telefonnummeret · telefonnumre / telefonnummer · telefonnumrene / telefonnumrene / telefonnummeret, telefonnummer, telefonnumrene","电话号码；联系电话","Kan du skrive telefonnummeret ditt her? / Kontoret har to telefonnumre.","你能把你的电话号码写在这里吗？ / 办公室有两个电话号码。","沿用现有词库暂标；仍待逐词核验","现有应用词条；词头/词性/等级仍待整体验收"
"termos","名词","A2","en","NTNU LearnNoW; NorweigenLearn 当前词库","09A","9","en termos · termosen · termoser · termosene / termosen, termoser, termosene","保温瓶；暖水瓶；保温壶","Jeg fylte termosen med varm kaffe før fjellturen. / Hun tok med en termos med kakao til barna.","山地徒步前，我把保温瓶装满了热咖啡。 / 她给孩子们带了一壶热可可。","沿用现有词库暂标；仍待逐词核验","现有应用词条；词头/词性/等级仍待整体验收"
"tidsfrist","名词","A2","en","NTNU LearnNoW; NorweigenLearn 当前词库","09B","9","en tidsfrist · tidsfristen · tidsfrister · tidsfristene / tidsfristen, tidsfrister, tidsfristene","截止日期；最后期限；期限","Tidsfristen for oppgaven er på fredag. / Vi må levere rapporten før fristen.","这项作业的截止日期是星期五。 / 我们必须在截止时间前交报告。","沿用现有词库暂标；仍待逐词核验","现有应用词条；词头/词性/等级仍待整体验收"
"undersøkelse","名词","A2","en","NTNU LearnNoW; NorweigenLearn 当前词库","09C","9","en undersøkelse · undersøkelsen · undersøkelser · undersøkelsene / undersøkelsen, undersøkelser, undersøkelsene","检查；体检；调查；研究（依语境）","Legen gjorde en undersøkelse av kneet. / Undersøkelsen viser at mange reiser med buss.","医生检查了膝盖。 / 调查显示很多人乘公交出行。","沿用现有词库暂标；仍待逐词核验","现有应用词条；词头/词性/等级仍待整体验收"
"utdanning","名词","A2","ei","NTNU LearnNoW; NorweigenLearn 当前词库","09D","9","en utdanning · utdanningen / utdanninga · utdanninger · utdanningene / utdanninga, utdanninger, utdanningene","教育；学历；所受培训；教育背景","Hun tar en utdanning innenfor helse. / Arbeidsgiveren spurte om utdanningen min.","她正在接受医疗健康领域的专业教育。 / 雇主询问了我的教育背景。","沿用现有词库暂标；仍待逐词核验","现有应用词条；词头/词性/等级仍待整体验收"
"utfordring","名词","A2","ei","NTNU LearnNoW; NorweigenLearn 当前词库","09C","9","en utfordring · utfordringen · utfordringer · utfordringene / utfordringa, utfordringer, utfordringene","挑战；难题；具有挑战性的任务","Det var en utfordring å snakke norsk på møtet. / Hun tok utfordringen og søkte på jobben.","在会议上说挪威语是一项挑战。 / 她接受了挑战并申请了这份工作。","沿用现有词库暂标；仍待逐词核验","现有应用词条；词头/词性/等级仍待整体验收"
"veileder","名词","A2","en","NTNU LearnNoW; NorweigenLearn 当前词库","09C","9","en veileder · veilederen · veiledere · veilederne / veilederen, veiledere, veilederne","指导老师；导师；顾问；指南（依语境）","Jeg skal snakke med veilederen om studievalget. / Kommunen har en veileder for nye innbyggere.","我要和导师谈谈选课 / 专业选择。 / 市政府有一份面向新居民的指南。","沿用现有词库暂标；仍待逐词核验","现有应用词条；词头/词性/等级仍待整体验收"
"velge","动词","A2","å","NTNU LearnNoW; NorweigenLearn 当前词库","09D","9","å velge · velger · valgte · valgt / velger, valgte, har valgt","选择；挑选；选定","Du kan velge mellom te og kaffe. / Hun valgte den blå kjolen.","你可以在茶和咖啡之间选择。 / 她选了那条蓝色连衣裙。","沿用现有词库暂标；仍待逐词核验","现有应用词条；词头/词性/等级仍待整体验收"
"vikar","名词","A2","en","NTNU LearnNoW; NorweigenLearn 当前词库","09A","9","en vikar · vikaren · vikarer · vikarene / vikaren, vikarer, vikarene","代班人员；临时替班者；代课老师（依语境）","Skolen har en vikar for læreren i dag. / Vikaren kjenner ikke alle elevene ennå.","学校今天安排了一位老师的代课老师。 / 这位代课老师还不认识所有学生。","沿用现有词库暂标；仍待逐词核验","现有应用词条；词头/词性/等级仍待整体验收"
"vikarbyrå","名词","A2","et","NTNU LearnNoW; NorweigenLearn 当前词库","09A","9","et vikarbyrå · vikarbyrået · vikarbyråer · vikarbyråene / vikarbyrået, vikarbyråer, vikarbyråene","临时用工机构；派遣机构；临时替班中介","Hun fikk et vikariat gjennom et vikarbyrå. / Vikarbyrået sendte en person til sykehjemmet.","她通过一家临时用工机构找到了一份临时替班工作。 / 派遣机构给养老院派去了一名员工。","沿用现有词库暂标；仍待逐词核验","现有应用词条；词头/词性/等级仍待整体验收"
"yrke","名词","A2","et","NTNU LearnNoW; NorweigenLearn 当前词库","09D","9","et yrke · yrket · yrker · yrkene / yrket, yrker, yrkene","职业；行业；专业工作","Hun vil velge et yrke der hun kan hjelpe mennesker. / Lærer er et viktig yrke.","她想选择一份能够帮助他人的职业。 / 教师是一份重要的职业。","沿用现有词库暂标；仍待逐词核验","现有应用词条；词头/词性/等级仍待整体验收"
"dessert","名词","A2","en","NTNU LearnNoW; NTNU NoW1; NorweigenLearn 当前词库","10B; 12B","10","desserten, desserter, dessertene / en dessert · desserten · desserter · dessertene","甜点；餐后甜食","Vil du ha dessert etter middagen? / Dagens dessert er sjokoladekake med is.","晚饭后你想吃甜点吗？ / 今日甜点是巧克力蛋糕配冰淇淋。","沿用现有词库暂标；仍待逐词核验","现有应用词条；词头/词性/等级仍待整体验收"
"feire","动词","A2","å","NTNU LearnNoW; NTNU NoW1; NorweigenLearn 当前词库","10B; 12B","10","å feire · feirer · feiret / feira · feiret / feira / feirer, feiret, har feiret","庆祝；纪念；欢庆","Vi feirer bursdagen hennes på lørdag. / De feiret at sønnen hadde bestått eksamen.","我们星期六庆祝她的生日。 / 他们庆祝儿子通过了考试。","沿用现有词库暂标；仍待逐词核验","现有应用词条；词头/词性/等级仍待整体验收"
"flagg","名词","A2","et","NTNU LearnNoW; NTNU NoW1; NorweigenLearn 当前词库","10B; 12C","10","et flagg · flagget · flagg · flaggene / flagget, flagg, flaggene","旗；旗帜；国旗","De heiser det norske flagget på 17. mai. / Det henger flagg utenfor skolen.","他们在 5 月 17 日升起挪威国旗。 / 学校外面挂着旗帜。","沿用现有词库暂标；仍待逐词核验","现有应用词条；词头/词性/等级仍待整体验收"
"fredag","名词","A2","en","NTNU LearnNoW; NTNU NoW1; NorweigenLearn 当前词库","10A; 10B","10","en fredag · fredagen · fredager · fredagene / fredagen, fredager, fredagene","星期五；一个星期五","Vi skal besøke bestemor på fredag. / Jeg jobber hjemmefra hver fredag.","我们星期五要去看望奶奶。 / 我每周五在家办公。","沿用现有词库暂标；仍待逐词核验","现有应用词条；词头/词性/等级仍待整体验收"
"hovedstad","名词","A2","en","NTNU LearnNoW; NTNU NoW1; NorweigenLearn 当前词库","10A; 11C","10","en hovedstad · hovedstaden · hovedsteder · hovedstedene / hovedstaden, hovedstader, hovedstadene","首都","Oslo er hovedstaden i Norge. / Vi besøkte flere hovedsteder på reisen.","奥斯陆是挪威的首都。 / 旅行中我们参观了好几个首都。","沿用现有词库暂标；仍待逐词核验","现有应用词条；词头/词性/等级仍待整体验收"
"jul","名词","A2","ei","NTNU LearnNoW; NTNU NoW1; NorweigenLearn 当前词库","10B; 12B","10","en jul · jula / julen · juler · julene / jula, juler, julene","圣诞节；圣诞节期间","Vi skal feire jul sammen med familien. / Butikkene har kortere åpningstid i jula.","我们要和家人一起过圣诞节。 / 商店在圣诞节期间营业时间更短。","沿用现有词库暂标；仍待逐词核验","现有应用词条；词头/词性/等级仍待整体验收"
"julaften","名词","A2","en","NTNU LearnNoW; NTNU NoW1; NorweigenLearn 当前词库","10B; 12A","10","en julaften · julaftenen · julaftener · julaftenene / julaftenen, julaftener, julaftenene","圣诞前夜；平安夜（挪威通常指12月24日）","Vi spiser middag hos besteforeldrene på julaften. / Barna åpner gavene etter middagen på julaften.","平安夜我们在祖父母家吃晚饭。 / 孩子们在平安夜晚饭后打开礼物。","沿用现有词库暂标；仍待逐词核验","现有应用词条；词头/词性/等级仍待整体验收"
"julegave","名词","A2","en","NTNU LearnNoW; NTNU NoW1; NorweigenLearn 当前词库","10B; 12A","10","en julegave · julegaven · julegaver · julegavene / julegaven, julegaver, julegavene","圣诞礼物","Jeg må kjøpe en julegave til søsteren min. / Barna pakker opp julegavene etter middagen.","我得给姐姐 / 妹妹买一份圣诞礼物。 / 孩子们晚饭后拆圣诞礼物。","沿用现有词库暂标；仍待逐词核验","现有应用词条；词头/词性/等级仍待整体验收"
"julekule","名词","A2","ei","NTNU LearnNoW; NTNU NoW1; NorweigenLearn 当前词库","10B; 12C","10","en julekule · julekula · julekuler · julekulene / julekula, julekuler, julekulene","圣诞球；圣诞树装饰球","Barna henger julekuler på treet. / Den røde julekula falt ned.","孩子们把圣诞球挂到树上。 / 那个红色圣诞球掉下来了。","沿用现有词库暂标；仍待逐词核验","现有应用词条；词头/词性/等级仍待整体验收"
"julemiddag","名词","A2","en","NTNU LearnNoW; NTNU NoW1; NorweigenLearn 当前词库","10B; 12C","10","en julemiddag · julemiddagen · julemiddager · julemiddagene / julemiddagen, julemiddager, julemiddagene","圣诞晚餐；圣诞节的正式餐食","Vi spiser julemiddag hos foreldrene mine på julaften. / Julemiddagen består ofte av tradisjonelle retter.","平安夜我们在我父母家吃圣诞晚餐。 / 圣诞晚餐通常由传统菜肴组成。","沿用现有词库暂标；仍待逐词核验","现有应用词条；词头/词性/等级仍待整体验收"
"juletre","名词","A2","et","NTNU LearnNoW; NTNU NoW1; NorweigenLearn 当前词库","10B; 12A","10","et juletre · juletreet · juletrær · juletrærne / juletreet, juletrær, juletrærne","圣诞树","Vi pynter juletreet sammen første søndag i advent. / Juletreet står ved vinduet i stua.","降临节第一主日，我们一起装饰圣诞树。 / 圣诞树摆在客厅窗边。","沿用现有词库暂标；仍待逐词核验","现有应用词条；词头/词性/等级仍待整体验收"
"aktiv","形容词","A2","","NTNU LearnNoW; NorweigenLearn 当前词库","10D","10","aktiv · aktivt · aktive · mer aktiv · mest aktiv / aktivt, aktive","积极的；活跃的；活跃参与的；在活动中的","Hun er aktiv i foreldrerådet på skolen. / Det er sunt å være fysisk aktiv hver dag.","她积极参与学校的家长委员会。 / 每天保持身体活动有益健康。","沿用现有词库暂标；仍待逐词核验","现有应用词条；词头/词性/等级仍待整体验收"
"altså","副词","A2","","NTNU LearnNoW; NorweigenLearn 当前词库","10B","10","altså","所以；因此；也就是说；话说（依语境/语气）","Bussen går ikke på søndager, altså må vi ta toget. / Hun er altså den nye læreren vår.","公交星期天不运行，所以我们得坐火车。 / 也就是说，她就是我们的新老师。","沿用现有词库暂标；仍待逐词核验","现有应用词条；词头/词性/等级仍待整体验收"
"avansert","形容词","A2","","NTNU LearnNoW; NorweigenLearn 当前词库","10C","10","avansert · avansert · avanserte · mer avansert · mest avansert / avansert, avanserte","高级的；先进的；复杂的；高度发展的","Kurset passer for dem som allerede kan norsk på et avansert nivå. / Denne appen bruker avansert teknologi.","这门课程适合已经达到较高挪威语水平的人。 / 这个应用使用先进技术。","沿用现有词库暂标；仍待逐词核验","现有应用词条；词头/词性/等级仍待整体验收"
"bærbar","形容词","A2","","NTNU LearnNoW; NorweigenLearn 当前词库","10B","10","bærbar · bærbart · bærbare · mer bærbar · mest bærbar / bærbart, bærbare","便携的；可携带的；（电脑）笔记本式的","Jeg bruker en bærbar PC på skolen. / Hun kjøpte et bærbart batteri.","我在学校用笔记本电脑。 / 她买了一个便携式电池。","沿用现有词库暂标；仍待逐词核验","现有应用词条；词头/词性/等级仍待整体验收"
"bake","动词","A2","å","NTNU NoW1; NorweigenLearn 当前词库","10B","10","å bake · baker · bakte · bakt","烘焙；烤（面包、蛋糕、食物）；（太阳）晒热","Vi baker en kake til bursdagen hennes. / Han bakte brød hjemme i går.","我们为她的生日烤一个蛋糕。 / 他昨天在家烤了面包。","沿用现有词库暂标；仍待逐词核验","现有应用词条；词头/词性/等级仍待整体验收"
"ball","名词","A2","en","NTNU LearnNoW; NorweigenLearn 当前词库","10D","10","ballen, baller, ballene / en ball · ballen · baller · ballene","球；球类比赛中的传球/球；舞会（另一词性/词源）","Barna spiller ball i skolegården. / Han sparket ballen over gjerdet.","孩子们在学校操场上玩球。 / 他把球踢过了围栏。","沿用现有词库暂标；仍待逐词核验","现有应用词条；词头/词性/等级仍待整体验收"
"bedre","形容词","A2","","NTNU LearnNoW; NorweigenLearn 当前词库","10A","10","bra / god · bedre · best","更好；较好；（身体/情况）好转些；更充分地","Jeg forstår norsk bedre nå enn i fjor. / Hun føler seg bedre etter at hun hvilte.","我现在比去年更能听懂挪威语了。 / 休息之后她感觉好些了。","沿用现有词库暂标；仍待逐词核验","现有应用词条；词头/词性/等级仍待整体验收"
"bein","名词","A2","et","NTNU LearnNoW; NorweigenLearn 当前词库","10D","10","beinet, bein, beina / et bein · beinet · bein · beina / beinene","腿；骨头；腿骨（依语境）","Jeg har vondt i beinet etter fotballtreningen. / Hunden fikk et bein å tygge på.","足球训练后我腿疼。 / 狗得到一根骨头啃。","沿用现有词库暂标；仍待逐词核验","现有应用词条；词头/词性/等级仍待整体验收"
"drøm","名词","A2","en","NTNU LearnNoW; NorweigenLearn 当前词库","10D","10","drømmen, drømmer, drømmene / en drøm · drømmen · drømmer · drømmene","梦；梦想；理想愿望（依语境）","Drømmen hennes er å bli sykepleier. / Jeg hadde en merkelig drøm i natt.","她的梦想是成为护士。 / 我昨晚做了一个奇怪的梦。","沿用现有词库暂标；仍待逐词核验","现有应用词条；词头/词性/等级仍待整体验收"
"drømme","动词","A2","å","NTNU LearnNoW; NorweigenLearn 当前词库","10A","10","å drømme · drømmer · drømte · drømt / drømmer, drømte, har drømt","做梦；梦想；想象（依结构）","Hun drømmer om å reise til Japan. / Jeg drømte at jeg var på skolen igjen.","她梦想去日本旅行。 / 我梦见自己又回到了学校。","沿用现有词库暂标；仍待逐词核验","现有应用词条；词头/词性/等级仍待整体验收"
"dronning","名词","A2","en","NTNU NoW1; NorweigenLearn 当前词库","10A","10","en dronning · dronningen · dronninger · dronningene","女王；王后；（比喻）某领域最出众的女性","Dronningen holdt en tale på nasjonaldagen. / Hun ble kalt dronningen av norsk jazz.","女王在国庆日发表了讲话。 / 她被称为挪威爵士乐女王。","沿用现有词库暂标；仍待逐词核验","现有应用词条；词头/词性/等级仍待整体验收"
"egenmelding","名词","A2","ei","NTNU LearnNoW; NorweigenLearn 当前词库","10B","10","egenmeldinga, egenmeldinger, egenmeldingene / en egenmelding · egenmeldingen · egenmeldinger · egenmeldingene","自行申报病假；员工自行说明患病缺勤（挪威职场制度语境）","Jeg er syk i dag og må bruke egenmelding. / Arbeidsgiveren ber henne levere egenmeldingen.","我今天生病了，得使用自行申报病假的方式请病假。 / 雇主请她提交自行申报的病假说明。","沿用现有词库暂标；仍待逐词核验","现有应用词条；词头/词性/等级仍待整体验收"
"ekspert","名词","A2","en","NTNU LearnNoW; NorweigenLearn 当前词库","10A","10","eksperten, eksperter, ekspertene / en ekspert · eksperten · eksperter · ekspertene","专家；专业人士；行家","Hun er ekspert på barns språkutvikling. / Ekspertene forklarte hvorfor strømprisen hadde økt.","她是儿童语言发展的专家。 / 专家们解释了电价上涨的原因。","沿用现有词库暂标；仍待逐词核验","现有应用词条；词头/词性/等级仍待整体验收"
"ende","名词","A2","en","NTNU NoW1; NorweigenLearn 当前词库","10A","10","en ende · enden · ender · endene","一端；末端；尽头；结尾","Apoteket ligger i den andre enden av gata. / Vi fant en benk ved enden av stien.","药房在街道另一头。 / 我们在小路尽头找到一张长椅。","沿用现有词库暂标；仍待逐词核验","现有应用词条；词头/词性/等级仍待整体验收"
"fall","名词","A2","et","NTNU LearnNoW; NorweigenLearn 当前词库","10B","10","et fall · fallet · fall · fallene / fallet, fall, fallene","跌倒；下降；落差；瀑布（依语境）","Det var et kraftig fall i temperaturen i natt. / Hun fikk et fall på den glatte veien.","昨夜气温大幅下降。 / 她在结冰的路上摔了一跤。","沿用现有词库暂标；仍待逐词核验","现有应用词条；词头/词性/等级仍待整体验收"
"feile","动词","A2","å","NTNU LearnNoW; NorweigenLearn 当前词库","10A","10","å feile · feiler · feilet / feila · feilet / feila / feiler, feilet, har feilet","犯错；做错；失败；（某人）有病/不舒服","Jeg feilet på den siste oppgaven, men resten gikk bra. / Hva feiler det deg? Har du vondt noe sted?","最后一道题我做错了，不过其他部分还不错。 / 你哪里不舒服？有哪个地方疼吗？","沿用现有词库暂标；仍待逐词核验","现有应用词条；词头/词性/等级仍待整体验收"
"festning","名词","A2","en","NTNU NoW1; NorweigenLearn 当前词库","10A","10","en festning · festningen · festninger · festningene","堡垒；要塞；城堡式防御工事","Familien besøkte Akershus festning i Oslo. / Festningen ligger ved havna.","一家人参观了奥斯陆的阿克斯胡斯要塞。 / 要塞位于港口旁。","沿用现有词库暂标；仍待逐词核验","现有应用词条；词头/词性/等级仍待整体验收"
"finger","名词","A2","en","NTNU LearnNoW; NorweigenLearn 当前词库","10C","10","en finger · fingeren · fingre · fingrene / fingeren, fingre, fingrene","手指","Hun har en ring på fingeren. / Barna telte på fingrene.","她手指上戴着一枚戒指。 / 孩子们掰着手指头数数。","沿用现有词库暂标；仍待逐词核验","现有应用词条；词头/词性/等级仍待整体验收"
"form","名词","A2","en","NTNU LearnNoW; NorweigenLearn 当前词库","10D","10","en form · formen · former · formene / formen, former, formene","形状；形式；烤模/模具；状态（依语境）","Vi heller røra i en smurt form. / Hun er i god form etter treningen.","我们把面糊倒进一个抹了油的烤模里。 / 训练之后她状态很好。","沿用现有词库暂标；仍待逐词核验","现有应用词条；词头/词性/等级仍待整体验收"
"fredspris","名词","A2","en","NTNU NoW1; NorweigenLearn 当前词库","10A","10","en fredspris · fredsprisen · fredspriser · fredsprisene","和平奖","Nobels fredspris deles ut i Oslo. / Hun fikk en internasjonal fredspris for arbeidet sitt.","诺贝尔和平奖在奥斯陆颁发。 / 她因自己的工作获得了一项国际和平奖。","沿用现有词库暂标；仍待逐词核验","现有应用词条；词头/词性/等级仍待整体验收"
"frisk","形容词","A2","","NTNU LearnNoW; NorweigenLearn 当前词库","10C","10","frisk · friskt · friske · friskere · friskest / friskt, friske","健康的；清新的；有活力的","Jeg føler meg frisk igjen etter sykdommen. / Vi åpner vinduet og får frisk luft.","生病后我又觉得身体好了。 / 我们打开窗户，呼吸新鲜空气。","沿用现有词库暂标；仍待逐词核验","现有应用词条；词头/词性/等级仍待整体验收"
"grad","名词","A2","en","NTNU LearnNoW; NorweigenLearn 当前词库","10A","10","en grad · graden · grader · gradene / graden, grader, gradene","度；程度；等级","Det er fem grader ute i dag. / Hun er i høy grad motivert.","今天室外五度。 / 她非常有积极性。","沿用现有词库暂标；仍待逐词核验","现有应用词条；词头/词性/等级仍待整体验收"
"gråte","动词","A2","å","NTNU LearnNoW; NorweigenLearn 当前词库","10A","10","å gråte · gråter · gråt · har grått / gråter, gråt, har grått","哭；流泪","Barnet begynte å gråte da det mistet ballen. / Hun gråt av glede da hun fikk beskjeden.","孩子丢了球后哭了起来。 / 她听到这个消息时高兴得哭了。","沿用现有词库暂标；仍待逐词核验","现有应用词条；词头/词性/等级仍待整体验收"
"grøt","名词","A2","en","NTNU NoW1; NorweigenLearn 当前词库","10B","10","en grøt · grøten · grøter · grøtene","粥；糊状食物","Jeg spiser havregrøt til frokost. / Barna vil ha grøt med melk.","我早餐吃燕麦粥。 / 孩子们想要加牛奶的粥。","沿用现有词库暂标；仍待逐词核验","现有应用词条；词头/词性/等级仍待整体验收"
"gudstjeneste","名词","A2","en","NTNU NoW1; NorweigenLearn 当前词库","10B","10","en gudstjeneste · gudstjenesten · gudstjenester · gudstjenestene","礼拜；宗教仪式；教会礼拜活动","Besteforeldrene går i kirken på gudstjeneste hver søndag. / Kirken holder en kort gudstjeneste på julaften.","祖父母每个星期天都去教堂参加礼拜。 / 教堂在平安夜举行一场简短的礼拜。","沿用现有词库暂标；仍待逐词核验","现有应用词条；词头/词性/等级仍待整体验收"
"håndball","名词","A2","en","NTNU LearnNoW; NorweigenLearn 当前词库","10D","10","en håndball · håndballen · håndballer · håndballene / håndballen, håndballer, håndballene","手球；手球运动；手球（球）","Datteren min spiller håndball to ganger i uka. / Treneren kastet håndballen til spillerne.","我女儿每周打两次手球。 / 教练把手球扔给了队员们。","沿用现有词库暂标；仍待逐词核验","现有应用词条；词头/词性/等级仍待整体验收"
"håndballspiller","名词","A2","en","NTNU LearnNoW; NorweigenLearn 当前词库","10D","10","en håndballspiller · håndballspilleren · håndballspillere · håndballspillerne / håndballspilleren, håndballspillere, håndballspillerne","手球运动员；手球队员","Datteren min vil bli håndballspiller. / Håndballspillerne trener tre ganger i uka.","我女儿想成为一名手球运动员。 / 手球队员们每周训练三次。","沿用现有词库暂标；仍待逐词核验","现有应用词条；词头/词性/等级仍待整体验收"
"helse","名词","A2","ei","NTNU LearnNoW; NorweigenLearn 当前词库","10B","10","ei helse · helsa · helse · helsene / helsa, helser, helsene","健康；身体状况","God helse er viktig for alle. / Hun går tur hver dag for å ta vare på helsa.","健康对每个人都很重要。 / 她每天散步来照顾自己的健康。","沿用现有词库暂标；仍待逐词核验","现有应用词条；词头/词性/等级仍待整体验收"
"hevelse","名词","A2","en","NTNU LearnNoW; NorweigenLearn 当前词库","10C","10","en hevelse · hevelsen · hevelser · hevelsene / hevelsen, hevelser, hevelsene","肿胀；肿块；浮肿","Jeg har en hevelse rundt ankelen etter fallet. / Hevelsen ble mindre etter at hun la is på kneet.","我摔倒后脚踝周围肿了起来。 / 她在膝盖上敷冰后，肿胀减轻了。","沿用现有词库暂标；仍待逐词核验","现有应用词条；词头/词性/等级仍待整体验收"
"hjemmefra","副词","A2","","NTNU LearnNoW; NorweigenLearn 当前词库","10B","10","hjemmefra","离家；从家里（作为工作地点）","Jeg drar hjemmefra klokka sju. / Hun jobber hjemmefra på fredager.","我七点离开家。 / 她周五在家办公。","沿用现有词库暂标；仍待逐词核验","现有应用词条；词头/词性/等级仍待整体验收"
"hode","名词","A2","et","NTNU LearnNoW; NorweigenLearn 当前词库","10D","10","et hode · hodet · hoder · hodene / hoda / hodet, hoder, hodene","头；头部；（引申）头脑、负责人","Jeg har vondt i hodet og trenger å hvile. / Barnet slo hodet forsiktig mot puta.","我头疼，需要休息。 / 孩子的头轻轻碰到了枕头。","沿用现有词库暂标；仍待逐词核验","现有应用词条；词头/词性/等级仍待整体验收"
"hoste","动词","A2","å","NTNU LearnNoW; NorweigenLearn 当前词库","10A","10","å hoste · hoster · hostet / hosta · har hostet / hosta / hoster, hostet, har hostet","咳嗽","Jeg hoster mye om natta. / Han har hostet i flere dager.","我夜里咳得很厉害。 / 他已经咳嗽好几天了。","沿用现有词库暂标；仍待逐词核验","现有应用词条；词头/词性/等级仍待整体验收"
"høstferie","名词","A2","en","NTNU NoW1; NorweigenLearn 当前词库","10A","10","en høstferie · høstferien · høstferier · høstferiene","秋假；秋季假期","Vi besøker familien i høstferien. / Skolene har høstferie på ulike tidspunkt.","我们秋假时去探望家人。 / 各学校的秋假时间不完全相同。","沿用现有词库暂标；仍待逐词核验","现有应用词条；词头/词性/等级仍待整体验收"
"hovedgate","名词","A2","ei","NTNU NoW1; NorweigenLearn 当前词库","10A","10","en hovedgate · hovedgaten · hovedgater · hovedgatene","主街；主要街道","Kafeen ligger i hovedgata. / Vi gikk langs hovedgaten for å finne apoteket.","咖啡馆位于主街上。 / 我们沿着主街走去找药房。","沿用现有词库暂标；仍待逐词核验","现有应用词条；词头/词性/等级仍待整体验收"
"idrett","名词","A2","en","NTNU LearnNoW; NorweigenLearn 当前词库","10D","10","en idrett · idretten · idretter · idrettene / idretten, idretter, idrettene","体育运动；体育项目；竞技运动","Barn bør få prøve ulike idretter. / Idretten gir henne både venner og glede.","孩子们应该有机会尝试不同的体育项目。 / 体育运动给她带来了朋友和快乐。","沿用现有词库暂标；仍待逐词核验","现有应用词条；词头/词性/等级仍待整体验收"
"innom","介词","A2","","NTNU LearnNoW; NorweigenLearn 当前词库","10B","10","innom","顺便到；短暂拜访；经过并进入","Jeg stikker innom apoteket på vei hjem. / Kom gjerne innom oss etter jobb.","我回家路上顺道去一下药房。 / 下班后欢迎顺道来我们家。","沿用现有词库暂标；仍待逐词核验","现有应用词条；词头/词性/等级仍待整体验收"
"insistere","动词","A2","å","NTNU NoW1; NorweigenLearn 当前词库","10B","10","å insistere · insisterer · insisterte · har insistert","坚持；坚决要求；强调","Hun insisterer på å betale for middagen. / Legen insisterte på mer hvile.","她坚持要付晚餐的钱。 / 医生坚持要求多休息。","沿用现有词库暂标；仍待逐词核验","现有应用词条；词头/词性/等级仍待整体验收"
"jentelag","名词","A2","et","NTNU LearnNoW; NorweigenLearn 当前词库","10D","10","et jentelag · jentelaget · jentelag · jentelagene / jentelaget, jentelag, jentelagene","女子队；女孩组成的队伍","Hun spiller på jentelaget i håndballklubben. / Jentelaget vant turneringen i helga.","她在手球俱乐部的女子队打球。 / 女子队上周末赢得了锦标赛。","沿用现有词库暂标；仍待逐词核验","现有应用词条；词头/词性/等级仍待整体验收"
"julebord","名词","A2","et","NTNU NoW1; NorweigenLearn 当前词库","10B","10","et julebord · julebordet · julebord · julebordene","圣诞聚餐；圣诞派对；圣诞自助餐（依语境）","Jobben arrangerer julebord for alle ansatte i desember. / Vi skal på julebord med kollegene på fredag.","公司十二月为所有员工举办圣诞聚餐。 / 星期五我们要和同事去参加圣诞聚餐。","沿用现有词库暂标；仍待逐词核验","现有应用词条；词头/词性/等级仍待整体验收"
"julekveld","名词","A2","en","NTNU NoW1; NorweigenLearn 当前词库","10B","10","en julekveld · julekvelden · julekvelder · julekveldene","圣诞夜晚；圣诞节的夜间时段","Vi ser på TV sammen på julekvelden. / Det var en rolig julekveld hjemme hos oss.","圣诞夜我们一起看电视。 / 我们家度过了一个宁静的圣诞夜。","沿用现有词库暂标；仍待逐词核验","现有应用词条；词头/词性/等级仍待整体验收"
"julestemning","名词","A2","en","NTNU NoW1; NorweigenLearn 当前词库","10B","10","ei julestemning · julestemninga · julestemningen · julestemninger · julestemningene","圣诞气氛；圣诞节的节日氛围","Julelysene skaper julestemning i gata. / Jeg får julestemning når jeg hører denne sangen.","圣诞灯饰让街上充满了圣诞气氛。 / 听到这首歌时，我就感受到圣诞气氛了。","沿用现有词库暂标；仍待逐词核验","现有应用词条；词头/词性/等级仍待整体验收"
"juletradisjon","名词","A2","en","NTNU NoW1; NorweigenLearn 当前词库","10B","10","en juletradisjon · juletradisjonen · juletradisjoner · juletradisjonene","圣诞传统；圣诞节习俗","Å gå rundt juletreet er en gammel juletradisjon. / Familiene har ulike juletradisjoner.","围着圣诞树跳舞是一项古老的圣诞传统。 / 各个家庭有不同的圣诞习俗。","沿用现有词库暂标；仍待逐词核验","现有应用词条；词头/词性/等级仍待整体验收"
"kamp","名词","A2","en","NTNU LearnNoW; NorweigenLearn 当前词库","10D","10","en kamp · kampen · kamper · kampene / kampen, kamper, kampene","比赛；赛事；战斗；斗争（依语境）","Laget spiller kamp på lørdag. / Kampen begynner klokka sju.","球队星期六有一场比赛。 / 比赛七点开始。","沿用现有词库暂标；仍待逐词核验","现有应用词条；词头/词性/等级仍待整体验收"
"klemme","动词","A2","å","NTNU LearnNoW; NorweigenLearn 当前词库","10A","10","å klemme · klemmer · klemte · har klemt / klemmer, klemte, har klemt","拥抱；挤压；夹住","Bestemor gir barnet en klem. / Ikke klem tomaten, da blir den ødelagt.","奶奶抱了抱孩子。 / 别挤西红柿，会把它弄坏的。","沿用现有词库暂标；仍待逐词核验","现有应用词条；词头/词性/等级仍待整体验收"
"kondisjon","名词","A2","en","NTNU LearnNoW; NorweigenLearn 当前词库","10D","10","en kondisjon · kondisjonen / kondisjonen, kondisjoner, kondisjonene","体能；耐力；心肺状况","Jeg går tur hver dag for å få bedre kondisjon. / Hun har god kondisjon etter mange år med løping.","我每天散步来改善体能。 / 多年跑步之后，她的体能很好。","沿用现有词库暂标；仍待逐词核验","现有应用词条；词头/词性/等级仍待整体验收"
"kul","形容词","A2","","NTNU LearnNoW; NorweigenLearn 当前词库","10D","10","kul · kult · kule · kulere · kulest / kult, kule","酷的；很棒的；有趣的（口语）","Det var kult å møte de nye naboene. / Hun har en kul jakke med mange lommer.","认识新邻居真不错。 / 她有一件很酷的夹克，上面有很多口袋。","沿用现有词库暂标；仍待逐词核验","现有应用词条；词头/词性/等级仍待整体验收"
"kvalm","形容词","A2","","NTNU LearnNoW; NorweigenLearn 当前词库","10A","10","kvalm · kvalmt · kvalme · kvalmere · kvalmest / kvalmt, kvalme","恶心的；想吐的；反胃的","Jeg blir kvalm når jeg leser i bilen. / Barnet er kvalmt og vil legge seg.","我在车里看书会感到恶心。 / 孩子觉得恶心，想躺下。","沿用现有词库暂标；仍待逐词核验","现有应用词条；词头/词性/等级仍待整体验收"
"landslag","名词","A2","et","NTNU LearnNoW; NorweigenLearn 当前词库","10D","10","et landslag · landslaget · landslag · landslagene / landslaget, landslag, landslagene","国家队；代表国家参赛的队伍","Hun håper å spille på Norges landslag en dag. / Landslaget vant kampen i går kveld.","她希望有一天能进入挪威国家队。 / 国家队昨晚赢了比赛。","沿用现有词库暂标；仍待逐词核验","现有应用词条；词头/词性/等级仍待整体验收"
"legeattest","名词","A2","en","NTNU LearnNoW; NorweigenLearn 当前词库","10B","10","en legeattest · legeattesten · legeattester · legeattestene / legeattesten, legeattester, legeattestene","医生证明；医疗证明；病假证明","Skolen ber om en legeattest etter langvarig fravær. / Jeg leverte legeattesten til arbeidsgiveren.","长期缺课后，学校要求提供医生证明。 / 我把医生证明交给了雇主。","沿用现有词库暂标；仍待逐词核验","现有应用词条；词头/词性/等级仍待整体验收"
"legeerklæring","名词","A2","ei","NTNU LearnNoW; NorweigenLearn 当前词库","10B","10","en legeerklæring · legeerklæringen · legeerklæringer · legeerklæringene / legeerklæringa, legeerklæringer, legeerklæringene","医生声明；医疗情况说明；医师证明","Legen skrev en legeerklæring til forsikringsselskapet. / Arbeidsgiveren ba om en legeerklæring.","医生给保险公司写了一份医疗情况说明。 / 雇主要求提供医生证明。","沿用现有词库暂标；仍待逐词核验","现有应用词条；词头/词性/等级仍待整体验收"
"leppe","名词","A2","ei","NTNU LearnNoW; NorweigenLearn 当前词库","10C","10","ei leppe · leppa · lepper · leppene / leppa, lepper, leppene","嘴唇；唇部","Hun har tørre lepper om vinteren. / Han fikk et lite sår på leppa.","她冬天嘴唇容易干。 / 他嘴唇上有个小伤口。","沿用现有词库暂标；仍待逐词核验","现有应用词条；词头/词性/等级仍待整体验收"
"lett","形容词","A2","","NTNU LearnNoW; NorweigenLearn 当前词库","10D","10","lett · lett · lette · lettere · lettest / lett, lette","轻的；容易的；轻微的（依语境）","Denne oppgaven er lettere enn den forrige. / Kan du hjelpe meg med den lette kofferten?","这道题比上一道容易。 / 你能帮我拿一下这个轻的行李箱吗？","沿用现有词库暂标；仍待逐词核验","现有应用词条；词头/词性/等级仍待整体验收"
"levere","动词","A2","å","NTNU LearnNoW; NorweigenLearn 当前词库","10B","10","å levere · leverer · leverte · har levert / leverer, leverte, har levert","交付；送达；提交；投递","Jeg må levere oppgaven før fredag. / Posten leverer pakken i morgen.","我必须在周五前交作业。 / 邮政明天送达包裹。","沿用现有词库暂标；仍待逐词核验","现有应用词条；词头/词性/等级仍待整体验收"
"lunge","名词","A2","ei","NTNU LearnNoW; NorweigenLearn 当前词库","10C","10","ei/en lunge · lunga/lungen · lunger · lungene / lunga, lunger, lungene","肺；一侧肺部","Røyking kan skade lungene. / Legen undersøker lungene hennes.","吸烟会损害肺部。 / 医生检查她的肺部。","沿用现有词库暂标；仍待逐词核验","现有应用词条；词头/词性/等级仍待整体验收"
"mage","名词","A2","en","NTNU LearnNoW; NorweigenLearn 当前词库","10A","10","en mage · magen · mager · magene / magen, mager, magene","肚子；腹部；胃（口语泛指）","Barnet har vondt i magen. / Jeg ligger på magen og leser.","孩子肚子疼。 / 我趴着看书。","沿用现有词库暂标；仍待逐词核验","现有应用词条；词头/词性/等级仍待整体验收"
"medisinskap","名词","A2","et","NTNU LearnNoW; NorweigenLearn 当前词库","10C","10","et medisinskap · medisinskapet · medisinskap · medisinskapene / medisinskapet, medisinskap, medisinskapene","药柜；药品柜","Vi oppbevarer plaster og bandasjer i medisinskapet. / Medisinskapet må være utenfor rekkevidde for små barn.","我们把创可贴和绷带放在药柜里。 / 药柜必须放在小孩子够不到的地方。","沿用现有词库暂标；仍待逐词核验","现有应用词条；词头/词性/等级仍待整体验收"
"mester","名词","A2","en","NTNU LearnNoW; NorweigenLearn 当前词库","10D","10","en mester · mesteren · mestere / mestre · mesterne / mestrene","冠军；大师；能手；师傅（依语境）","Hun ble norsk mester i svømming. / Han er en mester til å lage brød.","她成为挪威游泳冠军。 / 他做面包很有一手。","沿用现有词库暂标；仍待逐词核验","现有应用词条；词头/词性/等级仍待整体验收"
"munn","名词","A2","en","NTNU LearnNoW; NorweigenLearn 当前词库","10C","10","en munn · munnen · munner · munnene / munnen, munner, munnene","嘴；口","Legen ber meg åpne munnen. / Han tok en bit sjokolade i munnen.","医生让我张开嘴。 / 他把一块巧克力放进嘴里。","沿用现有词库暂标；仍待逐词核验","现有应用词条；词头/词性/等级仍待整体验收"
"muskel","名词","A2","en","NTNU LearnNoW; NorweigenLearn 当前词库","10D","10","en muskel · muskelen · muskler · musklene / muskelen, muskeler, muskelene","肌肉；肌肉组织","Jeg har vondt i musklene etter treningen. / Denne øvelsen trener flere muskler i ryggen.","锻炼后我肌肉酸痛。 / 这个练习能锻炼背部的几块肌肉。","沿用现有词库暂标；仍待逐词核验","现有应用词条；词头/词性/等级仍待整体验收"
"normal","形容词","A2","","NTNU LearnNoW; NorweigenLearn 当前词库","10B","10","normal · normalt · normale · mer normal · mest normal / normalt, normale","正常的；通常的；常态的","Det er normalt å være nervøs før en prøve. / Vi prøver å få en normal hverdag igjen.","考试前紧张是正常的。 / 我们在努力恢复正常的日常生活。","沿用现有词库暂标；仍待逐词核验","现有应用词条；词头/词性/等级仍待整体验收"
"oktober","名词","A2","","NTNU LearnNoW; NorweigenLearn 当前词库","10A","10","en oktober · oktoberen · oktoberer · oktoberene","十月","Skolen starter igjen i oktober. / Vi flyttet til Norge i oktober i fjor.","学校十月份重新开课。 / 我们去年十月搬到了挪威。","沿用现有词库暂标；仍待逐词核验","现有应用词条；词头/词性/等级仍待整体验收"
"olympisk","形容词","A2","","NTNU LearnNoW; NorweigenLearn 当前词库","10D","10","olympisk · olympisk · olympiske · mer olympisk · mest olympisk / olympisk, olympiske","奥林匹克的；奥运会的","Hun drømmer om å delta i de olympiske lekene. / Han satte ny olympisk rekord.","她梦想参加奥运会。 / 他创造了新的奥运纪录。","沿用现有词库暂标；仍待逐词核验","现有应用词条；词头/词性/等级仍待整体验收"
"ordning","名词","A2","en","NTNU LearnNoW; NorweigenLearn 当前词库","10B","10","ei/en ordning · ordninga/ordningen · ordninger · ordningene / ordningen, ordninger, ordningene","安排；制度；方案；做法（依语境）","Kommunen innfører en ny ordning for barnehageplass. / Denne ordningen gjør det enklere å bestille time.","市政府为幼儿园名额推出一项新安排。 / 这项安排让预约变得更容易。","沿用现有词库暂标；仍待逐词核验","现有应用词条；词头/词性/等级仍待整体验收"
"overtid","名词","A2","ei","NTNU LearnNoW; NorweigenLearn 当前词库","10B","10","ei/en overtid · overtida/overtiden / overtida, overtider, overtidene","加班；加班时间；超时","Jeg må jobbe overtid denne uka. / Bedriften betaler ekstra for overtid.","我这周得加班。 / 公司会为加班额外付费。","沿用现有词库暂标；仍待逐词核验","现有应用词条；词头/词性/等级仍待整体验收"
"panne","名词","A2","ei","NTNU LearnNoW; NorweigenLearn 当前词库","10A","10","ei/en panne · panna/pannen · panner · pannene / panna, panner, pannene","额头；平底锅（依语境）","Hun slo panna i skapdøra. / Jeg steker egg i ei panne.","她的额头撞到了柜门。 / 我在平底锅里煎鸡蛋。","沿用现有词库暂标；仍待逐词核验","现有应用词条；词头/词性/等级仍待整体验收"
"peke","动词","A2","å","NTNU LearnNoW; NorweigenLearn 当前词库","10C","10","å peke · peker · pekte · har pekt / peker, pekte, har pekt","指；指向；指出","Kan du peke på stedet på kartet? / Læreren pekte på tavla mens hun forklarte.","你能在地图上指出那个地方吗？ / 老师讲解时指着黑板。","沿用现有词库暂标；仍待逐词核验","现有应用词条；词头/词性/等级仍待整体验收"
"periode","名词","A2","en","NTNU LearnNoW; NorweigenLearn 当前词库","10B","10","en periode · perioden · perioder · periodene / perioden, perioder, periodene","一段时期；阶段；周期","Jeg jobbet deltid i en periode. / Denne perioden har vært travel for familien.","有一段时间我做兼职。 / 这段时间全家都很忙。","沿用现有词库暂标；仍待逐词核验","现有应用词条；词头/词性/等级仍待整体验收"
"puste","动词","A2","å","NTNU LearnNoW; NorweigenLearn 当前词库","10A","10","å puste · puster · pustet / pusta · har pustet / har pusta / puster, pustet, har pustet","呼吸；喘气","Pust rolig inn og ut. / Hun puster tungt etter løpeturen.","平静地吸气、呼气。 / 跑步后她喘得很厉害。","沿用现有词库暂标；仍待逐词核验","现有应用词条；词头/词性/等级仍待整体验收"
"pyjamasjakke","名词","A2","ei","NTNU LearnNoW; NorweigenLearn 当前词库","10A","10","ei pyjamasjakke · pyjamasjakka · pyjamasjakker · pyjamasjakkene / pyjamasjakka, pyjamasjakker, pyjamasjakkene","睡衣上衣；睡衣外套","Jeg finner ikke pyjamasjakka mi. / Denne pyjamasjakka er myk og varm.","我找不到我的睡衣上衣了。 / 这件睡衣上衣柔软又暖和。","沿用现有词库暂标；仍待逐词核验","现有应用词条；词头/词性/等级仍待整体验收"
"rask","形容词","A2","","NTNU LearnNoW; NorweigenLearn 当前词库","10D","10","rask · raskt · raske · raskere · raskest / rask, raske","快的；迅速的；利索的","Kan du gi meg et raskt svar? / Hun løper raskere enn meg.","你能尽快给我答复吗？ / 她比我跑得快。","沿用现有词库暂标；仍待逐词核验","现有应用词条；词头/词性/等级仍待整体验收"
"regne","动词","A2","å","NTNU LearnNoW; NorweigenLearn 当前词库","10A","10","å regne · regner · regnet / regna · har regnet / har regna / regner, regnet, har regnet","下雨；计算；估计","Det regner mye i Bergen i dag. / Kan du regne ut hvor mye vi skal betale?","今天卑尔根雨下得很大。 / 你能算一下我们要付多少钱吗？","沿用现有词库暂标；仍待逐词核验","现有应用词条；词头/词性/等级仍待整体验收"
"representere","动词","A2","å","NTNU LearnNoW; NorweigenLearn 当前词库","10D","10","å representere · representerer · representerte · har representert / representerer, representerte, har representert","代表；象征；代表……参赛","Hun representerer Norge i håndballturneringen. / Fargene representerer de ulike gruppene.","她代表挪威参加手球锦标赛。 / 这些颜色分别代表不同的群体。","沿用现有词库暂标；仍待逐词核验","现有应用词条；词头/词性/等级仍待整体验收"
"resept","名词","A2","en","NTNU LearnNoW; NorweigenLearn 当前词库","10C","10","en resept · resepten · resepter · reseptene / resepten, resepter, reseptene","处方","Legen skriver ut en resept. / Jeg henter medisinen på resepten.","医生开了一张处方。 / 我凭处方取药。","沿用现有词库暂标；仍待逐词核验","现有应用词条；词头/词性/等级仍待整体验收"
"rest","名词","A2","en","NTNU LearnNoW; NorweigenLearn 当前词库","10C","10","en rest · resten · rester · restene / resten, rester, restene","剩余部分；剩菜；余量","Vi spiser resten av suppa til lunsj. / Det ligger noen rester i kjøleskapet.","我们午饭把剩下的汤吃掉。 / 冰箱里还放着一些剩菜。","沿用现有词库暂标；仍待逐词核验","现有应用词条；词头/词性/等级仍待整体验收"
"risikere","动词","A2","å","NTNU LearnNoW; NorweigenLearn 当前词库","10C","10","å risikere · risikerer · risikerte · har risikert / risikerer, risikerte, har risikert","冒……的风险；有可能遭遇（不好的结果）","Hvis vi kjører nå, risikerer vi å komme for sent. / Han risikerte en bot da han parkerte der.","如果我们现在开车，就有可能迟到。 / 他把车停在那里，冒着被罚款的风险。","沿用现有词库暂标；仍待逐词核验","现有应用词条；词头/词性/等级仍待整体验收"
"rygg","名词","A2","en","NTNU LearnNoW; NorweigenLearn 当前词库","10A","10","en rygg · ryggen · rygger · ryggene / ryggen, rygger, ryggene","背；背部；脊背","Jeg har vondt i ryggen etter jobb. / Babyen ligger på ryggen.","我下班后背疼。 / 宝宝仰卧着。","沿用现有词库暂标；仍待逐词核验","现有应用词条；词头/词性/等级仍待整体验收"
"sesong","名词","A2","en","NTNU LearnNoW; NorweigenLearn 当前词库","10D","10","en sesong · sesongen · sesonger · sesongene / sesongen, sesonger, sesongene","季节；（体育/电视等）一季；旺季","Skisesongen begynner vanligvis i desember. / Laget har vunnet mange kamper denne sesongen.","滑雪季通常在十二月开始。 / 球队这个赛季赢了很多比赛。","沿用现有词库暂标；仍待逐词核验","现有应用词条；词头/词性/等级仍待整体验收"
"side","名词","A2","en","NTNU LearnNoW; NorweigenLearn 当前词库","10A","10","ei/en side · sida/siden · sider · sidene / siden, sider, sidene","一侧；边；页；方面（依语境）","Kafeen ligger på den andre siden av gata. / Les side to før timen.","咖啡馆在街道另一边。 / 上课前读第二页。","沿用现有词库暂标；仍待逐词核验","现有应用词条；词头/词性/等级仍待整体验收"
"skadet","形容词","A2","","NTNU LearnNoW; NorweigenLearn 当前词库","10D","10","skadet · skadet · skadede / skadde · mer skadet · mest skadet / skadet, skadede","受伤的；受损的；被损坏的","En skadet syklist fikk hjelp av ambulansepersonellet. / De fant et skadet dyr ved veien.","一名受伤的骑车人得到了救护人员的帮助。 / 他们在路边发现了一只受伤的动物。","沿用现有词库暂标；仍待逐词核验","现有应用词条；词头/词性/等级仍待整体验收"
"skjønne","动词","A2","å","NTNU LearnNoW; NorweigenLearn 当前词库","10C","10","å skjønne · skjønner · skjønte · har skjønt / skjønner, skjønte, har skjønt","理解；明白；懂得（常用于口语）","Nå skjønner jeg hvorfor du kom for sent. / Hun skjønte ikke beskjeden før læreren forklarte den.","现在我明白你为什么迟到了。 / 老师解释之前，她没理解那条通知。","沿用现有词库暂标；仍待逐词核验","现有应用词条；词头/词性/等级仍待整体验收"
"skogstur","名词","A2","en","NTNU LearnNoW; NorweigenLearn 当前词库","10A","10","en skogstur · skogsturen · skogsturer · skogsturene / skogsturen, skogsturer, skogsturene","森林徒步；去森林里散步/远足","Vi går en skogstur etter frokost hvis været er fint. / Skogsturen tok omtrent to timer.","如果天气好，早餐后我们去森林里走走。 / 这次森林徒步大约花了两个小时。","沿用现有词库暂标；仍待逐词核验","现有应用词条；词头/词性/等级仍待整体验收"
"skranke","名词","A2","en","NTNU LearnNoW; NorweigenLearn 当前词库","10C","10","en skranke · skranken · skranker · skrankene / skranken, skranker, skrankene","服务台；柜台；接待处","Du kan hente nøkkelen i resepsjonen ved skranken. / Skrankene på biblioteket stenger klokka fire.","你可以在接待处的柜台领取钥匙。 / 图书馆的服务台四点关闭。","沿用现有词库暂标；仍待逐词核验","现有应用词条；词头/词性/等级仍待整体验收"
"skummel","形容词","A2","","NTNU LearnNoW; NorweigenLearn 当前词库","10A","10","skummel · skummelt · skumle · skumlere · skumlest / skummelt, skumle","吓人的；阴森的；令人不安的","Det var en skummel lyd fra kjelleren. / Barna syntes skogen var skummel om kvelden.","地下室里传来一个吓人的声音。 / 孩子们觉得森林晚上很阴森。","沿用现有词库暂标；仍待逐词核验","现有应用词条；词头/词性/等级仍待整体验收"
"slapp","形容词","A2","","NTNU LearnNoW; NorweigenLearn 当前词库","10A","10","slapp · slapt · slappe · slappere · slappest / slapt, slappe","疲倦无力的；没精神的；松弛的；不严格的（依语境）","Jeg føler meg slapp etter forkjølelsen. / Gummistrikken har blitt slapp.","感冒之后我觉得浑身无力。 / 橡皮筋变松了。","沿用现有词库暂标；仍待逐词核验","现有应用词条；词头/词性/等级仍待整体验收"
"smake","动词","A2","å","NTNU LearnNoW; NorweigenLearn 当前词库","10B","10","å smake · smaker · smakte · har smakt / smaker, smakte, har smakt","尝；品尝；尝起来；有……味道","Kan jeg smake på suppa før vi serverer den? / Kaka smakte godt, men den var veldig søt.","上菜前我可以尝一下汤吗？ / 蛋糕味道不错，但非常甜。","沿用现有词库暂标；仍待逐词核验","现有应用词条；词头/词性/等级仍待整体验收"
"smertestillende","形容词","A2","","NTNU LearnNoW; NorweigenLearn 当前词库","10C","10","smertestillende · smertestillende · smertestillende","止痛的；止痛药（省略说法）","Legen anbefalte smertestillende medisin. / Hun tok smertestillende etter tannbehandlingen.","医生建议使用止痛药。 / 她看完牙后服了止痛药。","沿用现有词库暂标；仍待逐词核验","现有应用词条；词头/词性/等级仍待整体验收"
"smitte","动词","A2","å","NTNU LearnNoW; NorweigenLearn 当前词库","10A","10","å smitte · smitter · smittet / smitta · har smittet / har smitta / smitter, smittet, har smittet","传染；感染；传播（疾病或病原体）","Forkjølelse kan smitte fra person til person. / Hun ble smittet av barnet sitt.","感冒可能在人与人之间传染。 / 她被自己的孩子传染了。","沿用现有词库暂标；仍待逐词核验","现有应用词条；词头/词性/等级仍待整体验收"
"sovne","动词","A2","å","NTNU LearnNoW; NorweigenLearn 当前词库","10A","10","å sovne · sovner · sovnet / sovna · har sovnet / har sovna / sovner, sovnet, har sovnet","睡着；入睡","Barnet sovnet i bilen på vei hjem. / Jeg har vanskelig for å sovne når det er varmt.","孩子回家的路上在车里睡着了。 / 天气热时我很难入睡。","沿用现有词库暂标；仍待逐词核验","现有应用词条；词头/词性/等级仍待整体验收"
"sport","名词","A2","en","NTNU LearnNoW; NorweigenLearn 当前词库","10D","10","en sport · sporten · sporter · sportene / sporten, sporter, sportene","体育运动；运动项目；体育（活动）","Sønnen min er interessert i sport, særlig fotball. / Skolen tilbyr flere sporter etter skoletid.","我儿子喜欢体育，尤其是足球。 / 学校在放学后提供多种运动项目。","沿用现有词库暂标；仍待逐词核验","现有应用词条；词头/词性/等级仍待整体验收"
"stakkars","形容词","A2","","NTNU LearnNoW; NorweigenLearn 当前词库","10A","10","stakkars · stakkars · stakkars / stakkars, stakkars","可怜的；真不幸；真让人心疼（依语气）","Stakkars deg, du har ventet lenge. / Det stakkars barnet mistet votten sin.","真心疼你，你等了很久。 / 那个可怜的孩子把手套弄丢了。","沿用现有词库暂标；仍待逐词核验","现有应用词条；词头/词性/等级仍待整体验收"
"stanse","动词","A2","å","NTNU LearnNoW; NorweigenLearn 当前词库","10C","10","å stanse · stanser · stanset / stansa · har stanset / har stansa / stanser, stanset, har stanset","停下；使停止；拦住","Bussen stanser ved holdeplassen foran skolen. / Politiet ba sjåføren om å stanse bilen.","公交车在学校前面的站点停靠。 / 警察让司机把车停下来。","沿用现有词库暂标；仍待逐词核验","现有应用词条；词头/词性/等级仍待整体验收"
"sterk","形容词","A2","","NTNU LearnNoW; NorweigenLearn 当前词库","10D","10","sterk · sterkt · sterke · sterkere · sterkest / sterkt, sterke","强壮的；强烈的；浓的","Denne kaffen er for sterk for meg. / Han er sterk nok til å løfte esken.","这咖啡对我来说太浓了。 / 他足够强壮，可以把箱子抬起来。","沿用现有词库暂标；仍待逐词核验","现有应用词条；词头/词性/等级仍待整体验收"
"stryke","动词","A2","å","NTNU LearnNoW; NorweigenLearn 当前词库","10A","10","å stryke · stryker · strøk · har strøket / stryker, strøk, har strøket","熨烫；抚摸；划掉；不及格（依语境）","Jeg må stryke skjorta før møtet. / Læreren strøk navnet hans fra lista.","我得在开会前把衬衫熨好。 / 老师把他的名字从名单上划掉了。","沿用现有词库暂标；仍待逐词核验","现有应用词条；词头/词性/等级仍待整体验收"
"super","形容词","A2","","NTNU LearnNoW; NorweigenLearn 当前词库","10B","10","super · supert · supre · mer super · mest super / supert, supre","极好的；棒极了；超级的","Det var supert å møte dere igjen. / Vi hadde en super dag på stranda.","能再次见到你们真是太好了。 / 我们在海滩度过了很棒的一天。","沿用现有词库暂标；仍待逐词核验","现有应用词条；词头/词性/等级仍待整体验收"
"svare","动词","A2","å","NTNU LearnNoW; NorweigenLearn 当前词库","10C","10","å svare · svarer · svarte · har svart / svarer, svarte, har svart","回答；回复；回应","Hun svarer på e-posten med en gang. / Jeg svarte læreren at jeg var syk.","她马上回复这封邮件。 / 我回答老师说我病了。","沿用现有词库暂标；仍待逐词核验","现有应用词条；词头/词性/等级仍待整体验收"
"svikte","动词","A2","å","NTNU LearnNoW; NorweigenLearn 当前词库","10C","10","å svikte · svikter · sviktet / svikta · har sviktet / har svikta / svikter, sviktet, har sviktet","辜负；背弃；失灵；衰竭（依语境）","Jeg vil ikke svikte vennene mine. / Batteriet sviktet midt under turen.","我不想辜负我的朋友们。 / 途中电池突然失灵了。","沿用现有词库暂标；仍待逐词核验","现有应用词条；词头/词性/等级仍待整体验收"
"tablett","名词","A2","en","NTNU LearnNoW; NorweigenLearn 当前词库","10C","10","en tablett · tabletten · tabletter · tablettene / tabletten, tabletter, tablettene","药片；片剂","Du kan ta én tablett med vann. / Apoteket anbefaler tabletter mot hodepine.","你可以用水服一片药。 / 药房推荐用于头痛的药片。","沿用现有词库暂标；仍待逐词核验","现有应用词条；词头/词性/等级仍待整体验收"
"tåke","名词","A2","ei","NTNU LearnNoW; NorweigenLearn 当前词库","10B","10","ei/en tåke · tåka/tåken · tåker · tåkene / tåka, tåker, tåkene","雾；浓雾","Det er tett tåke på veien i dag. / Tåka lettet da sola kom fram.","今天路上有浓雾。 / 太阳出来后雾散了。","沿用现有词库暂标；仍待逐词核验","现有应用词条；词头/词性/等级仍待整体验收"
"taktikk","名词","A2","en","NTNU LearnNoW; NorweigenLearn 当前词库","10D","10","en taktikk · taktikken · taktikker · taktikkene / taktikken, taktikker, taktikkene","策略；战术；方法","Treneren forklarte en ny taktikk før kampen. / Å øve litt hver dag er en god taktikk for å lære språk.","教练在比赛前讲解了一种新战术。 / 每天练习一点是学习语言的好策略。","沿用现有词库暂标；仍待逐词核验","现有应用词条；词头/词性/等级仍待整体验收"
"tann","名词","A2","ei","NTNU LearnNoW; NorweigenLearn 当前词库","10C","10","ei/en tann · tanna/tannen · tenner · tennene / tanna, tenner, tennene","牙齿","Jeg pusser tennene hver morgen. / Hun må bestille time hos tannlegen.","我每天早上刷牙。 / 她得预约看牙医。","沿用现有词库暂标；仍待逐词核验","现有应用词条；词头/词性/等级仍待整体验收"
"tannlege","名词","A2","en","NTNU LearnNoW; NorweigenLearn 当前词库","10C","10","en tannlege · tannlegen · tannleger · tannlegene / tannlegen, tannleger, tannlegene","牙医；牙科医生","Jeg skal til tannlegen på torsdag. / Tannlegen undersøkte tennene mine.","我星期四要去看牙医。 / 牙医检查了我的牙齿。","沿用现有词库暂标；仍待逐词核验","现有应用词条；词头/词性/等级仍待整体验收"
"tannlegetime","名词","A2","en","NTNU LearnNoW; NorweigenLearn 当前词库","10C","10","en tannlegetime · tannlegetimen · tannlegetimer · tannlegetimene / tannlegetimen, tannlegetimer, tannlegetimene","牙医预约；看牙医的时间/诊疗预约","Jeg må bestille en tannlegetime. / Tannlegetimen er klokka ni.","我得预约一次看牙。 / 牙医预约在九点。","沿用现有词库暂标；仍待逐词核验","现有应用词条；词头/词性/等级仍待整体验收"
"tegnefilm","名词","A2","en","NTNU LearnNoW; NorweigenLearn 当前词库","10B","10","en tegnefilm · tegnefilmen · tegnefilmer · tegnefilmene / tegnefilmen, tegnefilmer, tegnefilmene","动画片；卡通片","Barna ser en tegnefilm etter middagen. / Den norske tegnefilmen passer for hele familien.","孩子们晚饭后看一部动画片。 / 这部挪威动画片适合全家观看。","沿用现有词库暂标；仍待逐词核验","现有应用词条；词头/词性/等级仍待整体验收"
"temperatur","名词","A2","en","NTNU LearnNoW; NorweigenLearn 当前词库","10A","10","en temperatur · temperaturen · temperaturer · temperaturene / temperaturen, temperaturer, temperaturene","温度","Temperaturen er fem grader nå. / Det er store temperaturforskjeller her.","现在温度是五度。 / 这里温差很大。","沿用现有词库暂标；仍待逐词核验","现有应用词条；词头/词性/等级仍待整体验收"
"termometer","名词","A2","et","NTNU LearnNoW; NorweigenLearn 当前词库","10A","10","et termometer · termometeret · termometre · termometrene / termometeret, termometer, termometerne","温度计；体温计（依语境）","Vi målte barnets temperatur med et termometer. / Termometeret viser fem grader.","我们用体温计测了孩子的体温。 / 温度计显示五度。","沿用现有词库暂标；仍待逐词核验","现有应用词条；词头/词性/等级仍待整体验收"
"tøff","形容词","A2","","NTNU LearnNoW; NorweigenLearn 当前词库","10D","10","tøff · tøft · tøffe · tøffere · tøffest / tøft, tøffe","艰难的；强悍的；酷的；严厉的（依语境）","Det var en tøff uke på jobben. / Hun er tøff nok til å prøve igjen.","那是工作上很辛苦的一周。 / 她足够坚强，愿意再试一次。","沿用现有词库暂标；仍待逐词核验","现有应用词条；词头/词性/等级仍待整体验收"
"tran","名词","A2","ei","NTNU LearnNoW; NorweigenLearn 当前词库","10B","10","tran · trana/tranen / trana","鱼肝油（通常指鳕鱼肝油）","Mange barn tar tran om vinteren. / Jeg tar en skje tran før frokost.","很多孩子冬天会服用鱼肝油。 / 我早餐前喝一勺鱼肝油。","沿用现有词库暂标；仍待逐词核验","现有应用词条；词头/词性/等级仍待整体验收"
"trankapsel","名词","A2","en","NTNU LearnNoW; NorweigenLearn 当前词库","10B","10","en trankapsel · trankapselen · trankapsler · trankapslene / trankapselen, trankapsler, trankapslene","鱼肝油胶囊；鳕鱼肝油胶囊","Bestefar tar en trankapsel hver morgen. / Hun kjøpte en pakke trankapsler på apoteket.","爷爷每天早上服一粒鱼肝油胶囊。 / 她在药房买了一包鱼肝油胶囊。","沿用现有词库暂标；仍待逐词核验","现有应用词条；词头/词性/等级仍待整体验收"
"travel","形容词","A2","","NTNU LearnNoW; NorweigenLearn 当前词库","10B","10","travel · travelt · travle · travlere · travlest / travelt, travle","忙碌的；事情多的；忙得不可开交的","Jeg har det travelt før ferien. / Det blir travelt på apoteket i desember.","假期前我很忙。 / 药店十二月会很忙。","沿用现有词库暂标；仍待逐词核验","现有应用词条；词头/词性/等级仍待整体验收"
"trekke","动词","A2","å","NTNU LearnNoW; NorweigenLearn 当前词库","10C","10","å trekke · trekker · trakk · har trukket / trekker, trakk, har trukket","拉；拖；抽出；吸入；扣除；撤回（依语境）","Husk å trekke pusten rolig før du begynner. / Butikken trakk ti kroner fra prisen.","开始前记得平静地吸一口气。 / 商店从价格中减了十克朗。","沿用现有词库暂标；仍待逐词核验","现有应用词条；词头/词性/等级仍待整体验收"
"trener","名词","A2","en","NTNU LearnNoW; NorweigenLearn 当前词库","10D","10","en trener · treneren · trenere · trenerne / treneren, trenere, trenerne","教练；训练者；指导员","Treneren viser laget en ny øvelse. / Barna snakker med trenerne etter kampen.","教练向球队演示一个新练习。 / 孩子们赛后和教练们交谈。","沿用现有词库暂标；仍待逐词核验","现有应用词条；词头/词性/等级仍待整体验收"
"trening","名词","A2","ei","NTNU LearnNoW; NorweigenLearn 当前词库","10D","10","ei/en trening · treninga/treningen · treninger · treningene / treninga, treninger, treningene","训练；锻炼；一次训练课","Jeg går på trening etter jobb. / Treningen begynner klokka seks.","我下班后去锻炼。 / 训练六点开始。","沿用现有词库暂标；仍待逐词核验","现有应用词条；词头/词性/等级仍待整体验收"
"tro","动词","A2","å","NTNU LearnNoW; NorweigenLearn 当前词库","10A","10","å tro · tror · trodde · har trodd / tror, trodde, har trodd","相信；认为；以为；信仰","Jeg tror at bussen kommer om fem minutter. / Hun tror på seg selv og tør å snakke norsk.","我想公交车五分钟后会来。 / 她相信自己，也敢于说挪威语。","沿用现有词库暂标；仍待逐词核验","现有应用词条；词头/词性/等级仍待整体验收"
"tydelig","形容词","A2","","NTNU LearnNoW; NorweigenLearn 当前词库","10A","10","tydelig · tydelig · tydelige · tydeligere · tydeligst / tydeligste / tydelig, tydelige","清楚的；明确的；明显的","Kan du snakke litt tydeligere? / Læreren ga en tydelig forklaring.","你能说得再清楚一点吗？ / 老师给出了清楚的解释。","沿用现有词库暂标；仍待逐词核验","现有应用词条；词头/词性/等级仍待整体验收"
"urolig","形容词","A2","","NTNU LearnNoW; NorweigenLearn 当前词库","10A","10","urolig · urolig · urolige · uroligere / mer urolig · uroligst / mest urolig / urolig, urolige","担心的；焦躁不安的；不平静的","Hun er urolig for sønnen sin. / Barnet sov dårlig etter en urolig natt.","她很担心自己的儿子。 / 经历了一个不安稳的夜晚后，孩子睡得不好。","沿用现有词库暂标；仍待逐词核验","现有应用词条；词头/词性/等级仍待整体验收"
"utslett","名词","A2","et","NTNU LearnNoW; NorweigenLearn 当前词库","10A","10","et utslett · utslettet · utslett · utslettene / utslettet, utslett, utslettene","皮疹；疹子；皮肤红疹","Barnet fikk utslett etter å ha spist nøtter. / Utslettet klør, så jeg ringer legen.","孩子吃了坚果后起了皮疹。 / 疹子很痒，所以我要给医生打电话。","沿用现有词库暂标；仍待逐词核验","现有应用词条；词头/词性/等级仍待整体验收"
"vare","动词","A2","å","NTNU LearnNoW; NorweigenLearn 当前词库","10C","10","å vare · varer · varte · har vart / varer, varte, har vart","持续；维持；耐用；保存（依语境）","Filmen varer i nesten to timer. / Tilbudet varer bare til fredag.","这部电影持续将近两个小时。 / 优惠只持续到星期五。","沿用现有词库暂标；仍待逐词核验","现有应用词条；词头/词性/等级仍待整体验收"
"varmegrad","名词","A2","en","NTNU LearnNoW; NorweigenLearn 当前词库","10A","10","en varmegrad · varmegraden · varmegrader · varmegradene / varmegraden, varmegrader, varmegradene","摄氏度中的正温度度数；一度暖温","Det blir tre varmegrader i Oslo i morgen. / Om natta kan temperaturen synke til én varmegrad.","奥斯陆明天会有零上三摄氏度。 / 夜间气温可能降到零上一度。","沿用现有词库暂标；仍待逐词核验","现有应用词条；词头/词性/等级仍待整体验收"
"videre","形容词","A2","","NTNU LearnNoW; NorweigenLearn 当前词库","10B","10","videre","更宽的；更广的；进一步（依语境）","Vi trenger et videre område til prosjektet. / Etter pausen gikk møtet videre.","这个项目需要一个更宽广的区域。 / 休息后会议继续进行。","沿用现有词库暂标；仍待逐词核验","现有应用词条；词头/词性/等级仍待整体验收"
"virkelig","副词","A2","","NTNU LearnNoW; NorweigenLearn 当前词库","10B","10","virkelig · virkelig · virkelige · mer virkelig · mest virkelig","真的；确实；非常（加强语气）","Er du virkelig sikker på at døra er låst? / Jeg er virkelig glad for at du kunne komme.","你真的确定门锁好了吗？ / 你能来我真的很高兴。","沿用现有词库暂标；仍待逐词核验","现有应用词条；词头/词性/等级仍待整体验收"
"alder","名词","A2","en","NTNU LearnNoW; NorweigenLearn 当前词库","11D","11","alderen, aldre, aldrene / en alder · alderen · aldere / aldre · alderne / aldrene","年龄；年纪；时期/阶段（依语境）","Barn i alle aldre kan delta på arrangementet. / Hun begynte å lære norsk i en alder av tretti år.","各个年龄段的孩子都可以参加活动。 / 她三十岁时开始学习挪威语。","沿用现有词库暂标；仍待逐词核验","现有应用词条；词头/词性/等级仍待整体验收"
"årstid","名词","A2","ei","NTNU LearnNoW; NorweigenLearn 当前词库","11B","11","årstida, årstider, årstidene / ei/en årstid · årstida / årstiden · årstider · årstidene","季节；一年中的时节","Hvilken årstid liker du best? / Om vinteren er det mørkt store deler av dagen.","你最喜欢哪个季节？ / 冬天一天中很长时间都是黑的。","沿用现有词库暂标；仍待逐词核验","现有应用词条；词头/词性/等级仍待整体验收"
"begeistret","形容词","A2","","NTNU LearnNoW; NorweigenLearn 当前词库","11A","11","begeistret / begeistra · begeistret · begeistret / begeistrede · mer begeistret · mest begeistret / begeistret, begeistrede","兴奋的；热情的；非常感兴趣的","Barna er begeistret for den nye lekeplassen. / Hun var ikke særlig begeistret for planen.","孩子们对这个新游乐场很兴奋。 / 她对这个计划并不是特别热衷。","沿用现有词库暂标；仍待逐词核验","现有应用词条；词头/词性/等级仍待整体验收"
"bitte","副词","A2","","NTNU LearnNoW; NorweigenLearn 当前词库","11B","11","bitte","稍微；一点点；很（加强语气，依搭配）","Kan du vente bitte litt? / De hadde bitte små sko på utstillingen.","你能稍微等一下吗？ / 展览上摆着非常小的鞋子。","沿用现有词库暂标；仍待逐词核验","现有应用词条；词头/词性/等级仍待整体验收"
"bratt","形容词","A2","","NTNU LearnNoW; NorweigenLearn 当前词库","11B","11","bratt · bratt · bratte · brattere · brattest / bratt, bratte","陡的；陡峭的；（曲线）急剧的","Veien opp til hytta er veldig bratt. / Grafen viser et bratt fall i salget.","通往小木屋的路很陡。 / 图表显示销量急剧下滑。","沿用现有词库暂标；仍待逐词核验","现有应用词条；词头/词性/等级仍待整体验收"
"bryllup","名词","A2","et","NTNU LearnNoW; NorweigenLearn 当前词库","11C","11","bryllupet, brylluper, bryllupene / et bryllup · bryllupet · bryllup · bryllupene","婚礼；婚宴；婚礼庆典","Vi skal i bryllup til søsteren hennes i juni. / Bryllupet var lite, men veldig hyggelig.","我们六月要参加她姐姐 / 妹妹的婚礼。 / 婚礼规模不大，但非常愉快。","沿用现有词库暂标；仍待逐词核验","现有应用词条；词头/词性/等级仍待整体验收"
"dikt","名词","A2","et","NTNU LearnNoW; NorweigenLearn 当前词库","11B","11","diktet, dikt, diktene / et dikt · diktet · dikt · diktene","诗；诗歌（通常指一首）","Elevene skrev et dikt om høsten. / Hun leste diktene høyt for barna.","学生们写了一首关于秋天的诗。 / 她把那些诗大声读给孩子们听。","沿用现有词库暂标；仍待逐词核验","现有应用词条；词头/词性/等级仍待整体验收"
"dokke","名词","A2","ei","NTNU LearnNoW; NorweigenLearn 当前词库","11A","11","dokka, dokker, dokkene / ei/en dokke · dokka/dokken · dokker · dokkene","玩偶；娃娃；（口语/方言）木偶","Lillesøsteren min leker med ei dokke. / Dokka ligger i senga ved siden av bamsen.","我妹妹在玩一个娃娃。 / 娃娃躺在泰迪熊旁边的床上。","沿用现有词库暂标；仍待逐词核验","现有应用词条；词头/词性/等级仍待整体验收"
"dokketeater","名词","A2","et","NTNU LearnNoW; NorweigenLearn 当前词库","11A","11","dokketeateret, dokketeatre, dokketeatrene / et dokketeater · dokketeateret · dokketeatre · dokketeatrene","木偶戏；木偶剧场","Barna så dokketeater på biblioteket. / Kulturskolen har et lite dokketeater.","孩子们在图书馆看了木偶戏。 / 文化学校有一个小木偶剧场。","沿用现有词库暂标；仍待逐词核验","现有应用词条；词头/词性/等级仍待整体验收"
"ekte","形容词","A2","","NTNU LearnNoW; NorweigenLearn 当前词库","11B","11","ekte · ekte · ekte · mer ekte · mest ekte / ekte, ekte","真的；真正的；真诚的；亲生的（依语境）","Hun kjøpte et ekte sølvsmykke. / Det var en ekte glede å møte familien igjen.","她买了一件真正的银饰。 / 再次见到家人真是由衷的喜悦。","沿用现有词库暂标；仍待逐词核验","现有应用词条；词头/词性/等级仍待整体验收"
"ektepar","名词","A2","et","NTNU LearnNoW; NorweigenLearn 当前词库","11A","11","ekteparet, ektepar, ekteparene / et ektepar · ekteparet · ektepar · ekteparene","一对夫妻；已婚夫妇","Et eldre ektepar bor i huset ved siden av. / Ekteparet har bodd her i mange år.","隔壁那栋房子里住着一对年长夫妻。 / 这对夫妻已经在这里住了很多年。","沿用现有词库暂标；仍待逐词核验","现有应用词条；词头/词性/等级仍待整体验收"
"eventyr","名词","A2","et","NTNU LearnNoW; NorweigenLearn 当前词库","11A","11","et eventyr · eventyret · eventyr · eventyrene / eventyret, eventyr, eventyrene","童话；冒险；奇妙经历","Bestefar leser et eventyr for barna. / Turen til fjellet ble et lite eventyr.","爷爷给孩子们读一个童话。 / 这趟山区之旅成了一次小小的冒险。","沿用现有词库暂标；仍待逐词核验","现有应用词条；词头/词性/等级仍待整体验收"
"fan","名词","A2","en","NTNU LearnNoW; NorweigenLearn 当前词库","11D","11","en fan · fanen · fans · fansene / fansen, fans, fansene","粉丝；热情支持者；爱好者","Hun er fan av dette bandet. / Fotballfans fra hele landet kom til kampen.","她是这个乐队的粉丝。 / 来自全国各地的足球迷都来观看比赛了。","沿用现有词库暂标；仍待逐词核验","现有应用词条；词头/词性/等级仍待整体验收"
"fantastisk","形容词","A2","","NTNU LearnNoW; NorweigenLearn 当前词库","11C","11","fantastisk · fantastisk · fantastiske · mer fantastisk · mest fantastisk / fantastisk, fantastiske","极好的；精彩的；令人惊叹的；难以置信的（依语境）","Vi hadde en fantastisk ferie i Nord-Norge. / Det var fantastisk å møte alle igjen.","我们在挪威北部度过了一个非常棒的假期。 / 能再次见到大家真是太好了。","沿用现有词库暂标；仍待逐词核验","现有应用词条；词头/词性/等级仍待整体验收"
"fiskelykke","名词","A2","en","NTNU LearnNoW; NorweigenLearn 当前词库","11B","11","ei/en fiskelykke · fiskelykka/fiskelykken / fiskelykken, fiskelykker, fiskelykkene","钓鱼运气；钓到鱼的好运","Vi hadde god fiskelykke ved innsjøen. / Jeg ønsker deg fiskelykke i helgen.","我们在湖边钓鱼收获不错。 / 祝你周末钓鱼好运。","沿用现有词库暂标；仍待逐词核验","现有应用词条；词头/词性/等级仍待整体验收"
"fiskestang","名词","A2","ei","NTNU LearnNoW; NorweigenLearn 当前词库","11B","11","en fiskestang · fiskestanga/fiskestangen · fiskestenger · fiskestengene / fiskestanga, fiskestanger, fiskestangene","鱼竿；钓鱼竿","Bestefar lærte meg å fiske med fiskestang. / Vi tok med fiskestengene ned til vannet.","爷爷教我用鱼竿钓鱼。 / 我们把鱼竿带到了湖边。","沿用现有词库暂标；仍待逐词核验","现有应用词条；词头/词性/等级仍待整体验收"
"fjell","名词","A2","et","NTNU LearnNoW; NorweigenLearn 当前词库","11B","11","et fjell · fjellet · fjell · fjellene / fjellet, fjell, fjellene","山；山地；高山","Vi går en tur på fjellet hvis været er fint. / Det høyeste fjellet i området er dekket av snø.","如果天气好，我们就去山里走走。 / 这个地区最高的山被积雪覆盖。","沿用现有词库暂标；仍待逐词核验","现有应用词条；词头/词性/等级仍待整体验收"
"flyplass","名词","A2","en","NTNU LearnNoW; NorweigenLearn 当前词库","11D","11","en flyplass · flyplassen · flyplasser · flyplassene / flyplassen, flyplasser, flyplassene","机场；飞机场","Vi må være på flyplassen to timer før avgang. / Flyplassen ligger utenfor sentrum.","我们必须在起飞前两小时到机场。 / 机场位于市中心外面。","沿用现有词库暂标；仍待逐词核验","现有应用词条；词头/词性/等级仍待整体验收"
"folk","名词","A2","et","NTNU LearnNoW; NorweigenLearn 当前词库","11A","11","et folk · folket · folk · folkene / folket, folk, folkene","人们；人民；民族；一群人（依语境）","Det bor folk i alle husene i gata. / Mange folk bruker bussen om morgenen.","这条街上的每栋房子里都住着人。 / 很多人早上乘公交车。","沿用现有词库暂标；仍待逐词核验","现有应用词条；词头/词性/等级仍待整体验收"
"forestilling","名词","A2","en","NTNU LearnNoW; NorweigenLearn 当前词库","11A","11","en forestilling · forestillingen · forestillinger · forestillingene / forestillingen, forestillinger, forestillingene","演出；表演；想象；看法","Vi så en morsom forestilling på teatret. / Jeg hadde en helt annen forestilling om stedet.","我们在剧院看了一场有趣的演出。 / 我原本对那个地方有完全不同的想象。","沿用现有词库暂标；仍待逐词核验","现有应用词条；词头/词性/等级仍待整体验收"
"galleri","名词","A2","et","NTNU LearnNoW; NorweigenLearn 当前词库","11C","11","et galleri · galleriet · gallerier · galleriene / galleriet, gallerier, galleriene","画廊；美术馆；（建筑中的）楼座","Vi besøkte et lite galleri i sentrum. / Galleriet viser bilder av norske kunstnere.","我们参观了市中心的一家小画廊。 / 这家画廊展出挪威艺术家的画作。","沿用现有词库暂标；仍待逐词核验","现有应用词条；词头/词性/等级仍待整体验收"
"gammeldags","形容词","A2","","NTNU LearnNoW; NorweigenLearn 当前词库","11B","11","gammeldags · gammeldags · gammeldagse · mer gammeldags · mest gammeldags / gammeldags, gammeldagse","老式的；过时的；传统的","Bestefar har et gammeldags kjøkken. / Noen synes at denne regelen virker gammeldags.","爷爷家有一间老式厨房。 / 有些人觉得这条规定显得过时。","沿用现有词库暂标；仍待逐词核验","现有应用词条；词头/词性/等级仍待整体验收"
"gratis","形容词","A2","","NTNU LearnNoW; NorweigenLearn 当前词库","11D","11","gratis · gratis · gratis · mer gratis · mest gratis / gratis, gratis","免费的；无偿的；免费地","Barn under seks år kommer inn gratis. / Biblioteket tilbyr gratis norskkurs.","六岁以下儿童可以免费入场。 / 图书馆提供免费的挪威语课程。","沿用现有词库暂标；仍待逐词核验","现有应用词条；词头/词性/等级仍待整体验收"
"hjelpsom","形容词","A2","","NTNU LearnNoW; NorweigenLearn 当前词库","11A","11","hjelpsom · hjelpsomt · hjelpsomme · hjelpsommere · hjelpsomst / hjelpsomt, hjelpsome","乐于助人的；有帮助的","Naboen var veldig hjelpsom da vi flyttet. / Takk for et hjelpsomt svar.","我们搬家时，邻居非常乐于帮忙。 / 谢谢你提供了有帮助的答复。","沿用现有词库暂标；仍待逐词核验","现有应用词条；词头/词性/等级仍待整体验收"
"hjemover","副词","A2","","NTNU LearnNoW; NorweigenLearn 当前词库","11D","11","hjemover","朝家；往回家的方向","Vi begynner å gå hjemover før det blir mørkt. / Etter besøket kjørte de hjemover.","天黑前我们开始往家走。 / 拜访结束后，他们开车往家返。","沿用现有词库暂标；仍待逐词核验","现有应用词条；词头/词性/等级仍待整体验收"
"hull","名词","A2","et","NTNU LearnNoW; NorweigenLearn 当前词库","11B","11","et hull · hullet · hull · hullene / hullet, hull, hullene","洞；孔；缺口；（道路上的）坑","Det er et hull i buksa mi. / Vi må kjøre sakte fordi det er mange hull i veien.","我的裤子上有个洞。 / 路上有很多坑，我们必须慢慢开。","沿用现有词库暂标；仍待逐词核验","现有应用词条；词头/词性/等级仍待整体验收"
"hyle","动词","A2","å","NTNU LearnNoW; NorweigenLearn 当前词库","11D","11","å hyle · hyler · hylte · har hylt / hyler, hylte, har hylt","尖叫；嚎叫；发出刺耳声","Barna hylte av glede da snøen kom. / Vinden hylte rundt huset hele natta.","下雪时孩子们高兴得尖叫起来。 / 整夜风都在房子周围呼啸。","沿用现有词库暂标；仍待逐词核验","现有应用词条；词头/词性/等级仍待整体验收"
"hyling","名词","A2","en","NTNU LearnNoW; NorweigenLearn 当前词库","11D","11","en hyling · hylingen · hylinger · hylingene / hylingen, hylinger, hylingene","嚎叫；尖叫；大声哭喊","Det kom hyling og applaus fra publikum. / Hylingen fra vinden vekket barna.","观众中响起了尖叫和掌声。 / 风的呼啸声把孩子们吵醒了。","沿用现有词库暂标；仍待逐词核验","现有应用词条；词头/词性/等级仍待整体验收"
"innover","介词","A2","","NTNU LearnNoW; NorweigenLearn 当前词库","11B","11","innover","朝……里面；向内；向内陆方向","Vi gikk lange turer innover fjellet. / Vannet flommet innover markene.","我们常常往山里走很远。 / 水向田野深处漫去。","沿用现有词库暂标；仍待逐词核验","现有应用词条；词头/词性/等级仍待整体验收"
"invitasjon","名词","A2","en","NTNU LearnNoW; NorweigenLearn 当前词库","11C","11","en invitasjon · invitasjonen · invitasjoner · invitasjonene / invitasjonen, invitasjoner, invitasjonene","邀请；请柬；邀请函","Vi fikk en invitasjon til bryllupet deres. / Hun sendte invitasjonene på e-post.","我们收到了参加他们婚礼的邀请。 / 她通过电子邮件发出了邀请函。","沿用现有词库暂标；仍待逐词核验","现有应用词条；词头/词性/等级仍待整体验收"
"kaos","名词","A2","et","NTNU LearnNoW; NorweigenLearn 当前词库","11D","11","et kaos · kaoset · kaos · kaosene / kaoset","混乱；一团糟；无秩序状态","Det var kaos på stasjonen etter at toget ble forsinket. / Vi må rydde opp i kaoset på kjøkkenet.","火车晚点后，车站一片混乱。 / 我们得收拾厨房里这一团糟。","沿用现有词库暂标；仍待逐词核验","现有应用词条；词头/词性/等级仍待整体验收"
"kjølig","形容词","A2","","NTNU LearnNoW; NorweigenLearn 当前词库","11B","11","kjølig · kjølig · kjølige · kjøligere · kjøligst / kjølig, kjølige","凉的；凉爽的；冷淡的","Det er kjølig om kvelden, så ta med en jakke. / Hun fikk et kjølig svar fra kontoret.","晚上有点凉，带件夹克吧。 / 她从办公室得到一个冷淡的答复。","沿用现有词库暂标；仍待逐词核验","现有应用词条；词头/词性/等级仍待整体验收"
"kor","名词","A2","et","NTNU LearnNoW; NorweigenLearn 当前词库","11C","11","et kor · koret · kor · korene / koret, kor, korene","合唱团；合唱队","Datteren min synger i et kor hver torsdag. / Koret øver før konserten.","我女儿每周四都参加合唱团唱歌。 / 合唱团在音乐会前排练。","沿用现有词库暂标；仍待逐词核验","现有应用词条；词头/词性/等级仍待整体验收"
"kultur","名词","A2","en","NTNU LearnNoW; NorweigenLearn 当前词库","11C","11","en kultur · kulturen · kulturer · kulturene / kulturen, kulturer, kulturene","文化；栽培；培养物（依语境）","Museet viser fram norsk kultur og historie. / Det tar tid å bli kjent med en ny kultur.","博物馆展示挪威的文化和历史。 / 熟悉一种新文化需要时间。","沿用现有词库暂标；仍待逐词核验","现有应用词条；词头/词性/等级仍待整体验收"
"kunst","名词","A2","en","NTNU LearnNoW; NorweigenLearn 当前词库","11C","11","en kunst · kunsten · kunster · kunstene / kunsten, kunster, kunstene","艺术；艺术作品/门道（依语境）","Vi så moderne kunst på museet. / Hun kjenner kunsten å få alle til å le.","我们在博物馆看了现代艺术。 / 她懂得如何让所有人发笑。","沿用现有词库暂标；仍待逐词核验","现有应用词条；词头/词性/等级仍待整体验收"
"larm","名词","A2","en","NTNU LearnNoW; NorweigenLearn 当前词库","11B","11","en larm · larmen · larmer · larmene / larmen","喧闹声；嘈杂声；轰鸣","Larmen fra veien gjør det vanskelig å sove. / Vi hørte larm fra byggeplassen.","道路传来的喧闹声让人难以入睡。 / 我们听见建筑工地传来嘈杂声。","沿用现有词库暂标；仍待逐词核验","现有应用词条；词头/词性/等级仍待整体验收"
"ligne","动词","A2","å","NTNU LearnNoW; NorweigenLearn 当前词库","11D","11","å ligne · ligner · lignet · har lignet / ligner, lignet, har lignet","像；与……相似；看起来像","Datteren ligner på moren sin. / De to søstrene ligner hverandre veldig.","女儿长得像她妈妈。 / 这姐妹俩彼此非常相像。","沿用现有词库暂标；仍待逐词核验","现有应用词条；词头/词性/等级仍待整体验收"
"liv","名词","A2","et","NTNU LearnNoW; NorweigenLearn 当前词库","11B","11","et liv · livet · liv · liva / livene / livet, liv, livene","生命；生活；人生；热闹/活力（依语境）","Hun vil leve et rolig liv nær naturen. / Det er mye liv i sentrum på lørdager.","她想在靠近大自然的地方过平静的生活。 / 周六市中心很热闹。","沿用现有词库暂标；仍待逐词核验","现有应用词条；词头/词性/等级仍待整体验收"
"love","动词","A2","å","NTNU LearnNoW; NorweigenLearn 当前词库","11D","11","love · lover · lovet · lovet / lover, lovte, har lovt","答应；承诺；保证；发誓","Jeg lover å ringe deg etter møtet. / Hun holdt det hun hadde lovet.","我答应开完会后给你打电话。 / 她兑现了自己的承诺。","沿用现有词库暂标；仍待逐词核验","现有应用词条；词头/词性/等级仍待整体验收"
"lukte","动词","A2","å","NTNU LearnNoW; NorweigenLearn 当前词库","11B","11","å lukte · lukter · luktet · har luktet / lukter, luktet, har luktet","闻；闻起来；有气味","Lukter melka surt? / Hunden lukter på skoene ved døra.","牛奶闻起来有酸味吗？ / 狗在闻门边的鞋子。","沿用现有词库暂标；仍待逐词核验","现有应用词条；词头/词性/等级仍待整体验收"
"lykke","名词","A2","en","NTNU LearnNoW; NorweigenLearn 当前词库","11D","11","ei lykke · lykka · lykker · lykkene / lykken, lykker, lykkene","幸福；快乐；幸运（依语境）","Lykke til på norskkurset i morgen! / Det var ren lykke å møte familien igjen.","祝你明天的挪威语课顺利！ / 再次见到家人真是莫大的幸福。","沿用现有词库暂标；仍待逐词核验","现有应用词条；词头/词性/等级仍待整体验收"
"maleri","名词","A2","et","NTNU LearnNoW; NorweigenLearn 当前词库","11C","11","et maleri · maleriet · malerier · maleriene / maleriet, malerier, maleriene","绘画作品；油画；画作","Hun kjøpte et maleri av en lokal kunstner. / Maleriet henger over sofaen.","她买了一幅当地艺术家的画。 / 那幅画挂在沙发上方。","沿用现有词库暂标；仍待逐词核验","现有应用词条；词头/词性/等级仍待整体验收"
"melding","名词","A2","ei","NTNU LearnNoW; NorweigenLearn 当前词库","11D","11","ei/en melding · meldinga / meldingen · meldinger · meldingene / meldinga, meldinger, meldingene","消息；通知；简短报告；短信（依语境）","Jeg sender deg en melding når toget kommer. / Hun fikk melding om at timen var avlyst.","火车到了我给你发消息。 / 她收到通知，说预约取消了。","沿用现有词库暂标；仍待逐词核验","现有应用词条；词头/词性/等级仍待整体验收"
"miste","动词","A2","å","NTNU LearnNoW; NorweigenLearn 当前词库","11A","11","miste · mister · mistet / mista · mistet / mista / mister, mistet, har mistet","失去；弄丢；错过（车、机会等）","Jeg mistet nøklene på vei hjem. / Hvis vi går nå, rekker vi bussen og mister den ikke.","我回家的路上把钥匙弄丢了。 / 如果现在走，我们赶得上公交，不会错过它。","沿用现有词库暂标；仍待逐词核验","现有应用词条；词头/词性/等级仍待整体验收"
"nasjonalgalleri","名词","A2","et","NTNU LearnNoW; NorweigenLearn 当前词库","11C","11","et nasjonalgalleri · nasjonalgalleriet · nasjonalgallerier · nasjonalgalleriene / nasjonalgalleriet, nasjonalgallerier, nasjonalgalleriene","国家美术馆；国家级美术馆","Vi besøkte et nasjonalgalleri på reisen. / Bildene skal stilles ut på nasjonalgalleriet.","我们旅行时参观了一家国家美术馆。 / 这些画将在国家美术馆展出。","沿用现有词库暂标；仍待逐词核验","现有应用词条；词头/词性/等级仍待整体验收"
"natur","名词","A2","en","NTNU LearnNoW; NorweigenLearn 当前词库","11B","11","en natur · naturen · naturer · naturene / naturen, naturer, naturene","自然；大自然；天性/性质（依语境）","Vi liker å gå tur i naturen i helgene. / Hun er rolig av natur.","我们喜欢周末到大自然里散步。 / 她天生性格沉稳。","沿用现有词库暂标；仍待逐词核验","现有应用词条；词头/词性/等级仍待整体验收"
"nede","副词","A2","","NTNU LearnNoW; NorweigenLearn 当前词库","11B","11","nede","在下面；楼下；较低处；停止运行（依语境）","Barna venter nede ved inngangen. / Nettbanken er nede akkurat nå.","孩子们在楼下入口处等着。 / 网上银行现在暂时无法使用。","沿用现有词库暂标；仍待逐词核验","现有应用词条；词头/词性/等级仍待整体验收"
"nordmann","名词","A2","en","NTNU LearnNoW; NorweigenLearn 当前词库","11B","11","en nordmann · nordmannen · nordmenn · nordmennene / nordmannen, nordmenn, nordmennene","挪威人；一位挪威人","Jeg snakket med en nordmann på toget. / Mange nordmenn går på ski om vinteren.","我在火车上和一位挪威人聊了天。 / 很多挪威人冬天滑雪。","沿用现有词库暂标；仍待逐词核验","现有应用词条；词头/词性/等级仍待整体验收"
"opera","名词","A2","en","NTNU LearnNoW; NorweigenLearn 当前词库","11C","11","en opera · operaen · operaer · operaene / operaen, operaer, operaene","歌剧；歌剧院（依语境）","Vi skal se en opera på fredag. / Operaen i Oslo ligger ved fjorden.","我们星期五要去看一场歌剧。 / 奥斯陆歌剧院位于峡湾边。","沿用现有词库暂标；仍待逐词核验","现有应用词条；词头/词性/等级仍待整体验收"
"oppleve","动词","A2","å","NTNU LearnNoW; NorweigenLearn 当前词库","11C","11","oppleve · opplever · opplevde · opplevd / opplever, opplevde, har opplevd","经历；体验；感受到；认为/感受某种处境","Vi opplevde mye spennende på reisen til Tromsø. / Hvordan opplever du den nye jobben?","我们在特罗姆瑟之旅中经历了很多有趣的事。 / 你觉得这份新工作怎么样？","沿用现有词库暂标；仍待逐词核验","现有应用词条；词头/词性/等级仍待整体验收"
"ordentlig","形容词","A2","","NTNU LearnNoW; NorweigenLearn 当前词库","11A","11","ordentlig · ordentlig · ordentlige / ordentlig, ordentlige","正经的；像样的；真正的；（副词）好好地/很","Vi må spise en ordentlig middag før reisen. / Jeg sov ikke ordentlig i natt.","出发前我们得好好吃一顿正餐。 / 我昨晚没睡好。","沿用现有词库暂标；仍待逐词核验","现有应用词条；词头/词性/等级仍待整体验收"
"ørret","名词","A2","en","NTNU LearnNoW; NorweigenLearn 当前词库","11B","11","en ørret · ørreten · ørreter · ørretene / ørreten, ørreter, ørretene","鳟鱼；鳟鱼肉/一道鳟鱼菜（依语境）","Vi fisket en ørret i fjellvannet. / Restauranten serverer stekt ørret med grønnsaker.","我们在山间湖里钓到了一条鳟鱼。 / 餐厅供应煎鳟鱼配蔬菜。","沿用现有词库暂标；仍待逐词核验","现有应用词条；词头/词性/等级仍待整体验收"
"overnatte","动词","A2","å","NTNU LearnNoW; NorweigenLearn 当前词库","11D","11","å overnatte · overnatter · overnattet · har overnattet / overnatter, overnattet, har overnattet","过夜；住宿一晚","Vi overnatter hos søsteren min i helga. / De måtte overnatte på et hotell nær flyplassen.","这个周末我们住在我姐姐家过夜。 / 他们不得不在机场附近的酒店住一晚。","沿用现有词库暂标；仍待逐词核验","现有应用词条；词头/词性/等级仍待整体验收"
"politi","名词","A2","et","NTNU LearnNoW; NorweigenLearn 当前词库","11D","11","et politi · politiet / politiet","警察机关；警方；警察（集合称呼）","Vi ringte politiet etter innbruddet. / En politibetjent snakket med vitnene.","入室盗窃后我们报了警。 / 一名警员和目击者交谈。","沿用现有词库暂标；仍待逐词核验","现有应用词条；词头/词性/等级仍待整体验收"
"ramme","名词","A2","ei","NTNU LearnNoW; NorweigenLearn 当前词库","11B","11","en ramme · rammen · ramma · rammer · rammene / ramma, rammer, rammene","框；画框；框架","Vi satte et familiebilde i en enkel ramme. / Kurset gir en god ramme for samtale.","我们把一张家庭照放进了一个简洁的相框里。 / 这门课程为交流提供了良好的框架。","沿用现有词库暂标；仍待逐词核验","现有应用词条；词头/词性/等级仍待整体验收"
"ring","名词","A2","en","NTNU LearnNoW; NorweigenLearn 当前词库","11A","11","en ring · ringen · ringer · ringene / ringen, ringer, ringene","戒指；环；圈","Hun fikk en ring av bestemoren sin. / Jeg fant ringen under sofaen.","她收到祖母送的一枚戒指。 / 我在沙发下面找到了那枚戒指。","沿用现有词库暂标；仍待逐词核验","现有应用词条；词头/词性/等级仍待整体验收"
"romantiker","名词","A2","en","NTNU LearnNoW; NorweigenLearn 当前词库","11B","11","en romantiker · romantikeren · romantikere · romantikerne / romantikeren, romantikere, romantikerne","浪漫的人；浪漫主义者","Han er en romantiker som alltid husker bryllupsdagen. / Mange romantikere liker dikt og kjærlighetshistorier.","他是个浪漫的人，总记得结婚纪念日。 / 许多浪漫的人喜欢诗歌和爱情故事。","沿用现有词库暂标；仍待逐词核验","现有应用词条；词头/词性/等级仍待整体验收"
"rotete","形容词","A2","","NTNU LearnNoW; NorweigenLearn 当前词库","11A","11","rotete / rotete, rotete","凌乱的；杂乱的；不整洁的","Rommet er rotete etter festen. / Forklaringen hans var litt rotete.","派对过后房间乱糟糟的。 / 他的解释有点杂乱。","沿用现有词库暂标；仍待逐词核验","现有应用词条；词头/词性/等级仍待整体验收"
"rusle","动词","A2","å","NTNU LearnNoW; NorweigenLearn 当前词库","11B","11","å rusle · rusler · ruslet · har ruslet / rusler, ruslet, har ruslet","慢慢走；悠闲地散步；溜达","Vi ruslet en tur langs elva etter middag. / Han ruslet hjem i regnet.","晚饭后我们沿着河悠闲地散了会儿步。 / 他冒着雨慢慢走回家。","沿用现有词库暂标；仍待逐词核验","现有应用词条；词头/词性/等级仍待整体验收"
"rydde","动词","A2","å","NTNU LearnNoW; NorweigenLearn 当前词库","11A","11","å rydde · rydder · ryddet · har ryddet / rydder, ryddet, har ryddet","收拾；整理；清理；腾出","Barna må rydde rommet før de legger seg. / Kan du rydde bordet etter middag?","孩子们睡觉前必须收拾房间。 / 晚饭后你能收拾一下桌子吗？","沿用现有词库暂标；仍待逐词核验","现有应用词条；词头/词性/等级仍待整体验收"
"ryddig","形容词","A2","","NTNU LearnNoW; NorweigenLearn 当前词库","11A","11","ryddig · ryddig · ryddige · ryddigere · ryddigst / ryddig, ryddige","整洁的；有条理的；清楚明白的","Vi prøver å holde kjøkkenet ryddig. / Hun ga en ryddig forklaring på problemet.","我们尽量保持厨房整洁。 / 她把问题解释得清楚有条理。","沿用现有词库暂标；仍待逐词核验","现有应用词条；词头/词性/等级仍待整体验收"
"ryggsekk","名词","A2","en","NTNU LearnNoW; NorweigenLearn 当前词库","11B","11","en ryggsekk · ryggsekken · ryggsekker · ryggsekkene / ryggsekken, ryggsekker, ryggsekkene","背包；双肩包","Jeg pakker ryggsekken før fjellturen. / Ryggsekken min er for tung.","我在登山前收拾背包。 / 我的背包太重了。","沿用现有词库暂标；仍待逐词核验","现有应用词条；词头/词性/等级仍待整体验收"
"rykte","名词","A2","et","NTNU LearnNoW; NorweigenLearn 当前词库","11D","11","et rykte · ryktet · rykter · ryktene / ryktet, rykter, ryktene","传闻；谣言；名声（依语境）","Det går rykter om at butikken skal stenge. / Restauranten har et godt rykte.","有传言说这家店要关门。 / 这家餐馆口碑很好。","沿用现有词库暂标；仍待逐词核验","现有应用词条；词头/词性/等级仍待整体验收"
"sang","名词","A2","en","NTNU LearnNoW; NorweigenLearn 当前词库","11C","11","en sang · sangen · sanger · sangene / sangen, sanger, sangene","歌曲；歌","Barna synger en sang på norsk. / Denne sangen minner meg om sommeren.","孩子们用挪威语唱一首歌。 / 这首歌让我想起夏天。","沿用现有词库暂标；仍待逐词核验","现有应用词条；词头/词性/等级仍待整体验收"
"scene","名词","A2","en","NTNU LearnNoW; NorweigenLearn 当前词库","11D","11","en scene · scenen · scener · scenene / scenen, scener, scenene","舞台；场景；镜头中的一幕","Skuespilleren gikk opp på scenen. / Den siste scenen i filmen var veldig sterk.","演员走上了舞台。 / 电影最后一个场景非常震撼。","沿用现有词库暂标；仍待逐词核验","现有应用词条；词头/词性/等级仍待整体验收"
"show","名词","A2","et","NTNU LearnNoW; NorweigenLearn 当前词库","11D","11","et show · showet · show · showene / showet, show, showene","演出；综艺节目；娱乐表演","Barna så et morsomt show på TV. / Det var et stort show på torget.","孩子们在电视上看了一个有趣的娱乐节目。 / 广场上有一场大型演出。","沿用现有词库暂标；仍待逐词核验","现有应用词条；词头/词性/等级仍待整体验收"
"sjekke","动词","A2","å","NTNU LearnNoW; NorweigenLearn 当前词库","11D","11","sjekke · sjekker · sjekket / sjekka · sjekket / sjekka / sjekker, sjekket, har sjekket","检查；确认；核实；查看","Kan du sjekke om apoteket er åpent i dag? / Vi sjekket inn på hotellet etter klokka seks.","你能确认一下药房今天是否营业吗？ / 我们六点以后在酒店办理了入住。","沿用现有词库暂标；仍待逐词核验","现有应用词条；词头/词性/等级仍待整体验收"
"skitten","形容词","A2","","NTNU LearnNoW; NorweigenLearn 当前词库","11A","11","skitten · skittent · skitne · mer skitten · mest skitten / skittent, skitne","脏的；不干净的；（比喻）不正当的","Barna har skitne klær etter leken. / Vi må vaske det skitne gulvet.","孩子们玩过之后衣服脏了。 / 我们得把脏地板擦干净。","沿用现有词库暂标；仍待逐词核验","现有应用词条；词头/词性/等级仍待整体验收"
"skje","动词","A2","å","NTNU LearnNoW; NorweigenLearn 当前词库","11D","11","å skje · skjer · skjedde · har skjedd / skjer, skjedde, har skjedd","发生；出现；（事情）进行","Hva skjedde på møtet i går? / Det har skjedd mye siden sist.","昨天的会议上发生了什么？ / 自上次以来发生了很多事。","沿用现有词库暂标；仍待逐词核验","现有应用词条；词头/词性/等级仍待整体验收"
"skjønnhet","名词","A2","en","NTNU LearnNoW; NorweigenLearn 当前词库","11B","11","en skjønnhet · skjønnheten · skjønnheter · skjønnhetene / skjønnheten, skjønnheter, skjønnhetene","美；美丽；美人/美的事物","Vi ble overrasket over skjønnheten i fjellene. / Hun er en skjønnhet, men hun er også veldig hyggelig.","群山的美让我们惊叹。 / 她是位美人，而且人也非常友善。","沿用现有词库暂标；仍待逐词核验","现有应用词条；词头/词性/等级仍待整体验收"
"skomaker","名词","A2","en","NTNU LearnNoW; NorweigenLearn 当前词库","11A","11","en skomaker · skomakeren · skomakere · skomakerne / skomakeren, skomakere, skomakerne","鞋匠；修鞋师傅","Skomakeren kan reparere støvlene mine. / Det ligger et skomakerverksted ved torget.","鞋匠可以修我的靴子。 / 广场旁有一家修鞋店。","沿用现有词库暂标；仍待逐词核验","现有应用词条；词头/词性/等级仍待整体验收"
"skulke","动词","A2","å","NTNU LearnNoW; NorweigenLearn 当前词库","11D","11","skulke · skulker · skulket · skulket / skulker, skulket, har skulket","逃课；旷课；擅自缺勤","Han skulket skolen fordi han ikke hadde gjort leksene. / Hun har aldri skulket en time før.","他因为没做作业而逃课。 / 她以前从来没有逃过课。","沿用现有词库暂标；仍待逐词核验","现有应用词条；词头/词性/等级仍待整体验收"
"sliten","形容词","A2","","NTNU LearnNoW; NorweigenLearn 当前词库","11B","11","sliten · slitent · slitne / slitent, slitne","累的；疲惫的；磨损的；破旧的（依语境）","Jeg er sliten etter jobb og vil legge meg tidlig. / De kjøpte en brukt, men ikke altfor sliten sofa.","我下班后很累，想早点睡。 / 他们买了一张二手但没太破旧的沙发。","沿用现有词库暂标；仍待逐词核验","现有应用词条；词头/词性/等级仍待整体验收"
"slutt","名词","A2","en","NTNU LearnNoW; NorweigenLearn 当前词库","11A","11","en slutt · slutten · slutter · sluttene / slutten, slutter, sluttene","结束；终点；结尾","Til slutt fant vi riktig adresse. / Filmen hadde en overraskende slutt.","最后我们找到了正确地址。 / 这部电影有一个出人意料的结局。","沿用现有词库暂标；仍待逐词核验","现有应用词条；词头/词性/等级仍待整体验收"
"sti","名词","A2","en","NTNU LearnNoW; NorweigenLearn 当前词库","11B","11","en sti · stien · stier · stiene / stien, stier, stiene","小径；步道；山间/林间小路","Vi fulgte en smal sti opp til hytta. / Stien går gjennom skogen og ned til sjøen.","我们沿着一条狭窄的小径走到小木屋。 / 这条步道穿过森林，一直通到海边。","沿用现有词库暂标；仍待逐词核验","现有应用词条；词头/词性/等级仍待整体验收"
"storby","名词","A2","en","NTNU LearnNoW; NorweigenLearn 当前词库","11B","11","en storby · storbyen · storbyer · storbyene / storbyen, storbyer, storbyene","大城市；大都市","Hun flyttet fra en liten by til en storby. / Storbyene har ofte gode kollektivtilbud.","她从小镇搬到了大城市。 / 大城市通常有不错的公共交通。","沿用现有词库暂标；仍待逐词核验","现有应用词条；词头/词性/等级仍待整体验收"
"strøm","名词","A2","en","NTNU LearnNoW; NorweigenLearn 当前词库","11B","11","en strøm · strømmen · strømmer · strømmene / strømmen, strømmer, strømmene","电流；电力；流动；大量涌来","Strømmen var borte i to timer i går. / En strøm av folk gikk inn i konsertsalen.","昨天停电了两个小时。 / 一大群人涌进音乐厅。","沿用现有词库暂标；仍待逐词核验","现有应用词条；词头/词性/等级仍待整体验收"
"synd","名词","A2","ei","NTNU LearnNoW; NorweigenLearn 当前词库","11A","11","en synd · synden · synder · syndene / synda, synder, syndene","罪；过错；可惜（固定表达中）","Det er synd at du ikke kan bli med. / Han ba om tilgivelse for syndene sine.","你不能一起去，真可惜。 / 他为自己的罪过请求宽恕。","沿用现有词库暂标；仍待逐词核验","现有应用词条；词头/词性/等级仍待整体验收"
"tak","名词","A2","et","NTNU LearnNoW; NorweigenLearn 当前词库","11D","11","et tak · taket · tak · takene / taket, tak, takene","屋顶；天花板；遮蔽；（一次）抓握","Det ligger snø på taket. / Alle fortjener et trygt tak over hodet.","屋顶上积着雪。 / 每个人都应有安全的栖身之所。","沿用现有词库暂标；仍待逐词核验","现有应用词条；词头/词性/等级仍待整体验收"
"tankefull","形容词","A2","","NTNU LearnNoW; NorweigenLearn 当前词库","11A","11","tankefull · tankefullt · tankefulle · mer tankefull · mest tankefull / tankefullt, tankefulle","沉思的；若有所思的；心事重重的","Hun ble tankefull da hun så på de gamle bildene. / Han satt stille med et tankefullt blikk.","她看着旧照片时陷入了沉思。 / 他静静坐着，神情若有所思。","沿用现有词库暂标；仍待逐词核验","现有应用词条；词头/词性/等级仍待整体验收"
"tåre","名词","A2","en","NTNU LearnNoW; NorweigenLearn 当前词库","11D","11","en tåre · tåren · tårer · tårene / tåren, tårer, tårene","眼泪；泪珠","Hun tørket tårene og smilte. / Han felte en tåre da barnet sang.","她擦干眼泪，笑了笑。 / 孩子唱歌时，他流下了一滴泪。","沿用现有词库暂标；仍待逐词核验","现有应用词条；词头/词性/等级仍待整体验收"
"teater","名词","A2","et","NTNU LearnNoW; NorweigenLearn 当前词库","11C","11","et teater · teateret · teatre · teatrene / teateret, teatre, teatrene","剧院；戏剧艺术；（一场）戏","Vi skal på teater på lørdag. / Byen har to små teatre.","我们星期六要去看戏。 / 这座城市有两家小剧院。","沿用现有词库暂标；仍待逐词核验","现有应用词条；词头/词性/等级仍待整体验收"
"teaterforestilling","名词","A2","en","NTNU LearnNoW; NorweigenLearn 当前词库","11A","11","en teaterforestilling · teaterforestillingen · teaterforestillinger · teaterforestillingene / teaterforestillingen, teaterforestillinger, teaterforestillingene","戏剧演出；剧场演出","Vi skal se en teaterforestilling på lørdag. / Teaterforestillingen begynner klokka sju.","我们星期六要去看一场戏剧演出。 / 这场戏剧演出七点开始。","沿用现有词库暂标；仍待逐词核验","现有应用词条；词头/词性/等级仍待整体验收"
"tenåring","名词","A2","en","NTNU LearnNoW; NorweigenLearn 当前词库","11C","11","en tenåring · tenåringen · tenåringer · tenåringene / tenåringen, tenåringer, tenåringene","青少年；十几岁的孩子（通常指 13–19 岁）","De har en tenåring og to yngre barn. / Mange tenåringer bruker kollektivtransport til skolen.","他们有一个青少年孩子和两个年纪更小的孩子。 / 许多青少年乘坐公共交通上学。","沿用现有词库暂标；仍待逐词核验","现有应用词条；词头/词性/等级仍待整体验收"
"tenåringsjente","名词","A2","ei","NTNU LearnNoW; NorweigenLearn 当前词库","11D","11","ei tenåringsjente · tenåringsjenta · tenåringsjenter · tenåringsjentene / tenåringsjenta, tenåringsjenter, tenåringsjentene","十几岁的女孩；少女（13—19岁左右）","Tenåringsjenta mi begynner på ungdomsskolen i høst. / Flere tenåringsjenter tok bussen til sentrum.","我十几岁的女儿今年秋天开始上初中。 / 几个少女坐公交去了市中心。","沿用现有词库暂标；仍待逐词核验","现有应用词条；词头/词性/等级仍待整体验收"
"toalett","名词","A2","et","NTNU LearnNoW; NorweigenLearn 当前词库","11B","11","et toalett · toalettet · toaletter · toalettene / toalettet, toaletter, toalettene","马桶；厕所；洗手间；卫生间","Unnskyld, hvor er toalettet? / Det offentlige toalettet ligger ved siden av kafeen.","请问洗手间在哪里？ / 公共卫生间在咖啡馆旁边。","沿用现有词库暂标；仍待逐词核验","现有应用词条；词头/词性/等级仍待整体验收"
"usikker","形容词","A2","","NTNU LearnNoW; NorweigenLearn 当前词库","11D","11","usikker · usikkert · usikre · mer usikker · mest usikker / usikkert, usikre","不确定的；没有把握的；不安的","Jeg er usikker på hvilket tog vi skal ta. / Barnet følte seg usikkert i den nye gruppa.","我不确定我们该坐哪班火车。 / 孩子在新小组里感到不安。","沿用现有词库暂标；仍待逐词核验","现有应用词条；词头/词性/等级仍待整体验收"
"utedo","名词","A2","en","NTNU LearnNoW; NorweigenLearn 当前词库","11B","11","et utedo · utedoen · utedo · utedoene / utedoen, utedoer, utedoene","户外厕所；旱厕；简易厕所","Hytta har ikke innlagt vann, så vi bruker utedoen. / Det står et lite utedo bak huset.","小木屋没有自来水，所以我们用户外厕所。 / 房子后面有一间小旱厕。","沿用现有词库暂标；仍待逐词核验","现有应用词条；词头/词性/等级仍待整体验收"
"utsikt","名词","A2","en","NTNU LearnNoW; NorweigenLearn 当前词库","11B","11","en utsikt · utsikten · utsikter · utsiktene / utsikten, utsikter, utsiktene","景色；视野；前景/可能性（依语境）","Leiligheten har utsikt over fjorden. / Fra toppen kan vi nyte den vakre utsikten.","这套公寓可以俯瞰峡湾。 / 从山顶我们可以欣赏美丽的景色。","沿用现有词库暂标；仍待逐词核验","现有应用词条；词头/词性/等级仍待整体验收"
"utstilling","名词","A2","en","NTNU LearnNoW; NorweigenLearn 当前词库","11C","11","ei utstilling / en utstilling · utstillinga / utstillingen · utstillinger · utstillingene / utstillingen, utstillinger, utstillingene","展览；展出；展览会","Vi skal se en utstilling av norske malerier. / Utstillingen på museet er gratis på søndager.","我们要去看一个挪威绘画展。 / 博物馆里的展览星期天免费。","沿用现有词库暂标；仍待逐词核验","现有应用词条；词头/词性/等级仍待整体验收"
"vakker","形容词","A2","","NTNU LearnNoW; NorweigenLearn 当前词库","11B","11","vakker · vakkert · vakre · vakrere · vakrest / vakreste / vakkert, vakre","美丽的；漂亮的；动人的；美好的（依语境）","Det var en vakker dag ved sjøen. / Vi så vakre fjell fra vinduet.","那是海边美好的一天。 / 我们从窗户看到了美丽的群山。","沿用现有词库暂标；仍待逐词核验","现有应用词条；词头/词性/等级仍待整体验收"
"akevitt","名词","A2","en","NTNU LearnNoW; NorweigenLearn 当前词库","12C","12","akevitten, akevitter, akevittene / en akevitt · akevitten · akevitter · akevittene","阿夸维特酒；北欧香料蒸馏酒","Noen voksne serverer akevitt til julemiddagen. / Akevitt er en del av norsk matkultur.","有些成年人会在圣诞晚餐时佐以阿夸维特酒。 / 阿夸维特酒是挪威饮食文化的一部分。","沿用现有词库暂标；仍待逐词核验","现有应用词条；词头/词性/等级仍待整体验收"
"altfor","副词","A2","","NTNU LearnNoW; NorweigenLearn 当前词库","12B","12","altfor","太；过于；（否定句中）特别/很","Denne jakka er altfor dyr for meg. / Det gikk ikke altfor bra på prøven.","这件夹克对我来说太贵了。 / 这次测验考得不太好。","沿用现有词库暂标；仍待逐词核验","现有应用词条；词头/词性/等级仍待整体验收"
"barnebarn","名词","A2","et","NTNU LearnNoW; NorweigenLearn 当前词库","12B","12","barnebarnet, barnebarn, barnebarna / et barnebarn · barnebarnet · barnebarn · barnebarna / barnebarnene","孙子或孙女；外孙或外孙女；孙辈","Besteforeldrene besøker barnebarna i helga. / De fikk sitt første barnebarn i fjor.","祖父母这个周末去看望孙辈。 / 他们去年有了第一个孙辈。","沿用现有词库暂标；仍待逐词核验","现有应用词条；词头/词性/等级仍待整体验收"
"be","动词","A2","å","NTNU LearnNoW; NorweigenLearn 当前词库","12D","12","å be · ber · ba · har bedt / ber, ba, har bedt","请求；祈求；祷告","Jeg ber om hjelp fordi jeg ikke forstår skjemaet. / Hun ba meg vente utenfor.","我请求帮助，因为我看不懂这张表。 / 她请我在外面等。","沿用现有词库暂标；仍待逐词核验","现有应用词条；词头/词性/等级仍待整体验收"
"besteforelder","名词","A2","en","NTNU LearnNoW; NorweigenLearn 当前词库","12B","12","besteforelderen, besteforeldre, besteforeldrene / en besteforelder · besteforelderen · besteforeldre · besteforeldrene","祖父或祖母；外祖父或外祖母；祖辈中的一位","En besteforelder henter ofte barnet i barnehagen. / Besteforeldrene mine bor på Vestlandet.","一位祖父母常去幼儿园接孩子。 / 我的祖父母住在挪威西部。","沿用现有词库暂标；仍待逐词核验","现有应用词条；词头/词性/等级仍待整体验收"
"beundre","动词","A2","å","NTNU LearnNoW; NorweigenLearn 当前词库","12B","12","å beundre · beundrer · beundret · har beundret / beundrer, beundret, har beundret","欣赏；钦佩；赞叹","Vi beundrer utsikten fra toppen. / Jeg beundrer henne for at hun aldri gir opp.","我们赞叹山顶的景色。 / 我钦佩她永不放弃。","沿用现有词库暂标；仍待逐词核验","现有应用词条；词头/词性/等级仍待整体验收"
"bortskjemt","形容词","A2","","NTNU LearnNoW; NorweigenLearn 当前词库","12B","12","bortskjemt · bortskjemt · bortskjemte / bortskjemt, bortskjemte","被宠坏的；娇生惯养的","Besteforeldrene skjemmer bort barnebarnet. / Han ble kalt bortskjemt fordi han alltid fikk viljen sin.","祖父母很宠这个孙辈。 / 他总能如愿以偿，因此被说成是被宠坏了。","沿用现有词库暂标；仍待逐词核验","现有应用词条；词头/词性/等级仍待整体验收"
"byggesett","名词","A2","et","NTNU LearnNoW; NorweigenLearn 当前词库","12D","12","byggesettet, byggesett, byggesettene / et byggesett · byggesettet · byggesett · byggesettene","拼装套件；组装模型套装","Vi kjøpte et byggesett med et lite fly. / Barna bygde byggesettet sammen på gulvet.","我们买了一套小飞机拼装模型。 / 孩子们一起在地板上拼装了那套模型。","沿用现有词库暂标；仍待逐词核验","现有应用词条；词头/词性/等级仍待整体验收"
"dekorasjon","名词","A2","en","NTNU LearnNoW; NorweigenLearn 当前词库","12C","12","dekorasjonen, dekorasjoner, dekorasjonene / en dekorasjon · dekorasjonen · dekorasjoner · dekorasjonene","装饰；装饰品；布置","Barna lager en dekorasjon av papir. / Vi liker den enkle dekorasjonen på bordet.","孩子们用纸做一件装饰品。 / 我们喜欢桌上简洁的布置。","沿用现有词库暂标；仍待逐词核验","现有应用词条；词头/词性/等级仍待整体验收"
"desember","名词","A2","","NTNU LearnNoW; NorweigenLearn 当前词库","12A","12","desember","十二月；12月","Vi reiser til familien min i desember. / Skolen stenger før jul i desember.","我们十二月去看我的家人。 / 学校十二月圣诞节前放假。","沿用现有词库暂标；仍待逐词核验","现有应用词条；词头/词性/等级仍待整体验收"
"do","名词","A2","en","NTNU LearnNoW; NorweigenLearn 当前词库","12C","12","doen, doer, doene / et do · doet · do · doene","厕所；卫生间（口语）","Barnet må gå på do før vi drar. / Hvor er doen her?","我们出发前孩子得去厕所。 / 这里的卫生间在哪儿？","沿用现有词库暂标；仍待逐词核验","现有应用词条；词头/词性/等级仍待整体验收"
"dufte","动词","A2","å","NTNU LearnNoW; NorweigenLearn 当前词库","12C","12","å dufte · dufter · duftet · har duftet / dufter, duftet, har duftet","散发香气；闻起来香","Det dufter kaffe fra kjøkkenet. / Blomstene dufter godt om sommeren.","厨房里飘来咖啡香。 / 这些花夏天闻起来很香。","沿用现有词库暂标；仍待逐词核验","现有应用词条；词头/词性/等级仍待整体验收"
"dunk","名词","A2","et","NTNU LearnNoW; NorweigenLearn 当前词库","12A","12","dunket, dunk, dunkene / en dunk · dunken · dunker · dunkene","桶；罐；大容器（常用于液体）","Vi har en dunk med vann i bilen. / Husk å sette lokket på dunken.","我们车里放着一桶水。 / 记得把盖子盖回桶上。","沿用现有词库暂标；仍待逐词核验","现有应用词条；词头/词性/等级仍待整体验收"
"egen","限定词","A2","","NTNU LearnNoW; NorweigenLearn 当前词库","12C","12","egen · eget · egne / eget, egne","自己的；本人/自身的；专属的","Hun har sitt eget rom hjemme. / Vi lagde maten på egen hånd.","她在家有自己的房间。 / 我们靠自己做了这顿饭。","沿用现有词库暂标；仍待逐词核验","现有应用词条；词头/词性/等级仍待整体验收"
"enig","形容词","A2","","NTNU LearnNoW; NorweigenLearn 当前词库","12B","12","enig · enig · enige · mer enig / mer enige · mest enig / mest enige / enig, enige","意见一致的；同意的","Jeg er enig med deg i at vi bør ta bussen. / Vi ble enige om å møtes klokka seks.","我同意你的看法，我们应该坐公交车。 / 我们商定六点见面。","沿用现有词库暂标；仍待逐词核验","现有应用词条；词头/词性/等级仍待整体验收"
"eske","名词","A2","ei","NTNU LearnNoW; NorweigenLearn 当前词库","12D","12","ei eske / en eske · eska / esken · esker · eskene / eska, esker, eskene","盒子；纸盒；小型收纳盒","Jeg la kvitteringen i ei lita eske. / Eskene står øverst i skapet.","我把收据放进一个小盒子里。 / 那些盒子放在柜子最上层。","沿用现有词库暂标；仍待逐词核验","现有应用词条；词头/词性/等级仍待整体验收"
"forsyne","动词","A2","å","NTNU LearnNoW; NorweigenLearn 当前词库","12C","12","å forsyne · forsyner · forsynte · har forsynt / forsyner, forsynte, har forsynt","提供；供给；（反身）自取食物","Kommunen forsyner byen med rent vann. / Det står suppe på bordet, så forsyn deg.","市政部门为城市供给干净的水。 / 桌上有汤，请自便盛用。","沿用现有词库暂标；仍待逐词核验","现有应用词条；词头/词性/等级仍待整体验收"
"fotografere","动词","A2","å","NTNU LearnNoW; NorweigenLearn 当前词库","12A","12","å fotografere · fotograferer · fotograferte · har fotografert / fotograferer, fotograferte, har fotografert","拍摄；给……拍照","Hun fotograferer barna i hagen. / Vi fotograferte fjellene på turen.","她在花园里给孩子们拍照。 / 我们在旅途中拍了山景。","沿用现有词库暂标；仍待逐词核验","现有应用词条；词头/词性/等级仍待整体验收"
"glitter","名词","A2","et","NTNU LearnNoW; NorweigenLearn 当前词库","12C","12","et glitter · glitteret / glitteret","闪粉；亮片粉；闪烁的光泽","Barna brukte glitter og lim til kortene. / Det var glitter på kjolen etter festen.","孩子们用闪粉和胶水做卡片。 / 派对后裙子上还留着亮粉。","沿用现有词库暂标；仍待逐词核验","现有应用词条；词头/词性/等级仍待整体验收"
"hage","名词","A2","en","NTNU LearnNoW; NorweigenLearn 当前词库","12A","12","en hage · hagen · hager · hagene / hagen, hager, hagene","花园；庭院；菜园（依语境）","Barna leker i hagen mens jeg lager middag. / Vi har en liten hage bak huset.","我做晚饭时，孩子们在花园里玩。 / 我们房子后面有一个小花园。","沿用现有词库暂标；仍待逐词核验","现有应用词条；词头/词性/等级仍待整体验收"
"herlig","形容词","A2","","NTNU LearnNoW; NorweigenLearn 当前词库","12C","12","herlig · herlig · herlige · herligere · herligst / herlig, herlige","极好的；惬意的；令人愉快的","Det er herlig vær ved sjøen i dag. / Vi hadde en herlig ferie sammen.","今天海边的天气好极了。 / 我们一起度过了愉快的假期。","沿用现有词库暂标；仍待逐词核验","现有应用词条；词头/词性/等级仍待整体验收"
"juleblomst","名词","A2","en","NTNU LearnNoW; NorweigenLearn 当前词库","12C","12","en juleblomst · juleblomsten · juleblomster · juleblomstene / juleblomsten, juleblomster, juleblomstene","圣诞花；圣诞节期间常见的观赏花卉","Vi kjøper en juleblomst til bestemor. / Juleblomstene står i vinduet.","我们给奶奶买一盆圣诞花。 / 圣诞花摆在窗台上。","沿用现有词库暂标；仍待逐词核验","现有应用词条；词头/词性/等级仍待整体验收"
"julepynt","名词","A2","en","NTNU LearnNoW; NorweigenLearn 当前词库","12C","12","julepynt · julepynten / julepynten, julepynter, julepyntene","圣诞装饰；圣诞节装饰品（集合）","Vi tar fram julepynten i desember. / Barna laget julepynt av papir.","我们十二月把圣诞装饰拿出来。 / 孩子们用纸做了圣诞装饰。","沿用现有词库暂标；仍待逐词核验","现有应用词条；词头/词性/等级仍待整体验收"
"karamellpudding","名词","A2","en","NTNU LearnNoW; NorweigenLearn 当前词库","12C","12","en karamellpudding · karamellpuddingen · karamellpuddinger · karamellpuddingene / karamellpuddingen, karamellpuddinger, karamellpuddingene","焦糖布丁；焦糖布丁甜点","Bestemor lager karamellpudding til jul. / Vi serverte karamellpuddingen med krem.","奶奶圣诞节会做焦糖布丁。 / 我们把焦糖布丁配奶油端上桌。","沿用现有词库暂标；仍待逐词核验","现有应用词条；词头/词性/等级仍待整体验收"
"kinn","名词","A2","et","NTNU LearnNoW; NorweigenLearn 当前词库","12B","12","et kinn · kinnet · kinn · kinnene / kinnet, kinn, kinnene","脸颊；面颊","Hun fikk et kyss på kinnet. / Barna kom inn med røde kinn.","她的脸颊被亲了一下。 / 孩子们进来时脸颊红红的。","沿用现有词库暂标；仍待逐词核验","现有应用词条；词头/词性/等级仍待整体验收"
"kle","动词","A2","å","NTNU LearnNoW; NorweigenLearn 当前词库","12A","12","å kle · kler · kledde · har kledd / kler, kledde, har kledd","穿衣；给……穿衣；适合/衬托某人","Du bør kle deg varmt før turen. / Den blå skjorta kler deg godt.","出发前你最好穿暖和些。 / 这件蓝衬衫很衬你。","沿用现有词库暂标；仍待逐词核验","现有应用词条；词头/词性/等级仍待整体验收"
"lov","名词","A2","en","NTNU LearnNoW; NorweigenLearn 当前词库","12D","12","en lov · loven · lover · lovene / loven, lover, lovene","法律；规则；许可（固定表达中）","Barn må følge loven. / Får jeg lov til å åpne vinduet?","孩子也必须遵守法律。 / 我可以把窗户打开吗？","沿用现有词库暂标；仍待逐词核验","现有应用词条；词头/词性/等级仍待整体验收"
"lutefisk","名词","A2","en","NTNU LearnNoW; NorweigenLearn 当前词库","12C","12","en lutefisk · lutefisken · lutefisker · lutefiskene / lutefisken, lutefisker, lutefiskene","碱渍鳕鱼；卢特菲斯克（挪威传统鱼料理）","Mange familier spiser lutefisk i desember. / Lutefisken serveres med poteter og ertestuing.","许多家庭十二月会吃碱渍鳕鱼。 / 碱渍鳕鱼配土豆和豌豆泥一起上桌。","沿用现有词库暂标；仍待逐词核验","现有应用词条；词头/词性/等级仍待整体验收"
"matrett","名词","A2","en","NTNU LearnNoW; NorweigenLearn 当前词库","12C","12","en matrett · matretten · matretter · matrettene / matretten, matretter, matrettene","一道菜；一种菜肴","Hva er dagens matrett på kafeen? / Fiskesuppe er en populær norsk matrett.","这家咖啡馆今天的特色菜是什么？ / 鱼汤是一道受欢迎的挪威菜。","沿用现有词库暂标；仍待逐词核验","现有应用词条；词头/词性/等级仍待整体验收"
"merkelig","形容词","A2","","NTNU LearnNoW; NorweigenLearn 当前词库","12C","12","merkelig · merkelig · merkelige · merkeligere · merkeligst / merkelig, merkelige","奇怪的；不同寻常的；特别的","Det var en merkelig lyd fra bilen. / Merkelig nok fant vi nøklene med en gang.","汽车发出一种奇怪的声音。 / 说来也怪，我们一下子就找到了钥匙。","沿用现有词库暂标；仍待逐词核验","现有应用词条；词头/词性/等级仍待整体验收"
"nisse","名词","A2","en","NTNU LearnNoW; NorweigenLearn 当前词库","12C","12","en nisse · nissen · nisser · nissene / nissen, nisser, nissene","圣诞小精灵；民间传说中的小矮人/精灵","Barna håper at julenissen kommer på julaften. / I gamle fortellinger bor nissen ofte på gården.","孩子们盼着圣诞精灵在平安夜到来。 / 在古老故事里，nisse 常住在农场。","沿用现有词库暂标；仍待逐词核验","现有应用词条；词头/词性/等级仍待整体验收"
"nysnø","名词","A2","en","NTNU LearnNoW; NorweigenLearn 当前词库","12A","12","en nysnø · nysnøen · nysnøer · nysnøene / nysnøen","新雪；刚落下的雪","Det kom et tynt lag med nysnø i natt. / Barna laget spor i nysnøen.","昨夜下了一层薄薄的新雪。 / 孩子们在新雪上留下了脚印。","沿用现有词库暂标；仍待逐词核验","现有应用词条；词头/词性/等级仍待整体验收"
"øl","名词","A2","et","NTNU LearnNoW; NorweigenLearn 当前词库","12C","12","et øl · ølet · øl · ølene / ølet, øl, ølene","啤酒（饮品；点单时一杯/一份）","Restauranten har også alkoholfritt øl. / Han bestilte en øl til maten.","这家餐厅也供应无酒精啤酒。 / 他点了一杯啤酒配餐。","沿用现有词库暂标；仍待逐词核验","现有应用词条；词头/词性/等级仍待整体验收"
"onkel","名词","A2","en","NTNU LearnNoW; NorweigenLearn 当前词库","12D","12","en onkel · onkelen · onkler · onklene / onkelen, onkler, onklene","叔叔；伯伯；舅舅；姨父/姑父等（依亲属关系）","Onkelen min bor i Bergen. / Vi besøker onkel Per på lørdag.","我叔叔 / 舅舅住在卑尔根。 / 我们星期六去看望佩尔叔叔。","沿用现有词库暂标；仍待逐词核验","现有应用词条；词头/词性/等级仍待整体验收"
"ønske","动词","A2","å","NTNU LearnNoW; NorweigenLearn 当前词库","12C","12","å ønske · ønsker · ønsket / ønska · ønsket / ønska / ønsker, ønsket, har ønsket","希望；想要；祝愿；希望某人……","Barnet ønsker seg en sykkel til bursdagen. / Jeg ønsker at du får en fin dag.","孩子想要一辆自行车作为生日礼物。 / 我祝你今天过得愉快。","沿用现有词库暂标；仍待逐词核验","现有应用词条；词头/词性/等级仍待整体验收"
"oppå","介词","A2","","NTNU LearnNoW; NorweigenLearn 当前词库","12A","12","oppå","在……上面；在……顶上","Legg nøklene oppå bordet. / Det ligger et tykt snølag oppå bilen.","把钥匙放到桌面上。 / 汽车上面覆盖着一层厚雪。","沿用现有词库暂标；仍待逐词核验","现有应用词条；词头/词性/等级仍待整体验收"
"overalt","副词","A2","","NTNU LearnNoW; NorweigenLearn 当前词库","12C","12","overalt","到处；处处； everywhere","Vi lette overalt etter nøklene. / Det ligger snø overalt i hagen.","我们到处找钥匙。 / 花园里到处都是雪。","沿用现有词库暂标；仍待逐词核验","现有应用词条；词头/词性/等级仍待整体验收"
"overraskelse","名词","A2","en","NTNU LearnNoW; NorweigenLearn 当前词库","12C","12","en overraskelse · overraskelsen · overraskelser · overraskelsene / overraskelsen, overraskelser, overraskelsene","惊讶；意外之事；惊喜（依语境）","Det var en hyggelig overraskelse å få besøk av søsteren min. / Til min overraskelse var toget i rute.","姐姐 / 妹妹来看我，真是个惊喜。 / 令我意外的是，火车准点。","沿用现有词库暂标；仍待逐词核验","现有应用词条；词头/词性/等级仍待整体验收"
"papir","名词","A2","et","NTNU LearnNoW; NorweigenLearn 当前词库","12D","12","et papir · papiret · papirer · papirene / papiret, papirer, papirene","纸；纸张；文件/证件（常用复数 papirer）","Kan du skrive adressen på et papir? / Hun må vise papirene sine på kontoret.","你能把地址写在一张纸上吗？ / 她必须在办公室出示自己的文件。","沿用现有词库暂标；仍待逐词核验","现有应用词条；词头/词性/等级仍待整体验收"
"pinnekjøtt","名词","A2","et","NTNU LearnNoW; NorweigenLearn 当前词库","12C","12","et pinnekjøtt · pinnekjøttet · pinnekjøtt · pinnekjøtta / pinnekjøttene / pinnekjøttet","盐腌风干的羊肋肉；挪威传统节庆菜","Familien serverer pinnekjøtt på julaften. / Pinnekjøttet må vannes ut før det tilberedes.","这家人在平安夜供应挪威传统羊肋肉。 / 这种腌羊肉烹饪前需要先浸泡脱盐。","沿用现有词库暂标；仍待逐词核验","现有应用词条；词头/词性/等级仍待整体验收"
"presang","名词","A2","en","NTNU LearnNoW; NorweigenLearn 当前词库","12B","12","en presang · presangen · presanger · presangene / presangen, presanger, presangene","礼物；赠礼","Hun fikk en presang av vennene sine. / Vi kjøpte presangen til bestemor sammen.","她收到了朋友们送的一份礼物。 / 我们一起给奶奶买了那份礼物。","沿用现有词库暂标；仍待逐词核验","现有应用词条；词头/词性/等级仍待整体验收"
"pudding","名词","A2","en","NTNU LearnNoW; NorweigenLearn 当前词库","12C","12","en pudding · puddingen · puddinger · puddingene / puddingen, puddinger, puddingene","布丁；凝固/蒸制的甜咸料理（依具体菜名）","Til dessert fikk vi karamellpudding. / Puddingen står i kjøleskapet.","甜点我们吃了焦糖布丁。 / 布丁放在冰箱里。","沿用现有词库暂标；仍待逐词核验","现有应用词条；词头/词性/等级仍待整体验收"
"ribbe","名词","A2","ei","NTNU LearnNoW; NorweigenLearn 当前词库","12C","12","en ribbe · ribba · ribben · ribber · ribbene / ribba, ribber, ribbene (uncountable)","排骨；肋肉；（圣诞餐）烤猪肋排","Mange spiser ribbe på julaften. / Ribben ble servert med poteter.","许多人在平安夜吃烤猪肋排。 / 肋排配土豆一起上桌了。","沿用现有词库暂标；仍待逐词核验","现有应用词条；词头/词性/等级仍待整体验收"
"rive","动词","A2","å","NTNU LearnNoW; NorweigenLearn 当前词库","12D","12","å rive · river · rev · har revet / river, reiv, har revet","撕；扯；拆除；（食物）擦碎","Barnet rev papiret i små biter. / Hun river ost over pastaen.","孩子把纸撕成了小片。 / 她把奶酪擦碎撒在意面上。","沿用现有词库暂标；仍待逐词核验","现有应用词条；词头/词性/等级仍待整体验收"
"servere","动词","A2","å","NTNU LearnNoW; NorweigenLearn 当前词库","12C","12","å servere · serverer · serverte · har servert / serverer, serverte, har servert","上菜；供应；招待；（体育）发球","Restauranten serverer middag fra klokka fem. / Han serverte godt i den første omgangen.","这家餐馆从五点开始供应晚餐。 / 他在第一局发球发得很好。","沿用现有词库暂标；仍待逐词核验","现有应用词条；词头/词性/等级仍待整体验收"
"skåle","动词","A2","å","NTNU LearnNoW; NorweigenLearn 当前词库","12C","12","å skåle · skåler · skålte · har skålt / skåler, skålte, har skålt","举杯；碰杯；祝酒","Vi skåler for det nye året. / De skålte med naboene etter middagen.","我们为新年举杯。 / 晚饭后他们和邻居们碰杯。","沿用现有词库暂标；仍待逐词核验","现有应用词条；词头/词性/等级仍待整体验收"
"skeptisk","形容词","A2","","NTNU LearnNoW; NorweigenLearn 当前词库","12C","12","skeptisk · skeptisk · skeptiske / skeptisk, skeptiske","怀疑的；持怀疑态度的","Jeg er skeptisk til tilbudet fordi prisen er så lav. / De stilte skeptiske spørsmål.","我对这个优惠持怀疑态度，因为价格太低了。 / 他们提出了带有怀疑态度的问题。","沿用现有词库暂标；仍待逐词核验","现有应用词条；词头/词性/等级仍待整体验收"
"skifte","动词","A2","å","NTNU LearnNoW; NorweigenLearn 当前词库","12B","12","å skifte · skifter · skiftet · har skiftet / skifter, skiftet, har skiftet","更换；换衣服；改变；轮换","Jeg må skifte klær før vi går ut. / Været skiftet raskt i løpet av dagen.","我们出门前我得换衣服。 / 天气在一天之内很快就变了。","沿用现有词库暂标；仍待逐词核验","现有应用词条；词头/词性/等级仍待整体验收"
"skjerf","名词","A2","et","NTNU LearnNoW; NorweigenLearn 当前词库","12A","12","et skjerf · skjerfet · skjerf · skjerfene / skjerfet, skjerf, skjerfene","围巾","Ta på deg et skjerf, det blåser ute. / Jeg finner ikke skjerfet mitt.","围条围巾吧，外面在刮风。 / 我找不到我的围巾了。","沿用现有词库暂标；仍待逐词核验","现有应用词条；词头/词性/等级仍待整体验收"
"snøball","名词","A2","en","NTNU LearnNoW; NorweigenLearn 当前词库","12A","12","en snøball · snøballen · snøballer · snøballene / snøballen, snøballer, snøballene","雪球","Barna laget en stor snøball i hagen. / Han kastet snøballer mot muren.","孩子们在花园里捏了一个大雪球。 / 他朝墙扔雪球。","沿用现有词库暂标；仍待逐词核验","现有应用词条；词头/词性/等级仍待整体验收"
"snøballkrig","名词","A2","en","NTNU LearnNoW; NorweigenLearn 当前词库","12A","12","en snøballkrig · snøballkrigen · snøballkriger · snøballkrigene / snøballkrigen, snøballkriger, snøballkrigene","打雪仗；雪球大战","Barna hadde snøballkrig etter skolen. / Snøballkrigen varte bare noen minutter.","放学后孩子们打了一场雪仗。 / 雪球大战只持续了几分钟。","沿用现有词库暂标；仍待逐词核验","现有应用词条；词头/词性/等级仍待整体验收"
"snømann","名词","A2","en","NTNU LearnNoW; NorweigenLearn 当前词库","12A","12","en snømann · snømannen · snømenn · snømennene / snømannen, snømanner, snømannene","雪人","Barna lager en snømann i hagen. / Snømennene står fortsatt utenfor huset.","孩子们在花园里堆雪人。 / 那些雪人还站在房子外面。","沿用现有词库暂标；仍待逐词核验","现有应用词条；词头/词性/等级仍待整体验收"
"speilreflekskamera","名词","A2","et","NTNU LearnNoW; NorweigenLearn 当前词库","12D","12","et speilreflekskamera · speilreflekskameraet · speilreflekskameraer · speilreflekskameraene / speilreflekskameraet, speilreflekskameraer, speilreflekskameraene","单反相机；数码单反相机（依语境）","Hun tok bilder av fjellene med et speilreflekskamera. / Speilreflekskameraet hennes har et nytt objektiv.","她用一台单反相机拍了群山。 / 她的单反相机配了一支新镜头。","沿用现有词库暂标；仍待逐词核验","现有应用词条；词头/词性/等级仍待整体验收"
"svigerforelder","名词","A2","en","NTNU LearnNoW; NorweigenLearn 当前词库","12B","12","en svigerforelder · svigerforelderen · svigerforeldre · svigerforeldrene / svigerforelderen, svigerforeldre, svigerforeldrene","岳父/岳母；公公/婆婆（性别未说明时的统称）","Vi skal besøke svigerforeldrene mine i helgen. / Hun har et godt forhold til svigerforelderen sin.","我们周末要去看望我的岳父母 / 公婆。 / 她和自己的某一位姻亲家长关系很好。","沿用现有词库暂标；仍待逐词核验","现有应用词条；词头/词性/等级仍待整体验收"
"svigermor","名词","A2","ei","NTNU LearnNoW; NorweigenLearn 当前词库","12B","12","en svigermor · svigermoren · svigermødre · svigermødrene / svigermora, svigermødre, svigermødrene","婆婆；岳母；配偶的母亲","Vi skal besøke svigermoren min på søndag. / Begge svigermødrene kommer på middag.","我们星期天要去看望我婆婆 / 岳母。 / 两位婆婆 / 岳母都会来吃晚饭。","沿用现有词库暂标；仍待逐词核验","现有应用词条；词头/词性/等级仍待整体验收"
"svineribbe","名词","A2","ei","NTNU LearnNoW; NorweigenLearn 当前词库","12C","12","en svineribbe · svineribba · svineribben · svineribber · svineribbene / svineribba, svineribber, svineribbene","猪肋排；猪肋肉（常用于挪威圣诞烤肉）","De lager svineribbe med sprø svor til jul. / Svineribba serveres ofte med poteter.","他们圣诞节会做表皮酥脆的烤猪肋排。 / 烤猪肋排通常配土豆一起上桌。","沿用现有词库暂标；仍待逐词核验","现有应用词条；词头/词性/等级仍待整体验收"
"tante","名词","A2","ei","NTNU LearnNoW; NorweigenLearn 当前词库","12D","12","ei tante / en tante · tanta / tanten · tanter · tantene / tanta, tanter, tantene","姑妈；姨妈；舅妈/伯母等；阿姨（依亲属关系或称呼）","Vi skal besøke tante Petra på søndag. / Tanta mi bor i Trondheim.","我们星期天要去看望佩特拉阿姨。 / 我姑妈 / 姨妈住在特隆赫姆。","沿用现有词库暂标；仍待逐词核验","现有应用词条；词头/词性/等级仍待整体验收"
"torsk","名词","A2","en","NTNU LearnNoW; NorweigenLearn 当前词库","12C","12","en torsk · torsken · torsker · torskene / torsken, torsker, torskene","鳕鱼","Vi spiser kokt torsk med poteter i dag. / Fiskeren fikk tre store torsker.","我们今天吃煮鳕鱼配土豆。 / 渔夫捕到了三条大鳕鱼。","沿用现有词库暂标；仍待逐词核验","现有应用词条；词头/词性/等级仍待整体验收"
"tradisjon","名词","A2","en","NTNU LearnNoW; NorweigenLearn 当前词库","12B","12","en tradisjon · tradisjonen · tradisjoner · tradisjonene / tradisjonen, tradisjoner, tradisjonene","传统；惯例；习俗","Det er en tradisjon i familien vår å spise grøt på julaften. / Tradisjonen går tilbake til besteforeldrene mine.","我们家有个传统：平安夜吃粥。 / 这个传统可以追溯到我的祖父母那一代。","沿用现有词库暂标；仍待逐词核验","现有应用词条；词头/词性/等级仍待整体验收"
"tulle","动词","A2","å","NTNU LearnNoW; NorweigenLearn 当前词库","12C","12","å tulle · tuller · tullet · har tullet / tuller, tullet, har tullet","开玩笑；胡闹；瞎弄","Slapp av, jeg bare tuller. / Ikke tull med den varme ovnen.","放轻松，我只是开玩笑。 / 别乱碰那台热烤箱。","沿用现有词库暂标；仍待逐词核验","现有应用词条；词头/词性/等级仍待整体验收"
"tykk","形容词","A2","","NTNU LearnNoW; NorweigenLearn 当前词库","12A","12","tykk · tykt · tykke · tykkere / tykkest / tykt, tykke","厚的；粗的；浓稠的；胖的（依语境）","Ta på deg en tykk genser, det er kaldt ute. / Suppa er for tykk, så jeg tilsetter litt vann.","穿件厚毛衣吧，外面很冷。 / 汤太稠了，所以我加一点水。","沿用现有词库暂标；仍待逐词核验","现有应用词条；词头/词性/等级仍待整体验收"
"typisk","形容词","A2","","NTNU LearnNoW; NorweigenLearn 当前词库","12D","12","typisk · typisk · typiske / typisk, typiske","典型的；有代表性的；通常；真是（依语气）","Regn om høsten er typisk for Vestlandet. / Det er typisk meg å glemme paraplyen.","秋天多雨是挪威西部的典型特点。 / 我这个人就是会忘记带伞。","沿用现有词库暂标；仍待逐词核验","现有应用词条；词头/词性/等级仍待整体验收"
"uskarp","形容词","A2","","NTNU LearnNoW; NorweigenLearn 当前词库","12A","12","uskarp · uskarpt · uskarpe · mer uskarp · mest uskarp / uskarpt, uskarpe","模糊的；不清晰的；不锋利的","Bildet ble uskarpt fordi kameraet beveget seg. / Teksten er uskarp på den gamle skjermen.","相机移动了，所以照片拍糊了。 / 旧屏幕上的文字看不清。","沿用现有词库暂标；仍待逐词核验","现有应用词条；词头/词性/等级仍待整体验收"
"våt","形容词","A2","","NTNU LearnNoW; NorweigenLearn 当前词库","12B","12","våt · vått · våte · våtere · våtest / våteste / vått, våte","湿的；潮湿的；被雨淋湿的","Jeg ble våt på vei hjem fordi det regnet. / Barna la de våte vottene på gulvet.","我回家路上被雨淋湿了。 / 孩子们把湿手套放在地板上。","沿用现有词库暂标；仍待逐词核验","现有应用词条；词头/词性/等级仍待整体验收"
"vinterbilde","名词","A2","et","NTNU LearnNoW; NorweigenLearn 当前词库","12A","12","et vinterbilde · vinterbildet · vinterbilder · vinterbildene / vinterbildet, vinterbilder, vinterbildene","冬日照片；冬景图；冬季画面","Hun tok et vinterbilde av fjellet. / Vinterbildene henger på veggen.","她拍了一张山上的冬日照片。 / 那些冬景照片挂在墙上。","沿用现有词库暂标；仍待逐词核验","现有应用词条；词头/词性/等级仍待整体验收"
"vott","名词","A2","en","NTNU LearnNoW; NorweigenLearn 当前词库","12A","12","en vott · votten · votter · vottene / votten, votter, vottene","连指手套；手套（拇指单独、其余手指并在一起）","Barnet tar på seg varme votter før barnehagen. / Jeg mistet den ene votten på bussen.","孩子去幼儿园前戴上暖和的连指手套。 / 我在公交车上丢了一只连指手套。","沿用现有词库暂标；仍待逐词核验","现有应用词条；词头/词性/等级仍待整体验收"
"aha","感叹词","A2","","NorweigenLearn 当前词库","","","aha","啊哈；哦，原来如此；我明白了","Aha, nå skjønner jeg hvordan appen fungerer. / Aha, så du kjente henne fra før.","啊哈，我现在明白这个应用怎么用了。 / 哦，原来你以前就认识她。","沿用现有词库暂标；仍待逐词核验","现有应用词条；词头/词性/等级仍待整体验收"
"begge","限定词","A2","","NorweigenLearn 当前词库","","","begge","两者都；两个都；双方","Begge barna mine snakker norsk. / Vi liker begge to å gå på tur.","我的两个孩子都会说挪威语。 / 我们俩都喜欢徒步。","沿用现有词库暂标；仍待逐词核验","现有应用词条；词头/词性/等级仍待整体验收"
"bekymret","形容词","A2","","NorweigenLearn 当前词库","","","bekymret · bekymret · bekymrede · mer bekymret · mest bekymret","担心的；忧虑的；挂念的","Jeg er bekymret for sønnen min som har feber. / Foreldrene virket bekymrede etter telefonsamtalen.","我担心发烧的儿子。 / 打完电话后，父母看起来很担忧。","沿用现有词库暂标；仍待逐词核验","现有应用词条；词头/词性/等级仍待整体验收"
"berømt","形容词","A2","","NorweigenLearn 当前词库","","","berømt · berømt · berømte","著名的；有名的；闻名的","Bergen er berømt for regn og vakre fjell. / Hun møtte en berømt norsk forfatter.","卑尔根以多雨和美丽的山景闻名。 / 她遇到了一位著名的挪威作家。","沿用现有词库暂标；仍待逐词核验","现有应用词条；词头/词性/等级仍待整体验收"
"binde","动词","A2","","NorweigenLearn 当前词库","","","å binde · binder · bandt · bundet","绑；系；捆；连接；约束（依语境）","Hun bandt sykkelen fast til gjerdet. / Barnet lærte å binde skolissene sine.","她把自行车牢牢地绑在围栏上。 / 孩子学会了系自己的鞋带。","沿用现有词库暂标；仍待逐词核验","现有应用词条；词头/词性/等级仍待整体验收"
"bordtennis","名词","A2","","NorweigenLearn 当前词库","","","en bordtennis · bordtennisen · bordtenniser · bordtennisene","乒乓球；桌上网球运动","Vi spiller bordtennis i pausen. / Bordtennisen er populær på skolen.","我们休息时打乒乓球。 / 乒乓球在学校里很受欢迎。","沿用现有词库暂标；仍待逐词核验","现有应用词条；词头/词性/等级仍待整体验收"
"cricket","名词","A2","","NorweigenLearn 当前词库","","","en cricket · cricketen · cricketer · cricketene","板球；板球运动","De spiller cricket i parken om sommeren. / Cricket er svært populært i India.","他们夏天在公园里打板球。 / 板球在印度非常受欢迎。","沿用现有词库暂标；仍待逐词核验","现有应用词条；词头/词性/等级仍待整体验收"
"deres","限定词","A2","","NorweigenLearn 当前词库","","","deres","他们的；她们的；它们的；你们的（敬称/正式）","Barna deres går på samme skole. / Er dette huset deres?","他们的孩子在同一所学校上学。 / 这是你们的房子吗？","沿用现有词库暂标；仍待逐词核验","现有应用词条；词头/词性/等级仍待整体验收"
"dermed","副词","A2","","NorweigenLearn 当前词库","","","dermed","于是；因此；由此；就这样","Vi sendte søknaden i går og fikk dermed svar i dag. / Han trykket på knappen, og dermed startet maskinen.","我们昨天提交了申请，因此今天就收到了回复。 / 他按下按钮，机器随即启动了。","沿用现有词库暂标；仍待逐词核验","现有应用词条；词头/词性/等级仍待整体验收"
"døgn","名词","A2","","NorweigenLearn 当前词库","","","et døgn · døgnet · døgn · døgnene","一昼夜；24小时（从某一时点连续计算）","Apoteket har åpent hele døgnet. / Togreisen tok nesten et døgn.","这家药房全天营业。 / 火车旅程花了将近一昼夜。","沿用现有词库暂标；仍待逐词核验","现有应用词条；词头/词性/等级仍待整体验收"
"dyp","名词","A2","","NorweigenLearn 当前词库","","","et dyp · dypet · dyp · dypene","深水处；深处；深度","Båten passerte et dyp på hundre meter. / Hun fant ro i dypet av skogen.","船经过了一处水深一百米的地方。 / 她在森林深处找到了宁静。","沿用现有词库暂标；仍待逐词核验","现有应用词条；词头/词性/等级仍待整体验收"
"egentlig","形容词","A2","","NorweigenLearn 当前词库","","","egentlig · egentlig · egentlige","真正的；实际的；本来的；（也常作副词）其实","Den egentlige grunnen er at toget var forsinket. / Jeg vet egentlig ikke hva han mener.","真正的原因是火车晚点了。 / 其实我不知道他是什么意思。","沿用现有词库暂标；仍待逐词核验","现有应用词条；词头/词性/等级仍待整体验收"
"elektrisitet","名词","A2","","NorweigenLearn 当前词库","","","en elektrisitet · elektrisiteten","电；电力；电能","Prisen på elektrisitet kan variere gjennom året. / Elektrisiteten ble borte under uværet.","电价可能会随季节变化。 / 暴风雨期间停电了。","沿用现有词库暂标；仍待逐词核验","现有应用词条；词头/词性/等级仍待整体验收"
"elendig","形容词","A2","","NorweigenLearn 当前词库","","","elendig · elendig · elendige","糟糕的；很差的；状态极差的","Været var elendig hele helgen. / Jeg føler meg elendig og må hvile.","整个周末天气都糟透了。 / 我感觉很不舒服，得休息一下。","沿用现有词库暂标；仍待逐词核验","现有应用词条；词头/词性/等级仍待整体验收"
"ellers","副词","A2","","NorweigenLearn 当前词库","","","ellers","否则；平常/其他时候；除此之外；另外（依语境）","Vi må gå nå, ellers kommer vi for sent. / Jeg er litt trøtt, men ellers går det bra.","我们现在得走了，否则会迟到。 / 我有点累，不过其他方面都挺好。","沿用现有词库暂标；仍待逐词核验","现有应用词条；词头/词性/等级仍待整体验收"
"elleve","限定词","A2","","NorweigenLearn 当前词库","","","elleve","十一；第十一（需序数词形式时用 ellevte）","Toget går klokka elleve. / Hun har elleve elever i gruppa.","火车十一点出发。 / 她的小组有十一名学生。","沿用现有词库暂标；仍待逐词核验","现有应用词条；词头/词性/等级仍待整体验收"
"enkel","形容词","A2","","NorweigenLearn 当前词库","","","enkel · enkelt · enkle · enklere · enklest/enkleste","简单的；容易的；单一的；朴素的（依语境）","Det er enkelt å bestille billett på nettet. / Hun forklarte regelen på en enkel måte.","在网上订票很容易。 / 她用简单的方式解释了规则。","沿用现有词库暂标；仍待逐词核验","现有应用词条；词头/词性/等级仍待整体验收"
"enn","从属连词","A2","","NorweigenLearn 当前词库","","","enn","比；而不是；除了（依结构）","Denne boka er billigere enn den andre. / Han gjør ikke annet enn å klage.","这本书比另一本便宜。 / 他除了抱怨什么也不做。","沿用现有词库暂标；仍待逐词核验","现有应用词条；词头/词性/等级仍待整体验收"
"ensom","形容词","A2","","NorweigenLearn 当前词库","","","ensom · ensomt · ensomme · mer ensom · mest ensom","孤独的；寂寞的；独自一人的（依语境）","Hun følte seg ensom etter at hun flyttet. / Det ensomme barnet fikk en ny venn.","搬家后她感到很孤独。 / 那个孤单的孩子交到了一位新朋友。","沿用现有词库暂标；仍待逐词核验","现有应用词条；词头/词性/等级仍待整体验收"
"erfaring","名词","A2","","NorweigenLearn 当前词库","","","en erfaring · erfaringen · erfaringer · erfaringene","经验；经历；亲身体验","Hun har lang erfaring med kundeservice. / Vi gjorde oss mange gode erfaringer på kurset.","她有丰富的客户服务经验。 / 我们在课程中获得了许多有益的体验。","沿用现有词库暂标；仍待逐词核验","现有应用词条；词头/词性/等级仍待整体验收"
"febernedsettende","形容词","A2","","NorweigenLearn 当前词库","","","febernedsettende","退烧的；降低发热的","Apoteket har et febernedsettende middel for barn. / Spør apotekeren før du gir barnet febernedsettende.","药房有儿童用的退烧药。 / 给孩子服用退烧药前先咨询药师。","沿用现有词库暂标；仍待逐词核验","现有应用词条；词头/词性/等级仍待整体验收"
"flere","限定词","A2","","NorweigenLearn 当前词库","","","flere","更多；另外几个；若干（修饰可数名词）","Jeg vil gjerne lese flere bøker på norsk. / Flere personer kom for sent til møtet.","我想多读几本挪威语书。 / 有好几个人开会迟到了。","沿用现有词库暂标；仍待逐词核验","现有应用词条；词头/词性/等级仍待整体验收"
"forandring","名词","A2","","NorweigenLearn 当前词库","","","en forandring · forandringen · forandringer · forandringene","变化；改变；变动；改变后的事物","Vi må gjøre en liten forandring i planen. / Det har skjedd store forandringer i byen.","我们得对计划做一点小调整。 / 这座城市发生了很大的变化。","沿用现有词库暂标；仍待逐词核验","现有应用词条；词头/词性/等级仍待整体验收"
"fordi","从属连词","A2","","NorweigenLearn 当前词库","","","fordi","因为；由于","Jeg tar bussen fordi det regner. / Fordi jeg er syk, blir jeg hjemme.","因为下雨，我坐公交车。 / 因为我生病了，所以待在家里。","沿用现有词库暂标；仍待逐词核验","现有应用词条；词头/词性/等级仍待整体验收"
"forkjølelse","名词","A2","","NorweigenLearn 当前词库","","","en forkjølelse · forkjølelsen · forkjølelser · forkjølelsene","感冒","Jeg er forkjølet og blir hjemme. / Forkjølelsen varer noen dager.","我感冒了，就待在家里。 / 感冒会持续几天。","沿用现有词库暂标；仍待逐词核验","现有应用词条；词头/词性/等级仍待整体验收"
"fritid","名词","A2","","NorweigenLearn 当前词库","","","ei fritid · fritida · fritiden · fritider","空闲时间；闲暇；业余时间","På fritida liker jeg å gå tur. / Hun bruker fritiden på å lære norsk.","空闲时我喜欢散步。 / 她把业余时间用来学挪威语。","沿用现有词库暂标；仍待逐词核验","现有应用词条；词头/词性/等级仍待整体验收"
"hard","形容词","A2","","NorweigenLearn 当前词库","","","hard · hardt · harde · hardere · hardest","硬的；困难的；艰苦的；严厉的","Hun jobber hardt for å lære norsk. / Denne stolen er hardere enn sofaen.","她努力学习挪威语。 / 这把椅子比沙发硬。","沿用现有词库暂标；仍待逐词核验","现有应用词条；词头/词性/等级仍待整体验收"
"hennes","限定词","A2","","NorweigenLearn 当前词库","","","hennes","她的","Hennes familie bor i Trondheim. / Jeg kjenner søsteren hennes.","她的家人住在特隆赫姆。 / 我认识她的姐姐 / 妹妹。","沿用现有词库暂标；仍待逐词核验","现有应用词条；词头/词性/等级仍待整体验收"
"huff","感叹词","A2","","NorweigenLearn 当前词库","","","huff","唉；哎呀；真糟（表达不满、沮丧或不舒服）","Huff, så mye regn det er i dag! / Huff a meg, jeg glemte nøklene.","唉，今天雨真大！ / 哎呀，我忘了钥匙。","沿用现有词库暂标；仍待逐词核验","现有应用词条；词头/词性/等级仍待整体验收"
"hvem","代词","A2","","NorweigenLearn 当前词库","","","hvem","谁；什么人","Hvem skal hente barna i dag? / Vet du hvem som sendte meldingen?","今天谁去接孩子？ / 你知道是谁发的消息吗？","沿用现有词库暂标；仍待逐词核验","现有应用词条；词头/词性/等级仍待整体验收"
"hvis","从属连词","A2","","NorweigenLearn 当前词库","","","hvis","如果；假如","Hvis jeg får tid, ringer jeg deg i kveld. / Ta med en jakke hvis det blir kaldt.","如果我有时间，今晚就给你打电话。 / 如果天冷，就带件夹克。","沿用现有词库暂标；仍待逐词核验","现有应用词条；词头/词性/等级仍待整体验收"
"hvorfor","副词","A2","","NorweigenLearn 当前词库","","","hvorfor","为什么；为何","Hvorfor lærer du norsk? / Hun forklarte hvorfor hun var forsinket.","你为什么学挪威语？ / 她解释了自己为什么迟到。","沿用现有词库暂标；仍待逐词核验","现有应用词条；词头/词性/等级仍待整体验收"
"iblant","介词","A2","","NorweigenLearn 当前词库","","","iblant","在……之中；有时；偶尔","Hun sto midt iblant vennene sine. / Iblant tar vi bussen i stedet for bilen.","她就站在朋友们中间。 / 我们有时会坐公交而不开车。","沿用现有词库暂标；仍待逐词核验","现有应用词条；词头/词性/等级仍待整体验收"
"inni","介词","A2","","NorweigenLearn 当前词库","","","inni","在……里面；在内部；里面（依结构）","Nøklene ligger inni veska. / Det regner, så barna leker inni.","钥匙在包里面。 / 正在下雨，所以孩子们在室内玩。","沿用现有词库暂标；仍待逐词核验","现有应用词条；词头/词性/等级仍待整体验收"
"internettilgang","名词","A2","","NorweigenLearn 当前词库","","","en internettilgang · internettilgangen · internettilganger · internettilgangene","互联网接入；上网条件；网络访问权限","Studentene har gratis internettilgang på biblioteket. / Internettilgangen på hotellet var ustabil.","学生可以在图书馆免费上网。 / 酒店的网络连接不稳定。","沿用现有词库暂标；仍待逐词核验","现有应用词条；词头/词性/等级仍待整体验收"
"jippi","感叹词","A2","","NorweigenLearn 当前词库","","","jippi","太好了；耶；好耶（兴奋或高兴时）","Jippi, vi skal til Tromsø i sommer! / Barna ropte jippi da de så snøen.","耶，我们今年夏天要去特罗姆瑟！ / 孩子们看到雪时高兴地喊了起来。","沿用现有词库暂标；仍待逐词核验","现有应用词条；词头/词性/等级仍待整体验收"
"kjemisk","形容词","A2","","NorweigenLearn 当前词库","","","kjemisk · kjemisk · kjemiske","化学的；化学制品的；由化学过程产生的","Noen vaskemidler inneholder sterke kjemiske stoffer. / Studentene lærte om en kjemisk reaksjon i laboratoriet.","一些清洁剂含有强效化学物质。 / 学生们在实验室学习了一种化学反应。","沿用现有词库暂标；仍待逐词核验","现有应用词条；词头/词性/等级仍待整体验收"
"kjent","形容词","A2","","NorweigenLearn 当前词库","","","kjent · kjent · kjente · mer kjent · mest kjent","熟悉的；认识的；知名的","Jeg er godt kjent med området. / Hun er kjent for musikken sin.","我很熟悉这个地区。 / 她因自己的音乐而出名。","沿用现有词库暂标；仍待逐词核验","现有应用词条；词头/词性/等级仍待整体验收"
"kølapp","名词","A2","","NorweigenLearn 当前词库","","","en kølapp · kølappen · kølapper · kølappene","排队号；取号纸；号码牌","Ta en kølapp og vent på navnet ditt. / Jeg mistet kølappen før det ble min tur.","取一张号，然后等着叫你的名字。 / 还没轮到我，我就把号码牌弄丢了。","沿用现有词库暂标；仍待逐词核验","现有应用词条；词头/词性/等级仍待整体验收"
"lån","名词","A2","","NorweigenLearn 当前词库","","","et lån · lånet · lån · lånene","贷款；借款；借来的东西（依语境）","De tok opp et lån for å kjøpe leilighet. / Jeg må betale renter på lånet hver måned.","他们贷款买了公寓。 / 我每个月都要支付这笔贷款的利息。","沿用现有词库暂标；仍待逐词核验","现有应用词条；词头/词性/等级仍待整体验收"
"legevakt","名词","A2","","NorweigenLearn 当前词库","","","en legevakt · legevakten · legevakter · legevaktene","值班急诊医疗服务；急诊门诊（非危及生命时）","Ring legevakta hvis du trenger rask medisinsk hjelp. / Hun dro til legevakten etter at hun falt.","如果你需要尽快获得医疗帮助，可以联系值班急诊服务。 / 她摔倒后去了急诊门诊。","沿用现有词库暂标；仍待逐词核验","现有应用词条；词头/词性/等级仍待整体验收"
"legevaktsentral","名词","A2","","NorweigenLearn 当前词库","","","en legevaktsentral · legevaktsentralen · legevaktsentraler · legevaktsentralene","值班急诊医疗服务的电话中心/调度中心","Legevaktsentralen ba meg komme inn til vurdering. / Du kan ringe legevaktsentralen for råd.","值班急诊电话中心让我过去接受评估。 / 你可以打电话给值班急诊中心咨询。","沿用现有词库暂标；仍待逐词核验","现有应用词条；词头/词性/等级仍待整体验收"
"maler","名词","A2","","NorweigenLearn 当前词库","","","en maler · maleren · malere · malerne","画家；油漆工；涂装工（依语境）","Bestefaren min jobbet som maler. / Maleren skal male stua på nytt.","我祖父以前是油漆工 / 画家。 / 油漆工要把客厅重新粉刷一遍。","沿用现有词库暂标；仍待逐词核验","现有应用词条；词头/词性/等级仍待整体验收"
"man","名词","A2","","NorweigenLearn 当前词库","","","en man · manen · maner · manene","（马的）鬃毛","Hesten har en lang, mørk man. / Hun børstet manen før rideturen.","这匹马有一条又长又黑的鬃毛。 / 骑马前她给马梳理了鬃毛。","沿用现有词库暂标；仍待逐词核验","现有应用词条；词头/词性/等级仍待整体验收"
"masse","名词","A2","","NorweigenLearn 当前词库","","","en masse · massen · masser · massene","大量；许多；物质团块/质量","Det kom masse folk på konserten. / Vi trenger en masse tid for å bli ferdige.","音乐会上来了很多人。 / 我们需要很多时间才能做完。","沿用现有词库暂标；仍待逐词核验","现有应用词条；词头/词性/等级仍待整体验收"
"mastergradsstudent","名词","A2","","NorweigenLearn 当前词库","","","en mastergradsstudent · mastergradsstudenten · mastergradsstudenter · mastergradsstudentene","硕士研究生；攻读硕士学位的学生","Hun er mastergradsstudent i psykologi. / Mastergradsstudentene skriver oppgave dette semesteret.","她是心理学专业的硕士研究生。 / 硕士研究生们这个学期在写论文。","沿用现有词库暂标；仍待逐词核验","现有应用词条；词头/词性/等级仍待整体验收"
"medisin","名词","A2","","NorweigenLearn 当前词库","","","en medisin · medisinen · medisiner · medisinene","药；药物；医学（依语境）","Husk å ta medisinen etter maten. / Hun studerer medisin ved universitetet.","记得饭后吃药。 / 她在大学学医学。","沿用现有词库暂标；仍待逐词核验","现有应用词条；词头/词性/等级仍待整体验收"
"minibank","名词","A2","","NorweigenLearn 当前词库","","","en minibank · minibanken · minibanker · minibankene","自动取款机；ATM","Finnes det en minibank i nærheten? / Jeg tok ut fem hundre kroner i minibanken.","附近有自动取款机吗？ / 我在 ATM 取了五百克朗。","沿用现有词库暂标；仍待逐词核验","现有应用词条；词头/词性/等级仍待整体验收"
"minibar","名词","A2","","NorweigenLearn 当前词库","","","en minibar · minibaren · minibarer · minibarene","迷你吧；酒店房间内的小型饮料/零食冰箱","Vannet i minibaren koster ekstra. / Det står en minibar på hotellrommet.","迷你吧里的水需要额外付费。 / 酒店房间里有一个迷你吧。","沿用现有词库暂标；仍待逐词核验","现有应用词条；词头/词性/等级仍待整体验收"
"minusgrad","名词","A2","","NorweigenLearn 当前词库","","","en minusgrad · minusgraden · minusgrader · minusgradene","零下的一度；摄氏零度以下的一度","Det blir fem minusgrader i natt. / Vi hadde åtte minusgrader på fjellet.","今晚会降到零下五度。 / 我们在山上遇到零下八度。","沿用现有词库暂标；仍待逐词核验","现有应用词条；词头/词性/等级仍待整体验收"
"mulighet","名词","A2","","NorweigenLearn 当前词库","","","en mulighet · muligheten · muligheter · mulighetene","可能性；机会；可选方案","Har du mulighet til å møte meg etter jobb? / Vi har flere muligheter hvis toget blir forsinket.","你下班后有空见我吗？ / 如果火车晚点，我们还有几个选择。","沿用现有词库暂标；仍待逐词核验","现有应用词条；词头/词性/等级仍待整体验收"
"nam","感叹词","A2","","NorweigenLearn 当前词库","","","nam","好吃；真香；嗯，好吃！（口语感叹）","Nam, den kaka var kjempegod! / Barna sa nam da de fikk varm kakao.","嗯，这个蛋糕太好吃了！ / 孩子们拿到热可可时开心地说真香。","沿用现有词库暂标；仍待逐词核验","现有应用词条；词头/词性/等级仍待整体验收"
"når","从属连词","A2","","NorweigenLearn 当前词库","","","når","当……时；什么时候（引导时间从句/间接疑问）","Når jeg kommer hjem, ringer jeg deg. / Vet du når toget går?","我到家时会给你打电话。 / 你知道火车什么时候开吗？","沿用现有词库暂标；仍待逐词核验","现有应用词条；词头/词性/等级仍待整体验收"
"nasjonalforsamling","名词","A2","","NorweigenLearn 当前词库","","","en nasjonalforsamling · nasjonalforsamlingen · nasjonalforsamlinger · nasjonalforsamlingene","国民议会；国家立法机关","Nasjonalforsamlingen vedtok en ny lov. / Stortinget er Norges nasjonalforsamling.","国民议会通过了一项新法律。 / 挪威议会 Stortinget 是挪威的国民议会。","沿用现有词库暂标；仍待逐词核验","现有应用词条；词头/词性/等级仍待整体验收"
"nasjonalitet","名词","A2","","NorweigenLearn 当前词库","","","en nasjonalitet · nasjonaliteten · nasjonaliteter · nasjonalitetene","国籍；民族身份（表格语境通常指国籍）","Du må oppgi nasjonalitet i skjemaet. / De har forskjellig nasjonalitet, men bor i samme land.","你需要在表格里填写国籍。 / 他们国籍不同，但住在同一个国家。","沿用现有词库暂标；仍待逐词核验","现有应用词条；词头/词性/等级仍待整体验收"
"nett","名词","A2","","NorweigenLearn 当前词库","","","et nett · nettet · nett · nettene","网；网络；互联网（依语境）","Jeg fant informasjonen på nettet. / Det trådløse nettet virker ikke.","我在网上找到了这条信息。 / 无线网络不能用了。","沿用现有词库暂标；仍待逐词核验","现有应用词条；词头/词性/等级仍待整体验收"
"nevø","名词","A2","","NorweigenLearn 当前词库","","","en nevø · nevøen · nevøer · nevøene","侄子；外甥（兄弟姐妹的儿子）","Nevøen min begynner på skolen til høsten. / Hun har to nevøer og ei niese.","我侄子 / 外甥今年秋天开始上学。 / 她有两个侄子 / 外甥和一个侄女 / 外甥女。","沿用现有词库暂标；仍待逐词核验","现有应用词条；词头/词性/等级仍待整体验收"
"oldemor","名词","A2","","NorweigenLearn 当前词库","","","ei oldemor · oldemora · oldemødre · oldemødrene","曾祖母；外曾祖母（祖父母一辈的母亲）","Oldemora mi bor fortsatt i Trondheim. / Barna fikk høre historier fra oldemødrene sine.","我的曾祖母 / 外曾祖母仍住在特隆赫姆。 / 孩子们听了各自曾祖母讲的故事。","沿用现有词库暂标；仍待逐词核验","现有应用词条；词头/词性/等级仍待整体验收"
"omgangssyke","名词","A2","","NorweigenLearn 当前词库","","","en omgangssyke · omgangssyken · omgangssyker · omgangssykene","胃肠炎；急性肠胃不适（常见口语统称）","Barna må være hjemme fordi de har omgangssyke. / Det går omgangssyke i barnehagen.","孩子们得待在家里，因为他们得了肠胃炎。 / 幼儿园里正在流行肠胃炎。","沿用现有词库暂标；仍待逐词核验","现有应用词条；词头/词性/等级仍待整体验收"
"område","名词","A2","","NorweigenLearn 当前词库","","","et område · området · områder · områdene","地区；区域；范围；领域","Det er mange fine turstier i området. / Hun jobber innen helseområdet.","这一带有很多漂亮的徒步小径。 / 她在卫生健康领域工作。","沿用现有词库暂标；仍待逐词核验","现有应用词条；词头/词性/等级仍待整体验收"
"organisasjon","名词","A2","","NorweigenLearn 当前词库","","","en organisasjon · organisasjonen · organisasjoner · organisasjonene","组织；机构；团体；协会","Hun jobber i en internasjonal organisasjon. / Organisasjonen hjelper familier som trenger støtte.","她在一家国际组织工作。 / 这个组织帮助需要支持的家庭。","沿用现有词库暂标；仍待逐词核验","现有应用词条；词头/词性/等级仍待整体验收"
"parlament","名词","A2","","NorweigenLearn 当前词库","","","et parlament · parlamentet · parlamenter · parlamentene","议会；立法机关","Parlamentet skal stemme over forslaget i morgen. / Landets parlament består av folkevalgte representanter.","议会明天将对这项提案进行表决。 / 该国议会由民选代表组成。","沿用现有词库暂标；仍待逐词核验","现有应用词条；词头/词性/等级仍待整体验收"
"passord","名词","A2","","NorweigenLearn 当前词库","","","et passord · passordet · passord · passordene","密码；口令","Jeg har glemt passordet til e-posten min. / Du bør velge et sterkt passord.","我忘了邮箱密码。 / 你应该选一个强度高的密码。","沿用现有词库暂标；仍待逐词核验","现有应用词条；词头/词性/等级仍待整体验收"
"PC","名词","A2","","NorweigenLearn 当前词库","","","en PC · PC-en · PC-er · PC-ene","个人电脑；台式/笔记本电脑（统称）","Jeg bruker PC-en til å skrive oppgaven. / Studentene har med seg hver sin PC.","我用电脑写作业。 / 学生们各自带着一台电脑。","沿用现有词库暂标；仍待逐词核验","现有应用词条；词头/词性/等级仍待整体验收"
"pensjonist","名词","A2","","NorweigenLearn 当前词库","","","en pensjonist · pensjonisten · pensjonister · pensjonistene","退休人士；退休人员；领取养老金的人","Han ble pensjonist da han fylte 67 år. / Pensjonistene møtes på kafé hver torsdag.","他67岁时退休了。 / 退休人士们每周四在咖啡馆见面。","沿用现有词库暂标；仍待逐词核验","现有应用词条；词头/词性/等级仍待整体验收"
"prest","名词","A2","","NorweigenLearn 当前词库","","","en prest · presten · prester · prestene","牧师；神职人员（挪威教会语境）","Presten skal holde tale i kirken på søndag. / Hun snakket med en prest etter seremonien.","牧师将在星期天于教堂讲道。 / 仪式结束后，她和一位牧师交谈。","沿用现有词库暂标；仍待逐词核验","现有应用词条；词头/词性/等级仍待整体验收"
"psykologi","名词","A2","","NorweigenLearn 当前词库","","","en psykologi · psykologien · psykologier · psykologiene","心理学；心理（学科/研究领域）","Hun studerer psykologi ved universitetet. / Psykologien handler blant annet om hvordan mennesker tenker.","她在大学学习心理学。 / 心理学涉及人们如何思考等内容。","沿用现有词库暂标；仍待逐词核验","现有应用词条；词头/词性/等级仍待整体验收"
"rådhus","名词","A2","","NorweigenLearn 当前词库","","","et rådhus · rådhuset · rådhus · rådhusene","市政厅；市政府办公楼","Vi skal møte saksbehandleren på rådhuset. / Kommunen har åpnet et nytt rådhus.","我们要去市政厅见负责经办的人。 / 市政府启用了一座新的办公楼。","沿用现有词库暂标；仍待逐词核验","现有应用词条；词头/词性/等级仍待整体验收"
"registrere","动词","A2","","NorweigenLearn 当前词库","","","å registrere · registrerer · registrerte · registrert","登记；注册；记录；备案","Du må registrere deg før kurset starter. / Resepsjonisten registrerte navnet mitt.","课程开始前你必须先注册。 / 接待员登记了我的名字。","沿用现有词库暂标；仍待逐词核验","现有应用词条；词头/词性/等级仍待整体验收"
"reisebekreftelse","名词","A2","","NorweigenLearn 当前词库","","","en reisebekreftelse · reisebekreftelsen · reisebekreftelser · reisebekreftelsene","旅行预订确认；行程确认单；预订确认函","Jeg fikk reisebekreftelsen på e-post. / Ta med en utskrift av reisebekreftelsen.","我通过电子邮件收到了旅行预订确认。 / 带一份旅行确认单的打印件。","沿用现有词库暂标；仍待逐词核验","现有应用词条；词头/词性/等级仍待整体验收"
"respons","名词","A2","","NorweigenLearn 当前词库","","","en respons · responsen · responser · responsene","回应；反馈；反应","Jeg fikk rask respons på e-posten min. / Læreren ga positiv respons på teksten.","我的邮件很快得到了回复。 / 老师对这篇文章给了积极反馈。","沿用现有词库暂标；仍待逐词核验","现有应用词条；词头/词性/等级仍待整体验收"
"salsakurs","名词","A2","","NorweigenLearn 当前词库","","","et salsakurs · salsakurset · salsakurs · salsakursene","萨尔萨舞课程；萨尔萨舞班","Vi meldte oss på et salsakurs i sentrum. / Salsakurset starter på torsdag.","我们报名参加了市中心的一门萨尔萨舞课。 / 萨尔萨舞班周四开课。","沿用现有词库暂标；仍待逐词核验","现有应用词条；词头/词性/等级仍待整体验收"
"seg","代词","A2","","NorweigenLearn 当前词库","","","seg","自己；自身（第三人称反身代词）","Barna kler på seg før de går ut. / Hun gleder seg til ferien.","孩子们出门前自己穿好衣服。 / 她期待着假期。","沿用现有词库暂标；仍待逐词核验","现有应用词条；词头/词性/等级仍待整体验收"
"semesteravgift","名词","A2","","NorweigenLearn 当前词库","","","en semesteravgift · semesteravgiften · semesteravgifter · semesteravgiftene","学期费；学生学期注册费","Jeg må betale semesteravgiften før fristen. / Semesteravgiften må være betalt for at du skal få studentkort.","我必须在截止日期前缴纳学期费。 / 要拿到学生卡，必须先缴纳学期费。","沿用现有词库暂标；仍待逐词核验","现有应用词条；词头/词性/等级仍待整体验收"
"semesterkort","名词","A2","","NorweigenLearn 当前词库","","","et semesterkort · semesterkortet · semesterkort · semesterkortene","学期学生证；学生身份卡","Du må vise semesterkortet på bussen. / Studentene lastet ned semesterkortene sine.","你在公交车上必须出示学生证。 / 学生们下载了各自的学期卡。","沿用现有词库暂标；仍待逐词核验","现有应用词条；词头/词性/等级仍待整体验收"
"seminar","名词","A2","","NorweigenLearn 当前词库","","","et seminar · seminaret · seminarer · seminarene","研讨会；专题讨论课","Vi skal delta på et seminar om norsk språk. / Seminaret begynner klokka ti.","我们将参加一个关于挪威语的研讨会。 / 研讨课十点开始。","沿用现有词库暂标；仍待逐词核验","现有应用词条；词头/词性/等级仍待整体验收"
"sin","限定词","A2","","NorweigenLearn 当前词库","","","sin · sitt · sine","他/她/它/他们自己的（与主语同指）","Hun besøker foreldrene sine hver helg. / Per tok med seg boka si.","她每个周末去看自己的父母。 / 佩尔带上了自己的书。","沿用现有词库暂标；仍待逐词核验","现有应用词条；词头/词性/等级仍待整体验收"
"smerte","名词","A2","","NorweigenLearn 当前词库","","","en smerte · smerten · smerter · smertene","疼痛","Hun har smerter i ryggen. / Smerten blir sterkere når jeg går.","她背痛。 / 我走路时疼痛加重。","沿用现有词库暂标；仍待逐词核验","现有应用词条；词头/词性/等级仍待整体验收"
"som","从属连词","A2","","NorweigenLearn 当前词库","","","som","如同；像；好像（连接方式/类比从句）","Gjør som læreren forklarer. / Det høres ut som om noen banker på.","照老师解释的那样做。 / 听起来好像有人在敲门。","沿用现有词库暂标；仍待逐词核验","现有应用词条；词头/词性/等级仍待整体验收"
"søsken","名词","A2","","NorweigenLearn 当前词库","","","et søsken · søskenet · søsken · søskena / søsknene","兄弟姐妹中的一位","Har du søsken? / Søskena mine bor i Kina.","你有兄弟姐妹吗？ / 我的兄弟姐妹住在中国。","沿用现有词库暂标；仍待逐词核验","现有应用词条；词头/词性/等级仍待整体验收"
"søskenbarn","名词","A2","","NorweigenLearn 当前词库","","","et søskenbarn · søskenbarnet · søskenbarn · søskenbarna","堂/表兄弟姐妹；堂/表亲（父母的兄弟姐妹的子女）","Søskenbarnet mitt bor i Bergen. / Vi skal besøke søskenbarna våre i ferien.","我的堂 / 表亲住在卑尔根。 / 假期我们要去看望我们的堂 / 表亲们。","沿用现有词库暂标；仍待逐词核验","现有应用词条；词头/词性/等级仍待整体验收"
"stearinlys","名词","A2","","NorweigenLearn 当前词库","","","et stearinlys · stearinlyset · stearinlys · stearinlysene","蜡烛；硬脂蜡制成的蜡烛","Vi tente stearinlys da strømmen gikk. / Hun kjøpte to stearinlys til stua.","停电时我们点燃了蜡烛。 / 她为客厅买了两支蜡烛。","沿用现有词库暂标；仍待逐词核验","现有应用词条；词头/词性/等级仍待整体验收"
"stefar","名词","A2","","NorweigenLearn 当前词库","","","en stefar · stefaren · stefedre · stefedrene","继父；母亲的丈夫（非本人父亲）","Jeg skal besøke stefaren min i helga. / Guttene kommer godt overens med stefaren sin.","我周末要去看望我的继父。 / 这些男孩和他们的继父相处得很好。","沿用现有词库暂标；仍待逐词核验","现有应用词条；词头/词性/等级仍待整体验收"
"stemning","名词","A2","","NorweigenLearn 当前词库","","","en stemning · stemningen · stemninger · stemningene","气氛；氛围；情绪状态","Det var god stemning på festen. / Musikken skapte en rolig stemning.","聚会上气氛很好。 / 音乐营造出一种平静的氛围。","沿用现有词库暂标；仍待逐词核验","现有应用词条；词头/词性/等级仍待整体验收"
"studieplan","名词","A2","","NorweigenLearn 当前词库","","","en studieplan · studieplanen · studieplaner · studieplanene","学习计划；课程计划；培养方案","Jeg følger studieplanen for første året. / Studentene laget en studieplan sammen.","我按照第一年的课程计划学习。 / 学生们一起制定了学习计划。","沿用现有词库暂标；仍待逐词核验","现有应用词条；词头/词性/等级仍待整体验收"
"studium","名词","A2","","NorweigenLearn 当前词库","","","et studium · studiet · studier · studiene","大学课程；专业学习；一门学业/学位项目","Hun begynner på et studium i psykologi til høsten. / Studiet varer i tre år.","她今年秋天开始学习心理学专业。 / 这个专业学制为三年。","沿用现有词库暂标；仍待逐词核验","现有应用词条；词头/词性/等级仍待整体验收"
"telefonsamtale","名词","A2","","NorweigenLearn 当前词库","","","en telefonsamtale · telefonsamtalen · telefonsamtaler · telefonsamtalene","电话交谈；一次电话通话","Jeg hadde en lang telefonsamtale med legen. / Telefonsamtalen varte i ti minutter.","我和医生进行了一次长时间的电话交谈。 / 这次电话交谈持续了十分钟。","沿用现有词库暂标；仍待逐词核验","现有应用词条；词头/词性/等级仍待整体验收"
"tema","名词","A2","","NorweigenLearn 当前词库","","","et tema · temaet · temaer · temaene","主题；话题；题目","Vi skal skrive en tekst om et aktuelt tema. / Temaet for seminaret er språk og identitet.","我们要写一篇关于当前话题的文章。 / 研讨会的主题是语言与身份。","沿用现有词库暂标；仍待逐词核验","现有应用词条；词头/词性/等级仍待整体验收"
"total","形容词","A2","","NorweigenLearn 当前词库","","","total · totalt · totale · mer total · mest total","总的；全部的；完全的；彻底的","Kurset varer totalt seks uker. / Den totale prisen står på kvitteringen.","课程总共持续六周。 / 总价写在收据上。","沿用现有词库暂标；仍待逐词核验","现有应用词条；词头/词性/等级仍待整体验收"
"trives","动词","A2","","NorweigenLearn 当前词库","","","å trives · trives · trivdes · har trivdes","过得舒适；适应得好；喜欢某种环境","Barna trives godt i den nye barnehagen. / Jeg har trivdes her helt fra starten.","孩子们在新的幼儿园里适应得很好。 / 我从一开始就在这里过得很自在。","沿用现有词库暂标；仍待逐词核验","现有应用词条；词头/词性/等级仍待整体验收"
"utrolig","形容词/副词","A2","","NorweigenLearn 当前词库","","","utrolig · utrolig · utrolige","难以置信的；非常；惊人地","Vi hadde en utrolig fin dag. / Det er utrolig at hun husket alt.","我们度过了非常美好的一天。 / 她竟然把一切都记住了，真令人难以置信。","沿用现有词库暂标；仍待逐词核验","现有应用词条；词头/词性/等级仍待整体验收"
"utsette","动词","A2","","NorweigenLearn 当前词库","","","å utsette · utsetter · utsatte · har utsatt","推迟；延期；使……延后","Vi må utsette møtet til neste uke. / De har utsatt reisen på grunn av været.","我们必须把会议推迟到下周。 / 他们因为天气原因推迟了旅行。","沿用现有词库暂标；仍待逐词核验","现有应用词条；词头/词性/等级仍待整体验收"
"vedlegg","名词","A2","","NorweigenLearn 当前词库","","","et vedlegg · vedlegget · vedlegg · vedleggene","附件；附加文件","Jeg sender CV-en som vedlegg til e-posten. / Husk å åpne vedlegget før møtet.","我把简历作为附件随邮件发送。 / 记得在会议前打开附件。","沿用现有词库暂标；仍待逐词核验","现有应用词条；词头/词性/等级仍待整体验收"
"vikingskip","名词","A2","","NorweigenLearn 当前词库","","","et vikingskip · vikingskipet · vikingskip · vikingskipa / vikingskipene","维京船；维京时代的船只","Vi så et vikingskip på museet i Oslo. / Vikingskipene ble brukt til reiser og handel.","我们在奥斯陆的博物馆里看了一艘维京船。 / 维京船曾被用于旅行和贸易。","沿用现有词库暂标；仍待逐词核验","现有应用词条；词头/词性/等级仍待整体验收"
"volleyball","名词","A2","","NorweigenLearn 当前词库","","","en volleyball · volleyballen · volleyballer · volleyballene","排球；排球运动","Vi spiller volleyball i gymsalen hver tirsdag. / Volleyballen ligger i skapet.","我们每周二在体育馆打排球。 / 排球放在储物柜里。","沿用现有词库暂标；仍待逐词核验","现有应用词条；词头/词性/等级仍待整体验收"
"vondt","名词","A2","","NorweigenLearn 当前词库","","","et vondt · vondtet · vondt · vondta / vondtene","疼痛；痛楚（常见于 ha/gjøre vondt 等表达）","Det gjør vondt i halsen når jeg svelger. / Hun har vondt i magen og vil hvile.","我吞咽时喉咙疼。 / 她肚子疼，想休息。","沿用现有词库暂标；仍待逐词核验","现有应用词条；词头/词性/等级仍待整体验收"
