candidateLevel,lemma,pos,topic,sourceCourses,chineseMeaning,listedForms,exampleNb,exampleZh,exampleCount,appLevel,appIntegrated,fieldsPresent,manualReviewStatus,dictionarySource,dictionarySourceUrl,manuallyCheckedOn,examplesManuallyCheckedOn,officialLemmaFound,formAuditStatus,cefrReview,meaningAndExampleReview
"A1","avis","名词","媒体与阅读","NTNU LearnNoW; NTNU NoW1; NorweigenLearn 当前词库","报纸；一份报纸；新闻报刊","avisa, aviser, avisene / ei avis · avisa · aviser · avisene","Bestefar leser avisa hver morgen. / Jeg kjøpte to aviser på stasjonen.","爷爷每天早上看报。 / 我在车站买了两份报纸。","2","A1","true","true","词典核验：词义/词性/词形/例句/译文","Bokmålsordboka","https://ordbokene.no/nob/bm/avis","2026-09-24","2026-09-24","true","词头与列出词形匹配","课程候选等级；尚未逐词人工确认","例句/译文已人工审校"
"A1","bensinstasjon","名词","交通与出行","NTNU LearnNoW; NTNU NoW1; NorweigenLearn 当前词库","加油站；加油站（为机动车加注燃料的站点）","bensinstasjonen, bensinstasjoner, bensinstasjonene / en bensinstasjon · bensinstasjonen · bensinstasjoner · bensinstasjonene","Vi stopper på bensinstasjonen for å fylle bensin. / Det ligger en bensinstasjon ved motorveien.","我们在加油站停下来加油。 / 高速公路旁有一家加油站。","2","A1","true","true","词典核验：词义/词性/词形/例句/译文","Bokmålsordboka","https://ordbokene.no/bm%2Cnn/bensinstasjon","2026-09-24","2026-09-24","true","词头与列出词形匹配","课程候选等级；尚未逐词人工确认","例句/译文已人工审校"
"A1","bil","名词","交通与出行","NTNU LearnNoW; NTNU NoW1; NorweigenLearn 当前词库","汽车；轿车","bilen, biler, bilene / en bil · bilen · biler · bilene","Vi har en liten bil. / Bilen står utenfor huset.","我们有一辆小汽车。 / 那辆车停在房子外面。","2","A1","true","true","词典核验：词义/词性/词形/例句/译文","Bokmålsordboka","https://ordbokene.no/bm/bil","2026-09-24","2026-09-24","true","词头与列出词形匹配","课程候选等级；尚未逐词人工确认","例句/译文已人工审校"
"A1","bli","动词","日常动作 / 日常基础 / 未来计划与目标","NTNU LearnNoW; NTNU NoW1; NorweigenLearn 当前词库","变成；成为；留下","bli · blir · ble · blitt / blir, ble, har blitt","Hun blir lærer neste år. / Vi ble hjemme fordi det regnet.","她明年将成为老师。 / 因为下雨，我们待在家里。","2","A1","true","true","词典核验：词头/词性/核心义项","Bokmålsordboka","https://ordbokene.no/bm/bli","2026-09-24","2026-09-24","true","词头与列出词形匹配","课程候选等级；尚未逐词人工确认","例句/译文已人工审校"
"A1","bo","动词","住房与居住 / 家庭与人物","NTNU LearnNoW; NTNU NoW1; NorweigenLearn 当前词库","居住；住","bo · bor · bodde · bodd / bor, bodde, har bodd","De bor i Oslo. / Jeg bodde hos en venn i sommer.","他们住在奥斯陆。 / 今年夏天我住在一位朋友家。","2","A1","true","true","词典核验：词义/词性/词形/例句/译文","Bokmålsordboka","https://ordbokene.no/bm/bo","2026-09-24","2026-09-24","true","词头与列出词形匹配","课程候选等级；尚未逐词人工确认","例句/译文已人工审校"
"A1","brus","名词","饮食与购物","NTNU LearnNoW; NTNU NoW1; NorweigenLearn 当前词库","汽水；碳酸软饮料；口语中也可指一份/一瓶汽水","brusen, brus, brusene / en brus · brusen · brus · brusene","Barna får brus på lørdager. / Kan jeg få en brus uten sukker?","孩子们星期六可以喝汽水。 / 可以给我一瓶无糖汽水吗？","2","A1","true","true","词典核验：词义/词性/词形/例句/译文","Bokmålsordboka","https://ordbokene.no/bm/brus","2026-09-24","2026-09-24","true","词头与列出词形匹配","课程候选等级；尚未逐词人工确认","例句/译文已人工审校"
"A1","by","名词","交通与出行","NTNU LearnNoW; NTNU NoW1; NorweigenLearn 当前词库","城市；城镇","byen, byer, byene / en by · byen · byer · byene","Bergen er en vakker by. / Vi går en tur i byen.","卑尔根是一座美丽的城市。 / 我们在城里散步。","2","A1","true","true","词典核验：词义/词性/词形/例句/译文","Bokmålsordboka","https://ordbokene.no/bm/8262","2026-09-24","2026-09-24","true","词头与列出词形匹配","课程候选等级；尚未逐词人工确认","例句/译文已人工审校"
"A1","dag","名词","时间与日程 / 日常基础","NTNU LearnNoW; NTNU NoW1; NorweigenLearn 当前词库","一天；白天；某一天","dagen, dager, dagene / en dag · dagen · dager · dagene","Jeg jobber hjemme én dag i uka. / Dagene blir lysere om våren.","我每周有一天在家工作。 / 春天白天会变得更长、更明亮。","2","A1","true","true","词典核验：词义/词性/词形/例句/译文","Bokmålsordboka","https://ordbokene.no/bm/DAG","2026-09-24","2026-09-24","true","词头与列出词形匹配","课程候选等级；尚未逐词人工确认","例句/译文已人工审校"
"A1","dame","名词","家人和关系","NTNU LearnNoW; NTNU NoW1; NorweigenLearn 当前词库","女士；女性；（口语）妻子/女伴，视语境","dama, damer, damene / ei dame · dama · damer · damene","Ei dame spør etter bussen til sentrum. / Damene sitter ved vinduet.","一位女士在问去市中心的公交车。 / 几位女士坐在窗边。","2","A1","true","true","词典核验：词头/词性/核心义项","Bokmålsordboka","https://ordbokene.no/bm/dame","2026-09-24","2026-09-24","true","词头与列出词形匹配","课程候选等级；尚未逐词人工确认","例句/译文已人工审校"
"A1","ekspeditør","名词","食物与购物","NTNU LearnNoW; NTNU NoW1; NorweigenLearn 当前词库","售货员；店员；柜台服务人员","ekspeditøren, ekspeditører, ekspeditørene / en ekspeditør · ekspeditøren · ekspeditører · ekspeditørene","Jeg spør ekspeditøren hvor kaffen står. / En ekspeditør hjalp oss med å finne riktig størrelse.","我问店员咖啡放在哪里。 / 一位店员帮我们找到了合适的尺码。","2","A1","true","true","词典核验：词头/词性/核心义项","Det Norske Akademis ordbok","https://naob.no/ordbok/ekspedit%C3%B8r","2026-09-24","2026-09-24","true","词头与列出词形匹配","课程候选等级；尚未逐词人工确认","例句/译文已人工审校"
"A1","familie","名词","家人和关系 / 家庭与人物 / 未来计划与目标","NTNU LearnNoW; NTNU NoW1; NorweigenLearn 当前词库","家庭；一家人；家族","en familie · familien · familier · familiene / familien, familier, familiene","Familien min bor i Norge. / De kommer fra to forskjellige familier.","我家人住在挪威。 / 他们来自两个不同的家庭。","2","A1","true","true","词典核验：词义/词性/词形/例句/译文","Bokmålsordboka","https://ordbokene.no/bm/familie","2026-09-24","2026-09-24","true","词头与列出词形匹配","课程候选等级；尚未逐词人工确认","例句/译文已人工审校"
"A1","fly","名词","交通与出行","NTNU LearnNoW; NTNU NoW1; NorweigenLearn 当前词库","飞机；航班（口语语境）","et fly · flyet · fly · flyene / flyet, fly, flyene","Vi tar et fly til Bergen. / Flyene er forsinket på grunn av været.","我们乘飞机去卑尔根。 / 由于天气原因，航班延误了。","2","A1","true","true","词典核验：词头/词性/核心义项","Bokmålsordboka","https://ordbokene.no/bm/fly","2026-09-24","2026-09-24","true","词头与列出词形匹配","课程候选等级；尚未逐词人工确认","例句/译文已人工审校"
"A1","gjøre","动词","日常动作 / 日常基础 / 未来计划与目标","NTNU LearnNoW; NTNU NoW1; NorweigenLearn 当前词库","做；进行；造成","gjør, gjorde, har gjort / gjøre · gjør · gjorde · gjort / gjøre, gjør, har gjort","Jeg gjør leksene mine etter middag. / Hva gjorde du i går?","我晚饭后做作业。 / 你昨天做什么了？","2","A1","true","true","词典核验：词义/词性/词形/例句/译文","Bokmålsordboka","https://ordbokene.no/bm/gj%C3%B8re","2026-09-24","2026-09-24","true","词头与列出词形匹配","课程候选等级；尚未逐词人工确认","例句/译文已人工审校"
"A1","ha","动词","日常动作 / 日常基础","NTNU LearnNoW; NTNU NoW1; NorweigenLearn 当前词库","有；持有；经历","ha · har · hadde · hatt / har, hadde, har hatt","Jeg har to søstre. / Hadde du tid i går?","我有两个姐妹。 / 你昨天有时间吗？","2","A1","true","true","词典核验：词义/词性/词形/例句/译文","Bokmålsordboka","https://ordbokene.no/bm/ha","2026-09-24","2026-09-24","true","词头与列出词形匹配","课程候选等级；尚未逐词人工确认","例句/译文已人工审校"
"A1","hete","动词","交流与语言","NTNU LearnNoW; NTNU NoW1; NorweigenLearn 当前词库","名叫；名字是","hete · heter · het · hett / heter, het, har hett","Jeg heter Mei. / Hva heter søsteren din?","我叫梅。 / 你妹妹 / 姐姐叫什么名字？","2","A1","true","true","词典核验：词义/词性/词形/例句/译文","Bokmålsordboka","https://ordbokene.no/bm/hete","2026-09-24","2026-09-24","true","词头与列出词形匹配","课程候选等级；尚未逐词人工确认","例句/译文已人工审校"
"A1","hilse","动词","交流与语言","NTNU LearnNoW; NTNU NoW1; NorweigenLearn 当前词库","问候；打招呼；代为致意","hilse · hilser · hilste · hilst / hilser, hilste, har hilst","Jeg hilser på læreren hver morgen. / Hils familien din fra meg.","我每天早上向老师问好。 / 替我向你家人问好。","2","A1","true","true","词典核验：词义/词性/词形/例句/译文","Bokmålsordboka","https://ordbokene.no/bm/hilse","2026-09-24","2026-09-24","true","词头与列出词形匹配","课程候选等级；尚未逐词人工确认","例句/译文已人工审校"
"A1","jente","名词","家人和关系","NTNU LearnNoW; NTNU NoW1; NorweigenLearn 当前词库","女孩；年轻女性","ei jente · jenta · jenter · jentene / jenta, jenter, jentene","Jenta går på skolen. / Det står to jenter utenfor.","这个女孩去上学。 / 外面站着两个女孩。","2","A1","true","true","词典核验：词义/词性/词形/例句/译文","Bokmålsordboka","https://ordbokene.no/bm/jente","2026-09-24","2026-09-24","true","词头与列出词形匹配","课程候选等级；尚未逐词人工确认","例句/译文已人工审校"
"A1","jobbe","动词","工作与学习 / 时间与日常 / 未来计划与目标","NTNU LearnNoW; NTNU NoW1; NorweigenLearn 当前词库","工作；干活","jobbe · jobber · jobbet · jobbet / jobber, jobbet, har jobbet","Jeg jobber på et sykehus. / Hun jobbet hele dagen i går.","我在一家医院工作。 / 她昨天工作了一整天。","2","A1","true","true","词典核验：词头/词性/核心义项","Bokmålsordboka","https://ordbokene.no/bm/jobbe","2026-09-24","2026-09-24","true","词头与列出词形匹配","课程候选等级；尚未逐词人工确认","例句/译文已人工审校"
"A1","kart","名词","交通与出行","NTNU LearnNoW; NTNU NoW1; NorweigenLearn 当前词库","地图；图表；清单/概览（依语境）","et kart · kartet · kart · kartene / kartet, kart, kartene","Kan du vise meg det på kartet? / Vi trenger et kart over byen.","你能在地图上指给我看吗？ / 我们需要一张城市地图。","2","A1","true","true","词典核验：词头/词性/核心义项","Bokmålsordboka","https://ordbokene.no/bm/kart","2026-09-24","2026-09-24","true","词头与列出词形匹配","课程候选等级；尚未逐词人工确认","例句/译文已人工审校"
"A1","kilometer","名词","交通与出行","NTNU LearnNoW; NTNU NoW1; NorweigenLearn 当前词库","公里；千米","en kilometer · kilometeren · kilometer · kilometerne / kilometeren, kilometer, kilometerne","Det er tre kilometer til skolen. / Butikken ligger én kilometer unna.","到学校有三公里。 / 商店在一公里外。","2","A1","true","true","词典核验：词头/词性/核心义项","Bokmålsordboka","https://ordbokene.no/bm/kilometer","2026-09-24","2026-09-24","true","词头与列出词形匹配","课程候选等级；尚未逐词人工确认","例句/译文已人工审校"
"A1","komme","动词","日常动作 / 日常基础","NTNU LearnNoW; NTNU NoW1; NorweigenLearn 当前词库","来；到达；变得（依语境）","komme · kommer · kom · kommet / kommer, kom, har kommet","Barna kommer hjem klokka fire. / Toget kom for sent i går.","孩子们四点回家。 / 火车昨天晚点了。","2","A1","true","true","词典核验：词头/词性/核心义项","Bokmålsordboka","https://ordbokene.no/bm/komme","2026-09-24","2026-09-24","true","词头与列出词形匹配","课程候选等级；尚未逐词人工确认","例句/译文已人工审校"
"A1","koste","动词","饮食与购物","NTNU LearnNoW; NTNU NoW1; NorweigenLearn 当前词库","花费；价格为；（另一义）扫/掸","koste · koster · kostet · kostet / koster, kostet, har kostet","Hvor mye koster denne jakka? / Billetten kostet 250 kroner.","这件夹克多少钱？ / 这张票花了250克朗。","2","A1","true","true","词典核验：词头/词性/核心义项","Bokmålsordboka","https://ordbokene.no/bm/koste","2026-09-24","2026-09-24","true","词头与列出词形匹配","课程候选等级；尚未逐词人工确认","例句/译文已人工审校"
"A1","krone","名词","饮食与购物","NTNU LearnNoW; NTNU NoW1; NorweigenLearn 当前词库","克朗；皇冠（依语境）","ei krone · krona · kroner · kronene / krona, kroner, kronene","Kaffen koster 35 kroner. / Jeg fant ei krone på gulvet.","咖啡要35克朗。 / 我在地上发现了一枚克朗硬币。","2","A1","true","true","词典核验：词头/词性/核心义项","Bokmålsordboka","https://ordbokene.no/bm/krone","2026-09-24","2026-09-24","true","词头与列出词形匹配","课程候选等级；尚未逐词人工确认","例句/译文已人工审校"
"A1","antropologi","名词","学习领域与专业","NTNU NoW1; NorweigenLearn 当前词库","人类学（研究人类的文化、社会与作为物种的学科）","en antropologi · antropologien · antropologier · antropologiene","Hun studerer antropologi ved universitetet. / Antropologi handler om mennesker og samfunn.","她在大学学习人类学。 / 人类学研究人类与社会。","2","A1","true","true","词典核验：词头/词性/核心义项","Det Norske Akademis ordbok","https://naob.no/ordbok/antropologi","2026-09-24","2026-09-24","true","词头与列出词形匹配","课程候选等级；尚未逐词人工确认","例句/译文已人工审校"
"A1","arkitektur","名词","学习领域与专业","NTNU NoW1; NorweigenLearn 当前词库","建筑学；建筑设计；建筑风格","en arkitektur · arkitekturen · arkitekturer · arkitekturene","Broren min studerer arkitektur i Oslo. / Vi liker den moderne arkitekturen i byen.","我哥哥在奥斯陆学习建筑学。 / 我们喜欢这座城市的现代建筑风格。","2","A1","true","true","词典核验：词头/词性/核心义项","Bokmålsordboka","https://ordbokene.no/bm/2670","2026-09-24","2026-09-24","true","词头与列出词形匹配","课程候选等级；尚未逐词人工确认","例句/译文已人工审校"
"A1","båt","名词","交通与出行","NTNU NoW1; NorweigenLearn 当前词库","船；小船；艇","en båt · båten · båter · båtene","De tar båt til øya. / Båten ligger ved brygga.","他们乘船去岛上。 / 船停在码头边。","2","A1","true","true","词典核验：词头/词性/核心义项","Bokmålsordboka","https://ordbokene.no/bm/b%C3%A5t","2026-09-24","2026-09-24","true","词头与列出词形匹配","课程候选等级；尚未逐词人工确认","例句/译文已人工审校"
"A1","fra","介词","交通与出行","NTNU LearnNoW; NorweigenLearn 当前词库","从；来自；自（时间/来源）","fra","Jeg kommer fra Kina. / Butikken er åpen fra ni til fem.","我来自中国。 / 商店从九点开到五点。","2","A1","true","true","词典核验：词头/词性/核心义项","Bokmålsordboka","https://ordbokene.no/bm/fra","2026-09-24","2026-09-24","true","词头与列出词形匹配","课程候选等级；尚未逐词人工确认","例句/译文已人工审校"
"A1","god","形容词","描述与感受 / 未来计划与目标","NTNU LearnNoW; NorweigenLearn 当前词库","好；美味的；善良的；合适的（依语境）","god · godt · gode · bedre · best / godt, gode","Dette brødet er veldig godt. / Hun er en god venn.","这面包非常好吃。 / 她是一位好朋友。","2","A1","true","true","词典核验：词头/词性/核心义项","Bokmålsordboka","https://ordbokene.no/bm/god","2026-09-24","2026-09-24","true","词头与列出词形匹配","课程候选等级；尚未逐词人工确认","例句/译文已人工审校"
"A1","hyggelig","形容词","描述与感受","NTNU LearnNoW; NorweigenLearn 当前词库","愉快的；友好的；令人舒服的","hyggelig · hyggelig · hyggelige · hyggeligere · hyggeligst / hyggelig, hyggelige","Det var hyggelig å møte deg. / Vi hadde en hyggelig kveld sammen.","很高兴见到你。 / 我们一起度过了愉快的夜晚。","2","A1","true","true","词典核验：词头/词性/核心义项","Bokmålsordboka","https://ordbokene.no/bm/hyggelig","2026-09-24","2026-09-24","true","词头与列出词形匹配","课程候选等级；尚未逐词人工确认","例句/译文已人工审校"
"A1","norsk","形容词","工作与学习","NTNU LearnNoW; NorweigenLearn 当前词库","挪威的；挪威语的；挪威人的","norsk · norsk · norske / norsk, norske","Jeg lærte et nytt norsk ord på kurset. / De bor i et norsk hus.","我在课程上学了一个新的挪威语单词。 / 他们住在一栋挪威式的房子里。","2","A1","true","true","词典核验：词头/词性/核心义项","Bokmålsordboka","https://ordbokene.no/bm/norsk","2026-09-24","2026-09-24","true","词头与列出词形匹配","课程候选等级；尚未逐词人工确认","例句/译文已人工审校"
"A1","på","介词","位置与指示 / 未来计划与目标","NTNU LearnNoW; NorweigenLearn 当前词库","在……上；在/去某些地点；乘坐/从事（依搭配）","på","Nøklene ligger på bordet. / Hun er på jobb i dag.","钥匙在桌子上。 / 她今天在上班。","2","A1","true","true","词典核验：词头/词性/核心义项","Bokmålsordboka","https://ordbokene.no/bm/på","2026-09-24","2026-09-24","true","词头与列出词形匹配","课程候选等级；尚未逐词人工确认","例句/译文已人工审校"
"A1","være","动词","日常动作 / 日常基础","NTNU LearnNoW; NorweigenLearn 当前词库","是；处于；在（表示状态或位置）","er, var, har vært / være · er · var · vært","Jeg er hjemme nå. / Vi var på jobb i går.","我现在在家。 / 我们昨天在上班。","2","A1","true","true","词典核验：词头/词性/核心义项","Bokmålsordboka","https://ordbokene.no/bm/v%C3%A6re","2026-09-24","2026-09-24","true","词头与列出词形匹配","课程候选等级；尚未逐词人工确认","例句/译文已人工审校"
"A1","adresse","名词","个人信息","NTNU LearnNoW; NTNU NoW1; NorweigenLearn 当前词库","地址；住址；电子邮件地址（依语境）","adressa, adresser, adressene / ei adresse · adressa · adresser · adressene","Hva er adressa di? / Jeg skriver adressen på skjemaet.","你的地址是什么？ / 我把地址写在表格上。","2","A1","true","true","词典核验：词头/词性/核心义项","Bokmålsordboka","https://ordbokene.no/bm/adresse","2026-09-24","2026-09-24","true","词头与列出词形匹配","课程候选等级；尚未逐词人工确认","例句/译文已人工审校"
"A1","betale","动词","饮食与购物 / 食物与购物","NTNU LearnNoW; NTNU NoW1; NorweigenLearn 当前词库","支付；付款","betale · betaler · betalte · betalt / betaler, betalte, har betalt","Kan jeg betale med kort? / Han betalte regningen i går.","我可以刷卡吗？ / 他昨天付了账单。","2","A1","true","true","词典核验：词头/词性/核心义项","Bokmålsordboka","https://ordbokene.no/bm/betale","2026-09-24","2026-09-24","true","词头与列出词形匹配","课程候选等级；尚未逐词人工确认","例句/译文已人工审校"
"A1","billett","名词","交通与出行","NTNU LearnNoW; NTNU NoW1; NorweigenLearn 当前词库","票；车票；入场券","billetten, billetter, billettene / en billett · billetten · billetter · billettene","Jeg kjøper en billett til Oslo. / Hvor er billettene våre?","我买一张去奥斯陆的车票。 / 我们的票在哪里？","2","A1","true","true","词典核验：词头/词性/核心义项","Bokmålsordboka","https://ordbokene.no/bm/billett","2026-09-24","2026-09-24","true","词头与列出词形匹配","课程候选等级；尚未逐词人工确认","例句/译文已人工审校"
"A1","bruke","动词","日常动作 / 待归类","NTNU LearnNoW; NTNU NoW1; NorweigenLearn 当前词库","使用；花费（时间/钱）；穿用","bruke · bruker · brukte · brukt / bruker, brukte, har brukt","Jeg bruker mobilen til å lese nyheter. / Vi brukte to timer på leksene.","我用手机看新闻。 / 我们做作业花了两个小时。","2","A1","true","true","词典核验：词头/词性/核心义项","Bokmålsordboka","https://ordbokene.no/bm/bruke","2026-09-24","2026-09-24","true","词头与列出词形匹配","课程候选等级；尚未逐词人工确认","例句/译文已人工审校"
"A1","buss","名词","交通与出行","NTNU LearnNoW; NTNU NoW1; NorweigenLearn 当前词库","公共汽车；公交车","bussen, busser, bussene / en buss · bussen · busser · bussene","Vi tar bussen til sentrum. / Bussen kommer om fem minutter.","我们坐公交去市中心。 / 公交车五分钟后到。","2","A1","true","true","词典核验：词头/词性/核心义项","Bokmålsordboka","https://ordbokene.no/bm/buss","2026-09-24","2026-09-24","true","词头与列出词形匹配","课程候选等级；尚未逐词人工确认","例句/译文已人工审校"
"A1","bussjåfør","名词","交通与出行","NTNU LearnNoW; NTNU NoW1; NorweigenLearn 当前词库","公交车司机；巴士司机","bussjåføren,bussjåfører, bussjåførene / en bussjåfør · bussjåføren · bussjåfører · bussjåførene","Bussjåføren åpner døra. / Jeg spør bussjåføren om holdeplassen.","公交车司机打开了车门。 / 我向公交车司机打听下车站点。","2","A1","true","true","词典核验：词头/词性/核心义项","Bokmålsordboka","https://ordbokene.no/bm/bussj%C3%A5f%C3%B8r","2026-09-24","2026-09-24","true","词头与列出词形匹配","课程候选等级；尚未逐词人工确认","例句/译文已人工审校"
"A1","bytte","动词","交通与出行","NTNU LearnNoW; NTNU NoW1; NorweigenLearn 当前词库","换；更换；转乘","bytte · bytter · byttet · byttet / bytter, byttet, har byttet","Du må bytte buss på stasjonen. / Jeg byttet den for store jakka.","你需要在车站换乘公交车。 / 我把那件太大的夹克换掉了。","2","A1","true","true","词典核验：词头/词性/核心义项","Bokmålsordboka","https://ordbokene.no/bm/bytte","2026-09-24","2026-09-24","true","词头与列出词形匹配","课程候选等级；尚未逐词人工确认","例句/译文已人工审校"
"A1","dra","动词","交通与出行","NTNU LearnNoW; NTNU NoW1; NorweigenLearn 当前词库","去；出发；离开；拉/拽（依语境）","dra · drar · dro · dratt / drar, dro, har dratt","Vi drar til legen etter lunsj. / Hun dro hjem tidlig.","我们午饭后去看医生。 / 她很早就回家了。","2","A1","true","true","词典核验：词头/词性/核心义项","Bokmålsordboka","https://ordbokene.no/bm/dra","2026-09-24","2026-09-24","true","词头与列出词形匹配","课程候选等级；尚未逐词人工确认","例句/译文已人工审校"
"A1","drikke","动词","饮食与购物 / 食物与购物","NTNU LearnNoW; NTNU NoW1; NorweigenLearn 当前词库","喝；饮用","drikke · drikker · drakk · drukket / drikker, drakk, har drukket","Hun drikker et glass vann. / Vi drakk kaffe etter maten.","她喝一杯水。 / 我们饭后喝了咖啡。","2","A1","true","true","词典核验：词头/词性/核心义项","Bokmålsordboka","https://ordbokene.no/bm/drikke","2026-09-24","","true","词头与列出词形匹配","课程候选等级；尚未逐词人工确认","例句/译文尚未人工逐词审校"
"A1","ettermiddag","名词","时间与日程","NTNU LearnNoW; NTNU NoW1; NorweigenLearn 当前词库","下午；午后","en ettermiddag · ettermiddagen · ettermiddager · ettermiddagene / ettermiddagen, ettermiddager, ettermiddagene","Jeg henter barna i ettermiddag. / Vi drikker kaffe sammen om ettermiddagen.","我今天下午去接孩子。 / 我们常在下午一起喝咖啡。","2","A1","true","true","词典核验：词头/词性/核心义项","Bokmålsordboka","https://ordbokene.no/bm/ettermiddag","2026-09-24","","true","词头与列出词形匹配","课程候选等级；尚未逐词人工确认","例句/译文尚未人工逐词审校"
"A1","få","动词","日常动作 / 日常基础","NTNU LearnNoW; NTNU NoW1; NorweigenLearn 当前词库","得到；收到；可以/被允许；让（依结构）","få · får · fikk · fått / får, fikk, har fått","Jeg fikk en melding fra henne. / Kan jeg få sitte her?","我收到她的一条消息。 / 我可以坐在这里吗？","2","A1","true","true","词典核验：词头/词性/核心义项","Bokmålsordboka","https://ordbokene.no/bm/f%C3%A5","2026-09-24","2026-09-24","true","词头与列出词形匹配","课程候选等级；尚未逐词人工确认","例句/译文已人工审校"
"A1","finne","动词","日常动作 / 交通与出行","NTNU LearnNoW; NTNU NoW1; NorweigenLearn 当前词库","找到；发现；认为（synes/finne at）","finne · finner · fant · funnet / finner, fant, har funnet","Jeg finner ikke nøklene mine. / De fant en god løsning.","我找不到我的钥匙。 / 他们找到一个好办法。","2","A1","true","true","词典核验：词头/词性/核心义项","Bokmålsordboka","https://ordbokene.no/bm/finne","2026-09-24","","true","词头与列出词形匹配","课程候选等级；尚未逐词人工确认","例句/译文尚未人工逐词审校"
"A1","flytte","动词","住房与居住","NTNU LearnNoW; NTNU NoW1; NorweigenLearn 当前词库","搬家；搬动；移动","flytte · flytter · flyttet · flyttet / flytter, flyttet, har flyttet","Vi flytter til en større leilighet i juni. / Han flyttet sofaen nærmere vinduet.","我们六月搬到一套更大的公寓。 / 他把沙发挪得更靠近窗户。","2","A1","true","true","词典核验：词头/词性/核心义项","Bokmålsordboka","https://ordbokene.no/bm/flytte","2026-09-24","","true","词头与列出词形匹配","课程候选等级；尚未逐词人工确认","例句/译文尚未人工逐词审校"
"A1","gå","动词","日常动作 / 日常基础","NTNU LearnNoW; NTNU NoW1; NorweigenLearn 当前词库","走；步行；去；进行（依语境）","gå · går · gikk · gått / går, gikk, har gått","Vi går til butikken. / Kurset gikk veldig bra.","我们步行去商店。 / 课程进行得很顺利。","2","A1","true","true","词典核验：词头/词性/核心义项","Bokmålsordboka","https://ordbokene.no/bm/g%C3%A5","2026-09-24","2026-09-24","true","词头与列出词形匹配","课程候选等级；尚未逐词人工确认","例句/译文已人工审校"
"A1","gutt","名词","家人和关系","NTNU LearnNoW; NTNU NoW1; NorweigenLearn 当前词库","男孩","en gutt · gutten · gutter · guttene / gutten, gutter, guttene","Gutten leker i hagen. / To gutter venter på bussen.","男孩在花园里玩。 / 两个男孩在等公交车。","2","A1","true","true","词典核验：词头/词性/核心义项","Bokmålsordboka","https://ordbokene.no/bm/gutt","2026-09-24","","true","词头与列出词形匹配","课程候选等级；尚未逐词人工确认","例句/译文尚未人工逐词审校"
"A1","hjelp","名词","交流与语言","NTNU LearnNoW; NTNU NoW1; NorweigenLearn 当前词库","帮助；援助；帮忙","hjelp · hjelpa · hjelpen / hjelpen, hjelper, hjelpene","Kan du hjelpe meg? Jeg trenger hjelp. / Takk for hjelpen!","你能帮帮我吗？我需要帮助。 / 谢谢你的帮助！","2","A1","true","true","词典核验：词头/词性/核心义项","Bokmålsordboka","https://ordbokene.no/bm/hjelp","2026-09-24","","true","词头与列出词形匹配","课程候选等级；尚未逐词人工确认","例句/译文尚未人工逐词审校"
"A1","hjelpe","动词","日常动作 / 家庭与人物","NTNU LearnNoW; NTNU NoW1; NorweigenLearn 当前词库","帮助；帮忙","hjelpe · hjelper · hjalp · hjulpet / hjelper, hjalp, har hjulpet","Kan du hjelpe meg med maten? / Naboen hjalp oss i går.","你能帮我准备食物吗？ / 邻居昨天帮了我们。","2","A1","true","true","词典核验：词头/词性/核心义项","Bokmålsordboka","https://ordbokene.no/bm/hjelpe","2026-09-24","","true","词头与列出词形匹配","课程候选等级；尚未逐词人工确认","例句/译文尚未人工逐词审校"
"A1","hjem","名词","住房与居住 / 日常基础","NTNU LearnNoW; NTNU NoW1; NorweigenLearn 当前词库","家；住所（强调归属感的家）","et hjem · hjemmet · hjem · hjemmene / hjemmet, hjem, hjemmene","Vi ønsker oss et rolig hjem. / Barna kom hjem etter skolen.","我们希望有一个安宁的家。 / 孩子们放学后回家了。","2","A1","true","true","词典核验：词头/词性/核心义项","Bokmålsordboka","https://ordbokene.no/bm/hjem","2026-09-24","","true","词头与列出词形匹配","课程候选等级；尚未逐词人工确认","例句/译文尚未人工逐词审校"
"A1","kafé","名词","饮食与购物","NTNU LearnNoW; NTNU NoW1; NorweigenLearn 当前词库","咖啡馆；小餐馆（通常可买饮料和简餐）","en kafé · kaféen · kafeer · kafeene / kafeen, kafeer, kafeene","Vi møtes på en kafé etter kurset. / Kaféen åpner klokka åtte.","我们下课后在一家咖啡馆见面。 / 咖啡馆八点开门。","2","A1","true","true","词典核验：词头/词性/核心义项","Bokmålsordboka","https://ordbokene.no/bm/kaf%C3%A9","2026-09-24","","true","词头与列出词形匹配","课程候选等级；尚未逐词人工确认","例句/译文尚未人工逐词审校"
"A1","kaffe","名词","饮食与购物 / 食物与购物","NTNU LearnNoW; NTNU NoW1; NorweigenLearn 当前词库","咖啡；一杯咖啡（点单语境）","en kaffe · kaffen · kaffer · kaffene / kaffen, kaffer, kaffene","Jeg drikker kaffe om morgenen. / Kan jeg få en kaffe, takk?","我早上喝咖啡。 / 请给我一杯咖啡好吗？","2","A1","true","true","词典核验：词头/词性/核心义项","Bokmålsordboka","https://ordbokene.no/bm/kaffe","2026-09-24","","true","词头与列出词形匹配","课程候选等级；尚未逐词人工确认","例句/译文尚未人工逐词审校"
"A1","kjøpe","动词","饮食与购物 / 食物与购物","NTNU LearnNoW; NTNU NoW1; NorweigenLearn 当前词库","买；购买","kjøpe · kjøper · kjøpte · kjøpt / kjøper, kjøpte, har kjøpt","Jeg kjøper melk på butikken. / De kjøpte en brukt bil i fjor.","我在商店买牛奶。 / 他们去年买了一辆二手车。","2","A1","true","true","词典核验：词头/词性/核心义项","Bokmålsordboka","https://ordbokene.no/bm/kj%C3%B8pe","2026-09-24","","true","词头与列出词形匹配","课程候选等级；尚未逐词人工确认","例句/译文尚未人工逐词审校"
"A1","kjøpesenter","名词","饮食与购物","NTNU LearnNoW; NTNU NoW1; NorweigenLearn 当前词库","购物中心；商场","et kjøpesenter · kjøpesenteret · kjøpesentre · kjøpesentrene / kjøpesenteret, kjøpesentre, kjøpesentrene","Vi handler på kjøpesenteret på lørdag. / Byen har to kjøpesentre.","我们星期六去商场购物。 / 这座城市有两个购物中心。","2","A1","true","true","词典核验：词头/词性/核心义项","Bokmålsordboka","https://ordbokene.no/bm/kj%C3%B8pesenter","2026-09-24","","true","词头与列出词形匹配","课程候选等级；尚未逐词人工确认","例句/译文尚未人工逐词审校"
"A1","kjøre","动词","交通与出行","NTNU LearnNoW; NTNU NoW1; NorweigenLearn 当前词库","开车；驾驶；乘车/行驶","kjøre · kjører · kjørte · kjørt / kjører, kjørte, har kjørt","Hun kjører barna til skolen. / Vi kjørte hjem etter besøket.","她开车送孩子们去学校。 / 探访结束后我们开车回家了。","2","A1","true","true","词典核验：词头/词性/核心义项","Bokmålsordboka","https://ordbokene.no/bm/kjøre","2026-09-24","","true","词头与列出词形匹配","课程候选等级；尚未逐词人工确认","例句/译文尚未人工逐词审校"
"A1","kopp","名词","厨房与用餐","NTNU LearnNoW; NTNU NoW1; NorweigenLearn 当前词库","杯子；一杯","en kopp · koppen · kopper · koppene / koppen, kopper, koppene","Vil du ha en kopp te? / Koppene står i skapet.","你想喝一杯茶吗？ / 杯子在柜子里。","2","A1","true","true","词典核验：词头/词性/核心义项","Bokmålsordboka","https://ordbokene.no/bm/kopp","2026-09-24","","true","词头与列出词形匹配","课程候选等级；尚未逐词人工确认","例句/译文尚未人工逐词审校"
"A1","kort","名词","饮食与购物","NTNU LearnNoW; NTNU NoW1; NorweigenLearn 当前词库","卡片；银行卡；短笺/贺卡（依语境）","et kort · kortet · kort · kortene / kortet, kort, kortene","Kan jeg betale med kort? / Hun sender et kort til bestemor.","我可以刷卡吗？ / 她给奶奶寄了一张卡片。","2","A1","true","true","词典核验：词头/词性/核心义项","Bokmålsordboka","https://ordbokene.no/bm/kort","2026-09-24","","true","词头与列出词形匹配","课程候选等级；尚未逐词人工确认","例句/译文尚未人工逐词审校"
"A1","kunne","动词","日常动作 / 待归类","NTNU LearnNoW; NTNU NoW1; NorweigenLearn 当前词库","能；会；可以（能力、可能性或委婉请求）","kan, kunne, har kunnet / kunne · kan · kunne · kunnet","Jeg kan snakke litt norsk. / Kunne du åpne vinduet?","我会说一点挪威语。 / 你能帮忙打开窗户吗？","2","A1","true","true","词典核验：词头/词性/核心义项","Bokmålsordboka","https://ordbokene.no/bm/kunne","2026-09-24","2026-09-24","true","词头与列出词形匹配","课程候选等级；尚未逐词人工确认","例句/译文已人工审校"
"A1","år","名词","时间与日程 / 时间与日常","NTNU LearnNoW; NorweigenLearn 当前词库","年；一年","året, år, årene / et år · året · år · årene","Sønnen min er fem år. / Vi flyttet hit for tre år siden.","我儿子五岁。 / 我们三年前搬到这里。","2","A1","true","true","词典核验：词头/词性/核心义项","Bokmålsordboka","https://ordbokene.no/bm/år","2026-09-24","","true","词头与列出词形匹配","课程候选等级；尚未逐词人工确认","例句/译文尚未人工逐词审校"
"A1","bagasje","名词","交通与出行","NTNU NoW1; NorweigenLearn 当前词库","行李；随身/托运行李的总称","bagasje · bagasjen","Har du bare håndbagasje? / Bagasjen kommer snart på båndet.","你只有随身行李吗？ / 行李很快会出现在传送带上。","2","A1","true","true","词典核验：词头/词性/核心义项","Bokmålsordboka","https://ordbokene.no/bm/bagasje","2026-09-24","","true","词头与列出词形匹配","课程候选等级；尚未逐词人工确认","例句/译文尚未人工逐词审校"
"A1","bare","副词","交流与语言","NTNU LearnNoW; NorweigenLearn 当前词库","只；仅仅；只是；刚刚（依语境）","bare","Jeg har bare fem minutter. / Hun vil bare hjelpe.","我只有五分钟。 / 她只是想帮忙。","2","A1","true","true","词典核验：词头/词性/核心义项","Bokmålsordboka","https://ordbokene.no/bm/bare","2026-09-24","","true","词头与列出词形匹配","课程候选等级；尚未逐词人工确认","例句/译文尚未人工逐词审校"
"A1","bety","动词","日常动作","NTNU NoW1; NorweigenLearn 当前词库","意思是；意味着；表示","bety · betyr · betydde · betydd","Hva betyr dette skiltet? / Familien betyr mye for henne.","这个标志是什么意思？ / 家庭对她来说很重要。","2","A1","true","true","词典核验：词头/词性/核心义项","Bokmålsordboka","https://ordbokene.no/bm/bety","2026-09-24","","true","词头与列出词形匹配","课程候选等级；尚未逐词人工确认","例句/译文尚未人工逐词审校"
"A1","bra","形容词","描述与感受","NTNU LearnNoW; NorweigenLearn 当前词库","好；不错；良好地","bra · bedre · best / beste / bra, bra","Det går bra med norsken min. / Denne boka er bedre enn den første.","我的挪威语进展不错。 / 这本书比第一本更好。","2","A1","true","true","词典核验：词头/词性/核心义项","Bokmålsordboka","https://ordbokene.no/bm/bra","2026-09-24","2026-09-24","true","词头与列出词形匹配","课程候选等级；尚未逐词人工确认","例句/译文已人工审校"
"A1","bussrute","名词","交通与出行","NTNU NoW1; NorweigenLearn 当前词库","公交线路；公交车路线/班次表","ei bussrute · bussruta · bussruter · bussrutene","Hvilken bussrute går til sentrum? / Bussruta endres i helgene.","哪条公交线路去市中心？ / 公交线路在周末会调整。","2","A1","true","true","词典核验：词头/词性/核心义项","Bokmålsordboka","https://ordbokene.no/bm/bussrute","2026-09-24","","true","词头与列出词形匹配","课程候选等级；尚未逐词人工确认","例句/译文尚未人工逐词审校"
"A1","busstur","名词","交通与出行","NTNU NoW1; NorweigenLearn 当前词库","公交车程；乘公交的一趟行程","en busstur · bussturen · bussturer · bussturene","Det er en lang busstur til hytta. / Barna liker bussturer.","坐公交去小木屋要很久。 / 孩子们喜欢坐公交出行。","2","A1","true","true","词典核验：词头/词性/核心义项","Bokmålsordboka","https://ordbokene.no/bm/110965","2026-09-24","","true","词头与列出词形匹配","课程候选等级；尚未逐词人工确认","例句/译文尚未人工逐词审校"
"A1","flybuss","名词","交通与出行","NTNU NoW1; NorweigenLearn 当前词库","机场巴士；往返机场的公交车","en flybuss · flybussen · flybusser · flybussene","Vi tar flybussen til sentrum. / Flybussen stopper utenfor terminalen.","我们坐机场巴士去市中心。 / 机场巴士在航站楼外停靠。","2","A1","true","true","词典核验：词头/词性/核心义项","Ordliste.no","https://www.ordlista.no/ord/flybuss","2026-09-24","","true","词头与列出词形匹配","课程候选等级；尚未逐词人工确认","例句/译文尚未人工逐词审校"
"A1","fransk","形容词","交流与语言","NTNU LearnNoW; NorweigenLearn 当前词库","法国的；法语的；法语（语言名用法）","fransk · franske / fransk, franske","Hun snakker fransk med naboen. / Vi spiste på en fransk restaurant.","她用法语和邻居交谈。 / 我们在一家法国餐厅吃饭。","2","A1","true","true","词典核验：词头/词性/核心义项","Bokmålsordboka","https://ordbokene.no/bm/fransk","2026-09-24","","true","词头与列出词形匹配","课程候选等级；尚未逐词人工确认","例句/译文尚未人工逐词审校"
"A1","gammel","形容词","描述与感受","NTNU LearnNoW; NorweigenLearn 当前词库","旧的；年老的","gammel · gammelt · gamle · eldre · eldst / eldste / gammelt, gamle","Jeg bor i et gammelt hus. / Han er eldre enn broren sin.","我住在一栋老房子里。 / 他比自己的兄弟年长。","2","A1","true","true","词典核验：词头/词性/核心义项","Bokmålsordboka","https://ordbokene.no/bm/gammel","2026-09-24","","true","词头与列出词形匹配","课程候选等级；尚未逐词人工确认","例句/译文尚未人工逐词审校"
"A1","gift","形容词","家人和关系","NTNU LearnNoW; NorweigenLearn 当前词库","已婚的；婚姻关系中的","gift · gift · gifte / gift, gifte","Hun er gift med en nordmann. / De har vært gift i ti år.","她和一位挪威人结婚了。 / 他们结婚十年了。","2","A1","true","true","词典核验：词头/词性/核心义项","Bokmålsordboka","https://ordbokene.no/bm/gift","2026-09-24","","true","词头与列出词形匹配","课程候选等级；尚未逐词人工确认","例句/译文尚未人工逐词审校"
"A1","her","副词","位置与指示","NTNU LearnNoW; NorweigenLearn 当前词库","这里；在这里；此处","her","Vi bor her i Oslo. / Kan du vente her litt?","我们就住在奥斯陆这里。 / 你能在这里等一会儿吗？","2","A1","true","true","词典核验：词头/词性/核心义项","Bokmålsordboka","https://ordbokene.no/bm/her","2026-09-24","","true","词头与列出词形匹配","课程候选等级；尚未逐词人工确认","例句/译文尚未人工逐词审校"
"A1","i","介词","位置与指示","NTNU LearnNoW; NorweigenLearn 当前词库","在……里；在……（地点、时间或范围）","i","Barna leker i hagen. / Vi skal møtes i morgen.","孩子们在花园里玩。 / 我们明天要见面。","2","A1","true","true","词典核验：词头/词性/核心义项","Bokmålsordboka","https://ordbokene.no/bm/i","2026-09-24","","true","词头与列出词形匹配","课程候选等级；尚未逐词人工确认","例句/译文尚未人工逐词审校"
"A1","igjen","副词","习惯与频率","NTNU LearnNoW; NorweigenLearn 当前词库","又；再；回来；剩下","igjen","Kan du si navnet ditt igjen? / Det er bare én kopp igjen.","你能再说一遍你的名字吗？ / 只剩一个杯子了。","2","A1","true","true","词典核验：词头/词性/核心义项","Bokmålsordboka","https://ordbokene.no/bm/igjen","2026-09-24","","true","词头与列出词形匹配","课程候选等级；尚未逐词人工确认","例句/译文尚未人工逐词审校"
"A1","ikke","副词","描述与感受","NTNU LearnNoW; NorweigenLearn 当前词库","不；没有（否定）","ikke","Jeg forstår ikke spørsmålet. / Hun sier at hun ikke har tid.","我不明白这个问题。 / 她说她没有时间。","2","A1","true","true","词典核验：词头/词性/核心义项","Bokmålsordboka","https://ordbokene.no/bm/ikke","2026-09-24","2026-09-24","true","词头与列出词形匹配","课程候选等级；尚未逐词人工确认","例句/译文已人工审校"
"A1","klokke","名词","时间与日程","NTNU NoW1; NorweigenLearn 当前词库","钟；表；时间（口语搭配）","ei klokke · klokka · klokker · klokkene","Klokka er kvart over sju. / Jeg kjøpte ei ny klokke.","现在是七点一刻。 / 我买了一块新手表。","2","A1","true","true","词典核验：词头/词性/核心义项","Bokmålsordboka","https://ordbokene.no/bm/klokke","2026-09-24","","true","词头与列出词形匹配","课程候选等级；尚未逐词人工确认","例句/译文尚未人工逐词审校"
"A1","koffert","名词","交通与出行","NTNU NoW1; NorweigenLearn 当前词库","行李箱；旅行箱","en koffert · kofferten · kofferter · koffertene","Jeg pakker kofferten i kveld. / Koffertene står ved døra.","我今晚收拾行李箱。 / 行李箱放在门边。","2","A1","true","true","词典核验：词头/词性/核心义项","Bokmålsordboka","https://ordbokene.no/bm/koffert","2026-09-24","","true","词头与列出词形匹配","课程候选等级；尚未逐词人工确认","例句/译文尚未人工逐词审校"
"A1","kontrollere","动词","交通与出行","NTNU LearnNoW; NorweigenLearn 当前词库","检查；核对；控制","kontrollere · kontrollerer · kontrollerte · kontrollert / kontrollerer, kontrollerte, har kontrollert","De kontrollerer passene ved grensa. / Jeg kontrollerte tidspunktet en gang til.","他们在边境检查护照。 / 我又核对了一遍时间。","2","A1","true","true","词典核验：词头/词性/核心义项","Bokmålsordboka","https://ordbokene.no/bm/31481","2026-09-24","","true","词头与列出词形匹配","课程候选等级；尚未逐词人工确认","例句/译文尚未人工逐词审校"
"A1","lang","形容词","描述与感受","NTNU LearnNoW; NorweigenLearn 当前词库","长的；久的（距离或时间）","lang · langt · lange · lengre · lengst / langt, lange","Vi hadde en lang dag på jobb. / Denne veien er lengre enn den andre.","我们上了一整天班，很累。 / 这条路比另一条更长。","2","A1","true","true","词典核验：词头/词性/核心义项","Bokmålsordboka","https://ordbokene.no/bm/lang","2026-09-24","","true","词头与列出词形匹配","课程候选等级；尚未逐词人工确认","例句/译文尚未人工逐词审校"
"A1","ledig","形容词","工作与学习","NTNU LearnNoW; NorweigenLearn 当前词库","空着的；有空的；空缺的；失业的（依语境）","ledig · ledig · ledige / ledig, ledige","Er du ledig på fredag? / Det er en ledig stol her.","你星期五有空吗？ / 这里有一把空椅子。","2","A1","true","true","词典核验：词头/词性/核心义项","Bokmålsordboka","https://ordbokene.no/bm/ledig","2026-09-24","","true","词头与列出词形匹配","课程候选等级；尚未逐词人工确认","例句/译文尚未人工逐词审校"
"A1","lufthavn","名词","交通与出行","NTNU LearnNoW; NorweigenLearn 当前词库","机场；航空港","ei lufthavn · lufthavna · lufthavner · lufthavnene / lufthavna, lufthavner, lufthavnene","Vi kommer til lufthavna to timer før flyet. / Lufthavnen ligger utenfor byen.","我们在飞机起飞前两小时到机场。 / 机场位于城外。","2","A1","true","true","词典核验：词头/词性/核心义项","Bokmålsordboka","https://ordbokene.no/bm/35933","2026-09-24","","true","词头与列出词形匹配","课程候选等级；尚未逐词人工确认","例句/译文尚未人工逐词审校"
"A1","mamma","名词","家人和关系","NTNU LearnNoW; NorweigenLearn 当前词库","妈妈；母亲（亲昵称呼）","en mamma · mammaen · mammaer · mammaene / mammaen, mammaer, mammaene","Mamma lager middag i dag. / Mammaen min bor i Norge.","妈妈今天做晚饭。 / 我妈妈住在挪威。","2","A1","true","true","词典核验：词头/词性/核心义项","Bokmålsordboka","https://ordbokene.no/bm/mamma","2026-09-24","","true","词头与列出词形匹配","课程候选等级；尚未逐词人工确认","例句/译文尚未人工逐词审校"
"A1","mann","名词","家人和关系 / 家庭与人物","NTNU LearnNoW; NorweigenLearn 当前词库","男人；丈夫（需看上下文）","en mann · mannen · menn · mennene / mannen, menn, mennene","En mann venter utenfor. / Mannen min jobber i Oslo.","一名男子在外面等。 / 我丈夫在奥斯陆工作。","2","A1","true","true","词典核验：词头/词性/核心义项","Bokmålsordboka","https://ordbokene.no/bm/mann","2026-09-24","","true","词头与列出词形匹配","课程候选等级；尚未逐词人工确认","例句/译文尚未人工逐词审校"
"A1","måte","名词","交流与语言","NTNU LearnNoW; NorweigenLearn 当前词库","方式；方法；样子","en måte · måten · måter · måtene / måten, måter, måtene","Kan du vise meg en annen måte å gjøre det på? / På denne måten lærer vi nye ord.","你能给我演示另一种做法吗？ / 这样我们就能学新词。","2","A1","true","true","词典核验：词头/词性/核心义项","Bokmålsordboka","https://ordbokene.no/bm/måte","2026-09-24","","true","词头与列出词形匹配","课程候选等级；尚未逐词人工确认","例句/译文尚未人工逐词审校"
"A1","med","介词","关系与工具介词 / 未来计划与目标","NTNU LearnNoW; NorweigenLearn 当前词库","和；与；带着；用；乘坐（依搭配）","med","Jeg reiser med familien min. / Hun skriver navnet med en blå penn.","我和家人一起旅行。 / 她用一支蓝色钢笔写下名字。","2","A1","true","true","词典核验：词头/词性/核心义项","Bokmålsordboka","https://ordbokene.no/bm/med","2026-09-24","2026-09-24","true","词头与列出词形匹配","课程候选等级；尚未逐词人工确认","例句/译文已人工审校"
"A1","nå","副词","时间与日程","NTNU LearnNoW; NorweigenLearn 当前词库","现在；此刻；如今","nå","Jeg kan ikke snakke akkurat nå. / Nå bor familien min i Oslo.","我现在没法说话。 / 我家现在住在奥斯陆。","2","A1","true","true","词典核验：词头/词性/核心义项","Bokmålsordboka","https://ordbokene.no/bm/nå","2026-09-24","","true","词头与列出词形匹配","课程候选等级；尚未逐词人工确认","例句/译文尚未人工逐词审校"
"A1","også","副词","交流与语言","NTNU LearnNoW; NorweigenLearn 当前词库","也；还；同样","også","Mannen min lærer også norsk. / Hun liker kaffe, og hun liker også te.","我丈夫也在学挪威语。 / 她喜欢咖啡，也喜欢茶。","2","A1","true","true","词典核验：词头/词性/核心义项","Bokmålsordboka","https://ordbokene.no/bm/ogs%C3%A5","2026-09-24","","true","词头与列出词形匹配","课程候选等级；尚未逐词人工确认","例句/译文尚未人工逐词审校"
"A1","orden","名词","日常家务","NTNU LearnNoW; NorweigenLearn 当前词库","秩序；整齐；次序","en orden · ordenen · ordener · ordenene / ordenen, ordner, ordnene","Jeg prøver å ha orden på papirene. / Er alt i orden?","我尽量把文件整理好。 / 一切都正常吗？","2","A1","true","true","词典核验：词头/词性/核心义项","Bokmålsordboka","https://ordbokene.no/bm/orden","2026-09-24","","true","词头与列出词形匹配","课程候选等级；尚未逐词人工确认","例句/译文尚未人工逐词审校"
"A1","pappa","名词","家人和关系","NTNU LearnNoW; NorweigenLearn 当前词库","爸爸；父亲（口语、亲昵称呼）","en pappa · pappaen · pappaer · pappaene / pappaen, pappaer, pappaene","Pappa lager middag i dag. / Barna besøker pappaen sin i helgen.","爸爸今天做晚饭。 / 孩子们这个周末去看爸爸。","2","A1","true","true","词典核验：词头/词性/核心义项","Bokmålsordboka","https://ordbokene.no/bm/pappa","2026-09-24","","true","词头与列出词形匹配","课程候选等级；尚未逐词人工确认","例句/译文尚未人工逐词审校"
"A1","pass","名词","个人信息","NTNU LearnNoW; NorweigenLearn 当前词库","护照；通行证","et pass · passet · pass · passene / passet, pass, passene","Husk å ta med passet ditt. / Hun viser passet i kontrollen.","记得带上你的护照。 / 她在检查处出示护照。","2","A1","true","true","词典核验：词头/词性/核心义项","Bokmålsordboka","https://ordbokene.no/bm/pass","2026-09-24","","true","词头与列出词形匹配","课程候选等级；尚未逐词人工确认","例句/译文尚未人工逐词审校"
"A1","passkontroll","名词","公共交通与方向","NTNU LearnNoW; NorweigenLearn 当前词库","护照检查；边检","en passkontroll · passkontrollen · passkontroller · passkontrollene / passkontrollen, passkontroller, passkontrollene","Vi må gå gjennom passkontrollen først. / Det er lang kø ved passkontrollen.","我们得先通过护照检查。 / 护照检查处排了很长的队。","2","A1","true","true","词典核验：词头/词性/核心义项","Bokmålsordboka","https://ordbokene.no/bm/passkontroll","2026-09-24","","true","词头与列出词形匹配","课程候选等级；尚未逐词人工确认","例句/译文尚未人工逐词审校"
"A1","reise","动词","交通与出行 / 未来计划与目标","NTNU LearnNoW; NorweigenLearn 当前词库","旅行；出行；乘坐交通工具","reise · reiser · reiste · reist / reiser, reiste, har reist","Vi reiser til Tromsø i sommer. / Han reiste med tog til Bergen.","我们今年夏天去特罗姆瑟。 / 他坐火车去了卑尔根。","2","A1","true","true","词典核验：词头/词性/核心义项","Bokmålsordboka","https://ordbokene.no/bm/reise","2026-09-24","","true","词头与列出词形匹配","课程候选等级；尚未逐词人工确认","例句/译文尚未人工逐词审校"
"A1","rope","动词","日常动作","NTNU LearnNoW; NorweigenLearn 当前词库","喊；叫喊；大声呼唤","rope · roper · ropte · ropt / roper, ropte, har ropt","Hun roper på barna fra kjøkkenet. / Han ropte at bussen kom.","她在厨房里喊孩子们。 / 他大声喊说公交车来了。","2","A1","true","true","词典核验：词头/词性/核心义项","Bokmålsordboka","https://ordbokene.no/bm/rope","2026-09-24","","true","词头与列出词形匹配","课程候选等级；尚未逐词人工确认","例句/译文尚未人工逐词审校"
"A1","så","副词","时间与句子连接","NTNU LearnNoW; NorweigenLearn 当前词库","然后；于是；那么；这么/如此（依结构）","så","Først spiser vi, og så går vi hjem. / Var det så vanskelig?","我们先吃饭，然后回家。 / 那有那么难吗？","2","A1","true","true","词典核验：词头/词性/核心义项","Bokmålsordboka","https://ordbokene.no/bm/så","2026-09-24","","true","词头与列出词形匹配","课程候选等级；尚未逐词人工确认","例句/译文尚未人工逐词审校"
"A1","sammen","副词","家人和关系","NTNU LearnNoW; NorweigenLearn 当前词库","一起；共同","sammen","Vi spiser middag sammen. / Hun bor sammen med familien sin.","我们一起吃晚饭。 / 她和家人住在一起。","2","A1","true","true","词典核验：词头/词性/核心义项","Bokmålsordboka","https://ordbokene.no/bm/sammen","2026-09-24","","true","词头与列出词形匹配","课程候选等级；尚未逐词人工确认","例句/译文尚未人工逐词审校"
"A1","se","动词","日常动作 / 家庭与人物","NTNU LearnNoW; NorweigenLearn 当前词库","看见；观看；看（电影、电视等）","se · ser · så · sett / ser, så, har sett","Barna ser på TV etter middag. / Jeg så henne på bussen i går.","孩子们晚饭后看电视。 / 我昨天在公交车上看见她了。","2","A1","true","true","词典核验：词头/词性/核心义项","Bokmålsordboka","https://ordbokene.no/bm/se","2026-09-24","2026-09-24","true","词头与列出词形匹配","课程候选等级；尚未逐词人工确认","例句/译文已人工审校"
"A1","sitte","动词","日常动作 / 家与房间","NTNU LearnNoW; NorweigenLearn 当前词库","坐；处于坐着的状态","sitte · sitter · satt · sittet / sitter, satt, har sittet","Jeg sitter ved vinduet. / Hun satte seg på stolen og satt der lenge.","我坐在窗边。 / 她坐到椅子上，在那里坐了很久。","2","A1","true","true","词典核验：词头/词性/核心义项","Bokmålsordboka","https://ordbokene.no/bm/sitte","2026-09-24","","true","词头与列出词形匹配","课程候选等级；尚未逐词人工确认","例句/译文尚未人工逐词审校"
"A1","snakke","动词","交流与语言 / 家庭与人物","NTNU LearnNoW; NorweigenLearn 当前词库","说话；交谈；讲某种语言","snakke · snakker · snakket · snakket / snakker, snakket, har snakket","Jeg snakker norsk med læreren. / Vi snakket sammen etter kurset.","我和老师说挪威语。 / 课程结束后我们聊了一会儿。","2","A1","true","true","词典核验：词头/词性/核心义项","Bokmålsordboka","https://ordbokene.no/bm/snakke","2026-09-24","","true","词头与列出词形匹配","课程候选等级；尚未逐词人工确认","例句/译文尚未人工逐词审校"
"A1","stå","动词","日常动作 / 家与房间","NTNU LearnNoW; NorweigenLearn 当前词库","站；立着；放置/处于竖立状态","stå · står · stod · stått / står, sto, har stått","Bussen står utenfor skolen. / Han sto ved døra og ventet.","公交车停在学校外面。 / 他站在门边等着。","2","A1","true","true","词典核验：词头/词性/核心义项","Bokmålsordboka","https://ordbokene.no/bm/st%C3%A5","2026-09-24","","true","词头与列出词形匹配","课程候选等级；尚未逐词人工确认","例句/译文尚未人工逐词审校"
"A1","ta","动词","日常动作 / 日常基础","NTNU LearnNoW; NorweigenLearn 当前词库","拿；取；乘坐；花费（依搭配）","ta · tar · tok · tatt / tar, tok, har tatt","Husk å ta med passet. / Det tok en time å komme fram.","记得带上护照。 / 到达那里花了一个小时。","2","A1","true","true","词典核验：词头/词性/核心义项","Bokmålsordboka","https://ordbokene.no/bm/ta","2026-09-24","2026-09-24","true","词头与列出词形匹配","课程候选等级；尚未逐词人工确认","例句/译文已人工审校"
"A1","takk","名词","交流与语言","NTNU LearnNoW; NorweigenLearn 当前词库","感谢；谢意；谢谢（固定表达）","en takk · takken · takk · takkene / takken","Tusen takk for hjelpen. / Hun sa takk og gikk.","非常感谢你的帮助。 / 她道了谢就走了。","2","A1","true","true","词典核验：词头/词性/核心义项","Bokmålsordboka","https://ordbokene.no/bm/takk","2026-09-24","","true","词头与列出词形匹配","课程候选等级；尚未逐词人工确认","例句/译文尚未人工逐词审校"
"A1","til","介词","交流与语言 / 未来计划与目标","NTNU LearnNoW; NorweigenLearn 当前词库","到；给；向；用于（多义介词）","til","Vi reiser til Bergen på fredag. / Jeg ga nøkkelen til naboen.","我们星期五去卑尔根。 / 我把钥匙给了邻居。","2","A1","true","true","词典核验：词头/词性/核心义项","Bokmålsordboka","https://ordbokene.no/bm/til","2026-09-24","","true","词头与列出词形匹配","课程候选等级；尚未逐词人工确认","例句/译文尚未人工逐词审校"
"A1","time","名词","时间与日程","NTNU LearnNoW; NorweigenLearn 当前词库","小时；课时；一节课；约定时间","en time · timen · timer · timene / timen, timer, timene","Turen tar omtrent en time. / Jeg har time hos tannlegen klokka tre.","这趟路大约需要一小时。 / 我三点有牙医预约。","2","A1","true","true","词典核验：词头/词性/核心义项","Bokmålsordboka","https://ordbokene.no/bm/time","2026-09-24","","true","词头与列出词形匹配","课程候选等级；尚未逐词人工确认","例句/译文尚未人工逐词审校"
"A1","trøtt","形容词","描述与感受","NTNU LearnNoW; NorweigenLearn 当前词库","累的；困倦的","trøtt · trøtt · trøtte · trøttere · trøttest / trøtteste / trøtt, trøtte","Jeg er trøtt etter jobb. / Barna er trøtte i kveld.","我下班后很累。 / 孩子们今晚很困。","2","A1","true","true","词典核验：词头/词性/核心义项","Bokmålsordboka","https://ordbokene.no/bm/trøtt","2026-09-24","","true","词头与列出词形匹配","课程候选等级；尚未逐词人工确认","例句/译文尚未人工逐词审校"
"A1","vente","动词","日常动作 / 时间与日常","NTNU LearnNoW; NorweigenLearn 当前词库","等；等待","vente · venter · ventet · ventet / venter, ventet, har ventet","Vi venter på bussen. / Jeg ventet lenge hos legen.","我们在等公交车。 / 我在医生那里等了很久。","2","A1","true","true","词典核验：词头/词性/核心义项","Bokmålsordboka","https://ordbokene.no/bm/vente","2026-09-24","","true","词头与列出词形匹配","课程候选等级；尚未逐词人工确认","例句/译文尚未人工逐词审校"
"A1","bad","名词","家中物品与房间","NTNU LearnNoW; NTNU NoW1; NorweigenLearn 当前词库","浴室；洗澡","badet, bad, badene / et bad · badet · bad · badene","Badet ligger ved siden av soverommet. / Barnet liker å ta et bad.","浴室在卧室旁边。 / 孩子喜欢洗澡。","2","A1","true","true","词典核验：词头/词性/核心义项","Bokmålsordboka","https://ordbokene.no/bm/bad","2026-09-24","","true","词头与列出词形匹配","课程候选等级；尚未逐词人工确认","例句/译文尚未人工逐词审校"
"A1","bære","动词","日常动作 / 待归类","NTNU LearnNoW; NTNU NoW1; NorweigenLearn 当前词库","拿；提；搬；穿戴（衣物/首饰）","bære · bærer · bar · båret / bærer, bar, har båret","Kan du bære denne kofferten? / Hun bar en rød kjole på festen.","你能帮忙提一下这个行李箱吗？ / 她在聚会上穿了一条红裙子。","2","A1","true","true","词典核验：词头/词性/核心义项","Bokmålsordboka","https://ordbokene.no/bm/b%C3%A6re","2026-09-24","","true","词头与列出词形匹配","课程候选等级；尚未逐词人工确认","例句/译文尚未人工逐词审校"
"A1","barnehage","名词","工作与学习","NTNU LearnNoW; NTNU NoW1; NorweigenLearn 当前词库","幼儿园；学前儿童日托机构","barnehagen, barnehager, barnehagene / en barnehage · barnehagen · barnehager · barnehagene","Datteren min går i barnehage. / Barnehagen stenger klokka fem.","我女儿上幼儿园。 / 幼儿园五点关门。","2","A1","true","true","词典核验：词头/词性/核心义项","Bokmålsordboka","https://ordbokene.no/bm/barnehage","2026-09-24","","true","词头与列出词形匹配","课程候选等级；尚未逐词人工确认","例句/译文尚未人工逐词审校"
"A1","besøk","名词","家人和关系","NTNU LearnNoW; NTNU NoW1; NorweigenLearn 当前词库","拜访；访问；一次来访","besøket, besøk, besøkene / et besøk · besøket · besøk · besøkene","Vi får besøk av familien på søndag. / Takk for besøket!","星期天家人要来看我们。 / 谢谢你来做客！","2","A1","true","true","词典核验：词头/词性/核心义项","Bokmålsordboka","https://ordbokene.no/bm/besøk","2026-09-24","","true","词头与列出词形匹配","课程候选等级；尚未逐词人工确认","例句/译文尚未人工逐词审校"
"A1","besøke","动词","家人和关系","NTNU LearnNoW; NTNU NoW1; NorweigenLearn 当前词库","拜访；探访；参观","besøke · besøker · besøkte · besøkt / besøker, besøkte, har besøkt","Vi besøker besteforeldrene våre i helga. / De besøkte museet i går.","我们周末去看望祖父母。 / 他们昨天参观了博物馆。","2","A1","true","true","词典核验：词头/词性/核心义项","Bokmålsordboka","https://ordbokene.no/bm/besøke","2026-09-24","","true","词头与列出词形匹配","课程候选等级；尚未逐词人工确认","例句/译文尚未人工逐词审校"
"A1","bilde","名词","家中物品与房间","NTNU LearnNoW; NTNU NoW1; NorweigenLearn 当前词库","图片；照片；画作；图像","bildet, bilder, bildene / et bilde · bildet · bilder · bildene","Kan du ta et bilde av oss? / Bildet henger på veggen.","你能给我们拍张照片吗？ / 那幅画挂在墙上。","2","A1","true","true","词典核验：词头/词性/核心义项","Bokmålsordboka","https://ordbokene.no/bm/bilde","2026-09-24","","true","词头与列出词形匹配","课程候选等级；尚未逐词人工确认","例句/译文尚未人工逐词审校"
"A1","bord","名词","家中物品与房间 / 家与房间","NTNU LearnNoW; NTNU NoW1; NorweigenLearn 当前词库","桌子；餐桌；一桌（食物）","bordet, bord, bordene / et bord · bordet · bord · bordene","Bøkene ligger på bordet. / Vi kjøpte to små bord.","书在桌子上。 / 我们买了两张小桌子。","2","A1","true","true","词典核验：词头/词性/核心义项","Bokmålsordboka","https://ordbokene.no/bm/bord","2026-09-24","","true","词头与列出词形匹配","课程候选等级；尚未逐词人工确认","例句/译文尚未人工逐词审校"
"A1","brød","名词","饮食与购物 / 食物与购物","NTNU LearnNoW; NTNU NoW1; NorweigenLearn 当前词库","面包；一条/一个面包","brødet, brød, brødene / et brød · brødet · brød · brødene","Jeg kjøper et brød på vei hjem. / Barna spiser brød til frokost.","我回家路上买一条面包。 / 孩子们早餐吃面包。","2","A1","true","true","词典核验：词头/词性/核心义项","Bokmålsordboka","https://ordbokene.no/bm/br%C3%B8d","2026-09-24","","true","词头与列出词形匹配","课程候选等级；尚未逐词人工确认","例句/译文尚未人工逐词审校"
"A1","brødskive","名词","饮食与购物","NTNU LearnNoW; NTNU NoW1; NorweigenLearn 当前词库","一片面包；一片切片面包","brødskiva, brødskiver, brødskivene / ei brødskive · brødskiva · brødskiver · brødskivene","Jeg spiser ei brødskive med ost. / Barna lager brødskiver til turen.","我吃一片加奶酪的面包。 / 孩子们为出游准备三明治。","2","A1","true","true","词典核验：词头/词性/核心义项","Bokmålsordboka","https://ordbokene.no/bm/br%C3%B8dskive","2026-09-24","","true","词头与列出词形匹配","课程候选等级；尚未逐词人工确认","例句/译文尚未人工逐词审校"
"A1","bror","名词","家人和关系","NTNU LearnNoW; NTNU NoW1; NorweigenLearn 当前词库","兄弟；哥哥；弟弟（不区分年长/年幼）","broren, brødre, brødrene / en bror · broren · brødre · brødrene","Jeg har en bror og ei søster. / Brødrene mine bor i Norge.","我有一个兄弟和一个姐妹。 / 我的兄弟们住在挪威。","2","A1","true","true","词典核验：词头/词性/核心义项","Bokmålsordboka","https://ordbokene.no/bm/bror","2026-09-24","","true","词头与列出词形匹配","课程候选等级；尚未逐词人工确认","例句/译文尚未人工逐词审校"
"A1","bygning","名词","住房与居住","NTNU LearnNoW; NTNU NoW1; NorweigenLearn 当前词库","建筑物；楼房","bygningen, bygninger, bygningene / en bygning · bygningen · bygninger · bygningene","Det står en gammel bygning ved torget. / Bygningen er fra 1800-tallet.","广场旁边有一栋老建筑。 / 这栋建筑建于19世纪。","2","A1","true","true","词典核验：词头/词性/核心义项","Bokmålsordboka","https://ordbokene.no/bm/bygning","2026-09-24","","true","词头与列出词形匹配","课程候选等级；尚未逐词人工确认","例句/译文尚未人工逐词审校"
"A1","dør","名词","家中物品与房间 / 家与房间","NTNU LearnNoW; NTNU NoW1; NorweigenLearn 当前词库","门；房门","døra, dører, dørene / ei dør · døra · dører · dørene","Kan du lukke døra? / Det er tre dører i gangen.","你能把门关上吗？ / 走廊里有三扇门。","2","A1","true","true","词典核验：词头/词性/核心义项","Bokmålsordboka","https://ordbokene.no/bm/d%C3%B8r","2026-09-24","","true","词头与列出词形匹配","课程候选等级；尚未逐词人工确认","例句/译文尚未人工逐词审校"
"A1","dusj","名词","日常家务","NTNU LearnNoW; NTNU NoW1; NorweigenLearn 当前词库","淋浴；淋浴间；一次淋浴","dusjen, dusjer, dusjene / en dusj · dusjen · dusjer · dusjene","Jeg tar en dusj før jeg legger meg. / Dusjen virker ikke.","我睡前洗个澡。 / 淋浴坏了。","2","A1","true","true","词典核验：词头/词性/核心义项","Bokmålsordboka","https://ordbokene.no/bm/dusj","2026-09-24","","true","词头与列出词形匹配","课程候选等级；尚未逐词人工确认","例句/译文尚未人工逐词审校"
"A1","etasje","名词","家中物品与房间","NTNU LearnNoW; NTNU NoW1; NorweigenLearn 当前词库","楼层；一层楼","en etasje · etasjen · etasjer · etasjene / etasjen, etasjer, etasjene","Leiligheten ligger i tredje etasje. / Huset har to etasjer.","公寓在三楼。 / 这栋房子有两层。","2","A1","true","true","词典核验：词头/词性/核心义项","Bokmålsordboka","https://ordbokene.no/bm/etasje","2026-09-24","","true","词头与列出词形匹配","课程候选等级；尚未逐词人工确认","例句/译文尚未人工逐词审校"
"A1","far","名词","家人和关系 / 家庭与人物","NTNU LearnNoW; NTNU NoW1; NorweigenLearn 当前词库","父亲；爸爸","en far · faren · fedre · fedrene / faren, fedre, fedrene","Faren min heter Li. / Fedrene snakker sammen utenfor skolen.","我爸爸叫李。 / 几位父亲在学校外面交谈。","2","A1","true","true","词典核验：词头/词性/核心义项","Bokmålsordboka","https://ordbokene.no/bm/far","2026-09-24","","true","词头与列出词形匹配","课程候选等级；尚未逐词人工确认","例句/译文尚未人工逐词审校"
"A1","forstå","动词","交流与语言 / 学习与工作","NTNU LearnNoW; NTNU NoW1; NorweigenLearn 当前词库","理解；听懂；明白","forstå · forstår · forsto · forstått / forstår, forstod, har forstått","Jeg forstår ikke spørsmålet. / Nå forstår jeg hva du mener.","我不明白这个问题。 / 现在我明白你的意思了。","2","A1","true","true","词典核验：词头/词性/核心义项","Bokmålsordboka","https://ordbokene.no/bm/forst%C3%A5","2026-09-24","","true","词头与列出词形匹配","课程候选等级；尚未逐词人工确认","例句/译文尚未人工逐词审校"
"A1","frokost","名词","饮食与购物 / 食物与购物","NTNU LearnNoW; NTNU NoW1; NorweigenLearn 当前词库","早餐","en frokost · frokosten · frokoster · frokostene / frokosten, frokoster, frokostene","Vi spiser frokost klokka sju. / Frokosten står på bordet.","我们七点吃早餐。 / 早餐已经摆在桌上了。","2","A1","true","true","词典核验：词头/词性/核心义项","Bokmålsordboka","https://ordbokene.no/bm/frokost","2026-09-24","","true","词头与列出词形匹配","课程候选等级；尚未逐词人工确认","例句/译文尚未人工逐词审校"
"A1","gang","名词","时间与日程","NTNU LearnNoW; NTNU NoW1; NorweigenLearn 当前词库","一次；一回；次数；（另义）走廊","en gang · gangen · ganger · gangene / gangen, ganger, gangene","Kan du si det en gang til? / Vi satte i gang arbeidet på mandag.","你能再说一遍吗？ / 我们星期一开始了这项工作。","2","A1","true","true","词典核验：词头/词性/核心义项","Bokmålsordboka","https://ordbokene.no/bm/gang","2026-09-24","","true","词头与列出词形匹配","课程候选等级；尚未逐词人工确认","例句/译文尚未人工逐词审校"
"A1","gitar","名词","工作与学习","NTNU LearnNoW; NTNU NoW1; NorweigenLearn 当前词库","吉他","en gitar · gitaren · gitarer · gitarene / gitaren, gitarer, gitarene","Sønnen min spiller gitar. / Gitaren står ved sofaen.","我儿子会弹吉他。 / 吉他放在沙发旁边。","2","A1","true","true","词典核验：词头/词性/核心义项","Bokmålsordboka","https://ordbokene.no/bm/gitar","2026-09-24","","true","词头与列出词形匹配","课程候选等级；尚未逐词人工确认","例句/译文尚未人工逐词审校"
"A1","gjest","名词","家人和关系","NTNU LearnNoW; NTNU NoW1; NorweigenLearn 当前词库","客人；来宾；住客","en gjest · gjesten · gjester · gjestene / gjesten, gjester, gjestene","Vi får gjester til middag på lørdag. / Gjestene sitter i stua.","星期六会有客人来我们家吃晚饭。 / 客人们坐在客厅里。","2","A1","true","true","词典核验：词头/词性/核心义项","Bokmålsordboka","https://ordbokene.no/bm/gjest","2026-09-24","","true","词头与列出词形匹配","课程候选等级；尚未逐词人工确认","例句/译文尚未人工逐词审校"
"A1","hente","动词","日常动作","NTNU LearnNoW; NTNU NoW1; NorweigenLearn 当前词库","接；取；去拿/去接某人","hente · henter · hentet · hentet / henter, hentet, har hentet","Jeg henter sønnen min i barnehagen. / Hun hentet en pakke på posten.","我去幼儿园接儿子。 / 她在邮局取了一个包裹。","2","A1","true","true","词典核验：词头/词性/核心义项","Bokmålsordboka","https://ordbokene.no/bm/hente","2026-09-24","","true","词头与列出词形匹配","课程候选等级；尚未逐词人工确认","例句/译文尚未人工逐词审校"
"A1","høre","动词","交流与语言 / 待归类","NTNU LearnNoW; NTNU NoW1; NorweigenLearn 当前词库","听见；听；听说","høre · hører · hørte · hørt / hører, hørte, har hørt","Jeg hører på norsk radio hver morgen. / Har du hørt om den nye kafeen?","我每天早上听挪威语广播。 / 你听说那家新咖啡馆了吗？","2","A1","true","true","词典核验：词头/词性/核心义项","Bokmålsordboka","https://ordbokene.no/bm/h%C3%B8re","2026-09-24","","true","词头与列出词形匹配","课程候选等级；尚未逐词人工确认","例句/译文尚未人工逐词审校"
"A1","hus","名词","家中物品与房间 / 家与房间","NTNU LearnNoW; NTNU NoW1; NorweigenLearn 当前词库","房子；住宅建筑","et hus · huset · hus · husene / huset, hus, husene","De bor i et rødt hus. / Husene ligger nær sjøen.","他们住在一栋红色的房子里。 / 那些房子靠近海边。","2","A1","true","true","词典核验：词头/词性/核心义项","Bokmålsordboka","https://ordbokene.no/bm/hus","2026-09-24","","true","词头与列出词形匹配","课程候选等级；尚未逐词人工确认","例句/译文尚未人工逐词审校"
"A1","jakke","名词","起床与出门","NTNU LearnNoW; NTNU NoW1; NorweigenLearn 当前词库","外套；夹克","ei jakke · jakka · jakker · jakkene / jakka, jakker, jakkene","Ta på deg jakka, det er kaldt ute. / Jeg trenger ei varm jakke.","穿上外套，外面很冷。 / 我需要一件暖和的外套。","2","A1","true","true","词典核验：词头/词性/核心义项","Bokmålsordboka","https://ordbokene.no/bm/jakke","2026-09-24","","true","词头与列出词形匹配","课程候选等级；尚未逐词人工确认","例句/译文尚未人工逐词审校"
"A1","kjenne","动词","描述与感受","NTNU LearnNoW; NTNU NoW1; NorweigenLearn 当前词库","认识；熟悉；感到；摸到（依语境）","kjenne · kjenner · kjente · kjent / kjenner, kjente, har kjent","Jeg kjenner læreren fra norskkurset. / Hun kjente kulden i ansiktet.","我认识这位挪威语课老师。 / 她感到冷风吹在脸上。","2","A1","true","true","词典核验：词头/词性/核心义项","Bokmålsordboka","https://ordbokene.no/bm/kjenne","2026-09-24","","true","词头与列出词形匹配","课程候选等级；尚未逐词人工确认","例句/译文尚未人工逐词审校"
"A1","kjøkken","名词","家中物品与房间 / 家与房间","NTNU LearnNoW; NTNU NoW1; NorweigenLearn 当前词库","厨房","et kjøkken · kjøkkenet · kjøkken · kjøkkenene / kjøkkenet, kjøkken, kjøkkenene","Mamma lager mat på kjøkkenet. / Leiligheten har to kjøkken.","妈妈在厨房做饭。 / 这套公寓有两个厨房。","2","A1","true","true","词典核验：词头/词性/核心义项","Bokmålsordboka","https://ordbokene.no/bm/kj%C3%B8kken","2026-09-24","","true","词头与列出词形匹配","课程候选等级；尚未逐词人工确认","例句/译文尚未人工逐词审校"
"A1","kjøleskap","名词","家中物品与房间","NTNU LearnNoW; NTNU NoW1; NorweigenLearn 当前词库","冰箱","et kjøleskap · kjøleskapet · kjøleskap · kjøleskapene / kjøleskapet, kjøleskap, kjøleskapene","Melka står i kjøleskapet. / Vi trenger et nytt kjøleskap.","牛奶在冰箱里。 / 我们需要一台新冰箱。","2","A1","true","true","词典核验：词头/词性/核心义项","Bokmålsordboka","https://ordbokene.no/bm/kj%C3%B8leskap","2026-09-24","","true","词头与列出词形匹配","课程候选等级；尚未逐词人工确认","例句/译文尚未人工逐词审校"
"A1","koke","动词","厨房与用餐","NTNU LearnNoW; NTNU NoW1; NorweigenLearn 当前词库","煮；烧开；沸腾","koke · koker · kokte · kokt / koker, kokte, har kokt","Jeg koker egg til frokost. / Vannet kokte etter noen minutter.","我早餐煮鸡蛋。 / 几分钟后水烧开了。","2","A1","true","true","词典核验：词头/词性/核心义项","Bokmålsordboka","https://ordbokene.no/bm/koke","2026-09-24","","true","词头与列出词形匹配","课程候选等级；尚未逐词人工确认","例句/译文尚未人工逐词审校"
"A1","kone","名词","家人和关系","NTNU LearnNoW; NTNU NoW1; NorweigenLearn 当前词库","妻子；太太（婚姻关系）","ei kone · kona · koner · konene / kona, koner, konene","Kona mi jobber på et sykehus. / Han reiser sammen med kona si.","我妻子在一家医院工作。 / 他和妻子一起旅行。","2","A1","true","true","词典核验：词头/词性/核心义项","Bokmålsordboka","https://ordbokene.no/bm/kone","2026-09-24","","true","词头与列出词形匹配","课程候选等级；尚未逐词人工确认","例句/译文尚未人工逐词审校"
"A1","kontrakt","名词","住房与居住","NTNU LearnNoW; NTNU NoW1; NorweigenLearn 当前词库","合同；契约；租约","en kontrakt · kontrakten · kontrakter · kontraktene / kontrakten, kontrakter, kontraktene","Vi leser kontrakten før vi skriver under. / Leiekontrakten gjelder fra første juni.","我们签字前先读合同。 / 租约从六月一日起生效。","2","A1","true","true","词典核验：词头/词性/核心义项","Bokmålsordboka","https://ordbokene.no/bm/kontrakt","2026-09-24","","true","词头与列出词形匹配","课程候选等级；尚未逐词人工确认","例句/译文尚未人工逐词审校"
"A1","alene","副词","描述与感受","NTNU LearnNoW; NorweigenLearn 当前词库","独自；一个人（不一定表示孤独）","alene","Hun bor alene i en leilighet. / Jeg vil ikke være alene i kveld.","她一个人住在一套公寓里。 / 我今晚不想一个人待着。","2","A1","true","true","词典核验：词头/词性/核心义项","Bokmålsordboka","https://ordbokene.no/bm/alene","2026-09-24","","true","词头与列出词形匹配","课程候选等级；尚未逐词人工确认","例句/译文尚未人工逐词审校"
"A1","av","介词","交流与语言","NTNU LearnNoW; NorweigenLearn 当前词库","从；由；……的；用……制成（依搭配）","av","Dette bordet er laget av tre. / Hun er en av vennene mine.","这张桌子是木头做的。 / 她是我的一位朋友。","2","A1","true","true","词典核验：词头/词性/核心义项","Bokmålsordboka","https://ordbokene.no/bm/av","2026-09-24","","true","词头与列出词形匹配","课程候选等级；尚未逐词人工确认","例句/译文尚未人工逐词审校"
"A1","balkong","名词","家中物品与房间","NTNU LearnNoW; NorweigenLearn 当前词库","阳台；建筑外侧的平台","balkongen, balkonger, balkongene / en balkong · balkongen · balkonger · balkongene","Vi spiser frokost på balkongen. / Leiligheten har en stor balkong.","我们在阳台上吃早餐。 / 这套公寓有一个大阳台。","2","A1","true","true","词典核验：词头/词性/核心义项","Bokmålsordboka","https://ordbokene.no/bm/balkong","2026-09-24","","true","词头与列出词形匹配","课程候选等级；尚未逐词人工确认","例句/译文尚未人工逐词审校"
"A1","benk","名词","家中物品与房间","NTNU LearnNoW; NorweigenLearn 当前词库","长椅；凳子；工作台（依语境）","benken, benker, benkene / en benk · benken · benker · benkene","Vi sitter på en benk i parken. / Benken står ved inngangen.","我们坐在公园的一张长椅上。 / 长椅在入口旁边。","2","A1","true","true","词典核验：词头/词性/核心义项","Bokmålsordboka","https://ordbokene.no/bm/benk","2026-09-24","","true","词头与列出词形匹配","课程候选等级；尚未逐词人工确认","例句/译文尚未人工逐词审校"
"A1","bluse","名词","起床与出门","NTNU LearnNoW; NorweigenLearn 当前词库","女式衬衫；女式上衣","blusa, bluser, blusene / ei bluse · blusa · bluser · blusene","Hun har på seg ei blå bluse. / Blusa passer godt til skjørtet.","她穿着一件蓝色女式衬衫。 / 这件上衣和裙子很搭。","2","A1","true","true","词典核验：词头/词性/核心义项","Bokmålsordboka","https://ordbokene.no/bm/bluse","2026-09-24","","true","词头与列出词形匹配","课程候选等级；尚未逐词人工确认","例句/译文尚未人工逐词审校"
"A1","bokhylle","名词","家中物品与房间","NTNU NoW1; NorweigenLearn 当前词库","书架；书柜","ei bokhylle · bokhylla · bokhyller · bokhyllene","Bøkene står i bokhylla. / Vi trenger ei ny bokhylle.","书放在书架上。 / 我们需要一个新书架。","2","A1","true","true","词典核验：词头/词性/核心义项","Bokmålsordboka","https://ordbokene.no/bm/bokhylle","2026-09-24","","true","词头与列出词形匹配","课程候选等级；尚未逐词人工确认","例句/译文尚未人工逐词审校"
"A1","borte","副词","位置与指示","NTNU LearnNoW; NorweigenLearn 当前词库","不在；离开；（东西）不见了","borte","Sjefen er borte i dag. / Nøklene mine er blitt borte.","老板今天不在。 / 我的钥匙不见了。","2","A1","true","true","词典核验：词头/词性/核心义项","Bokmålsordboka","https://ordbokene.no/bm/borte","2026-09-24","","true","词头与列出词形匹配","课程候选等级；尚未逐词人工确认","例句/译文尚未人工逐词审校"
"A1","bukse","名词","起床与出门","NTNU LearnNoW; NorweigenLearn 当前词库","裤子；一条裤子（挪威语单数形式）","buksa, bukser, buksene / ei bukse · buksa · bukser · buksene","Jeg trenger ei varm bukse. / Hvor er buksene mine?","我需要一条保暖裤。 / 我的裤子在哪里？","2","A1","true","true","词典核验：词头/词性/核心义项","Bokmålsordboka","https://ordbokene.no/bm/bukse","2026-09-24","","true","词头与列出词形匹配","课程候选等级；尚未逐词人工确认","例句/译文尚未人工逐词审校"
"A1","dele","动词","日常动作","NTNU NoW1; NorweigenLearn 当前词库","分享；分开；分配","dele · deler · delte · delt","Barna deler et eple. / Jeg deler bildene med familien.","孩子们分吃一个苹果。 / 我把照片分享给家人。","2","A1","true","true","词典核验：词头/词性/核心义项","Bokmålsordboka","https://ordbokene.no/bm/dele","2026-09-24","","true","词头与列出词形匹配","课程候选等级；尚未逐词人工确认","例句/译文尚未人工逐词审校"
"A1","der","副词","位置与指示","NTNU LearnNoW; NorweigenLearn 当前词库","那里；在那里；（句式中）有","der","Bussen stopper der borte. / Det står en stol der.","公交车在那边停靠。 / 那里有一把椅子。","2","A1","true","true","词典核验：词头/词性/核心义项","Bokmålsordboka","https://ordbokene.no/bm/der","2026-09-24","","true","词头与列出词形匹配","课程候选等级；尚未逐词人工确认","例句/译文尚未人工逐词审校"
"A1","etter","介词","位置与指示","NTNU LearnNoW; NorweigenLearn 当前词库","在……之后；在……后面；寻找（依搭配）","etter","Vi går en tur etter middag. / Hun spør etter legen.","我们晚饭后去散步。 / 她在找医生 / 询问医生在哪里。","2","A1","true","true","词典核验：词头/词性/核心义项","Bokmålsordboka","https://ordbokene.no/bm/etter","2026-09-24","","true","词头与列出词形匹配","课程候选等级；尚未逐词人工确认","例句/译文尚未人工逐词审校"
"A1","etternavn","名词","个人信息","NTNU NoW1; NorweigenLearn 当前词库","姓；姓氏","et etternavn · etternavnet · etternavn · etternavnene","Hva er etternavnet ditt? / Skriv fornavn og etternavn her.","你的姓氏是什么？ / 请在这里填写名字和姓氏。","2","A1","true","true","词典核验：词头/词性/核心义项","Bokmålsordboka","https://ordbokene.no/bm/etternavn","2026-09-24","","true","词头与列出词形匹配","课程候选等级；尚未逐词人工确认","例句/译文尚未人工逐词审校"
"A1","flyttebil","名词","住房与居住","NTNU LearnNoW; NorweigenLearn 当前词库","搬家货车；搬家用的卡车","en flyttebil · flyttebilen · flyttebiler · flyttebilene / flyttebilen, flyttebiler, flyttebilene","Vi leier en flyttebil på lørdag. / Flyttebilen står utenfor det nye huset.","我们星期六租一辆搬家货车。 / 搬家货车停在新房子外面。","2","A1","true","true","词典核验：词头/词性/核心义项","Bokmålsordboka","https://ordbokene.no/bm/flyttebil","2026-09-24","","false","透明复合词词形匹配中心词","课程候选等级；尚未逐词人工确认","例句/译文尚未人工逐词审校"
"A1","flyttebyrå","名词","住房与居住","NTNU LearnNoW; NorweigenLearn 当前词库","搬家公司；搬家服务机构","et flyttebyrå · flyttebyrået · flyttebyråer · flyttebyråene / flyttebyrået, flyttebyråer, flyttebyråene","Vi bestilte et flyttebyrå til mandag. / Flyttebyrået bar sofaen opp trappa.","我们预约了一家搬家公司星期一来。 / 搬家公司的人把沙发抬上了楼梯。","2","A1","true","true","词典核验：词头/词性/核心义项","Bokmålsordboka","https://ordbokene.no/bm/flyttebyr%C3%A5","2026-09-24","","true","词头与列出词形匹配","课程候选等级；尚未逐词人工确认","例句/译文尚未人工逐词审校"
"A1","fødselsdato","名词","个人信息","NTNU NoW1; NorweigenLearn 当前词库","出生日期；生日的具体日期","en fødselsdato · fødselsdatoen · fødselsdatoer · fødselsdatoene","Du må oppgi fødselsdatoen din i skjemaet. / Fødselsdatoen står på passet.","你必须在表格里填写出生日期。 / 出生日期写在护照上。","2","A1","true","true","词典核验：词头/词性/核心义项","Bokmålsordboka","https://ordbokene.no/bm/f%C3%B8dselsdato","2026-09-24","","false","透明复合词词形匹配中心词","课程候选等级；尚未逐词人工确认","例句/译文尚未人工逐词审校"
"A1","for","介词","交流与语言","NTNU LearnNoW; NorweigenLearn 当前词库","为；给；对；用于；因为（部分结构中）","for","Jeg kjøpte en gave for søsteren min. / Denne boka er for nye elever.","我给妹妹买了一份礼物。 / 这本书是给新生用的。","2","A1","true","true","词典核验：词头/词性/核心义项","Bokmålsordboka","https://ordbokene.no/bm/for","2026-09-24","","true","词头与列出词形匹配","课程候选等级；尚未逐词人工确认","例句/译文尚未人工逐词审校"
"A1","foran","介词","位置与指示","NTNU LearnNoW; NorweigenLearn 当前词库","在……前面；位于……前方","foran","Bilen står foran huset. / Hun sitter foran meg på bussen.","汽车停在房子前面。 / 她在公交车上坐在我前面。","2","A1","true","true","词典核验：词头/词性/核心义项","Bokmålsordboka","https://ordbokene.no/bm/foran","2026-09-24","","true","词头与列出词形匹配","课程候选等级；尚未逐词人工确认","例句/译文尚未人工逐词审校"
"A1","formiddag","名词","时间与日程","NTNU LearnNoW; NorweigenLearn 当前词库","上午；中午以前的一段时间","en formiddag · formiddagen · formiddager · formiddagene / formiddagen, formiddager, formiddagene","Jeg har et møte i formiddag. / Butikken er ofte rolig om formiddagen.","我今天上午有个会议。 / 商店上午通常比较安静。","2","A1","true","true","词典核验：词头/词性/核心义项","Bokmålsordboka","https://ordbokene.no/bm/formiddag","2026-09-24","","true","词头与列出词形匹配","课程候选等级；尚未逐词人工确认","例句/译文尚未人工逐词审校"
"A1","garasje","名词","住房与居住","NTNU LearnNoW; NorweigenLearn 当前词库","车库；汽车库","en garasje · garasjen · garasjer · garasjene / garasjen, garasjer, garasjene","Bilen står i garasjen. / Huset har en liten garasje.","汽车停在车库里。 / 这栋房子有一个小车库。","2","A1","true","true","词典核验：词头/词性/核心义项","Bokmålsordboka","https://ordbokene.no/bm/garasje","2026-09-24","","true","词头与列出词形匹配","课程候选等级；尚未逐词人工确认","例句/译文尚未人工逐词审校"
"A1","gardin","名词","家中物品与房间","NTNU NoW1; NorweigenLearn 当前词库","窗帘","en gardin · gardinen · gardiner · gardinene","Vi trekker for gardinene om kvelden. / Den blå gardinen passer til rommet.","我们晚上把窗帘拉上。 / 这条蓝色窗帘和房间很搭。","2","A1","true","true","词典核验：词头/词性/核心义项","Bokmålsordboka","https://ordbokene.no/bm/gardin","2026-09-24","","true","词头与列出词形匹配","课程候选等级；尚未逐词人工确认","例句/译文尚未人工逐词审校"
"A1","grei","形容词","描述与感受","NTNU LearnNoW; NorweigenLearn 当前词库","不错的；友善的；方便/可以的（依语境）","grei · greit · greie · greiere · greiest / greit, greie","Det går greit, takk. / Kan vi møtes klokka seks? Det er greit.","还不错，谢谢。 / 我们六点见可以吗？可以。","2","A1","true","true","词典核验：词头/词性/核心义项","Bokmålsordboka","https://ordbokene.no/bm/grei","2026-09-24","","true","词头与列出词形匹配","课程候选等级；尚未逐词人工确认","例句/译文尚未人工逐词审校"
"A1","hår","名词","身体与健康","NTNU LearnNoW; NorweigenLearn 当前词库","头发；一根毛发（依语境）","et hår · håret · hår · hårene / håret, hår, hårene","Hun har langt, mørkt hår. / Jeg fant et hår på jakka.","她留着一头又长又黑的头发。 / 我在夹克上发现了一根头发。","2","A1","true","true","词典核验：词头/词性/核心义项","Bokmålsordboka","https://ordbokene.no/bm/h%C3%A5r","2026-09-24","","true","词头与列出词形匹配","课程候选等级；尚未逐词人工确认","例句/译文尚未人工逐词审校"
"A1","hjemme","副词","住房与居住","NTNU LearnNoW; NorweigenLearn 当前词库","在家；在自己的家里","hjemme","Barna er hjemme i dag. / Jeg jobber hjemme på fredager.","孩子们今天在家。 / 我周五在家工作。","2","A1","true","true","词典核验：词头/词性/核心义项","Bokmålsordboka","https://ordbokene.no/bm/hjemme","2026-09-24","","true","词头与列出词形匹配","课程候选等级；尚未逐词人工确认","例句/译文尚未人工逐词审校"
"A1","hjørne","名词","家中物品与房间","NTNU LearnNoW; NorweigenLearn 当前词库","角；角落；拐角","et hjørne · hjørnet · hjørner · hjørnene / hjørnet, hjørner, hjørnene","Stolen står i hjørnet av rommet. / Apoteket ligger rundt hjørnet.","椅子放在房间的角落里。 / 药店就在拐角那边。","2","A1","true","true","词典核验：词头/词性/核心义项","Bokmålsordboka","https://ordbokene.no/bm/hj%C3%B8rne","2026-09-24","","true","词头与列出词形匹配","课程候选等级；尚未逐词人工确认","例句/译文尚未人工逐词审校"
"A1","hoppe","动词","日常动作","NTNU LearnNoW; NorweigenLearn 当前词库","跳；跳跃；蹦","hoppe · hopper · hoppet · hoppet / hopper, hoppet, har hoppet","Barna hopper på trampolinen. / Katten hoppet opp på stolen.","孩子们在蹦床上跳。 / 猫跳到了椅子上。","2","A1","true","true","词典核验：词头/词性/核心义项","Bokmålsordboka","https://ordbokene.no/bm/hoppe","2026-09-24","","true","词头与列出词形匹配","课程候选等级；尚未逐词人工确认","例句/译文尚未人工逐词审校"
"A1","hybel","名词","住房与居住","NTNU NoW1; NorweigenLearn 当前词库","单间出租房；合租房中的独立小住处","en hybel · hybelen · hybler · hyblene","Hun bor på hybel nær universitetet. / Jeg leter etter en billig hybel.","她住在大学附近的一间出租单间里。 / 我在找一间便宜的单间出租房。","2","A1","true","true","词典核验：词头/词性/核心义项","Bokmålsordboka","https://ordbokene.no/bm/hybel","2026-09-24","","true","词头与列出词形匹配","课程候选等级；尚未逐词人工确认","例句/译文尚未人工逐词审校"
"A1","hylle","名词","家中物品与房间","NTNU LearnNoW; NorweigenLearn 当前词库","架子；搁板；书架的一层","ei hylle · hylla · hyller · hyllene / hylla, hyller, hyllene","Bøkene står på hylla. / Vi trenger to hyller til boden.","书放在架子上。 / 储物间还需要两个架子。","2","A1","true","true","词典核验：词头/词性/核心义项","Bokmålsordboka","https://ordbokene.no/bm/hylle","2026-09-24","","true","词头与列出词形匹配","课程候选等级；尚未逐词人工确认","例句/译文尚未人工逐词审校"
"A1","inn","副词","公共交通与方向","NTNU LearnNoW; NorweigenLearn 当前词库","进入；向里面；进来","inn","Kom inn, døra er åpen. / Vi flytter inn i den nye leiligheten i juni.","进来吧，门开着。 / 我们六月份搬进新公寓。","2","A1","true","true","词典核验：词头/词性/核心义项","Bokmålsordboka","https://ordbokene.no/bm/inn","2026-09-24","","true","词头与列出词形匹配","课程候选等级；尚未逐词人工确认","例句/译文尚未人工逐词审校"
"A1","instrument","名词","工作与学习","NTNU NoW1; NorweigenLearn 当前词库","乐器；仪器；工具（依语境）","et instrument · instrumentet · instrumenter · instrumentene","Hun spiller et instrument i skolekorpset. / Legen bruker et instrument til undersøkelsen.","她在学校乐队里演奏一种乐器。 / 医生用一种仪器进行检查。","2","A1","true","true","词典核验：词头/词性/核心义项","Bokmålsordboka","https://ordbokene.no/bm/instrument","2026-09-24","","true","词头与列出词形匹配","课程候选等级；尚未逐词人工确认","例句/译文尚未人工逐词审校"
"A1","inventarliste","名词","家居与工作","NTNU NoW1; NorweigenLearn 当前词库","物品清单；库存/财产清单","ei inventarliste · inventarlista · inventarlister · inventarlistene","Vi lager en inventarliste før flyttingen. / Inventarlista viser alt utstyret i rommet.","搬家前我们先做一份物品清单。 / 物品清单列出了房间里的所有设备。","2","A1","true","true","词典核验：词头/词性/核心义项","Bokmålsordboka","https://ordbokene.no/bm/inventarliste","2026-09-24","","true","词头与列出词形匹配","课程候选等级；尚未逐词人工确认","例句/译文尚未人工逐词审校"
"A1","italiener","名词","语言与国籍","NTNU NoW1; NorweigenLearn 当前词库","意大利人；来自意大利的人","en italiener · italieneren · italienere · italienerne","En italiener i klassen min snakker fire språk. / Italienerne spiser ofte sent på kvelden.","我班上有一位意大利人会说四种语言。 / 意大利人晚上常常吃饭比较晚。","2","A1","true","true","词典核验：词头/词性/核心义项","Bokmålsordboka","https://ordbokene.no/bm/italiener","2026-09-24","","true","词头与列出词形匹配","课程候选等级；尚未逐词人工确认","例句/译文尚未人工逐词审校"
"A1","jus","名词","工作与学习","NTNU NoW1; NorweigenLearn 当前词库","法学；法律学（此卡此义，不是果汁义）","jus · jussen","Hun studerer jus ved universitetet. / Han har jobbet med jus i mange år.","她在大学学习法学。 / 他从事法律工作很多年了。","2","A1","true","true","词典核验：词头/词性/核心义项","Bokmålsordboka","https://ordbokene.no/bm/jus","2026-09-24","","true","词头与列出词形匹配","课程候选等级；尚未逐词人工确认","例句/译文尚未人工逐词审校"
"A1","kalle","动词","交流与语言","NTNU LearnNoW; NorweigenLearn 当前词库","称呼；叫作；给……取名","kalle · kaller · kalte · kalt / kaller, kalte, har kalt","De kaller datteren sin Emma. / Han kalte meg en god venn.","他们给女儿取名艾玛。 / 他称我为一位好朋友。","2","A1","true","true","词典核验：词头/词性/核心义项","Bokmålsordboka","https://ordbokene.no/bm/kalle","2026-09-24","","true","词头与列出词形匹配","课程候选等级；尚未逐词人工确认","例句/译文尚未人工逐词审校"
"A1","kamera","名词","工作与学习","NTNU LearnNoW; NorweigenLearn 当前词库","相机；摄影机","et kamera · kameraet · kameraer · kameraene / kameraet, kameraer, kameraene","Jeg tar et bilde med kameraet mitt. / Hun har et lite kamera i veska.","我用自己的相机拍了一张照片。 / 她包里有一台小相机。","2","A1","true","true","词典核验：词头/词性/核心义项","Bokmålsordboka","https://ordbokene.no/bm/kamera","2026-09-24","","true","词头与列出词形匹配","课程候选等级；尚未逐词人工确认","例句/译文尚未人工逐词审校"
"A1","kjøkkenbenk","名词","厨房与用餐","NTNU NoW1; NorweigenLearn 当前词库","厨房台面；厨房操作台","en kjøkkenbenk · kjøkkenbenken · kjøkkenbenker · kjøkkenbenkene","Brødet ligger på kjøkkenbenken. / Jeg tørker av kjøkkenbenken etter matlaging.","面包放在厨房台面上。 / 做完饭后我擦厨房台面。","2","A1","true","true","词典核验：词头/词性/核心义项","Bokmålsordboka","https://ordbokene.no/bm/kj%C3%B8kkenbenk","2026-09-24","","true","词头与列出词形匹配","课程候选等级；尚未逐词人工确认","例句/译文尚未人工逐词审校"
"A1","klesskap","名词","家中物品与房间","NTNU LearnNoW; NorweigenLearn 当前词库","衣柜；衣橱","et klesskap · klesskapet · klesskap · klesskapene / klesskapet, klesskap, klesskapene","Klærne mine ligger i klesskapet. / Vi kjøpte et nytt klesskap til soverommet.","我的衣服放在衣柜里。 / 我们给卧室买了一个新衣柜。","2","A1","true","true","词典核验：词头/词性/核心义项","Bokmålsordboka","https://ordbokene.no/bm/klesskap","2026-09-24","","true","词头与列出词形匹配","课程候选等级；尚未逐词人工确认","例句/译文尚未人工逐词审校"
"A1","komfyr","名词","厨房与用餐","NTNU LearnNoW; NorweigenLearn 当前词库","炉灶；厨房灶具（通常指烤箱和炉面组合）","en komfyr · komfyren · komfyrer · komfyrene / komfyren, komfyrer, komfyrene","Suppa står på komfyren. / Vi har en ny komfyr på kjøkkenet.","汤在炉灶上。 / 我们厨房里有一台新炉灶。","2","A1","true","true","词典核验：词头/词性/核心义项","Bokmålsordboka","https://ordbokene.no/bm/komfyr","2026-09-24","","true","词头与列出词形匹配","课程候选等级；尚未逐词人工确认","例句/译文尚未人工逐词审校"
"A1","kommode","名词","家中物品与房间","NTNU LearnNoW; NorweigenLearn 当前词库","抽屉柜；五斗柜","en kommode · kommoden · kommoder · kommodene / kommoden, kommoder, kommodene","Sokkene ligger i kommoden. / Vi trenger en liten kommode på soverommet.","袜子放在抽屉柜里。 / 卧室里需要一个小抽屉柜。","2","A1","true","true","词典核验：词头/词性/核心义项","Bokmålsordboka","https://ordbokene.no/bm/kommode","2026-09-24","","true","词头与列出词形匹配","课程候选等级；尚未逐词人工确认","例句/译文尚未人工逐词审校"
"A1","kvarter","名词","时间与日程","NTNU LearnNoW; NorweigenLearn 当前词库","一刻钟；十五分钟；四分之一（依语境）","et kvarter · kvarteret · kvarter · kvarterene / kvarteret, kvarterer, kvarterene","Bussen kommer om et kvarter. / Klokka er kvart over fire.","公交车一刻钟后到。 / 现在四点一刻。","2","A1","true","true","词典核验：词头/词性/核心义项","Bokmålsordboka","https://ordbokene.no/bm/kvarter","2026-09-24","","true","词头与列出词形匹配","课程候选等级；尚未逐词人工确认","例句/译文尚未人工逐词审校"
"A1","kveld","名词","时间与日程 / 时间与日常","NTNU LearnNoW; NorweigenLearn 当前词库","傍晚；晚上","en kveld · kvelden · kvelder · kveldene / kvelden, kvelder, kveldene","Skal vi spise sammen i kveld? / Hun leser ofte om kvelden.","我们今晚一起吃饭好吗？ / 她常在晚上看书。","2","A1","true","true","词典核验：词头/词性/核心义项","Bokmålsordboka","https://ordbokene.no/bm/kveld","2026-09-24","","true","词头与列出词形匹配","课程候选等级；尚未逐词人工确认","例句/译文尚未人工逐词审校"
"A1","lastebil","名词","交通与出行","NTNU LearnNoW; NorweigenLearn 当前词库","卡车；货车；载重汽车","en lastebil · lastebilen · lastebiler · lastebilene / lastebilen, lastebiler, lastebilene","Lastebilen leverer møbler til butikken. / Onkelen min kjører lastebil.","卡车把家具送到商店。 / 我叔叔开卡车。","2","A1","true","true","词典核验：词头/词性/核心义项","Bokmålsordboka","https://ordbokene.no/bm/lastebil","2026-09-24","","true","词头与列出词形匹配","课程候选等级；尚未逐词人工确认","例句/译文尚未人工逐词审校"
"A1","le","动词","描述与感受","NTNU LearnNoW; NorweigenLearn 当前词库","笑；发笑","le · ler · lo · ledd / ler, lo, har ledd","Barna ler av den morsomme filmen. / Vi lo mye på festen.","孩子们被那部有趣的电影逗笑了。 / 我们在聚会上笑了很多。","2","A1","true","true","词典核验：词头/词性/核心义项","Bokmålsordboka","https://ordbokene.no/bm/le","2026-09-24","","true","词头与列出词形匹配","课程候选等级；尚未逐词人工确认","例句/译文尚未人工逐词审校"
"A1","leilighet","名词","家中物品与房间 / 家与房间","NTNU LearnNoW; NorweigenLearn 当前词库","公寓；套房","en leilighet · leiligheten · leiligheter · leilighetene / leiligheten, leiligheter, leilighetene","Vi leier en leilighet i Oslo. / Leiligheten har to soverom.","我们在奥斯陆租了一套公寓。 / 这套公寓有两间卧室。","2","A1","true","true","词典核验：词头/词性/核心义项","Bokmålsordboka","https://ordbokene.no/bm/leilighet","2026-09-24","","true","词头与列出词形匹配","课程候选等级；尚未逐词人工确认","例句/译文尚未人工逐词审校"
"A1","lenestol","名词","家中物品与房间","NTNU LearnNoW; NorweigenLearn 当前词库","扶手椅；单人沙发椅","en lenestol · lenestolen · lenestoler · lenestolene / lenestolen, lenestoler, lenestolene","Bestefar sitter i lenestolen og leser. / Vi kjøpte to lenestoler til stua.","爷爷坐在扶手椅上看书。 / 我们给客厅买了两把扶手椅。","2","A1","true","true","词典核验：词头/词性/核心义项","Bokmålsordboka","https://ordbokene.no/bm/lenestol","2026-09-24","","true","词头与列出词形匹配","课程候选等级；尚未逐词人工确认","例句/译文尚未人工逐词审校"
"A1","ligge","动词","日常动作 / 家与房间","NTNU LearnNoW; NorweigenLearn 当前词库","躺；位于；放在（呈平放/静置状态）","ligge · ligger · lå · ligget / ligger, lå, har ligget","Boka ligger på bordet. / Han lå i senga hele dagen.","书放在桌子上。 / 他整天都躺在床上。","2","A1","true","true","词典核验：词头/词性/核心义项","Bokmålsordboka","https://ordbokene.no/bm/ligge","2026-09-24","","true","词头与列出词形匹配","课程候选等级；尚未逐词人工确认","例句/译文尚未人工逐词审校"
"A1","like","动词","日常动作 / 食物与购物","NTNU LearnNoW; NorweigenLearn 当前词库","喜欢；觉得……不错","like · liker · likte · likt / liker, likte, har likt","Jeg liker å lære norsk. / Hun likte filmen veldig godt.","我喜欢学挪威语。 / 她很喜欢这部电影。","2","A1","true","true","词典核验：词头/词性/核心义项","Bokmålsordboka","https://ordbokene.no/bm/like","2026-09-24","","true","词头与列出词形匹配","课程候选等级；尚未逐词人工确认","例句/译文尚未人工逐词审校"
"A1","løpe","动词","日常动作 / 待归类","NTNU LearnNoW; NorweigenLearn 当前词库","跑；跑步；奔跑","løpe · løper · løp · løpt / løper, løp, har løpt","Jeg løper en tur før jobb. / Han løp til holdeplassen.","我上班前去跑步。 / 他跑向公交站。","2","A1","true","true","词典核验：词头/词性/核心义项","Bokmålsordboka","https://ordbokene.no/bm/l%C3%B8pe","2026-09-24","","true","词头与列出词形匹配","课程候选等级；尚未逐词人工确认","例句/译文尚未人工逐词审校"
"A1","madrass","名词","家中物品与房间","NTNU LearnNoW; NorweigenLearn 当前词库","床垫","en madrass · madrassen · madrasser · madrassene / madrassen, madrasser, madrassene","Madrassen er for hard for meg. / Vi kjøpte en ny madrass til gjesterommet.","这张床垫对我来说太硬了。 / 我们给客房买了一张新床垫。","2","A1","true","true","词典核验：词头/词性/核心义项","Bokmålsordboka","https://ordbokene.no/bm/madrass","2026-09-24","","true","词头与列出词形匹配","课程候选等级；尚未逐词人工确认","例句/译文尚未人工逐词审校"
"A1","mandag","名词","星期与安排","NTNU LearnNoW; NorweigenLearn 当前词库","星期一；一个星期一","en mandag · mandagen · mandager · mandagene / mandagen,  mandager,  mandagene","Kurset begynner på mandag. / Jeg jobber hjemme på mandager.","课程星期一开始。 / 我每周一在家工作。","2","A1","true","true","词典核验：词头/词性/核心义项","Bokmålsordboka","https://ordbokene.no/bm/mandag","2026-09-24","","true","词头与列出词形匹配","课程候选等级；尚未逐词人工确认","例句/译文尚未人工逐词审校"
"A1","måtte","动词","日常动作 / 待归类","NTNU LearnNoW; NorweigenLearn 当前词库","必须；不得不；过去时“曾必须”","må, måtte, har måttet / måtte · må · måtte · måttet","Jeg måtte gå tidlig i går. / Vi må ta bussen nå.","我昨天不得不早走。 / 我们现在必须坐公交车。","2","A1","true","true","词典核验：词头/词性/核心义项","Bokmålsordboka","https://ordbokene.no/bm/m%C3%A5tte","2026-09-24","2026-09-24","true","词头与列出词形匹配","课程候选等级；尚未逐词人工确认","例句/译文已人工审校"
"A1","mellom","介词","位置与指示","NTNU LearnNoW; NorweigenLearn 当前词库","在……之间；……中间","mellom","Apoteket ligger mellom banken og butikken. / Jeg jobber mellom klokka åtte og fire.","药店在银行和商店之间。 / 我八点到四点之间工作。","2","A1","true","true","词典核验：词头/词性/核心义项","Bokmålsordboka","https://ordbokene.no/bm/mellom","2026-09-24","","true","词头与列出词形匹配","课程候选等级；尚未逐词人工确认","例句/译文尚未人工逐词审校"
"A1","møbel","名词","家中物品与房间","NTNU LearnNoW; NorweigenLearn 当前词库","一件家具；家具（可数）","et møbel · møbelet · møbler · møblene / møbelet, møbler, møblene","Vi trenger et nytt møbel til stua. / De selger gamle møbler på nettet.","我们客厅需要添一件新家具。 / 他们在网上卖旧家具。","2","A1","true","true","词典核验：词头/词性/核心义项","Bokmålsordboka","https://ordbokene.no/bm/møbel","2026-09-24","","true","词头与列出词形匹配","课程候选等级；尚未逐词人工确认","例句/译文尚未人工逐词审校"
"A1","morfar","名词","家人和关系","NTNU LearnNoW; NorweigenLearn 当前词库","外祖父；妈妈的爸爸","en morfar · morfaren · morfedre · morfedrene / morfaren, morfedre, morfedrene","Vi besøker morfar på søndag. / Morfaren min bor i Trondheim.","我们星期天去看外公。 / 我外公住在特隆赫姆。","2","A1","true","true","词典核验：词头/词性/核心义项","Bokmålsordboka","https://ordbokene.no/bm/morfar","2026-09-24","","true","词头与列出词形匹配","课程候选等级；尚未逐词人工确认","例句/译文尚未人工逐词审校"
"A1","morgen","名词","时间与日程 / 时间与日常","NTNU LearnNoW; NorweigenLearn 当前词库","早晨；上午的早些时候","en morgen · morgenen · morgener · morgenene / morgenen, morgener, morgenene","Jeg skal til legen i morgen. / Barna spiser frokost om morgenen.","我明天要去看医生。 / 孩子们早上吃早餐。","2","A1","true","true","词典核验：词头/词性/核心义项","Bokmålsordboka","https://ordbokene.no/bm/morgen","2026-09-24","","true","词头与列出词形匹配","课程候选等级；尚未逐词人工确认","例句/译文尚未人工逐词审校"
"A1","mormor","名词","家人和关系","NTNU LearnNoW; NorweigenLearn 当前词库","外祖母；妈妈的妈妈","ei mormor · mormora · mormødre · mormødrene / mormora, mormødre, mormødrene","Mormor baker boller til barna. / Vi besøker mormødrene våre i helgen.","外婆给孩子们烤小圆面包。 / 这个周末我们去看各自的外婆们。","2","A1","true","true","词典核验：词头/词性/核心义项","Bokmålsordboka","https://ordbokene.no/bm/mormor","2026-09-24","","true","词头与列出词形匹配","课程候选等级；尚未逐词人工确认","例句/译文尚未人工逐词审校"
"A1","morsom","形容词","描述与感受","NTNU LearnNoW; NorweigenLearn 当前词库","有趣的；好笑的","morsom · morsomt · morsomme · morsommere · morsomst / morsomt, morsomme","Vi så en morsom film i går. / Det var et morsomt selskap.","我们昨天看了一部有趣的电影。 / 那是一次很有趣的聚会。","2","A1","true","true","词典核验：词头/词性/核心义项","Bokmålsordboka","https://ordbokene.no/bm/morsom","2026-09-24","","true","词头与列出词形匹配","课程候选等级；尚未逐词人工确认","例句/译文尚未人工逐词审校"
"A1","møte","动词","会面与交流 / 家庭与人物","NTNU LearnNoW; NorweigenLearn 当前词库","遇见；会见；迎接；面对（依结构）","møte · møter · møtte · møtt / møter, møtte, har møtt","Jeg møter en venn etter jobb. / Alle møtte opp i tide.","我下班后和一位朋友见面。 / 所有人都按时到场了。","2","A1","true","true","词典核验：词头/词性/核心义项","Bokmålsordboka","https://ordbokene.no/bm/møte","2026-09-24","","true","词头与列出词形匹配","课程候选等级；尚未逐词人工确认","例句/译文尚未人工逐词审校"
"A1","musikk","名词","工作与学习","NTNU LearnNoW; NorweigenLearn 当前词库","音乐（通常作不可数名词）","musikk · musikken / musikken (uncountable)","Jeg lytter til musikk på bussen. / Musikken fra filmen er veldig fin.","我在公交车上听音乐。 / 电影里的音乐很好听。","2","A1","true","true","词典核验：词头/词性/核心义项","Bokmålsordboka","https://ordbokene.no/bm/musikk","2026-09-24","","true","词头与列出词形匹配","课程候选等级；尚未逐词人工确认","例句/译文尚未人工逐词审校"
"A1","nabo","名词","家人和关系","NTNU LearnNoW; NorweigenLearn 当前词库","邻居","en nabo · naboen · naboer · naboene / naboen, naboer, naboene","Jeg snakker norsk med naboen. / Naboene våre er hyggelige.","我和邻居说挪威语。 / 我们的邻居们很友好。","2","A1","true","true","词典核验：词头/词性/核心义项","Bokmålsordboka","https://ordbokene.no/bm/nabo","2026-09-24","","true","词头与列出词形匹配","课程候选等级；尚未逐词人工确认","例句/译文尚未人工逐词审校"
"A1","nabohus","名词","住房与居住","NTNU LearnNoW; NorweigenLearn 当前词库","邻居家的房子；邻近的房屋","et nabohus · nabohuset · nabohus · nabohusene / nabohuset, nabohus, nabohusene","Det bor en familie i nabohuset. / Vi kan se fjellet fra nabohuset.","隔壁那栋房子里住着一家人。 / 从附近那栋房子可以看到山。","2","A1","true","true","词典核验：词头/词性/核心义项","Bokmålsordboka","https://ordbokene.no/bm/nabohus","2026-09-24","","true","词头与列出词形匹配","课程候选等级；尚未逐词人工确认","例句/译文尚未人工逐词审校"
"A1","oppvaskmaskin","名词","日常家务","NTNU LearnNoW; NorweigenLearn 当前词库","洗碗机","en oppvaskmaskin · oppvaskmaskinen · oppvaskmaskiner · oppvaskmaskinene / oppvaskmaskinen, oppvaskmaskiner, oppvaskmaskinene","Jeg setter på oppvaskmaskinen etter middag. / Kan du tømme oppvaskmaskinen?","晚饭后我启动洗碗机。 / 你能把洗碗机里的餐具取出来吗？","2","A1","true","true","词典核验：词头/词性/核心义项","Bokmålsordboka","https://ordbokene.no/bm/oppvaskmaskin","2026-09-24","","true","词头与列出词形匹配","课程候选等级；尚未逐词人工确认","例句/译文尚未人工逐词审校"
"A1","ordne","动词","日常家务","NTNU LearnNoW; NorweigenLearn 当前词库","整理；安排；处理；解决","ordne · ordner · ordnet / ordna · ordnet / ordna / ordner, ordnet, har ordnet","Jeg ordner rommet før gjestene kommer. / Kan du ordne en time hos legen?","客人来之前我整理房间。 / 你能帮忙约一个医生的时间吗？","2","A1","true","true","词典核验：词头/词性/核心义项","Bokmålsordboka","https://ordbokene.no/bm/ordne","2026-09-24","","true","词头与列出词形匹配","课程候选等级；尚未逐词人工确认","例句/译文尚未人工逐词审校"
"A1","plass","名词","住房与居住","NTNU LearnNoW; NorweigenLearn 当前词库","位置；座位；空间；地方","en plass · plassen · plasser · plassene / plassen, plasser, plassene","Er det plass til en stol her? / Vi fant to ledige plasser på toget.","这里还能放一把椅子吗？ / 我们在火车上找到两个空位。","2","A1","true","true","词典核验：词头/词性/核心义项","Bokmålsordboka","https://ordbokene.no/bm/plass","2026-09-24","","true","词头与列出词形匹配","课程候选等级；尚未逐词人工确认","例句/译文尚未人工逐词审校"
"A1","riktig","形容词","描述与感受","NTNU LearnNoW; NorweigenLearn 当前词库","正确的；合适的；恰当的","riktig · riktig · riktige · riktigere · riktigst / riktig, riktige","Er dette riktig adresse? / Du må velge riktig størrelse.","这是正确的地址吗？ / 你得选合适的尺码。","2","A1","true","true","词典核验：词头/词性/核心义项","Bokmålsordboka","https://ordbokene.no/bm/riktig","2026-09-24","","true","词头与列出词形匹配","课程候选等级；尚未逐词人工确认","例句/译文尚未人工逐词审校"
"A1","ringe","动词","交流与语言","NTNU LearnNoW; NorweigenLearn 当前词库","打电话给；按铃；响铃","ringe · ringer · ringte · ringt / ringer, ringte, har ringt","Jeg ringer til legen etter lunsj. / Det ringte på døra mens jeg lagde mat.","我午饭后给医生打电话。 / 我做饭时有人按门铃了。","2","A1","true","true","词典核验：词头/词性/核心义项","Bokmålsordboka","https://ordbokene.no/bm/ringe","2026-09-24","","true","词头与列出词形匹配","课程候选等级；尚未逐词人工确认","例句/译文尚未人工逐词审校"
"A1","rom","名词","家中物品与房间 / 家与房间","NTNU LearnNoW; NorweigenLearn 当前词库","房间；空间；（旅馆）客房","et rom · rommet · rom · rommene / rommet, rom, rommene","Barna deler et rom. / Rommene er lyse og store.","孩子们共用一间房。 / 这些房间明亮又宽敞。","2","A1","true","true","词典核验：词头/词性/核心义项","Bokmålsordboka","https://ordbokene.no/bm/rom","2026-09-24","","true","词头与列出词形匹配","课程候选等级；尚未逐词人工确认","例句/译文尚未人工逐词审校"
"A1","rundt","介词","位置与指示","NTNU LearnNoW; NorweigenLearn 当前词库","围绕；在……周围；大约","rundt","Vi går rundt innsjøen. / Hun kommer rundt klokka seks.","我们沿着湖边走。 / 她大约六点来。","2","A1","true","true","词典核验：词头/词性/核心义项","Bokmålsordboka","https://ordbokene.no/bm/rundt","2026-09-24","","true","词头与列出词形匹配","课程候选等级；尚未逐词人工确认","例句/译文尚未人工逐词审校"
"A1","salongbord","名词","家中物品与房间","NTNU LearnNoW; NorweigenLearn 当前词库","茶几；客厅矮桌","et salongbord · salongbordet · salongbord · salongbordene / salongbordet, salongbord, salongbordene","Fjernkontrollen ligger på salongbordet. / Vi fant et brukt salongbord på nettet.","遥控器放在茶几上。 / 我们在网上找到一张二手茶几。","2","A1","true","true","词典核验：词头/词性/核心义项","Bokmålsordboka","https://ordbokene.no/bm/salongbord","2026-09-24","","true","词头与列出词形匹配","课程候选等级；尚未逐词人工确认","例句/译文尚未人工逐词审校"
"A1","seng","名词","家中物品与房间 / 家与房间","NTNU LearnNoW; NorweigenLearn 当前词库","床","ei seng · senga · senger · sengene / senga, senger, sengene","Barnet sover i senga si. / Vi trenger to nye senger.","孩子睡在自己的床上。 / 我们需要两张新床。","2","A1","true","true","词典核验：词头/词性/核心义项","Bokmålsordboka","https://ordbokene.no/bm/seng","2026-09-24","","true","词头与列出词形匹配","课程候选等级；尚未逐词人工确认","例句/译文尚未人工逐词审校"
"A1","si","动词","交流与语言 / 健康与看医生","NTNU LearnNoW; NorweigenLearn 当前词库","说；告诉；表达（说出内容）","si · sier · sa · sagt / sier, sa, har sagt","Kan du si navnet ditt en gang til? / Hun sa fra at hun ble forsinket.","你能再说一遍你的名字吗？ / 她通知说自己会迟到。","2","A1","true","true","词典核验：词头/词性/核心义项","Bokmålsordboka","https://ordbokene.no/bm/si","2026-09-24","","true","词头与列出词形匹配","课程候选等级；尚未逐词人工确认","例句/译文尚未人工逐词审校"
"A1","sjåfør","名词","交通与出行","NTNU LearnNoW; NorweigenLearn 当前词库","司机；驾驶员","en sjåfør · sjåføren · sjåfører · sjåførene / sjåføren, sjåfører, sjåførene","Sjåføren åpner døra for passasjerene. / Jeg spør sjåføren hvor bussen stopper.","司机为乘客打开车门。 / 我问司机公交车在哪里停。","2","A1","true","true","词典核验：词头/词性/核心义项","Bokmålsordboka","https://ordbokene.no/bm/sj%C3%A5f%C3%B8r","2026-09-24","","true","词头与列出词形匹配","课程候选等级；尚未逐词人工确认","例句/译文尚未人工逐词审校"
"A1","skap","名词","家中物品与房间","NTNU LearnNoW; NorweigenLearn 当前词库","柜子；橱柜；衣柜（泛称）","et skap · skapet · skap · skapene / skapet, skap, skapene","Glassene står i skapet. / Vi trenger et større skap til klærne.","玻璃杯放在橱柜里。 / 我们需要一个更大的衣柜放衣服。","2","A1","true","true","词典核验：词头/词性/核心义项","Bokmålsordboka","https://ordbokene.no/bm/skap","2026-09-24","","true","词头与列出词形匹配","课程候选等级；尚未逐词人工确认","例句/译文尚未人工逐词审校"
"A1","skjørt","名词","家中物品与房间","NTNU LearnNoW; NorweigenLearn 当前词库","裙子；半身裙","et skjørt · skjørtet · skjørt / skjørter · skjørtene / skjørtet, skjørt, skjørtene","Hun har på seg et svart skjørt. / Skjørtene henger i skapet.","她穿着一条黑色裙子。 / 那些裙子挂在衣柜里。","2","A1","true","true","词典核验：词头/词性/核心义项","Bokmålsordboka","https://ordbokene.no/bm/skjørt","2026-09-24","","true","词头与列出词形匹配","课程候选等级；尚未逐词人工确认","例句/译文尚未人工逐词审校"
"A1","sko","名词","起床与出门","NTNU LearnNoW; NorweigenLearn 当前词库","鞋；一只鞋","en sko · skoen · sko · skoene / skoen, sko, skoene","Hvor er skoene mine? / Han har kjøpt nye sko.","我的鞋在哪里？ / 他买了新鞋。","2","A1","true","true","词典核验：词头/词性/核心义项","Bokmålsordboka","https://ordbokene.no/bm/sko","2026-09-24","","true","词头与列出词形匹配","课程候选等级；尚未逐词人工确认","例句/译文尚未人工逐词审校"
"A1","skole","名词","学校与学习 / 学习与工作","NTNU LearnNoW; NorweigenLearn 当前词库","学校；上学/学校教育（依搭配）","en skole · skolen · skoler · skolene / skolen, skoler, skolene","Barna går på skole i nærheten av huset. / Skolen begynner klokka åtte.","孩子们在房子附近的学校上学。 / 学校八点开始上课。","2","A1","true","true","词典核验：词头/词性/核心义项","Bokmålsordboka","https://ordbokene.no/bm/skole","2026-09-24","","true","词头与列出词形匹配","课程候选等级；尚未逐词人工确认","例句/译文尚未人工逐词审校"
"A1","skrivebord","名词","家中物品与房间","NTNU LearnNoW; NorweigenLearn 当前词库","书桌；写字台；办公桌","et skrivebord · skrivebordet · skrivebord · skrivebordene / skrivebordet, skrivebord, skrivebordene","Leksene ligger på skrivebordet. / Jeg kjøpte et nytt skrivebord til hjemmekontoret.","作业放在书桌上。 / 我给家庭办公室买了一张新书桌。","2","A1","true","true","词典核验：词头/词性/核心义项","Bokmålsordboka","https://ordbokene.no/bm/skrivebord","2026-09-24","","true","词头与列出词形匹配","课程候选等级；尚未逐词人工确认","例句/译文尚未人工逐词审校"
"A1","skulle","动词","交流与语言 / 待归类 / 未来计划与目标","NTNU LearnNoW; NorweigenLearn 当前词库","将要；应该；过去曾打算/需要（依语境）","skal, skulle, har skullet / skulle · skal · skulle · skullet","Jeg skal besøke søsteren min i morgen. / Hun sa at hun skulle ringe.","我明天要去看望妹妹。 / 她说她会打电话。","2","A1","true","true","词典核验：词头/词性/核心义项","Bokmålsordboka","https://ordbokene.no/bm/skulle","2026-09-24","2026-09-24","true","词头与列出词形匹配","课程候选等级；尚未逐词人工确认","例句/译文已人工审校"
"A1","smile","动词","家人和关系","NTNU LearnNoW; NorweigenLearn 当前词库","微笑；面带笑容","smile · smiler · smilte · smilt / smiler, smilte, har smilt","Hun smiler til naboen. / Han smilte da han så bildet.","她对邻居微笑。 / 他看到照片时笑了。","2","A1","true","true","词典核验：词头/词性/核心义项","Bokmålsordboka","https://ordbokene.no/bm/smile","2026-09-24","","true","词头与列出词形匹配","课程候选等级；尚未逐词人工确认","例句/译文尚未人工逐词审校"
"A1","sminke","名词","身体与健康","NTNU LearnNoW; NorweigenLearn 当前词库","化妆品；妆容（名词义）","ei sminke · sminka · sminker · sminkene / sminken, sminker, sminkene","Hun bruker lite sminke til hverdags. / Skuespilleren tok av seg sminken etter forestillingen.","她平时很少化妆 / 用化妆品。 / 演出结束后，演员卸了妆。","2","A1","true","true","词典核验：词头/词性/核心义项","Bokmålsordboka","https://ordbokene.no/bm/sminke","2026-09-24","","true","词头与列出词形匹配","课程候选等级；尚未逐词人工确认","例句/译文尚未人工逐词审校"
"A1","snart","副词","时间与日程","NTNU LearnNoW; NorweigenLearn 当前词库","很快；不久；马上","snart / snart, snare","Bussen kommer snart. / Jeg er snart ferdig med leksene.","公交车很快就到。 / 我很快就做完作业了。","2","A1","true","true","词典核验：词头/词性/核心义项","Bokmålsordboka","https://ordbokene.no/bm/snart","2026-09-24","","true","词头与列出词形匹配","课程候选等级；尚未逐词人工确认","例句/译文尚未人工逐词审校"
"A1","sofa","名词","家中物品与房间","NTNU LearnNoW; NorweigenLearn 当前词库","沙发","en sofa · sofaen · sofaer · sofaene / sofaen, sofaer, sofaene","Katten sover på sofaen. / Vi kjøpte en ny sofa til stua.","猫在沙发上睡觉。 / 我们给客厅买了一张新沙发。","2","A1","true","true","词典核验：词头/词性/核心义项","Bokmålsordboka","https://ordbokene.no/bm/sofa","2026-09-24","","true","词头与列出词形匹配","课程候选等级；尚未逐词人工确认","例句/译文尚未人工逐词审校"
"A1","soverom","名词","家中物品与房间","NTNU LearnNoW; NorweigenLearn 当前词库","卧室；睡觉的房间","et soverom · soverommet · soverom · soverommene / soveromet, soverom, soverommene","Barna har hvert sitt soverom. / Det står en seng på soverommet.","孩子们各自有自己的卧室。 / 卧室里有一张床。","2","A1","true","true","词典核验：词头/词性/核心义项","Bokmålsordboka","https://ordbokene.no/bm/soverom","2026-09-24","","true","词头与列出词形匹配","课程候选等级；尚未逐词人工确认","例句/译文尚未人工逐词审校"
"A1","speil","名词","家中物品与房间","NTNU LearnNoW; NorweigenLearn 当前词库","镜子","et speil · speilet · speil · speilene / speilet, speil, speilene","Hun ser seg i speilet før hun går. / Vi henger et speil i gangen.","她出门前照了照镜子。 / 我们在走廊里挂了一面镜子。","2","A1","true","true","词典核验：词头/词性/核心义项","Bokmålsordboka","https://ordbokene.no/bm/speil","2026-09-24","","true","词头与列出词形匹配","课程候选等级；尚未逐词人工确认","例句/译文尚未人工逐词审校"
"A1","spise","动词","饮食与购物 / 食物与购物 / 未来计划与目标","NTNU LearnNoW; NorweigenLearn 当前词库","吃；用餐","spise · spiser · spiste · spist / spiser, spiste, har spist","Vi spiser middag klokka fem. / Han spiste opp all maten.","我们五点吃晚饭。 / 他把所有食物都吃完了。","2","A1","true","true","词典核验：词头/词性/核心义项","Bokmålsordboka","https://ordbokene.no/bm/spise","2026-09-24","","true","词头与列出词形匹配","课程候选等级；尚未逐词人工确认","例句/译文尚未人工逐词审校"
"A1","spisebord","名词","厨房与用餐","NTNU LearnNoW; NorweigenLearn 当前词库","餐桌；饭桌","et spisebord · spisebordet · spisebord · spisebordene / spisebordet, spisebord, spisebordene","Vi dekker spisebordet før middagen. / Hele familien sitter rundt spisebordet.","晚饭前我们摆好餐桌。 / 全家人围坐在餐桌旁。","2","A1","true","true","词典核验：词头/词性/核心义项","Bokmålsordboka","https://ordbokene.no/bm/spisebord","2026-09-24","","true","词头与列出词形匹配","课程候选等级；尚未逐词人工确认","例句/译文尚未人工逐词审校"
"A1","spørre","动词","交流与语言 / 家庭与人物","NTNU LearnNoW; NorweigenLearn 当前词库","问；询问","spør, spurte, har spurt / spørre · spør · spurte · spurt","Jeg vil spørre læreren om leksene. / Hun spurte etter veien til stasjonen.","我想问老师作业的事。 / 她打听去车站的路。","2","A1","true","true","词典核验：词头/词性/核心义项","Bokmålsordboka","https://ordbokene.no/bm/sp%C3%B8rre","2026-09-24","","true","词头与列出词形匹配","课程候选等级；尚未逐词人工确认","例句/译文尚未人工逐词审校"
"A1","stol","名词","家中物品与房间 / 家与房间","NTNU LearnNoW; NorweigenLearn 当前词库","椅子；座椅","en stol · stolen · stoler · stolene / stolen, stoler, stolene","Det står en stol ved bordet. / Stolene er nye.","桌子旁边有一把椅子。 / 这些椅子是新的。","2","A1","true","true","词典核验：词头/词性/核心义项","Bokmålsordboka","https://ordbokene.no/bm/stol","2026-09-24","","true","词头与列出词形匹配","课程候选等级；尚未逐词人工确认","例句/译文尚未人工逐词审校"
"A1","stoppe","动词","日常动作","NTNU LearnNoW; NorweigenLearn 当前词库","停下；停止；让……停下","stoppe · stopper · stoppet · stoppet / stopper, stoppet, har stoppet","Bussen stopper ved skolen. / Han stoppet bilen foran huset.","公交车在学校旁停靠。 / 他把车停在房子前面。","2","A1","true","true","词典核验：词头/词性/核心义项","Bokmålsordboka","https://ordbokene.no/bm/stoppe","2026-09-24","","true","词头与列出词形匹配","课程候选等级；尚未逐词人工确认","例句/译文尚未人工逐词审校"
"A1","stor","形容词","描述与感受","NTNU LearnNoW; NorweigenLearn 当前词库","大；大的","stor · stort · store · større · størst / største / stort, store","De bor i et stort hus. / Denne bilen er større enn den gamle.","他们住在一栋大房子里。 / 这辆车比那辆旧车大。","2","A1","true","true","词典核验：词头/词性/核心义项","Bokmålsordboka","https://ordbokene.no/bm/stor","2026-09-24","","true","词头与列出词形匹配","课程候选等级；尚未逐词人工确认","例句/译文尚未人工逐词审校"
"A1","stue","名词","家中物品与房间","NTNU LearnNoW; NorweigenLearn 当前词库","客厅；起居室","ei stue · stua · stuer · stuene / stua, stuer, stuene","Vi sitter i stua og ser på TV. / Leiligheten har ei lys stue.","我们坐在客厅里看电视。 / 这套公寓有一个明亮的客厅。","2","A1","true","true","词典核验：词头/词性/核心义项","Bokmålsordboka","https://ordbokene.no/bm/stue","2026-09-24","","true","词头与列出词形匹配","课程候选等级；尚未逐词人工确认","例句/译文尚未人工逐词审校"
"A1","synge","动词","日常动作","NTNU LearnNoW; NorweigenLearn 当前词库","唱；唱歌","synge · synger · sang · sunget / synger, sang, har sunget","Barna synger en sang i barnehagen. / Vi sang sammen på festen.","孩子们在幼儿园唱一首歌。 / 我们在聚会上一起唱歌。","2","A1","true","true","词典核验：词头/词性/核心义项","Bokmålsordboka","https://ordbokene.no/bm/synge","2026-09-24","","true","词头与列出词形匹配","课程候选等级；尚未逐词人工确认","例句/译文尚未人工逐词审校"
"A1","telefon","名词","起床与出门","NTNU LearnNoW; NorweigenLearn 当前词库","电话；手机","en telefon · telefonen · telefoner · telefonene / telefonen, telefoner, telefonene","Telefonen min ligger på kjøkkenet. / Jeg ringer deg senere.","我的手机在厨房。 / 我晚些时候给你打电话。","2","A1","true","true","词典核验：词头/词性/核心义项","Bokmålsordboka","https://ordbokene.no/bm/telefon","2026-09-24","","true","词头与列出词形匹配","课程候选等级；尚未逐词人工确认","例句/译文尚未人工逐词审校"
"A1","tenke","动词","描述与感受 / 待归类 / 未来计划与目标","NTNU LearnNoW; NorweigenLearn 当前词库","想；思考；打算；认为（依结构）","tenke · tenker · tenkte · tenkt / tenker, tenkte, har tenkt","Jeg tenker på familien min. / Hun tenkte at bussen kom klokka åtte.","我在想我的家人。 / 她以为公交车八点到。","2","A1","true","true","词典核验：词头/词性/核心义项","Bokmålsordboka","https://ordbokene.no/bm/tenke","2026-09-24","","true","词头与列出词形匹配","课程候选等级；尚未逐词人工确认","例句/译文尚未人工逐词审校"
"A1","tirsdag","名词","星期与安排","NTNU LearnNoW; NorweigenLearn 当前词库","星期二；一个星期二","en tirsdag · tirsdagen · tirsdager · tirsdagene / tirsdagen, tirsdager, tirsdagene","Vi har norskkurs på tirsdag. / Hun trener på tirsdager.","我们星期二有挪威语课。 / 她每周二锻炼。","2","A1","true","true","词典核验：词头/词性/核心义项","Bokmålsordboka","https://ordbokene.no/bm/tirsdag","2026-09-24","","true","词头与列出词形匹配","课程候选等级；尚未逐词人工确认","例句/译文尚未人工逐词审校"
"A1","trapp","名词","家中物品与房间","NTNU LearnNoW; NorweigenLearn 当前词库","楼梯；一段楼梯；台阶","ei trapp · trappa · trapper · trappene / trappa, trapper, trappene","Han går opp trappa til andre etasje. / Barna sitter i trappa.","他走楼梯上到二楼。 / 孩子们坐在楼梯上。","2","A1","true","true","词典核验：词头/词性/核心义项","Bokmålsordboka","https://ordbokene.no/bm/trapp","2026-09-24","","true","词头与列出词形匹配","课程候选等级；尚未逐词人工确认","例句/译文尚未人工逐词审校"
"A1","undertøy","名词","家中物品与房间","NTNU LearnNoW; NorweigenLearn 当前词库","内衣；贴身衣物（通常作集合/不可数用法）","undertøy · undertøyet / undertøyet, undertøy, undertøyene","Jeg pakker undertøy til helgeturen. / Undertøyet ligger i den øverste skuffen.","我在为周末旅行收拾内衣。 / 内衣放在最上面的抽屉里。","2","A1","true","true","词典核验：词头/词性/核心义项","Bokmålsordboka","https://ordbokene.no/bm/undert%C3%B8y","2026-09-24","","true","词头与列出词形匹配","课程候选等级；尚未逐词人工确认","例句/译文尚未人工逐词审校"
"A1","ut","副词","位置与指示","NTNU LearnNoW; NorweigenLearn 当前词库","出去；向外；外面（方向）","ut","Barna går ut for å leke. / Kan du ta søpla ut?","孩子们出去玩。 / 你能把垃圾拿出去吗？","2","A1","true","true","词典核验：词头/词性/核心义项","Bokmålsordboka","https://ordbokene.no/bm/ut","2026-09-24","","true","词头与列出词形匹配","课程候选等级；尚未逐词人工确认","例句/译文尚未人工逐词审校"
"A1","utenfor","介词","位置与指示","NTNU LearnNoW; NorweigenLearn 当前词库","在……外面；在……之外","utenfor","Det står en sykkel utenfor døra. / Vi venter utenfor legekontoret.","门外有一辆自行车。 / 我们在医生诊所外面等。","2","A1","true","true","词典核验：词头/词性/核心义项","Bokmålsordboka","https://ordbokene.no/bm/utenfor","2026-09-24","","true","词头与列出词形匹配","课程候选等级；尚未逐词人工确认","例句/译文尚未人工逐词审校"
"A1","våken","形容词","描述与感受","NTNU LearnNoW; NorweigenLearn 当前词库","醒着的；清醒的；警觉的","våken · våkent · våkne / våkent, våkne","Babyen er våken nå. / Barna var våkne hele natta.","宝宝现在醒着。 / 孩子们整晚都醒着。","2","A1","true","true","词典核验：词头/词性/核心义项","Bokmålsordboka","https://ordbokene.no/bm/v%C3%A5ken","2026-09-24","","true","词头与列出词形匹配","课程候选等级；尚未逐词人工确认","例句/译文尚未人工逐词审校"
"A1","våkne","动词","日常动作","NTNU LearnNoW; NorweigenLearn 当前词库","醒来；醒过来（主语自己醒）","våkne · våkner · våknet · våknet / våkner, våknet, har våknet","Jeg våkner vanligvis klokka seks. / Hun våknet av telefonen.","我通常六点醒。 / 她被电话声吵醒了。","2","A1","true","true","词典核验：词头/词性/核心义项","Bokmålsordboka","https://ordbokene.no/bm/v%C3%A5kne","2026-09-24","","true","词头与列出词形匹配","课程候选等级；尚未逐词人工确认","例句/译文尚未人工逐词审校"
"A1","vaske","动词","日常家务 / 家与房间","NTNU LearnNoW; NorweigenLearn 当前词库","洗；清洗；打扫","vaske · vasker · vasket · vasket / vasker, vasket, har vasket","Jeg vasker hendene før maten. / Vi vasket kjøkkenet i går.","吃饭前我洗手。 / 我们昨天打扫了厨房。","2","A1","true","true","词典核验：词头/词性/核心义项","Bokmålsordboka","https://ordbokene.no/bm/vaske","2026-09-24","","true","词头与列出词形匹配","课程候选等级；尚未逐词人工确认","例句/译文尚未人工逐词审校"
"A1","vaskemaskin","名词","日常家务","NTNU LearnNoW; NorweigenLearn 当前词库","洗衣机","en vaskemaskin · vaskemaskinen · vaskemaskiner · vaskemaskinene / vaskemaskinen, vaskemaskiner, vaskemaskinene","Jeg setter på vaskemaskinen før jeg legger meg. / Vaskemaskinen står på badet.","我睡觉前启动洗衣机。 / 洗衣机放在浴室里。","2","A1","true","true","词典核验：词头/词性/核心义项","Bokmålsordboka","https://ordbokene.no/bm/vaskemaskin","2026-09-24","","true","词头与列出词形匹配","课程候选等级；尚未逐词人工确认","例句/译文尚未人工逐词审校"
"A1","ved","介词","位置与指示","NTNU LearnNoW; NorweigenLearn 当前词库","在……旁边；靠近；在……处；通过/借助（依搭配）","ved","Vi møtes ved inngangen. / Hun lærte norsk ved hjelp av en app.","我们在入口处碰面。 / 她借助一个应用学习挪威语。","2","A1","true","true","词典核验：词头/词性/核心义项","Bokmålsordboka","https://ordbokene.no/bm/ved","2026-09-24","","true","词头与列出词形匹配","课程候选等级；尚未逐词人工确认","例句/译文尚未人工逐词审校"
"A1","vegg","名词","家中物品与房间","NTNU LearnNoW; NorweigenLearn 当前词库","墙；墙壁","en vegg · veggen · vegger · veggene / veggen, vegger, veggene","Bildet henger på veggen. / Vi maler veggene hvite.","画挂在墙上。 / 我们把墙刷成白色。","2","A1","true","true","词典核验：词头/词性/核心义项","Bokmålsordboka","https://ordbokene.no/bm/vegg","2026-09-24","","true","词头与列出词形匹配","课程候选等级；尚未逐词人工确认","例句/译文尚未人工逐词审校"
"A1","venn","名词","家人和关系 / 家庭与人物","NTNU LearnNoW; NorweigenLearn 当前词库","朋友（阳性形式；泛指朋友）","en venn · vennen · venner · vennene / vennen, venner, vennene","Hun er en god venn av meg. / Vi møtte vennene våre på kafé.","她是我的一位好朋友。 / 我们在咖啡馆见到了朋友们。","2","A1","true","true","词典核验：词头/词性/核心义项","Bokmålsordboka","https://ordbokene.no/bm/venn","2026-09-24","","true","词头与列出词形匹配","课程候选等级；尚未逐词人工确认","例句/译文尚未人工逐词审校"
"A1","ville","动词","交流与语言 / 待归类 / 未来计划与目标","NTNU LearnNoW; NorweigenLearn 当前词库","想要；愿意；将会/会（依语境）","vil, ville, har villet / ville · vil · ville · villet","Jeg vil gjerne snakke bedre norsk. / Vi ville kjøpe bil, men ventet.","我很想把挪威语说得更好。 / 我们当时想买车，但后来等了等。","2","A1","true","true","词典核验：词头/词性/核心义项","Bokmålsordboka","https://ordbokene.no/bm/ville","2026-09-24","2026-09-24","true","词头与列出词形匹配","课程候选等级；尚未逐词人工确认","例句/译文已人工审校"
"A1","vindu","名词","家中物品与房间","NTNU LearnNoW; NorweigenLearn 当前词库","窗户","et vindu · vinduet · vinduer · vinduene / vinduet, vinduer, vinduene","Kan du åpne vinduet? / Leiligheten har store vinduer.","你能把窗户打开吗？ / 公寓有大窗户。","2","A1","true","true","词典核验：词头/词性/核心义项","Bokmålsordboka","https://ordbokene.no/bm/vindu","2026-09-24","","true","词头与列出词形匹配","课程候选等级；尚未逐词人工确认","例句/译文尚未人工逐词审校"
"A1","banan","名词","饮食与购物","NTNU LearnNoW; NTNU NoW1; NorweigenLearn 当前词库","香蕉","bananen, bananer, bananene / en banan · bananen · bananer · bananene","Jeg spiser en banan etter trening. / Bananene er modne nå.","我训练后吃一根香蕉。 / 香蕉现在熟了。","2","A1","true","true","词典核验：词头/词性/核心义项","Bokmålsordboka","https://ordbokene.no/bm/banan","2026-09-24","","true","词头与列出词形匹配","课程候选等级；尚未逐词人工确认","例句/译文尚未人工逐词审校"
"A1","barn","名词","家人和关系 / 家庭与人物","NTNU LearnNoW; NTNU NoW1; NorweigenLearn 当前词库","孩子；儿童；儿女","barnet, barn, barna / et barn · barnet · barn · barna","De har to barn. / Barna leker ute.","他们有两个孩子。 / 孩子们在外面玩。","2","A1","true","true","词典核验：词头/词性/核心义项","Bokmålsordboka","https://ordbokene.no/bm/barn","2026-09-24","","true","词头与列出词形匹配","课程候选等级；尚未逐词人工确认","例句/译文尚未人工逐词审校"
"A1","begynne","动词","日常动作 / 时间与日常","NTNU LearnNoW; NTNU NoW1; NorweigenLearn 当前词库","开始；着手","begynne · begynner · begynte · begynt / begynner, begynte, har begynt","Kurset begynner klokka ni. / Hun begynte å lære norsk i fjor.","课程九点开始。 / 她去年开始学挪威语。","2","A1","true","true","词典核验：词头/词性/核心义项","Bokmålsordboka","https://ordbokene.no/bm/begynne","2026-09-24","","true","词头与列出词形匹配","课程候选等级；尚未逐词人工确认","例句/译文尚未人工逐词审校"
"A1","bestemme","动词","日常动作","NTNU LearnNoW; NTNU NoW1; NorweigenLearn 当前词库","决定；确定；规定","bestemme · bestemmer · bestemte · bestemt / bestemmer, bestemte, har bestemt","Vi bestemmer oss for å ta toget. / Hun bestemte datoen for møtet.","我们决定坐火车。 / 她确定了会议日期。","2","A1","true","true","词典核验：词头/词性/核心义项","Bokmålsordboka","https://ordbokene.no/bm/bestemme","2026-09-24","","true","词头与列出词形匹配","课程候选等级；尚未逐词人工确认","例句/译文尚未人工逐词审校"
"A1","bok","名词","阅读与语言 / 学习与工作","NTNU LearnNoW; NTNU NoW1; NorweigenLearn 当前词库","书；书籍","boka, bøker, bøkene / ei bok · boka · bøker · bøkene","Jeg leser ei bok på norsk hver kveld. / Bøkene ligger på bordet.","我每天晚上读一本挪威语书。 / 那些书放在桌子上。","2","A1","true","true","词典核验：词头/词性/核心义项","Bokmålsordboka","https://ordbokene.no/bm/bok","2026-09-24","","true","词头与列出词形匹配","课程候选等级；尚未逐词人工确认","例句/译文尚未人工逐词审校"
"A1","butikk","名词","饮食与购物 / 食物与购物","NTNU LearnNoW; NTNU NoW1; NorweigenLearn 当前词库","商店；店铺","butikken, butikker, butikkene / en butikk · butikken · butikker · butikkene","Jeg går på butikken etter jobb. / Butikken stenger klokka åtte.","我下班后去商店。 / 商店八点关门。","2","A1","true","true","词典核验：词头/词性/核心义项","Bokmålsordboka","https://ordbokene.no/bm/butikk","2026-09-24","","true","词头与列出词形匹配","课程候选等级；尚未逐词人工确认","例句/译文尚未人工逐词审校"
"A1","dusje","动词","日常动作","NTNU LearnNoW; NTNU NoW1; NorweigenLearn 当前词库","淋浴；洗淋浴；给……冲澡","dusje · dusjer · dusjet · dusjet / dusjer, dusjet, har dusjet","Jeg dusjer etter trening. / Barna dusjet før de la seg.","我训练后洗澡。 / 孩子们睡前洗了澡。","2","A1","true","true","词典核验：词头/词性/核心义项","Bokmålsordboka","https://ordbokene.no/bm/dusje","2026-09-24","","true","词头与列出词形匹配","课程候选等级；尚未逐词人工确认","例句/译文尚未人工逐词审校"
"A1","eple","名词","食物与购物","NTNU LearnNoW; NTNU NoW1; NorweigenLearn 当前词库","苹果","eplet, epler, eplene / et eple · eplet · epler · eplene","Barnet spiser et eple. / Eplene ligger i kjøleskapet.","孩子在吃一个苹果。 / 苹果在冰箱里。","2","A1","true","true","词典核验：词头/词性/核心义项","Bokmålsordboka","https://ordbokene.no/bm/eple","2026-09-24","","true","词头与列出词形匹配","课程候选等级；尚未逐词人工确认","例句/译文尚未人工逐词审校"
"A1","forelder","名词","家人和关系","NTNU LearnNoW; NTNU NoW1; NorweigenLearn 当前词库","父亲或母亲；家长","en forelder · forelderen · foreldre · foreldrene / forelderen, foreldre, foreldrene","En forelder må signere skjemaet. / Foreldrene mine bor i Norge.","一位家长必须在表格上签字。 / 我的父母住在挪威。","2","A1","true","true","词典核验：词头/词性/核心义项","Bokmålsordboka","https://ordbokene.no/bm/forelder","2026-09-24","","true","词头与列出词形匹配","课程候选等级；尚未逐词人工确认","例句/译文尚未人工逐词审校"
"A1","fortelle","动词","交流与语言 / 家庭与人物","NTNU LearnNoW; NTNU NoW1; NorweigenLearn 当前词库","讲述；告诉","fortelle · forteller · fortalte · fortalt / forteller, fortalte, har fortalt","Kan du fortelle meg hva som skjedde? / Bestefar fortalte en morsom historie.","你能告诉我发生了什么吗？ / 爷爷讲了一个有趣的故事。","2","A1","true","true","词典核验：词头/词性/核心义项","Bokmålsordboka","https://ordbokene.no/bm/fortelle","2026-09-24","","true","词头与列出词形匹配","课程候选等级；尚未逐词人工确认","例句/译文尚未人工逐词审校"
"A1","fotball","名词","描述与感受","NTNU LearnNoW; NTNU NoW1; NorweigenLearn 当前词库","足球；足球运动","en fotball · fotballen · fotballer · fotballene / fotballen, fotballer, fotballene","Sønnen min spiller fotball hver tirsdag. / Fotballen ligger i hagen.","我儿子每周二踢足球。 / 足球在花园里。","2","A1","true","true","词典核验：词头/词性/核心义项","Bokmålsordboka","https://ordbokene.no/bm/fotball","2026-09-24","","true","词头与列出词形匹配","课程候选等级；尚未逐词人工确认","例句/译文尚未人工逐词审校"
"A1","gave","名词","家人和关系","NTNU LearnNoW; NTNU NoW1; NorweigenLearn 当前词库","礼物；赠品（不是英语 gift 的“毒品”义）","en gave · gaven · gaver · gavene / gaven, gaver, gavene","Jeg kjøpte en gave til mamma. / Barna åpnet gavene etter middagen.","我给妈妈买了一份礼物。 / 孩子们晚饭后打开了礼物。","2","A1","true","true","词典核验：词头/词性/核心义项","Bokmålsordboka","https://ordbokene.no/bm/gave","2026-09-24","","true","词头与列出词形匹配","课程候选等级；尚未逐词人工确认","例句/译文尚未人工逐词审校"
"A1","genser","名词","家中物品与房间","NTNU LearnNoW; NTNU NoW1; NorweigenLearn 当前词库","毛衣；套头衫；针织衫","en genser · genseren · gensere · genserne / genseren, gensere, genserne","Ta på deg en varm genser, det er kaldt. / Genseren min er blå.","穿上一件暖和的毛衣，天气很冷。 / 我的毛衣是蓝色的。","2","A1","true","true","词典核验：词头/词性/核心义项","Bokmålsordboka","https://ordbokene.no/bm/genser","2026-09-24","","true","词头与列出词形匹配","课程候选等级；尚未逐词人工确认","例句/译文尚未人工逐词审校"
"A1","gi","动词","日常动作 / 待归类","NTNU LearnNoW; NTNU NoW1; NorweigenLearn 当前词库","给；递给；提供；造成（依语境）","gi · gir · ga · gitt / gir, ga, har gitt","Jeg gir naboen en nøkkel. / Hun ga meg beskjed i går.","我给邻居一把钥匙。 / 她昨天通知了我。","2","A1","true","true","词典核验：词头/词性/核心义项","Bokmålsordboka","https://ordbokene.no/bm/gi","2026-09-24","","true","词头与列出词形匹配","课程候选等级；尚未逐词人工确认","例句/译文尚未人工逐词审校"
"A1","handle","动词","食物与购物","NTNU LearnNoW; NTNU NoW1; NorweigenLearn 当前词库","购物；买东西；处理/经营（依语境）","handle · handler · handlet · handlet / handler, handlet, har handlet","Jeg handler mat på butikken etter jobb. / Vi handlet alt til festen i går.","我下班后去商店买食物。 / 我们昨天买齐了聚会需要的东西。","2","A1","true","true","词典核验：词头/词性/核心义项","Bokmålsordboka","https://ordbokene.no/bm/handle","2026-09-24","","true","词头与列出词形匹配","课程候选等级；尚未逐词人工确认","例句/译文尚未人工逐词审校"
"A1","invitere","动词","家人和关系","NTNU LearnNoW; NTNU NoW1; NorweigenLearn 当前词库","邀请；请……参加/到访","invitere · inviterer · inviterte · invitert / inviterer, inviterte, har invitert","Vi inviterer naboene til middag på lørdag. / Hun inviterte meg hjem på kaffe.","我们邀请邻居星期六来吃晚饭。 / 她邀请我去她家喝咖啡。","2","A1","true","true","词典核验：词头/词性/核心义项","Bokmålsordboka","https://ordbokene.no/bm/invitere","2026-09-24","","true","词头与列出词形匹配","课程候选等级；尚未逐词人工确认","例句/译文尚未人工逐词审校"
"A1","kake","名词","厨房与用餐","NTNU LearnNoW; NTNU NoW1; NorweigenLearn 当前词库","蛋糕；糕点；一块蛋糕（依语境）","ei kake · kaka · kaker · kakene / kaka, kaker, kakene","Jeg baker en kake til fødselsdagen. / Kaka står på bordet.","我为生日烤一个蛋糕。 / 蛋糕放在桌子上。","2","A1","true","true","词典核验：词头/词性/核心义项","Bokmålsordboka","https://ordbokene.no/bm/kake","2026-09-24","","true","词头与列出词形匹配","课程候选等级；尚未逐词人工确认","例句/译文尚未人工逐词审校"
"A1","kakestykke","名词","甜点与用餐","NTNU LearnNoW; NTNU NoW1; NorweigenLearn 当前词库","一块蛋糕；一份切下来的蛋糕","et kakestykke · kakestykket · kakestykker · kakestykkene / kakestykket, kakestykker, kakestykkene","Vil du ha et kakestykke til kaffen? / Kakestykkene står på kjøkkenbordet.","你想来一块蛋糕配咖啡吗？ / 那些蛋糕块放在厨房桌上。","2","A1","true","true","词典核验：词头/词性/核心义项","Bokmålsordboka","https://ordbokene.no/bm%2Cnn/kakestykke","2026-09-24","","true","词头与列出词形匹配","课程候选等级；尚未逐词人工确认","例句/译文尚未人工逐词审校"
"A1","kasse","名词","食物与购物","NTNU LearnNoW; NTNU NoW1; NorweigenLearn 当前词库","箱子；收银台/收银处；一箱（依语境）","ei kasse · kassa · kasser · kassene / kassa, kasser, kassene","Jeg betaler i kassa. / Eplene ligger i ei kasse.","我在收银台付款。 / 苹果装在一个箱子里。","2","A1","true","true","词典核验：词头/词性/核心义项","Bokmålsordboka","https://ordbokene.no/bm/kasse","2026-09-24","","true","词头与列出词形匹配","课程候选等级；尚未逐词人工确认","例句/译文尚未人工逐词审校"
"A1","klasse","名词","工作与学习","NTNU LearnNoW; NTNU NoW1; NorweigenLearn 当前词库","班级；年级；课堂；类别（依语境）","en klasse · klassen · klasser · klassene / klassen, klasser, klassene","Datteren min går i tredje klasse. / Hele klassen skal på tur.","我女儿读三年级。 / 全班要一起去郊游。","2","A1","true","true","词典核验：词头/词性/核心义项","Bokmålsordboka","https://ordbokene.no/bm/klasse","2026-09-24","","true","词头与列出词形匹配","课程候选等级；尚未逐词人工确认","例句/译文尚未人工逐词审校"
"A1","klem","名词","家人和关系","NTNU LearnNoW; NTNU NoW1; NorweigenLearn 当前词库","拥抱；搂抱（友好或亲昵的拥抱）","en klem · klemmen · klemmer · klemmene / klemmen, klemmer, klemmene","Bestemor gir barnebarnet en klem. / Hun fikk en varm klem av venninnen.","奶奶拥抱了孙子 / 孙女。 / 她得到了女友一个温暖的拥抱。","2","A1","true","true","词典核验：词头/词性/核心义项","Bokmålsordboka","https://ordbokene.no/bm/klem","2026-09-24","","true","词头与列出词形匹配","课程候选等级；尚未逐词人工确认","例句/译文尚未人工逐词审校"
"A1","klesbutikk","名词","食物与购物","NTNU LearnNoW; NTNU NoW1; NorweigenLearn 当前词库","服装店；卖衣服的商店","en klesbutikk · klesbutikken · klesbutikker · klesbutikkene / klesbutikken, klesbutikker, klesbutikkene","Jeg fant en varm jakke i klesbutikken. / Det ligger flere klesbutikker i sentrum.","我在服装店找到一件暖和的外套。 / 市中心有好几家服装店。","2","A1","true","true","词典核验：词头/词性/核心义项","Bokmålsordboka","https://ordbokene.no/bm/klesbutikk","2026-09-24","","true","词头与列出词形匹配","课程候选等级；尚未逐词人工确认","例句/译文尚未人工逐词审校"
"A1","kontor","名词","工作与学习","NTNU LearnNoW; NTNU NoW1; NorweigenLearn 当前词库","办公室；办公处；办事处","et kontor · kontoret · kontorer · kontorene / kontoret, kontorer, kontorene","Lederen sitter på kontoret sitt. / Kommunen har et kontor i sentrum.","经理在自己的办公室里。 / 市政府在市中心有一个办事处。","2","A1","true","true","词典核验：词头/词性/核心义项","Bokmålsordboka","https://ordbokene.no/bm/kontor","2026-09-24","","true","词头与列出词形匹配","课程候选等级；尚未逐词人工确认","例句/译文尚未人工逐词审校"
"A1","allerede","副词","习惯与频率","NTNU LearnNoW; NorweigenLearn 当前词库","已经；早已","allerede","Jeg har allerede spist frokost. / Er klokka allerede åtte?","我已经吃过早饭了。 / 已经八点了吗？","2","A1","true","true","词典核验：词头/词性/核心义项","Bokmålsordboka","https://ordbokene.no/bm/allerede","2026-09-24","","true","词头与列出词形匹配","课程候选等级；尚未逐词人工确认","例句/译文尚未人工逐词审校"
"A1","åpne","动词","日常动作","NTNU LearnNoW; NorweigenLearn 当前词库","打开；开门；开办/营业","åpne · åpner · åpnet · åpnet / åpner, åpnet, har åpnet","Kan du åpne vinduet litt? / Butikken åpner klokka ni på lørdag.","你能把窗户打开一点吗？ / 商店星期六九点开门营业。","2","A1","true","true","词典核验：词头/词性/核心义项","Bokmålsordboka","https://ordbokene.no/bm/%C3%A5pne","2026-09-24","","true","词头与列出词形匹配","课程候选等级；尚未逐词人工确认","例句/译文尚未人工逐词审校"
"A1","august","名词","星期与安排","NTNU LearnNoW; NorweigenLearn 当前词库","八月","august","Skolen begynner igjen i august. / Vi skal reise til Bergen i august.","学校八月份重新开学。 / 我们八月份要去卑尔根。","2","A1","true","true","词典核验：词头/词性/核心义项","Bokmålsordboka","https://ordbokene.no/bm/august","2026-09-24","","true","词头与列出词形匹配","课程候选等级；尚未逐词人工确认","例句/译文尚未人工逐词审校"
"A1","bagett","名词","厨房与用餐","NTNU NoW1; NorweigenLearn 当前词库","法棍；长形法式面包","en bagett · bagetten · bagetter · bagettene","Jeg kjøper en bagett til lunsj. / Bagettene ligger ved siden av brødet.","我买一条法棍当午餐。 / 法棍放在面包旁边。","2","A1","true","true","词典核验：词头/词性/核心义项","Bokmålsordboka","https://ordbokene.no/bm/bagett","2026-09-24","","true","词头与列出词形匹配","课程候选等级；尚未逐词人工确认","例句/译文尚未人工逐词审校"
"A1","bakeri","名词","食物与购物","NTNU NoW1; NorweigenLearn 当前词库","面包店；烘焙坊","et bakeri · bakeriet · bakerier · bakeriene","Vi kjøper rundstykker på bakeriet. / Det åpner et nytt bakeri i gata.","我们在面包店买小圆面包。 / 街上要开一家新面包店。","2","A1","true","true","词典核验：词头/词性/核心义项","Bokmålsordboka","https://ordbokene.no/bm/bakeri","2026-09-24","","true","词头与列出词形匹配","课程候选等级；尚未逐词人工确认","例句/译文尚未人工逐词审校"
"A1","banke","动词","住房与居住","NTNU NoW1; NorweigenLearn 当前词库","敲；叩；敲打","banke · banker · banket · banket","Det banker på døra. / Hun banket forsiktig på vinduet.","有人在敲门。 / 她轻轻敲了敲窗户。","2","A1","true","true","词典核验：词头/词性/核心义项","Bokmålsordboka","https://ordbokene.no/bm/banke","2026-09-24","","true","词头与列出词形匹配","课程候选等级；尚未逐词人工确认","例句/译文尚未人工逐词审校"
"A1","bekreftelse","名词","个人信息","NTNU NoW1; NorweigenLearn 当前词库","确认；确认信息；确认函/凭证","en bekreftelse · bekreftelsen · bekreftelser · bekreftelsene","Jeg fikk en bekreftelse på e-post. / Ta med bekreftelsen til timen.","我通过电子邮件收到了一份确认通知。 / 去预约时把确认凭证带上。","2","A1","true","true","词典核验：词头/词性/核心义项","Bokmålsordboka","https://ordbokene.no/bm/bekreftelse","2026-09-24","","true","词头与列出词形匹配","课程候选等级；尚未逐词人工确认","例句/译文尚未人工逐词审校"
"A1","bokhandel","名词","工作与学习","NTNU NoW1; NorweigenLearn 当前词库","书店","en bokhandel · bokhandelen · bokhandler · bokhandlene","Jeg kjøper en norsk ordbok i bokhandelen. / Bokhandelen ligger ved siden av kafeen.","我在书店买一本挪威语词典。 / 书店在咖啡馆旁边。","2","A1","true","true","词典核验：词头/词性/核心义项","Bokmålsordboka","https://ordbokene.no/bm/bokhandel","2026-09-24","","true","词头与列出词形匹配","课程候选等级；尚未逐词人工确认","例句/译文尚未人工逐词审校"
"A1","bolle","名词","厨房与用餐","NTNU NoW1; NorweigenLearn 当前词库","小圆面包；甜面包；一碗（依语境）","ei bolle · bolla · boller · bollene","Jeg kjøper en kanelbolle til kaffen. / Hun spiser suppe fra ei bolle.","我买一个肉桂小圆面包配咖啡。 / 她用碗喝汤。","2","A1","true","true","词典核验：词头/词性/核心义项","Bokmålsordboka","https://ordbokene.no/bm/bolle","2026-09-24","","true","词头与列出词形匹配","课程候选等级；尚未逐词人工确认","例句/译文尚未人工逐词审校"
"A1","brev","名词","交流与语言","NTNU NoW1; NorweigenLearn 当前词库","信；信件；书面通知","et brev · brevet · brev · brevene","Jeg skriver et brev til bestemor. / Brevet kom i posten i går.","我给外婆写一封信。 / 这封信昨天邮寄到了。","2","A1","true","true","词典核验：词头/词性/核心义项","Bokmålsordboka","https://ordbokene.no/bm/brev","2026-09-24","","true","词头与列出词形匹配","课程候选等级；尚未逐词人工确认","例句/译文尚未人工逐词审校"
"A1","brødhylle","名词","食物与购物","NTNU NoW1; NorweigenLearn 当前词库","面包货架；放面包的架子","ei brødhylle · brødhylla · brødhyller · brødhyllene","Det står ferske rundstykker på brødhylla. / Jeg fant grovbrød på den nederste brødhylla.","面包架上放着新鲜的小圆面包。 / 我在最下面的面包架上找到了全麦面包。","2","A1","true","true","词典核验：词头/词性/核心义项","Bokmålsordboka (hylle; transparent compound)","https://ordbokene.no/nno/bm/24952","2026-09-24","","false","透明复合词词形匹配中心词","课程候选等级；尚未逐词人工确认","例句/译文尚未人工逐词审校"
"A1","da","副词","时间与句子连接","NTNU LearnNoW; NorweigenLearn 当前词库","那时；当时；那么；于是（依上下文）","da","Da bodde jeg i en liten leilighet. / Hvis du er ferdig, kan vi da gå.","那时我住在一间小公寓里。 / 如果你准备好了，那么我们就可以走了。","2","A1","true","true","词典核验：词头/词性/核心义项","Bokmålsordboka","https://ordbokene.no/bm/da","2026-09-24","","true","词头与列出词形匹配","课程候选等级；尚未逐词人工确认","例句/译文尚未人工逐词审校"
"A1","dyne","名词","家中物品与房间","NTNU NoW1; NorweigenLearn 当前词库","被子；羽绒被/棉被（盖在身上的被芯）","ei dyne · dyna · dyner · dynene","Jeg legger et rent dynetrekk på dyna. / Katten ligger under dyna.","我给被子套上干净的被套。 / 猫躺在被子下面。","2","A1","true","true","词典核验：词头/词性/核心义项","Bokmålsordboka","https://ordbokene.no/bm/dyne","2026-09-24","","true","词头与列出词形匹配","课程候选等级；尚未逐词人工确认","例句/译文尚未人工逐词审校"
"A1","fin","形容词","描述与感受","NTNU LearnNoW; NorweigenLearn 当前词库","漂亮的；好的；不错的；愉快的（依语境）","fin · fint · fine · finere · finest / fint, fine","Det er en fin dag i dag. / De har et fint hus nær sjøen.","今天天气真好。 / 他们在海边有一栋漂亮的房子。","2","A1","true","true","词典核验：词头/词性/核心义项","Bokmålsordboka","https://ordbokene.no/bm/fin","2026-09-24","","true","词头与列出词形匹配","课程候选等级；尚未逐词人工确认","例句/译文尚未人工逐词审校"
"A1","fødselsdag","名词","个人信息","NTNU LearnNoW; NorweigenLearn 当前词库","生日；出生纪念日","en fødselsdag · fødselsdagen · fødselsdager · fødselsdagene / fødselsdagen, fødselsdager, fødselsdagene","Datteren min har fødselsdag i mai. / Vi feiret fødselsdagen hennes hjemme.","我女儿五月过生日。 / 我们在家给她庆祝了生日。","2","A1","true","true","词典核验：词头/词性/核心义项","Bokmålsordboka","https://ordbokene.no/bm/fødselsdag","2026-09-24","","true","词头与列出词形匹配","课程候选等级；尚未逐词人工确认","例句/译文尚未人工逐词审校"
"A1","forklare","动词","工作与学习","NTNU LearnNoW; NorweigenLearn 当前词库","解释；说明；讲解","forklare · forklarer · forklarte · forklart / forklarer, forklarte, har forklart","Læreren forklarer grammatikken på en enkel måte. / Kan du forklare meg hvordan appen virker?","老师用简单的方式讲解语法。 / 你能给我解释一下这个应用怎么用吗？","2","A1","true","true","词典核验：词头/词性/核心义项","Bokmålsordboka","https://ordbokene.no/bm/forklare","2026-09-24","","true","词头与列出词形匹配","课程候选等级；尚未逐词人工确认","例句/译文尚未人工逐词审校"
"A1","først","副词","时间与日程","NTNU LearnNoW; NorweigenLearn 当前词库","首先；最先；才（表示先后）","først","Først spiser vi, så går vi. / Hun kom først til møtet.","我们先吃饭，然后再走。 / 她最先到了会议。","2","A1","true","true","词典核验：词头/词性/核心义项","Bokmålsordboka","https://ordbokene.no/bm/først","2026-09-24","","true","词头与列出词形匹配","课程候选等级；尚未逐词人工确认","例句/译文尚未人工逐词审校"
"A1","fotoautomat","名词","证件与服务","NTNU NoW1; NorweigenLearn 当前词库","自助照相亭；证件照自动拍摄机","en fotoautomat · fotoautomaten · fotoautomater · fotoautomatene","Jeg tok passfoto i en fotoautomat på stasjonen. / Fotoautomaten tar både kort og kontanter.","我在车站的自助照相亭拍了护照照片。 / 这台自助照相亭既收银行卡也收现金。","2","A1","true","true","词典核验：词头/词性/核心义项","Bokmålsordboka","https://ordbokene.no/bm/fotoautomat","2026-09-24","","false","透明复合词词形匹配中心词","课程候选等级；尚未逐词人工确认","例句/译文尚未人工逐词审校"
"A1","fram","副词","公共交通与方向","NTNU LearnNoW; NorweigenLearn 当前词库","向前；往前；进展","fram","Gå litt fram, så ser du skiltet. / Jeg finner fram billettene.","往前走一点，你就能看到标志。 / 我把车票找出来。","2","A1","true","true","词典核验：词头/词性/核心义项","Bokmålsordboka","https://ordbokene.no/bm/fram","2026-09-24","","true","词头与列出词形匹配","课程候选等级；尚未逐词人工确认","例句/译文尚未人工逐词审校"
"A1","frimerke","名词","交流与语言","NTNU NoW1; NorweigenLearn 当前词库","邮票","et frimerke · frimerket · frimerker · frimerkene","Jeg setter et frimerke på konvolutten. / Frimerkene er til julekortene.","我在信封上贴一张邮票。 / 这些邮票是给圣诞贺卡用的。","2","A1","true","true","词典核验：词头/词性/核心义项","Bokmålsordboka","https://ordbokene.no/bm/frimerke","2026-09-24","","true","词头与列出词形匹配","课程候选等级；尚未逐词人工确认","例句/译文尚未人工逐词审校"
"A1","fruktdisk","名词","水果与购物","NTNU NoW1; NorweigenLearn 当前词库","水果柜台；水果展示区","en fruktdisk · fruktdisken · fruktdisker · fruktdiskene","Eplene ligger i fruktdisken ved inngangen. / Butikken har en stor fruktdisk.","苹果放在入口旁的水果柜台。 / 这家商店有一个很大的水果柜台。","2","A1","true","true","词典核验：词头/词性/核心义项","Bokmålsordboka","https://ordbokene.no/bm/fruktdisk","2026-09-24","","false","透明复合词词形匹配中心词","课程候选等级；尚未逐词人工确认","例句/译文尚未人工逐词审校"
"A1","gebyr","名词","食物与购物","NTNU NoW1; NorweigenLearn 当前词库","手续费；服务费；费用","et gebyr · gebyret · gebyrer · gebyrene","Det koster et gebyr på femti kroner. / Banken tok et gebyr for overføringen.","这项服务收取五十克朗手续费。 / 银行为这笔转账收取了手续费。","2","A1","true","true","词典核验：词头/词性/核心义项","Bokmålsordboka","https://ordbokene.no/bm/gebyr","2026-09-24","","true","词头与列出词形匹配","课程候选等级；尚未逐词人工确认","例句/译文尚未人工逐词审校"
"A1","gjerne","副词","交流与语言","NTNU LearnNoW; NorweigenLearn 当前词库","乐意；愿意；很想；常常（依语境）","gjerne · heller · helst","Vil du ha kaffe? – Ja, gjerne. / Jeg vil gjerne lære mer norsk.","你想喝咖啡吗？——好啊，乐意。 / 我很想多学一些挪威语。","2","A1","true","true","词典核验：词头/词性/核心义项","Bokmålsordboka","https://ordbokene.no/bm/gjerne","2026-09-24","","true","词头与列出词形匹配","课程候选等级；尚未逐词人工确认","例句/译文尚未人工逐词审校"
"A1","gøy","形容词","描述与感受","NTNU LearnNoW; NorweigenLearn 当前词库","有趣的；好玩的；令人愉快的","gøy · gøye · gøyere · gøyest","Barna hadde det gøy i svømmehallen. / Det er gøy å lære nye ord.","孩子们在游泳馆玩得很开心。 / 学习新单词很有趣。","2","A1","true","true","词典核验：词头/词性/核心义项","Bokmålsordboka","https://ordbokene.no/bm/g%C3%B8y","2026-09-24","","true","词头与列出词形匹配","课程候选等级；尚未逐词人工确认","例句/译文尚未人工逐词审校"
"A1","halv","形容词","时间与日程","NTNU LearnNoW; NorweigenLearn 当前词库","半；一半的","halv · halvt · halve / halvt, halve","Bussen går om en halv time. / Møtet begynner klokka halv ni.","公交车半小时后发车。 / 会议八点半开始。","2","A1","true","true","词典核验：词头/词性/核心义项","Bokmålsordboka","https://ordbokene.no/bm/halv","2026-09-24","","true","词头与列出词形匹配","课程候选等级；尚未逐词人工确认","例句/译文尚未人工逐词审校"
"A1","handlekurv","名词","食物与购物","NTNU NoW1; NorweigenLearn 当前词库","购物篮；手提购物篮","en handlekurv · handlekurven · handlekurver · handlekurvene","Jeg legger brød og melk i handlekurven. / Butikken har små handlekurver ved inngangen.","我把面包和牛奶放进购物篮。 / 商店入口处有小购物篮。","2","A1","true","true","词典核验：词头/词性/核心义项","Bokmålsordboka","https://ordbokene.no/bm/handlekurv","2026-09-24","","true","词头与列出词形匹配","课程候选等级；尚未逐词人工确认","例句/译文尚未人工逐词审校"
"A1","handlevogn","名词","食物与购物","NTNU NoW1; NorweigenLearn 当前词库","购物车；超市推车","ei handlevogn · handlevogna · handlevogner · handlevognene","Vi tar en handlevogn fordi vi skal kjøpe mye. / Handlevogna står ved kassa.","我们拿一辆购物车，因为要买很多东西。 / 购物车停在收银台旁边。","2","A1","true","true","词典核验：词头/词性/核心义项","Bokmålsordboka","https://ordbokene.no/bm/handlevogn","2026-09-24","","true","词头与列出词形匹配","课程候选等级；尚未逐词人工确认","例句/译文尚未人工逐词审校"
"A1","helseforsikring","名词","健康与保险","NTNU NoW1; NorweigenLearn 当前词库","健康保险；医疗保险","ei helseforsikring · helseforsikringa · helseforsikringer · helseforsikringene","Arbeidsgiveren tilbyr privat helseforsikring. / Hun undersøker hva helseforsikringen dekker.","雇主提供私人医疗保险。 / 她在查询医疗保险的保障范围。","2","A1","true","true","词典核验：词头/词性/核心义项","Bokmålsordboka","https://ordbokene.no/bm/helseforsikring","2026-09-24","","false","透明复合词词形匹配中心词","课程候选等级；尚未逐词人工确认","例句/译文尚未人工逐词审校"
"A1","hos","介词","交流与语言","NTNU LearnNoW; NorweigenLearn 当前词库","在……那里；到……那里；在某人/专业人士处","hos","Vi spiser middag hos foreldrene mine. / Jeg har time hos tannlegen klokka to.","我们在我父母家吃晚饭。 / 我两点有牙医预约。","2","A1","true","true","词典核验：词头/词性/核心义项","Bokmålsordboka","https://ordbokene.no/bm/hos","2026-09-24","","true","词头与列出词形匹配","课程候选等级；尚未逐词人工确认","例句/译文尚未人工逐词审校"
"A1","høyre","形容词","方向与位置","NTNU LearnNoW; NorweigenLearn 当前词库","右边的；右侧的（通常修饰身体部位或位置）","høyre","Hun skriver med høyre hånd. / Apoteket ligger på høyre side av gata.","她用右手写字。 / 药房在街道右侧。","2","A1","true","true","词典核验：词头/词性/核心义项","Bokmålsordboka","https://ordbokene.no/nob/bm/høyre","2026-09-24","","true","词头与列出词形匹配","课程候选等级；尚未逐词人工确认","例句/译文尚未人工逐词审校"
"A1","humør","名词","情绪与感受","NTNU NoW1; NorweigenLearn 当前词库","心情；情绪；情绪状态","et humør · humøret · humør · humørene","Hun er i godt humør i dag. / Været påvirker humøret mitt.","她今天心情很好。 / 天气会影响我的心情。","2","A1","true","true","词典核验：词头/词性/核心义项","Bokmålsordboka","https://ordbokene.no/bm/humør","2026-09-24","","true","词头与列出词形匹配","课程候选等级；尚未逐词人工确认","例句/译文尚未人工逐词审校"
"A1","interiørbutikk","名词","家居与购物","NTNU NoW1; NorweigenLearn 当前词库","家居用品店；室内装饰用品商店","en interiørbutikk · interiørbutikken · interiørbutikker · interiørbutikkene","Vi kjøpte nye gardiner i en interiørbutikk. / Interiørbutikken ligger ved siden av kjøpesenteret.","我们在一家家居用品店买了新窗帘。 / 家居用品店在购物中心旁边。","2","A1","true","true","词典核验：词头/词性/核心义项","Bokmålsordboka","https://ordbokene.no/bm/interi%C3%B8rbutikk","2026-09-24","","false","透明复合词词形匹配中心词","课程候选等级；尚未逐词人工确认","例句/译文尚未人工逐词审校"
"A1","is","名词","厨房与用餐","NTNU LearnNoW; NorweigenLearn 当前词库","冰淇淋；冰（同形词，依语境）","en is · isen · iser · isene / isen, iser, isene","Barna kjøper en is etter skolen. / Det er glatt fordi det ligger is på veien.","孩子们放学后买一个冰淇淋。 / 路上结冰了，所以很滑。","2","A1","true","true","词典核验：词头/词性/核心义项","Bokmålsordboka","https://ordbokene.no/bm/is","2026-09-24","","true","词头与列出词形匹配","课程候选等级；尚未逐词人工确认","例句/译文尚未人工逐词审校"
"A1","jernbanestasjon","名词","交通与出行","NTNU NoW1; NorweigenLearn 当前词库","火车站；铁路车站","en jernbanestasjon · jernbanestasjonen · jernbanestasjoner · jernbanestasjonene","Vi møtes foran jernbanestasjonen. / Toget går fra jernbanestasjonen klokka seks.","我们在火车站前面见。 / 火车六点从火车站发车。","2","A1","true","true","词典核验：词头/词性/核心义项","Bokmålsordboka","https://ordbokene.no/bm/jernbanestasjon","2026-09-24","","true","词头与列出词形匹配","课程候选等级；尚未逐词人工确认","例句/译文尚未人工逐词审校"
"A1","jobb","名词","工作与学习 / 日常基础","NTNU LearnNoW; NorweigenLearn 当前词库","工作；职位；一份工作","en jobb · jobben · jobber · jobbene / jobben, jobber, jobbene","Hun søker jobb på et sykehus. / Jeg er på jobben til klokka fire.","她在申请医院的工作。 / 我在工作单位待到四点。","2","A1","true","true","词典核验：词头/词性/核心义项","Bokmålsordboka","https://ordbokene.no/bm/jobb","2026-09-24","","true","词头与列出词形匹配","课程候选等级；尚未逐词人工确认","例句/译文尚未人工逐词审校"
"A1","kjær","形容词","问候与关系","NTNU LearnNoW; NorweigenLearn 当前词库","亲爱的；珍爱的；心爱的（常见于固定称呼）","kjær · kjært · kjære · kjære / kjært, kjære","Kjære Maria, takk for brevet ditt. / Han mistet en kjær venn i fjor.","亲爱的玛丽亚，谢谢你的来信。 / 他去年失去了一位挚友。","2","A1","true","true","词典核验：词头/词性/核心义项","Bokmålsordboka","https://ordbokene.no/bm/kj%C3%A6r","2026-09-24","","true","词头与列出词形匹配","课程候选等级；尚未逐词人工确认","例句/译文尚未人工逐词审校"
"A1","kjøledisk","名词","超市购物","NTNU NoW1; NorweigenLearn 当前词库","冷藏柜；冷柜（商店展示冷藏食品的柜台）","en kjøledisk · kjøledisken · kjøledisker · kjølediskene","Melka står i kjøledisken ved inngangen. / Butikken har en ny kjøledisk.","牛奶放在入口旁的冷藏柜里。 / 商店有一台新的冷藏柜。","2","A1","true","true","词典核验：词头/词性/核心义项","Bokmålsordboka","https://ordbokene.no/bm/kjøledisk","2026-09-24","","true","词头与列出词形匹配","课程候选等级；尚未逐词人工确认","例句/译文尚未人工逐词审校"
"A1","koselig","形容词","描述与感受","NTNU LearnNoW; NorweigenLearn 当前词库","舒适温馨的；惬意的；令人愉快的","koselig · koselig · koselige · koseligere · koseligst / koseligste / koselig, koselige","Vi hadde en koselig kveld med venner. / Det er koselig å sitte her.","我们和朋友度过了一个温馨愉快的夜晚。 / 坐在这里感觉很惬意。","2","A1","true","true","词典核验：词头/词性/核心义项","Bokmålsordboka","https://ordbokene.no/bm/koselig","2026-09-24","","true","词头与列出词形匹配","课程候选等级；尚未逐词人工确认","例句/译文尚未人工逐词审校"
"A1","kryss","名词","公共交通与方向","NTNU LearnNoW; NorweigenLearn 当前词库","十字路口；交叉处；叉号/勾号（依语境）","et kryss · krysset · kryss · kryssene / krysset, kryss, kryssene","Ta til høyre i neste kryss. / Sett et kryss ved riktig svar.","在下一个路口右转。 / 在正确答案旁打一个勾。","2","A1","true","true","词典核验：词头/词性/核心义项","Bokmålsordboka","https://ordbokene.no/bm/kryss","2026-09-24","","true","词头与列出词形匹配","课程候选等级；尚未逐词人工确认","例句/译文尚未人工逐词审校"
"A1","lære","动词","工作与学习 / 时间与日常 / 未来计划与目标","NTNU LearnNoW; NorweigenLearn 当前词库","学习；学会；教（依语境）","lære · lærer · lærte · lært / lærer, lærte, har lært","Jeg lærer norsk på tirsdager. / Han lærte barna å svømme.","我星期二学挪威语。 / 他教孩子们游泳。","2","A1","true","true","词典核验：词头/词性/核心义项","Bokmålsordboka","https://ordbokene.no/bm/l%C3%A6re","2026-09-24","","true","词头与列出词形匹配","课程候选等级；尚未逐词人工确认","例句/译文尚未人工逐词审校"
"A1","lage","动词","饮食与购物 / 食物与购物","NTNU LearnNoW; NorweigenLearn 当前词库","制作；做（饭）；创造","lage · lager · laget · laget / lager, lagde, har lagd","Vi lager middag sammen. / Hun laget en kake til festen.","我们一起做晚饭。 / 她为聚会做了一个蛋糕。","2","A1","true","true","词典核验：词头/词性/核心义项","Bokmålsordboka","https://ordbokene.no/bm/lage","2026-09-24","","true","词头与列出词形匹配","课程候选等级；尚未逐词人工确认","例句/译文尚未人工逐词审校"
"A1","legge","动词","日常家务 / 家与房间","NTNU LearnNoW; NorweigenLearn 当前词库","放置；搁下；躺下（反身结构）","legge · legger · la · lagt / legger, la, har lagt","Jeg legger nøklene på bordet. / Barna la seg klokka åtte.","我把钥匙放在桌上。 / 孩子们八点上床睡觉。","2","A1","true","true","词典核验：词头/词性/核心义项","Bokmålsordboka","https://ordbokene.no/bm/legge","2026-09-24","","true","词头与列出词形匹配","课程候选等级；尚未逐词人工确认","例句/译文尚未人工逐词审校"
"A1","lese","动词","阅读与学习 / 学习与工作","NTNU LearnNoW; NorweigenLearn 当前词库","读；阅读；学习某门学科；朗读（依结构）","lese · leser · leste · lest / leser, leste, har lest","Jeg leser en norsk bok før jeg legger meg. / Hun leste til eksamen hele helga.","我睡前读一本挪威语书。 / 她整个周末都在为考试学习。","2","A1","true","true","词典核验：词头/词性/核心义项","Bokmålsordboka","https://ordbokene.no/bm/lese","2026-09-24","","true","词头与列出词形匹配","课程候选等级；尚未逐词人工确认","例句/译文尚未人工逐词审校"
"A1","løfte","动词","日常动作","NTNU LearnNoW; NorweigenLearn 当前词库","抬起；举起；提起；提升（依语境）","løfte · løfter · løftet · løftet / løfter, løftet, har løftet","Kan du hjelpe meg med å løfte bordet? / Hun løftet blikket og smilte.","你能帮我抬一下桌子吗？ / 她抬起头，笑了。","2","A1","true","true","词典核验：词头/词性/核心义项","Bokmålsordboka","https://ordbokene.no/bm/l%C3%B8fte","2026-09-24","","true","词头与列出词形匹配","课程候选等级；尚未逐词人工确认","例句/译文尚未人工逐词审校"
"A1","lomme","名词","家中物品与房间","NTNU LearnNoW; NorweigenLearn 当前词库","口袋；衣袋","ei lomme · lomma · lommer · lommene / lomma, lommer, lommene","Nøkkelen ligger i lomma mi. / Jakka har fire lommer.","钥匙在我的口袋里。 / 这件外套有四个口袋。","2","A1","true","true","词典核验：词头/词性/核心义项","Bokmålsordboka","https://ordbokene.no/bm/lomme","2026-09-24","","true","词头与列出词形匹配","课程候选等级；尚未逐词人工确认","例句/译文尚未人工逐词审校"
"A1","lyskryss","名词","公共交通与方向","NTNU LearnNoW; NorweigenLearn 当前词库","红绿灯路口；有交通信号灯的交叉路口","et lyskryss · lyskrysset · lyskryss · lyskryssene / lyskrysset, lyskryss, lyskryssene","Gå over gata ved lyskrysset. / Det er kø gjennom lyskrysset.","在红绿灯路口过马路。 / 车流排队通过红绿灯路口。","2","A1","true","true","词典核验：词头/词性/核心义项","Bokmålsordboka","https://ordbokene.no/bm/lyskryss","2026-09-24","","true","词头与列出词形匹配","课程候选等级；尚未逐词人工确认","例句/译文尚未人工逐词审校"
"A1","matbu","名词","购物与用餐","NTNU LearnNoW; NorweigenLearn 当前词库","食品摊；卖简餐或食物的小摊/小店","ei matbu · matbua · matbuer · matbuene / matbua, matbuer, matbuene","Vi kjøpte pølser i ei matbu på markedet. / Matbua selger kaffe og vafler.","我们在集市的一个食品摊买了热狗。 / 这个食品摊卖咖啡和华夫饼。","2","A1","true","true","词典核验：词头/词性/核心义项","Bokmålsordboka","https://ordbokene.no/bm/matbu","2026-09-24","","true","词头与列出词形匹配","课程候选等级；尚未逐词人工确认","例句/译文尚未人工逐词审校"
"A1","mene","动词","交流与语言 / 待归类","NTNU LearnNoW; NorweigenLearn 当前词库","认为；觉得；意思是；指的是","mene · mener · mente · ment / mener, mente, har ment","Jeg mener at vi bør ta bussen. / Hva mener du med dette ordet?","我认为我们应该坐公交车。 / 你说这个词是什么意思？","2","A1","true","true","词典核验：词头/词性/核心义项","Bokmålsordboka","https://ordbokene.no/bm/mene","2026-09-24","","true","词头与列出词形匹配","课程候选等级；尚未逐词人工确认","例句/译文尚未人工逐词审校"
"A1","meter","名词","时间与日程","NTNU LearnNoW; NorweigenLearn 当前词库","米（长度单位）","en meter · meteren · meter · meterne / meteren, meter, metrene","Bordet er nesten to meter langt. / Skolen ligger hundre meter herfra.","这张桌子将近两米长。 / 学校离这里一百米。","2","A1","true","true","词典核验：词头/词性/核心义项","Bokmålsordboka","https://ordbokene.no/bm/meter","2026-09-24","","true","词头与列出词形匹配","课程候选等级；尚未逐词人工确认","例句/译文尚未人工逐词审校"
"A1","minutt","名词","时间与日程","NTNU LearnNoW; NorweigenLearn 当前词库","分钟；片刻","et minutt · minuttet · minutter · minuttene / minuttet, minutter, minuttene","Toget går om fem minutter. / Kan du vente et minutt?","火车五分钟后发车。 / 你能等一分钟吗？","2","A1","true","true","词典核验：词头/词性/核心义项","Bokmålsordboka","https://ordbokene.no/bm/minutt","2026-09-24","","true","词头与列出词形匹配","课程候选等级；尚未逐词人工确认","例句/译文尚未人工逐词审校"
"A1","mor","名词","家人和关系 / 家庭与人物","NTNU LearnNoW; NorweigenLearn 当前词库","母亲；妈妈","ei mor · mora · mødre · mødrene / mora, mødre, mødrene","Mora mi bor i Bergen. / Mødrene venter utenfor skolen.","我妈妈住在卑尔根。 / 几位母亲在学校外面等。","2","A1","true","true","词典核验：词头/词性/核心义项","Bokmålsordboka","https://ordbokene.no/bm/mor","2026-09-24","","true","词头与列出词形匹配","课程候选等级；尚未逐词人工确认","例句/译文尚未人工逐词审校"
"A1","nabolag","名词","住房与居住","NTNU LearnNoW; NorweigenLearn 当前词库","社区；街坊邻里；居住周边","et nabolag · nabolaget · nabolag · nabolagene / nabolaget, nabolag, nabolagene","Det er en fin park i nabolaget. / De bor i et rolig nabolag.","社区里有一个不错的公园。 / 他们住在一个安静的社区。","2","A1","true","true","词典核验：词头/词性/核心义项","Bokmålsordboka","https://ordbokene.no/bm/nabolag","2026-09-24","","true","词头与列出词形匹配","课程候选等级；尚未逐词人工确认","例句/译文尚未人工逐词审校"
"A1","nær","形容词","位置与指示","NTNU LearnNoW; NorweigenLearn 当前词库","近的；靠近的；亲近的","nær · nært · nære · nærmere · nærmest","Butikken ligger nær skolen. / Det nærmeste apoteket er fem minutter unna.","商店在学校附近。 / 最近的药房在五分钟路程外。","2","A1","true","true","词典核验：词头/词性/核心义项","Bokmålsordboka","https://ordbokene.no/bm/n%C3%A6r","2026-09-24","","true","词头与列出词形匹配","课程候选等级；尚未逐词人工确认","例句/译文尚未人工逐词审校"
"A1","nærhet","名词","位置与关系","NTNU LearnNoW; NorweigenLearn 当前词库","附近；接近；亲近（常见于固定搭配）","en nærhet · nærheten · nærheter · nærhetene / nærheten, - , nærhetene","Det ligger en matbutikk i nærheten av huset. / Vi bor i nærheten, så jeg kan gå dit.","房子附近有一家食品店。 / 我们住得很近，所以我可以走过去。","2","A1","true","true","词典核验：词头/词性/核心义项","Bokmålsordboka","https://ordbokene.no/bm/nærhet","2026-09-24","","true","词头与列出词形匹配","课程候选等级；尚未逐词人工确认","例句/译文尚未人工逐词审校"
"A1","onsdag","名词","星期与安排","NTNU LearnNoW; NorweigenLearn 当前词库","星期三；一个星期三","en onsdag · onsdagen · onsdager · onsdagene / onsdagen, onsdager, onsdagene","Jeg har time hos legen på onsdag. / Vi trener sammen på onsdager.","我星期三有医生预约。 / 我们每周三一起锻炼。","2","A1","true","true","词典核验：词头/词性/核心义项","Bokmålsordboka","https://ordbokene.no/bm/onsdag","2026-09-24","","true","词头与列出词形匹配","课程候选等级；尚未逐词人工确认","例句/译文尚未人工逐词审校"
"A1","opp","副词","位置与指示","NTNU LearnNoW; NorweigenLearn 当前词库","向上；上去；起来","opp","Jeg står opp klokka seks. / Gå opp trappa, så finner du kontoret.","我六点起床。 / 上楼梯，然后你就能找到办公室。","2","A1","true","true","词典核验：词头/词性/核心义项","Bokmålsordboka","https://ordbokene.no/bm/opp","2026-09-24","","true","词头与列出词形匹配","课程候选等级；尚未逐词人工确认","例句/译文尚未人工逐词审校"
"A1","over","介词","位置与指示","NTNU LearnNoW; NorweigenLearn 当前词库","在……上方；越过；穿过；超过（依语境）","over","Vi går over gata ved fotgjengerfeltet. / Lampa henger over bordet.","我们在人行横道处过马路。 / 灯挂在桌子上方。","2","A1","true","true","词典核验：词头/词性/核心义项","Bokmålsordboka","https://ordbokene.no/bm/over","2026-09-24","","true","词头与列出词形匹配","课程候选等级；尚未逐词人工确认","例句/译文尚未人工逐词审校"
"A1","pakke","名词","食物与购物","NTNU LearnNoW; NorweigenLearn 当前词库","包裹；一包/一盒东西；包装（名词义）","en pakke · pakken · pakker · pakkene / pakken, pakker, pakkene","Jeg henter en pakke på postkontoret. / Pakken kom i posten i dag.","我去邮局取一个包裹。 / 包裹今天邮寄到了。","2","A1","true","true","词典核验：词头/词性/核心义项","Bokmålsordboka","https://ordbokene.no/bm/pakke","2026-09-24","","true","词头与列出词形匹配","课程候选等级；尚未逐词人工确认","例句/译文尚未人工逐词审校"
"A1","postkontor","名词","公共交通与方向","NTNU LearnNoW; NorweigenLearn 当前词库","邮局；邮政服务点","et postkontor · postkontoret · postkontorer · postkontorene / posten / postkontoret, postkontor, postkontorene","Jeg går på postkontoret for å sende en pakke. / Postkontoret stenger klokka fem.","我去邮局寄一个包裹。 / 邮局五点关门。","2","A1","true","true","词典核验：词头/词性/核心义项","Bokmålsordboka","https://ordbokene.no/bm/postkontor","2026-09-24","","true","词头与列出词形匹配","课程候选等级；尚未逐词人工确认","例句/译文尚未人工逐词审校"
"A1","retning","名词","公共交通与方向","NTNU LearnNoW; NorweigenLearn 当前词库","方向；方位；趋势","en retning · retningen · retninger · retningene / retningen, retninger, retningene","Gå i retning av sentrum. / Vi må snu og gå i motsatt retning.","朝市中心方向走。 / 我们得掉头，朝相反的方向走。","2","A1","true","true","词典核验：词头/词性/核心义项","Bokmålsordboka","https://ordbokene.no/bm/retning","2026-09-24","","true","词头与列出词形匹配","课程候选等级；尚未逐词人工确认","例句/译文尚未人工逐词审校"
"A1","rett","形容词","描述与感受","NTNU LearnNoW; NorweigenLearn 当前词库","正确的；直的；恰当的；正好（依语境）","rett · rett · rette · rettere · rettest / rett, rette","Du har rett i at vi bør gå nå. / Gå rett fram til neste gate.","你说得对，我们现在应该走。 / 一直往前走到下一条街。","2","A1","true","true","词典核验：词头/词性/核心义项","Bokmålsordboka","https://ordbokene.no/bm/rett","2026-09-24","","true","词头与列出词形匹配","课程候选等级；尚未逐词人工确认","例句/译文尚未人工逐词审校"
"A1","sann","形容词","描述与感受","NTNU LearnNoW; NorweigenLearn 当前词库","真实的；确实的；真的","sann · sant · sanne · sannere · sannest / sant, sanne","Hun fortalte en sann historie. / Det er sant at været skifter fort her.","她讲了一个真实的故事。 / 这里天气变化很快，这是真的。","2","A1","true","true","词典核验：词头/词性/核心义项","Bokmålsordboka","https://ordbokene.no/bm/sann","2026-09-24","","true","词头与列出词形匹配","课程候选等级；尚未逐词人工确认","例句/译文尚未人工逐词审校"
"A1","sein","形容词","时间与状态","NTNU LearnNoW; NorweigenLearn 当前词库","晚的；迟的；晚到的（较常见书面/部分地区形式）","sein · seint · seine · seinere · seinest / seint, seine","Vi kom litt seint til møtet. / Hun tok en sein buss hjem.","我们开会稍微迟到了一点。 / 她坐了一班较晚的公交回家。","2","A1","true","true","词典核验：词头/词性/核心义项","Bokmålsordboka","https://ordbokene.no/bm/sein","2026-09-24","","true","词头与列出词形匹配","课程候选等级；尚未逐词人工确认","例句/译文尚未人工逐词审校"
"A1","sende","动词","交流与语言","NTNU LearnNoW; NorweigenLearn 当前词库","发送；寄送；派遣；递给","sende · sender · sendte · sendt / sender, sendte, har sendt","Jeg sender deg adressen på SMS. / Hun sendte pakken i går.","我用短信把地址发给你。 / 她昨天把包裹寄出去了。","2","A1","true","true","词典核验：词头/词性/核心义项","Bokmålsordboka","https://ordbokene.no/bm/sende","2026-09-24","","true","词头与列出词形匹配","课程候选等级；尚未逐词人工确认","例句/译文尚未人工逐词审校"
"A1","siden","副词","时间与日程","NTNU LearnNoW; NorweigenLearn 当前词库","……以前；自从那时起；后来（依结构）","siden","Vi flyttet hit for to år siden. / Jeg har bodd her siden august.","我们两年前搬到这里。 / 我从八月起就住在这里。","2","A1","true","true","词典核验：词头/词性/核心义项","Bokmålsordboka","https://ordbokene.no/bm/siden","2026-09-24","","true","词头与列出词形匹配","课程候选等级；尚未逐词人工确认","例句/译文尚未人工逐词审校"
"A1","sist","形容词","习惯与频率","NTNU LearnNoW; NorweigenLearn 当前词库","上一次的；上周/上次的；最后（依结构）","sist · siste / sist, siste","Jeg snakket med henne sist uke. / Sist kom bussen for sent.","我上周和她聊过。 / 上次公交车来晚了。","2","A1","true","true","词典核验：词头/词性/核心义项","Bokmålsordboka","https://ordbokene.no/bm/sist","2026-09-24","","true","词头与列出词形匹配","课程候选等级；尚未逐词人工确认","例句/译文尚未人工逐词审校"
"A1","spille","动词","休闲与兴趣","NTNU LearnNoW; NorweigenLearn 当前词库","玩（游戏）；踢/打（球类）；演奏；播放","spille · spiller · spilte · spilt / spiller, spilte, har spilt","Barna spiller fotball etter skolen. / Hun spilte piano på konserten.","孩子们放学后踢足球。 / 她在音乐会上演奏了钢琴。","2","A1","true","true","词典核验：词头/词性/核心义项","Bokmålsordboka","https://ordbokene.no/bm/spille","2026-09-24","","true","词头与列出词形匹配","课程候选等级；尚未逐词人工确认","例句/译文尚未人工逐词审校"
"A1","straks","副词","时间与日程","NTNU LearnNoW; NorweigenLearn 当前词库","马上；立刻；很快","straks","Jeg kommer straks. / Bussen kommer straks.","我马上来。 / 公交车很快就到。","2","A1","true","true","词典核验：词头/词性/核心义项","Bokmålsordboka","https://ordbokene.no/bm/straks","2026-09-24","","true","词头与列出词形匹配","课程候选等级；尚未逐词人工确认","例句/译文尚未人工逐词审校"
"A1","sykehus","名词","就医与健康","NTNU LearnNoW; NorweigenLearn 当前词库","医院；收治病人的医疗机构","et sykehus · sykehuset · sykehus · sykehusene / sykehuset, sykehus, sykehusene","Bestefaren min er på sykehus. / Vi kjørte henne til sykehuset.","我祖父在住院。 / 我们开车送她去了医院。","2","A1","true","true","词典核验：词头/词性/核心义项","Bokmålsordboka","https://ordbokene.no/bm/sykehus","2026-09-24","","true","词头与列出词形匹配","课程候选等级；尚未逐词人工确认","例句/译文尚未人工逐词审校"
"A1","takke","动词","交流与语言","NTNU LearnNoW; NorweigenLearn 当前词库","感谢；道谢；谢绝（takke nei）","takke · takker · takket · takket / takker, takket, har takket","Jeg vil takke deg for hjelpen. / Hun takket nei til invitasjonen.","我想感谢你的帮助。 / 她谢绝了邀请。","2","A1","true","true","词典核验：词头/词性/核心义项","Bokmålsordboka","https://ordbokene.no/bm/takke","2026-09-24","","true","词头与列出词形匹配","课程候选等级；尚未逐词人工确认","例句/译文尚未人工逐词审校"
"A1","tegne","动词","休闲与兴趣","NTNU LearnNoW; NorweigenLearn 当前词库","画；绘制（线条、图画或设计草图）","tegne · tegner · tegnet · tegnet / tegner, tegnet, har tegnet","Barnet tegner et hus med en rød blyant. / Han tegnet et kart til oss.","孩子用一支红铅笔画一栋房子。 / 他给我们画了一张地图。","2","A1","true","true","词典核验：词头/词性/核心义项","Bokmålsordboka","https://ordbokene.no/bm/tegne","2026-09-24","","true","词头与列出词形匹配","课程候选等级；尚未逐词人工确认","例句/译文尚未人工逐词审校"
"A1","treffe","动词","家人与社交 / 待归类","NTNU LearnNoW; NorweigenLearn 当前词库","遇见；碰到；与……见面","treffe · treffer · traff · truffet / treffer, traff, har truffet","Jeg treffer en venn på kafé etter jobb. / Vi traff læreren på butikken.","我下班后在咖啡馆和一位朋友见面。 / 我们在商店碰见了老师。","2","A1","true","true","词典核验：词头/词性/核心义项","Bokmålsordboka","https://ordbokene.no/bm/treffe","2026-09-24","","true","词头与列出词形匹配","课程候选等级；尚未逐词人工确认","例句/译文尚未人工逐词审校"
"A1","tur","名词","出行与活动","NTNU LearnNoW; NorweigenLearn 当前词库","一次出行；散步；短途旅行；一趟（依搭配）","en tur · turen · turer · turene / turen, turer, turene","Vi går en tur langs elva etter middag. / Barna skal på tur med skolen.","晚饭后我们沿着河边散步。 / 孩子们要和学校一起外出活动。","2","A1","true","true","词典核验：词头/词性/核心义项","Bokmålsordboka","https://ordbokene.no/bm/tur","2026-09-24","","true","词头与列出词形匹配","课程候选等级；尚未逐词人工确认","例句/译文尚未人工逐词审校"
"A1","ungdomsskole","名词","学校与学习","NTNU LearnNoW; NorweigenLearn 当前词库","初中；挪威 8—10 年级的学校阶段/学校","en ungdomsskole · ungdomsskolen · ungdomsskoler · ungdomsskolene / ungdomsskolen, ungdomsskoler, ungdomsskolene","Datteren min begynner på ungdomsskolen til høsten. / Ungdomsskolen ligger ved siden av biblioteket.","我女儿今年秋天开始上初中。 / 初中在图书馆旁边。","2","A1","true","true","词典核验：词头/词性/核心义项","Bokmålsordboka","https://ordbokene.no/bm/ungdomsskole","2026-09-24","","true","词头与列出词形匹配","课程候选等级；尚未逐词人工确认","例句/译文尚未人工逐词审校"
"A1","vei","名词","公共交通与方向","NTNU LearnNoW; NorweigenLearn 当前词库","道路；路；方式","en vei · veien · veier · veiene / veien, veier, veiene","Vi er på vei til legen. / Denne veien går til sentrum.","我们正在去医生那里的路上。 / 这条路通往市中心。","2","A1","true","true","词典核验：词头/词性/核心义项","Bokmålsordboka","https://ordbokene.no/bm/vei","2026-09-24","","true","词头与列出词形匹配","课程候选等级；尚未逐词人工确认","例句/译文尚未人工逐词审校"
"A1","veikryss","名词","方向与道路","NTNU LearnNoW; NorweigenLearn 当前词库","道路交叉口；十字路口","et veikryss · veikrysset · veikryss · veikryssene / veikrysset, veikryss, veikryssene","Ta til venstre i neste veikryss. / Det er et veikryss ved skolen.","在下一个路口左转。 / 学校旁边有一个交叉路口。","2","A1","true","true","词典核验：词头/词性/核心义项","Bokmålsordboka","https://ordbokene.no/bm/veikryss","2026-09-24","","true","词头与列出词形匹配","课程候选等级；尚未逐词人工确认","例句/译文尚未人工逐词审校"
"A1","vekke","动词","日常作息","NTNU LearnNoW; NorweigenLearn 当前词库","叫醒；唤醒；使……醒来","vekke · vekker · vekket · vekket / vekker, vekket, har vekket","Jeg vekker sønnen min klokka sju. / Telefonen vekket meg midt på natta.","我七点叫醒儿子。 / 电话半夜把我吵醒了。","2","A1","true","true","词典核验：词头/词性/核心义项","Bokmålsordboka","https://ordbokene.no/bm/vekke","2026-09-24","","true","词头与列出词形匹配","课程候选等级；尚未逐词人工确认","例句/译文尚未人工逐词审校"
"A1","vel","副词","交流与语气","NTNU LearnNoW; NorweigenLearn 当前词库","大概；想必；应该（表示推测或缓和语气）","vel","Du kommer vel på festen i morgen? / Det er vel best å ringe først.","你明天应该会来参加聚会吧？ / 最好还是先打个电话吧。","2","A1","true","true","词典核验：词头/词性/核心义项","Bokmålsordboka","https://ordbokene.no/bm/vel","2026-09-24","","true","词头与列出词形匹配","课程候选等级；尚未逐词人工确认","例句/译文尚未人工逐词审校"
"A1","vise","动词","交流与语言","NTNU LearnNoW; NorweigenLearn 当前词库","给……看；展示；指示；带领","vise · viser · viste · vist / viser, viste, har vist","Kan du vise meg veien til stasjonen? / Hun viste oss bildene fra ferien.","你能给我指一下去车站的路吗？ / 她给我们看了度假时拍的照片。","2","A1","true","true","词典核验：词头/词性/核心义项","Bokmålsordboka","https://ordbokene.no/bm/vise","2026-09-24","","true","词头与列出词形匹配","课程候选等级；尚未逐词人工确认","例句/译文尚未人工逐词审校"
"A1","appelsin","名词","水果与食物","NTNU LearnNoW; NTNU NoW1; NorweigenLearn 当前词库","橙子；甜橙（水果）","appelsinen, appelsiner, appelsinene / en appelsin · appelsinen · appelsiner · appelsinene","Jeg spiser en appelsin til frokost. / Appelsinene ligger i kjøleskapet.","我早餐吃一个橙子。 / 那些橙子放在冰箱里。","2","A1","true","true","词典核验：词头/词性/核心义项","Bokmålsordboka","https://ordbokene.no/bm/appelsin","2026-09-24","","true","词头与列出词形匹配","课程候选等级；尚未逐词人工确认","例句/译文尚未人工逐词审校"
"A1","bestemor","名词","家人与关系","NTNU LearnNoW; NTNU NoW1; NorweigenLearn 当前词库","祖母；外祖母；奶奶/外婆（不区分父系母系）","bestemora, bestemødre, bestemødrene / ei/en bestemor · bestemora / bestemoren · bestemødre · bestemødrene","Bestemora mi lager vafler på søndager. / Bestemødrene kom på besøk i går.","我奶奶 / 外婆星期天会做华夫饼。 / 几位奶奶 / 外婆昨天来做客了。","2","A1","true","true","词典核验：词头/词性/核心义项","Bokmålsordboka","https://ordbokene.no/nob/bm/bestemor","2026-09-24","2026-09-24","true","词头与列出词形匹配","课程候选等级；尚未逐词人工确认","例句/译文已人工审校"
"A1","bestille","动词","购物与服务","NTNU LearnNoW; NTNU NoW1; NorweigenLearn 当前词库","订购；预订；点（餐）；预约","bestille · bestiller · bestilte · bestilt / bestiller, bestilte, har bestilt","Vi bestiller to kaffe og en kake. / Jeg bestilte time hos legen.","我们点两杯咖啡和一块蛋糕。 / 我预约了医生。","2","A1","true","true","词典核验：词头/词性/核心义项","Bokmålsordboka","https://ordbokene.no/bm/bestille","2026-09-24","","true","词头与列出词形匹配","课程候选等级；尚未逐词人工确认","例句/译文尚未人工逐词审校"
"A1","bygge","动词","住房与建造","NTNU LearnNoW; NTNU NoW1; NorweigenLearn 当前词库","建造；修建；建设；搭建","bygge · bygger · bygde / bygget · bygd / bygget / bygger, bygde, har bygd","De bygger et nytt hus utenfor byen. / Bestefaren min bygde huset selv.","他们正在城外建一栋新房子。 / 我祖父自己建了这栋房子。","2","A1","true","true","词典核验：词头/词性/核心义项","Bokmålsordboka","https://ordbokene.no/nno/bm/8305","2026-09-24","","true","词头与列出词形匹配","课程候选等级；尚未逐词人工确认","例句/译文尚未人工逐词审校"
"A1","diskutere","动词","交流与语言","NTNU LearnNoW; NTNU NoW1; NorweigenLearn 当前词库","讨论；谈论；商讨","diskutere · diskuterer · diskuterte · diskutert / diskuterer, diskuterte, har diskutert","Vi diskuterer planen med læreren. / De diskuterte hvor de skulle reise.","我们和老师讨论这个计划。 / 他们讨论了要去哪里旅行。","2","A1","true","true","词典核验：词头/词性/核心义项","Bokmålsordboka","https://ordbokene.no/bm/diskutere","2026-09-24","","true","词头与列出词形匹配","课程候选等级；尚未逐词人工确认","例句/译文尚未人工逐词审校"
"A1","gågate","名词","城市与方向","NTNU LearnNoW; NTNU NoW1; NorweigenLearn 当前词库","步行街；禁止普通车辆通行的街道","ei gågate · gågata · gågater · gågatene / gågata, gågater, gågatene","Butikkene i gågata stenger klokka seks. / Vi møtes ved inngangen til gågata.","步行街上的商店六点关门。 / 我们在步行街入口见面。","2","A1","true","true","词典核验：词头/词性/核心义项","Bokmålsordboka","https://ordbokene.no/bm/g%C3%A5gate","2026-09-24","","true","词头与列出词形匹配","课程候选等级；尚未逐词人工确认","例句/译文尚未人工逐词审校"
"A1","gate","名词","城市与方向","NTNU LearnNoW; NTNU NoW1; NorweigenLearn 当前词库","街道；大街；城市中的街（不是公路）","ei gate · gata · gater · gatene / gata, gater, gatene","Skolen ligger i en rolig gate. / Barna går over gata sammen.","学校在一条安静的街上。 / 孩子们一起过马路。","2","A1","true","true","词典核验：词头/词性/核心义项","Bokmålsordboka","https://ordbokene.no/bm/gate","2026-09-24","","true","词头与列出词形匹配","课程候选等级；尚未逐词人工确认","例句/译文尚未人工逐词审校"
"A1","glemme","动词","日常动作 / 时间与日常","NTNU LearnNoW; NTNU NoW1; NorweigenLearn 当前词库","忘记；忘了","glemme · glemmer · glemte · glemt / glemmer, glemte, har glemt","Jeg glemmer ofte navn. / Hun glemte å ta med boka.","我常常忘记名字。 / 她忘记带书了。","2","A1","true","true","词典核验：词头/词性/核心义项","Bokmålsordboka","https://ordbokene.no/bm/glemme","2026-09-24","","true","词头与列出词形匹配","课程候选等级；尚未逐词人工确认","例句/译文尚未人工逐词审校"
"A1","greie","动词","问题与日常动作","NTNU LearnNoW; NTNU NoW1; NorweigenLearn 当前词库","设法做到；应付；处理好；理解（依搭配）","greie · greier · greide · greid / greier, greide, har greid","Jeg greier ikke å åpne denne døra. / Hvordan greide du deg på prøven?","我打不开这扇门。 / 你考试考得怎么样？","2","A1","true","true","词典核验：词头/词性/核心义项","Bokmålsordboka","https://ordbokene.no/bm/greie","2026-09-24","","true","词头与列出词形匹配","课程候选等级；尚未逐词人工确认","例句/译文尚未人工逐词审校"
"A1","historie","名词","阅读与叙事","NTNU LearnNoW; NTNU NoW1; NorweigenLearn 当前词库","故事；经历；历史（依搭配）","ei historie · historia · historier · historiene / historia, historier, historiene","Bestefar forteller en historie fra barndommen. / Vi lærer om norsk historie på skolen.","爷爷 / 外公讲了一个童年故事。 / 我们在学校学习挪威历史。","2","A1","true","true","词典核验：词头/词性/核心义项","Bokmålsordboka","https://ordbokene.no/bm/historie","2026-09-24","","true","词头与列出词形匹配","课程候选等级；尚未逐词人工确认","例句/译文尚未人工逐词审校"
"A1","holde","动词","日常动作 / 待归类","NTNU LearnNoW; NTNU NoW1; NorweigenLearn 当前词库","拿着；握住；保持；举行（依搭配）","holde · holder · holdt · holdt / holder, holdt, har holdt","Hun holder barnet i hånda. / Skolen holder et møte på mandag.","她牵着孩子的手。 / 学校星期一要开会。","2","A1","true","true","词典核验：词头/词性/核心义项","Bokmålsordboka","https://ordbokene.no/bm/holde","2026-09-24","","true","词头与列出词形匹配","课程候选等级；尚未逐词人工确认","例句/译文尚未人工逐词审校"
"A1","kantine","名词","学校与用餐","NTNU LearnNoW; NTNU NoW1; NorweigenLearn 当前词库","食堂；餐厅（学校、公司或机构内）","ei kantine · kantina · kantiner · kantinene / kantina, kantiner, kantinene","Vi spiser lunsj i kantina på jobben. / Skolen har ei ny kantine.","我们在单位食堂吃午饭。 / 学校有一个新食堂。","2","A1","true","true","词典核验：词头/词性/核心义项","Bokmålsordboka","https://ordbokene.no/bm/kantine","2026-09-24","","true","词头与列出词形匹配","课程候选等级；尚未逐词人工确认","例句/译文尚未人工逐词审校"
"A1","kirke","名词","城市与地点","NTNU LearnNoW; NTNU NoW1; NorweigenLearn 当前词库","教堂；基督教礼拜堂/教会建筑","ei kirke · kirka · kirker · kirkene / kirka, kirker, kirkene","Det står ei gammel kirke ved torget. / Kirken ligger nær sentrum.","广场旁边有一座古老的教堂。 / 教堂在市中心附近。","2","A1","true","true","词典核验：词头/词性/核心义项","Bokmålsordboka","https://ordbokene.no/bm/kirke","2026-09-24","","true","词头与列出词形匹配","课程候选等级；尚未逐词人工确认","例句/译文尚未人工逐词审校"
"A1","kollega","名词","工作与关系","NTNU LearnNoW; NTNU NoW1; NorweigenLearn 当前词库","同事；一起工作的人","en kollega · kollegaen · kollegaer / kolleger · kollegaene / kollegene / kollegaen, kollegaer, kollegaene","En kollega hjalp meg med rapporten. / Jeg spiser lunsj med kollegene mine.","一位同事帮我处理了这份报告。 / 我和同事们一起吃午饭。","2","A1","true","true","词典核验：词头/词性/核心义项","Bokmålsordboka","https://ordbokene.no/bm/kollega","2026-09-24","","true","词头与列出词形匹配","课程候选等级；尚未逐词人工确认","例句/译文尚未人工逐词审校"
"A1","konge","名词","社会与文化","NTNU LearnNoW; NTNU NoW1; NorweigenLearn 当前词库","国王；君主","en konge · kongen · konger · kongene / kongen, konger, kongene","Kongen bor ikke på slottet hele året. / Eventyret handler om en konge og en dronning.","国王并不是全年都住在王宫里。 / 这个童话讲的是一位国王和一位王后。","2","A1","true","true","词典核验：词头/词性/核心义项","Bokmålsordboka","https://ordbokene.no/bm/konge","2026-09-24","","true","词头与列出词形匹配","课程候选等级；尚未逐词人工确认","例句/译文尚未人工逐词审校"
"A1","administrasjon","名词","工作与机构","NTNU LearnNoW; NorweigenLearn 当前词库","行政部门；管理工作；行政管理（依语境）","administrasjonen, -er, -ene / en administrasjon · administrasjonen · administrasjoner · administrasjonene","Hun jobber i administrasjonen på skolen. / Den nye administrasjonen begynner på mandag.","她在学校的行政部门工作。 / 新的管理团队星期一开始履职。","2","A1","true","true","词典核验：词头/词性/核心义项","Bokmålsordboka","https://ordbokene.no/bm/administrasjon","2026-09-24","","true","词头与列出词形匹配","课程候选等级；尚未逐词人工确认","例句/译文尚未人工逐词审校"
"A1","alltid","副词","习惯与频率","NTNU LearnNoW; NorweigenLearn 当前词库","总是；一直","alltid","Jeg drikker alltid kaffe om morgenen. / Hun er alltid presis.","我早上总是喝咖啡。 / 她总是很准时。","2","A1","true","true","词典核验：词头/词性/核心义项","Bokmålsordboka","https://ordbokene.no/bm/alltid","2026-09-24","","true","词头与列出词形匹配","课程候选等级；尚未逐词人工确认","例句/译文尚未人工逐词审校"
"A1","ansikt","名词","身体与外貌","NTNU NoW1; NorweigenLearn 当前词库","脸；面部","et ansikt · ansiktet · ansikter · ansiktene","Hun vasker ansiktet før hun legger seg. / Barnet hadde maling i hele ansiktet.","她睡前洗脸。 / 孩子满脸都是颜料。","2","A1","true","true","词典核验：词头/词性/核心义项","Bokmålsordboka","https://ordbokene.no/bm/ansikt","2026-09-24","","true","词头与列出词形匹配","课程候选等级；尚未逐词人工确认","例句/译文尚未人工逐词审校"
"A1","arbeide","动词","工作与学习","NTNU LearnNoW; NorweigenLearn 当前词库","工作；劳动；做（某项工作）","arbeide · arbeider · arbeidet / arbeida / arbeidde · arbeidet / arbeida / arbeidde / arbeider, arbeidet, har arbeidet","Hun arbeider som sykepleier på et sykehus. / Vi arbeidet med prosjektet hele dagen.","她在一家医院当护士。 / 我们一整天都在做这个项目。","2","A1","true","true","词典核验：词头/词性/核心义项","Bokmålsordboka","https://ordbokene.no/nno/bm/2467","2026-09-24","","true","词头与列出词形匹配","课程候选等级；尚未逐词人工确认","例句/译文尚未人工逐词审校"
"A1","bestefar","名词","家人与关系","NTNU NoW1; NorweigenLearn 当前词库","祖父；外祖父；爷爷/外公（不区分父系母系）","en bestefar · bestefaren · bestefedre · bestefedrene","Bestefaren min bor i Bergen. / Barna besøker bestefedrene sine i helga.","我爷爷 / 外公住在卑尔根。 / 孩子们周末去看望各自的爷爷 / 外公。","2","A1","true","true","词典核验：词头/词性/核心义项","Bokmålsordboka","https://ordbokene.no/bm/bestefar","2026-09-24","","true","词头与列出词形匹配","课程候选等级；尚未逐词人工确认","例句/译文尚未人工逐词审校"
"A1","blå","形容词","描述与感受","NTNU LearnNoW; NorweigenLearn 当前词库","蓝色的；蓝的","blå · blått · blå · blåere · blåest / blått, blåe","Han har en blå sykkel. / Barna tegner et blått hav.","他有一辆蓝色自行车。 / 孩子们画了一片蓝色的大海。","2","A1","true","true","词典核验：词头/词性/核心义项","Bokmålsordboka","https://ordbokene.no/bm/bl%C3%A5","2026-09-24","","true","词头与列出词形匹配","课程候选等级；尚未逐词人工确认","例句/译文尚未人工逐词审校"
"A1","brenne","动词","日常动作","NTNU NoW1; NorweigenLearn 当前词库","燃烧；烧着；烧伤；烧焦（依语境）","brenne · brenner · brant / brente · brent","Peisen brenner hele kvelden. / Jeg brant meg på den varme panna.","壁炉整个晚上都烧着。 / 我被热锅烫到了。","2","A1","true","true","词典核验：词头/词性/核心义项","Bokmålsordboka","https://ordbokene.no/nob/bm/brenne","2026-09-24","","true","词头与列出词形匹配","课程候选等级；尚未逐词人工确认","例句/译文尚未人工逐词审校"
"A1","brosjyre","名词","阅读与信息","NTNU NoW1; NorweigenLearn 当前词库","宣传册；说明手册；小册子","en brosjyre · brosjyren · brosjyrer · brosjyrene","Jeg fant en brosjyre om norskkurs på biblioteket. / Brosjyren ligger på bordet.","我在图书馆找到一本挪威语课程介绍册。 / 那本宣传册在桌子上。","2","A1","true","true","词典核验：词头/词性/核心义项","Bokmålsordboka","https://ordbokene.no/bm/brosjyre","2026-09-24","","true","词头与列出词形匹配","课程候选等级；尚未逐词人工确认","例句/译文尚未人工逐词审校"
"A1","bytur","名词","出行与活动","NTNU NoW1; NorweigenLearn 当前词库","进城；去城里逛/办事的一趟；城市游览","en bytur · byturen · byturer · byturene","Vi drar på bytur på lørdag. / Byturen tok hele ettermiddagen.","我们星期六进城逛逛。 / 这趟进城逛街花了整个下午。","2","A1","true","true","词典核验：词头/词性/核心义项","Bokmålsordboka","https://ordbokene.no/bm/bytur","2026-09-24","","true","词头与列出词形匹配","课程候选等级；尚未逐词人工确认","例句/译文尚未人工逐词审校"
"A1","dessverre","副词","描述与感受","NTNU LearnNoW; NorweigenLearn 当前词库","遗憾的是；可惜；不幸的是","dessverre","Dessverre kan jeg ikke komme i kveld. / Bussen er dessverre forsinket.","很遗憾，我今晚不能来。 / 很可惜，公交车晚点了。","2","A1","true","true","词典核验：词头/词性/核心义项","Bokmålsordboka","https://ordbokene.no/nno/bm/DESSVERRE","2026-09-24","","true","词头与列出词形匹配","课程候选等级；尚未逐词人工确认","例句/译文尚未人工逐词审校"
"A1","dø","动词","生命与健康","NTNU NoW1; NorweigenLearn 当前词库","死亡；去世；熄灭（火/灯等，依语境）","dø · dør · døde · dødd","Den gamle katten døde i fjor. / Lyset døde ut da batteriet ble tomt.","那只老猫去年去世了。 / 电池耗尽时，灯光熄灭了。","2","A1","true","true","词典核验：词头/词性/核心义项","Bokmålsordboka","https://ordbokene.no/bm/d%C3%B8","2026-09-24","","true","词头与列出词形匹配","课程候选等级；尚未逐词人工确认","例句/译文尚未人工逐词审校"
"A1","dyr","形容词","价格与描述","NTNU LearnNoW; NorweigenLearn 当前词库","贵的；价格高的（注意：dyr 作名词时另指动物）","dyr · dyrt · dyre · dyre / dyrt, dyre","Denne jakka er for dyr for meg. / Det er dyrt å bo i Oslo.","这件夹克对我来说太贵了。 / 在奥斯陆生活很贵。","2","A1","true","true","词典核验：词头/词性/核心义项","Bokmålsordboka","https://ordbokene.no/bm/dyr","2026-09-24","","true","词头与列出词形匹配","课程候选等级；尚未逐词人工确认","例句/译文尚未人工逐词审校"
"A1","elske","动词","感受与关系","NTNU LearnNoW; NorweigenLearn 当前词库","爱；深爱；非常喜欢","elske · elsker · elsket · elsket / elsker, elsket, har elsket","De elsker barna sine. / Jeg elsker å gå på ski om vinteren.","他们深爱自己的孩子。 / 我特别喜欢冬天去滑雪。","2","A1","true","true","词典核验：词头/词性/核心义项","Bokmålsordboka","https://ordbokene.no/bm/elske","2026-09-24","","true","词头与列出词形匹配","课程候选等级；尚未逐词人工确认","例句/译文尚未人工逐词审校"
"A1","farge","名词","颜色与描述","NTNU NoW1; NorweigenLearn 当前词库","颜色；色彩；染料（依语境）","en farge · fargen · farger · fargene","Hvilken farge har bilen din? / Butikken har mange fine farger.","你的车是什么颜色？ / 这家店有很多漂亮的颜色。","2","A1","true","true","词典核验：词头/词性/核心义项","Bokmålsordboka","https://ordbokene.no/bm/farge","2026-09-24","","true","词头与列出词形匹配","课程候选等级；尚未逐词人工确认","例句/译文尚未人工逐词审校"
"A1","ferdig","形容词","状态与描述","NTNU LearnNoW; NorweigenLearn 当前词库","完成的；做完的；准备好的；用完的（依语境）","ferdig · ferdig · ferdige · ferdige / ferdig, ferdige","Jeg er ferdig med leksene. / Maten er snart ferdig.","我做完作业了。 / 饭菜很快就做好了。","2","A1","true","true","词典核验：词头/词性/核心义项","Bokmålsordboka","https://ordbokene.no/bm/ferdig","2026-09-24","","true","词头与列出词形匹配","课程候选等级；尚未逐词人工确认","例句/译文尚未人工逐词审校"
"A1","fersk","形容词","食物与描述","NTNU LearnNoW; NorweigenLearn 当前词库","新鲜的；刚做/刚到的；最新的（依语境）","fersk · ferskt · ferske · ferskere · ferskest / ferskeste / ferskt, ferske","Vi kjøper fersk fisk på markedet. / Jeg baker ferskt brød hver søndag.","我们在市场买新鲜鱼。 / 我每个星期天都烤新鲜面包。","2","A1","true","true","词典核验：词头/词性/核心义项","Bokmålsordboka","https://ordbokene.no/bm/fersk","2026-09-24","","true","词头与列出词形匹配","课程候选等级；尚未逐词人工确认","例句/译文尚未人工逐词审校"
"A1","fisk","名词","食物与动物","NTNU LearnNoW; NorweigenLearn 当前词库","鱼；鱼肉（依语境）","en fisk · fisken · fisker · fiskene / fisken, fisker, fiskene","Vi spiser fisk til middag på fredager. / Det er mange fisker i innsjøen.","我们星期五晚饭吃鱼。 / 湖里有很多鱼。","2","A1","true","true","词典核验：词头/词性/核心义项","Bokmålsordboka","https://ordbokene.no/bm/fisk","2026-09-24","","true","词头与列出词形匹配","课程候选等级；尚未逐词人工确认","例句/译文尚未人工逐词审校"
"A1","fiskemarked","名词","鱼类与购物","NTNU NoW1; NorweigenLearn 当前词库","鱼市场；鱼类市场；海鲜市场","et fiskemarked · fiskemarkedet · fiskemarkeder · fiskemarkedene","Vi kjøpte fersk torsk på fiskemarkedet. / Fiskemarkedet åpner tidlig om morgenen.","我们在鱼市场买了新鲜鳕鱼。 / 鱼市场清晨开门。","2","A1","true","true","词典核验：词头/词性/核心义项","Bokmålsordboka","https://ordbokene.no/bm/fiskemarked","2026-09-24","","false","透明复合词词形匹配中心词","课程候选等级；尚未逐词人工确认","例句/译文尚未人工逐词审校"
"A1","flink","形容词","描述与感受 / 未来计划与目标","NTNU LearnNoW; NorweigenLearn 当前词库","擅长的；能干的；表现好的","flink · flinkt · flinke · flinkere · flinkest / flinkt, flinke","Datteren min er flink til å tegne. / Han er flinkere i norsk nå.","我女儿很会画画。 / 他现在挪威语学得更好了。","2","A1","true","true","词典核验：词头/词性/核心义项","Bokmålsordboka","https://ordbokene.no/bm/flink","2026-09-24","","true","词头与列出词形匹配","课程候选等级；尚未逐词人工确认","例句/译文尚未人工逐词审校"
"A1","fortsette","动词","日常动作","NTNU LearnNoW; NorweigenLearn 当前词库","继续；接着做；持续","fortsette · fortsetter · fortsatte · fortsatt / fortsetter, forsatte, har fortsatt","Vi fortsetter å øve etter pausen. / Det regnet hele dagen, men kampen fortsatte.","休息后我们继续练习。 / 下了一整天雨，但比赛继续进行了。","2","A1","true","true","词典核验：词头/词性/核心义项","Bokmålsordboka","https://ordbokene.no/bm/fortsette","2026-09-24","","true","词头与列出词形匹配","课程候选等级；尚未逐词人工确认","例句/译文尚未人工逐词审校"
"A1","fotballspiller","名词","运动与人物","NTNU LearnNoW; NorweigenLearn 当前词库","足球运动员；踢足球的人","en fotballspiller · fotballspilleren · fotballspillere · fotballspillerne / fotballspilleren, fotballspillere, fotballspillerne","Broren min er fotballspiller i en lokal klubb. / Fotballspillerne trener tre ganger i uka.","我哥哥 / 弟弟是当地俱乐部的足球运动员。 / 足球运动员们每周训练三次。","2","A1","true","true","词典核验：词头/词性/核心义项","Bokmålsordboka","https://ordbokene.no/bm/fotballspiller","2026-09-24","","true","词头与列出词形匹配","课程候选等级；尚未逐词人工确认","例句/译文尚未人工逐词审校"
"A1","frukt","名词","水果与食物","NTNU LearnNoW; NorweigenLearn 当前词库","水果；一种水果","en frukt · frukten · frukter · fruktene / frukten, frukter, fruktene","Barnet får frukt etter barnehagen. / Eplet er en frukt.","孩子从幼儿园回来后会吃水果。 / 苹果是一种水果。","2","A1","true","true","词典核验：词头/词性/核心义项","Bokmålsordboka","https://ordbokene.no/bm/frukt","2026-09-24","","true","词头与列出词形匹配","课程候选等级；尚未逐词人工确认","例句/译文尚未人工逐词审校"
"A1","gjennom","介词","位置与指示","NTNU LearnNoW; NorweigenLearn 当前词库","穿过；通过；贯穿","gjennom","Vi går gjennom parken. / Hun leser gjennom e-posten før hun sender den.","我们穿过公园。 / 她发送邮件前通读了一遍。","2","A1","true","true","词典核验：词头/词性/核心义项","Bokmålsordboka","https://ordbokene.no/bm/gjennom","2026-09-24","","true","词头与列出词形匹配","课程候选等级；尚未逐词人工确认","例句/译文尚未人工逐词审校"
"A1","glass","名词","厨房与用餐","NTNU LearnNoW; NorweigenLearn 当前词库","玻璃；玻璃杯；一杯（饮料，依语境）","et glass · glasset · glass · glassene / glasset, glass, glassene","Kan jeg få et glass vann? / Glasset falt på gulvet, men det knuste ikke.","能给我一杯水吗？ / 玻璃杯掉到地上了，但没有摔碎。","2","A1","true","true","词典核验：词头/词性/核心义项","Bokmålsordboka","https://ordbokene.no/bm/glass","2026-09-24","","true","词头与列出词形匹配","课程候选等级；尚未逐词人工确认","例句/译文尚未人工逐词审校"
"A1","grav","名词","地点与生活","NTNU NoW1; NorweigenLearn 当前词库","坟墓；墓穴；墓地中的墓位","en grav · graven · graver · gravene","Familien la blomster på graven. / Graven ligger på kirkegården ved kirka.","家人在墓前放了鲜花。 / 那座墓在教堂旁的墓园里。","2","A1","true","true","词典核验：词头/词性/核心义项","Bokmålsordboka","https://ordbokene.no/bm/grav","2026-09-24","","true","词头与列出词形匹配","课程候选等级；尚未逐词人工确认","例句/译文尚未人工逐词审校"
"A1","grønnsak","名词","蔬菜与食物","NTNU LearnNoW; NorweigenLearn 当前词库","蔬菜；一种蔬菜","en grønnsak · grønnsaken · grønnsaker · grønnsakene / grønnsaken, grønnsaker, grønnsakene","Barn bør spise frukt og grønnsaker hver dag. / Gulrota er en rotgrønnsak.","孩子应该每天吃水果和蔬菜。 / 胡萝卜是一种根茎类蔬菜。","2","A1","true","true","词典核验：词头/词性/核心义项","Bokmålsordboka","https://ordbokene.no/bm/grønnsak","2026-09-24","","true","词头与列出词形匹配","课程候选等级；尚未逐词人工确认","例句/译文尚未人工逐词审校"
"A1","grov","形容词","食物与描述","NTNU LearnNoW; NorweigenLearn 当前词库","粗的；粗糙的；粗粒/全谷物的（食物语境）","grov · grovt · grove · grove / grovt, grove","Jeg kjøper grovt brød til frokost. / Vi trenger grove gulrøtter til suppa.","我买全麦面包当早餐。 / 我们做汤需要粗一些的胡萝卜。","2","A1","true","true","词典核验：词头/词性/核心义项","Bokmålsordboka","https://ordbokene.no/bm/grov","2026-09-24","","true","词头与列出词形匹配","课程候选等级；尚未逐词人工确认","例句/译文尚未人工逐词审校"
"A1","guide","名词","旅行与参观","NTNU NoW1; NorweigenLearn 当前词库","导游；指南；指导手册（依语境）","en guide · guiden · guider · guidene","Guiden viser oss rundt i museet. / Jeg bruker en guide til norsk grammatikk.","导游带我们参观博物馆。 / 我用一本挪威语语法指南。","2","A1","true","true","词典核验：词头/词性/核心义项","Bokmålsordboka","https://ordbokene.no/bm/guide","2026-09-24","","true","词头与列出词形匹配","课程候选等级；尚未逐词人工确认","例句/译文尚未人工逐词审校"
"A1","gul","形容词","颜色与描述","NTNU LearnNoW; NorweigenLearn 当前词库","黄色的；黄的","gul · gult · gule · gule / gult, gule","Hun har en gul regnjakke. / Bladene blir gule om høsten.","她有一件黄色雨衣。 / 树叶在秋天会变黄。","2","A1","true","true","词典核验：词头/词性/核心义项","Bokmålsordboka","https://ordbokene.no/bm/gul","2026-09-24","","true","词头与列出词形匹配","课程候选等级；尚未逐词人工确认","例句/译文尚未人工逐词审校"
"A1","gulrot","名词","蔬菜与食物","NTNU LearnNoW; NorweigenLearn 当前词库","胡萝卜；红萝卜（橙色根菜）","ei gulrot · gulrota · gulrøtter · gulrøttene / gulrota, gulrøtter, gulrøttene","Jeg skreller ei gulrot til suppa. / Gulrøttene ligger i kjøleskapet.","我削一根胡萝卜放进汤里。 / 那些胡萝卜放在冰箱里。","2","A1","true","true","词典核验：词头/词性/核心义项","Bokmålsordboka","https://ordbokene.no/bm/gulrot","2026-09-24","","true","词头与列出词形匹配","课程候选等级；尚未逐词人工确认","例句/译文尚未人工逐词审校"
"A1","himmel","名词","自然与天气","NTNU LearnNoW; NorweigenLearn 当前词库","天空；天；（宗教语境）天堂","en himmel · himmelen · himler · himlene / himmelen, himler, himlene","Himmelen er blå i dag. / Det er en sky på himmelen.","今天天空很蓝。 / 天空中有一朵云。","2","A1","true","true","词典核验：词头/词性/核心义项","Bokmålsordboka","https://ordbokene.no/bm/himmel","2026-09-24","","true","词头与列出词形匹配","课程候选等级；尚未逐词人工确认","例句/译文尚未人工逐词审校"
"A1","kanskje","副词","描述与感受 / 未来计划与目标","NTNU LearnNoW; NorweigenLearn 当前词库","也许；可能；说不定","kanskje","Kanskje kommer hun på besøk i morgen. / Vi kan kanskje ta bussen.","她也许明天会来拜访。 / 我们也许可以坐公交。","2","A1","true","true","词典核验：词头/词性/核心义项","Bokmålsordboka","https://ordbokene.no/bm/kanskje","2026-09-24","","true","词头与列出词形匹配","课程候选等级；尚未逐词人工确认","例句/译文尚未人工逐词审校"
"A1","katedral","名词","城市与文化","NTNU NoW1; NorweigenLearn 当前词库","大教堂；主教座堂（通常是主教驻地教堂）","en katedral · katedralen · katedraler · katedralene","Turistene besøkte katedralen i sentrum. / Nidarosdomen er en kjent katedral i Trondheim.","游客参观了市中心的大教堂。 / 尼达罗斯大教堂是特隆赫姆一座著名的大教堂。","2","A1","true","true","词典核验：词头/词性/核心义项","Bokmålsordboka","https://ordbokene.no/bm/katedral","2026-09-24","","true","词头与列出词形匹配","课程候选等级；尚未逐词人工确认","例句/译文尚未人工逐词审校"
"A1","katt","名词","宠物与动物","NTNU LearnNoW; NorweigenLearn 当前词库","猫；家猫","en katt · katten · katter · kattene / katten, katter, kattene","Naboen har en svart katt. / Katten sover på sofaen.","邻居养了一只黑猫。 / 猫在沙发上睡觉。","2","A1","true","true","词典核验：词头/词性/核心义项","Bokmålsordboka","https://ordbokene.no/bm/katt","2026-09-24","","true","词头与列出词形匹配","课程候选等级；尚未逐词人工确认","例句/译文尚未人工逐词审校"
"A1","kilo","名词","购物与数量","NTNU LearnNoW; NorweigenLearn 当前词库","千克；公斤；一公斤的量","et kilo · kiloet / kiloa · kilo · kiloene / kiloet, kiloer, kiloene","Jeg kjøper et kilo epler. / Potetene koster tjue kroner kiloet.","我买一公斤苹果。 / 土豆每公斤二十克朗。","2","A1","true","true","词典核验：词头/词性/核心义项","Bokmålsordboka","https://ordbokene.no/bm/kilo","2026-09-24","","true","词头与列出词形匹配","课程候选等级；尚未逐词人工确认","例句/译文尚未人工逐词审校"
"A1","kjøtt","名词","食物与购物","NTNU LearnNoW; NorweigenLearn 当前词库","肉；肉类（通常不可数）","kjøtt · kjøttet / kjøttet","Vi spiser ikke kjøtt hver dag. / Kjøttet er ferdig stekt.","我们不是每天都吃肉。 / 肉已经煎 / 烤好了。","2","A1","true","true","词典核验：词头/词性/核心义项","Bokmålsordboka","https://ordbokene.no/bm/kj%C3%B8tt","2026-09-24","","true","词头与列出词形匹配","课程候选等级；尚未逐词人工确认","例句/译文尚未人工逐词审校"
"A1","klappe","动词","日常动作","NTNU LearnNoW; NorweigenLearn 当前词库","拍；轻拍；鼓掌；抚摸（依搭配）","klappe · klapper · klappet · klappet / klapper, klappet, har klappet","Publikum klappet etter konserten. / Barnet klapper katten forsiktig.","音乐会结束后观众鼓掌了。 / 孩子轻轻抚摸那只猫。","2","A1","true","true","词典核验：词头/词性/核心义项","Bokmålsordboka","https://ordbokene.no/bm/klappe","2026-09-24","","true","词头与列出词形匹配","课程候选等级；尚未逐词人工确认","例句/译文尚未人工逐词审校"
"A1","klar","形容词","状态与描述","NTNU LearnNoW; NorweigenLearn 当前词库","准备好的；清楚的；明显的（依结构）","klar · klart · klare · klare / klart, klare","Er du klar til å gå nå? / Vi er klare for prøven.","你现在准备好出发了吗？ / 我们已经准备好参加考试了。","2","A1","true","true","词典核验：词头/词性/核心义项","Bokmålsordboka","https://ordbokene.no/bm/klar","2026-09-24","","true","词头与列出词形匹配","课程候选等级；尚未逐词人工确认","例句/译文尚未人工逐词审校"
"A1","kylling","名词","食物与购物","NTNU LearnNoW; NorweigenLearn 当前词库","鸡；小鸡；鸡肉（食物语境）","en kylling · kyllingen · kyllinger · kyllingene / kyllingen, kyllinger, kyllingene","Vi skal ha kylling med ris til middag. / Kyllingene går sammen med høna.","我们晚饭要吃鸡肉配米饭。 / 小鸡们跟着母鸡一起走。","2","A1","true","true","词典核验：词头/词性/核心义项","Bokmålsordboka","https://ordbokene.no/bm/kylling","2026-09-24","","true","词头与列出词形匹配","课程候选等级；尚未逐词人工确认","例句/译文尚未人工逐词审校"
"A1","lag","名词","团队与社交","NTNU LearnNoW; NorweigenLearn 当前词库","队；团队；小组（也有“层、层次”等义）","et lag · laget · lag · lagene / laget, lag, lagene","Sønnen min spiller på et fotballag. / Vi jobber godt i lag.","我儿子在一支足球队踢球。 / 我们合作得很好。","2","A1","true","true","词典核验：词头/词性/核心义项","Bokmålsordboka","https://ordbokene.no/bm/lag","2026-09-24","","true","词头与列出词形匹配","课程候选等级；尚未逐词人工确认","例句/译文尚未人工逐词审校"
"A1","laks","名词","食物与购物","NTNU LearnNoW; NorweigenLearn 当前词库","鲑鱼；三文鱼（鱼类或食材）","en laks · laksen · lakser · laksene / laksen, lakser, laksene","Vi spiser laks med poteter i dag. / Laksen svømmer opp elva.","我们今天吃三文鱼配土豆。 / 鲑鱼沿河向上游游。","2","A1","true","true","词典核验：词头/词性/核心义项","Bokmålsordboka","https://ordbokene.no/bm/laks","2026-09-24","","true","词头与列出词形匹配","课程候选等级；尚未逐词人工确认","例句/译文尚未人工逐词审校"
"A1","liter","名词","购物与数量","NTNU LearnNoW; NorweigenLearn 当前词库","升；一升的容量单位","en liter · literen · liter · literne / literen, liter, literne","Jeg drikker nesten en liter vann om dagen. / Vi trenger to liter melk til oppskriften.","我每天喝将近一升水。 / 这个食谱需要两升牛奶。","2","A1","true","true","词典核验：词头/词性/核心义项","Bokmålsordboka","https://ordbokene.no/bm/liter","2026-09-24","","true","词头与列出词形匹配","课程候选等级；尚未逐词人工确认","例句/译文尚未人工逐词审校"
"A1","loff","名词","面包与食物","NTNU LearnNoW; NorweigenLearn 当前词库","白面包；白面包条（通常指松软精白面包）","en loff · loffen · loffer · loffene / loffen, loffer, loffene","Bestefar kjøpte en fersk loff til frokost. / Jeg smører ost på en skive loff.","爷爷 / 外公买了一条新鲜白面包作早餐。 / 我在一片白面包上抹奶酪。","2","A1","true","true","词典核验：词头/词性/核心义项","Bokmålsordboka","https://ordbokene.no/bm/loff","2026-09-24","","true","词头与列出词形匹配","课程候选等级；尚未逐词人工确认","例句/译文尚未人工逐词审校"
"A1","lunsj","名词","厨房与用餐","NTNU LearnNoW; NorweigenLearn 当前词库","午餐","en lunsj · lunsjen · lunsjer · lunsjene / lunsjen, lunsjer, lunsjene","Vi spiser lunsj klokka tolv. / Lunsjen i dag var god.","我们十二点吃午饭。 / 今天的午餐很好吃。","2","A1","true","true","词典核验：词头/词性/核心义项","Bokmålsordboka","https://ordbokene.no/bm/lunsj","2026-09-24","","true","词头与列出词形匹配","课程候选等级；尚未逐词人工确认","例句/译文尚未人工逐词审校"
"A1","lyst","名词","意愿与感受","NTNU LearnNoW; NorweigenLearn 当前词库","愿望；兴趣；想做某事的意愿；欲望（依语境）","ei lyst · lysta · lyster · lystene / lysten, lyster, lystene","Jeg har lyst til å lære mer norsk. / Har du lyst på kaffe?","我想再多学一些挪威语。 / 你想喝咖啡吗？","2","A1","true","true","词典核验：词头/词性/核心义项","Bokmålsordboka","https://ordbokene.no/bm/lyst","2026-09-24","","true","词头与列出词形匹配","课程候选等级；尚未逐词人工确认","例句/译文尚未人工逐词审校"
"A1","mål","名词","目标与交流 / 未来计划与目标","NTNU LearnNoW; NorweigenLearn 当前词库","目标；目的；进球；语言（依语境）","et mål · målet · mål · målene / målet, mål, målene","Målet mitt er å snakke norsk på jobb. / Hun scoret et mål i kampen.","我的目标是在工作中说挪威语。 / 她在比赛中进了一个球。","2","A1","true","true","词典核验：词头/词性/核心义项","Bokmålsordboka","https://ordbokene.no/bm/mål","2026-09-24","","true","词头与列出词形匹配","课程候选等级；尚未逐词人工确认","例句/译文尚未人工逐词审校"
"A1","mat","名词","日常基础","NTNU LearnNoW; NorweigenLearn 当前词库","食物","mat · maten · — · — / maten (uncountable)","Vi lager mat hjemme.","我们在家做饭。","1","A1","true","true","词典核验：词头/词性/核心义项","Bokmålsordboka","https://ordbokene.no/bm/mat","2026-09-24","","true","词头与列出词形匹配","课程候选等级；尚未逐词人工确认","例句/译文尚未人工逐词审校"
"A1","melk","名词","食物与购物","NTNU LearnNoW; NorweigenLearn 当前词库","牛奶","melk · melken · — · — / melken (uncountable)","Barnet drikker melk.","孩子喝牛奶。","1","A1","true","true","词典核验：词头/词性/核心义项","Bokmålsordboka","https://ordbokene.no/bm/melk","2026-09-24","","true","词头与列出词形匹配","课程候选等级；尚未逐词人工确认","例句/译文尚未人工逐词审校"
"A1","mett","形容词","用餐与感受","NTNU LearnNoW; NorweigenLearn 当前词库","饱的；吃饱了的","mett · mett · mette · mette / mett, mette","Takk, jeg er mett nå. / Barna ble mette etter middagen.","谢谢，我现在吃饱了。 / 孩子们晚饭后吃饱了。","2","A1","true","true","词典核验：词头/词性/核心义项","Bokmålsordboka","https://ordbokene.no/bm/mett","2026-09-24","","true","词头与列出词形匹配","课程候选等级；尚未逐词人工确认","例句/译文尚未人工逐词审校"
"A1","middag","名词","用餐与时间","NTNU LearnNoW; NorweigenLearn 当前词库","晚餐；正餐；午餐（地域/语境差异）","en middag · middagen · middager · middagene / middagen, middager, middagene","Vi spiser middag klokka fem. / Middagen står på bordet.","我们五点吃晚饭 / 正餐。 / 晚饭已经摆在桌上了。","2","A1","true","true","词典核验：词头/词性/核心义项","Bokmålsordboka","https://ordbokene.no/bm/middag","2026-09-24","","true","词头与列出词形匹配","课程候选等级；尚未逐词人工确认","例句/译文尚未人工逐词审校"
"A1","mot","介词","位置与关系","NTNU LearnNoW; NorweigenLearn 当前词库","朝向；朝着；对着；反对；靠着（依语境）","mot","Vi går mot busstasjonen nå. / Hun lente sykkelen mot veggen.","我们现在朝公交车站走。 / 她把自行车靠在墙边。","2","A1","true","true","词典核验：词头/词性/核心义项","Bokmålsordboka","https://ordbokene.no/bm/mot","2026-09-24","","true","词头与列出词形匹配","课程候选等级；尚未逐词人工确认","例句/译文尚未人工逐词审校"
"A1","nummer","名词","个人信息与数字","NTNU LearnNoW; NorweigenLearn 当前词库","号码；编号；数字；期号（依语境）","et nummer · nummeret · nummer / numre · numrene / nummeret, nummer/numre, numrene","Kan jeg få telefonnummeret ditt? / Huset vårt har nummer tolv.","我可以要你的电话号码吗？ / 我们的房子是十二号。","2","A1","true","true","词典核验：词头/词性/核心义项","Bokmålsordboka","https://ordbokene.no/bm/nummer","2026-09-24","","true","词头与列出词形匹配","课程候选等级；尚未逐词人工确认","例句/译文尚未人工逐词审校"
"A1","ny","形容词","描述与感受","NTNU LearnNoW; NorweigenLearn 当前词库","新的；刚来的","ny · nytt · nye · nyere · nyest / nyeste / nytt, nye","Hun har fått en ny jobb. / Vi kjøpte et nytt bord.","她找到了一份新工作。 / 我们买了一张新桌子。","2","A1","true","true","词典核验：词头/词性/核心义项","Bokmålsordboka","https://ordbokene.no/bm/ny","2026-09-24","","true","词头与列出词形匹配","课程候选等级；尚未逐词人工确认","例句/译文尚未人工逐词审校"
"A1","nysgjerrig","形容词","描述与感受","NTNU LearnNoW; NorweigenLearn 当前词库","好奇的；想知道的","nysgjerrig · nysgjerrig · nysgjerrige · nysgjerrige / nysgjerrig, nysgjerrige","Jeg er nysgjerrig på den nye boka. / Barna stilte mange spørsmål fordi de var nysgjerrige.","我很好奇那本新书。 / 孩子们问了很多问题，因为他们很好奇。","2","A1","true","true","词典核验：词头/词性/核心义项","Bokmålsordboka","https://ordbokene.no/bm/nysgjerrig","2026-09-24","","true","词头与列出词形匹配","课程候选等级；尚未逐词人工确认","例句/译文尚未人工逐词审校"
"A1","ost","名词","食物与购物","NTNU LearnNoW; NorweigenLearn 当前词库","奶酪；乳酪","en ost · osten · oster · ostene / osten, oster, ostene","Jeg spiser brød med ost til frokost. / Denne osten kommer fra en gård i nærheten.","我早餐吃夹奶酪的面包。 / 这款奶酪来自附近的一个农场。","2","A1","true","true","词典核验：词头/词性/核心义项","Bokmålsordboka","https://ordbokene.no/bm/ost","2026-09-24","","true","词头与列出词形匹配","课程候选等级；尚未逐词人工确认","例句/译文尚未人工逐词审校"
"A1","pålegg","名词","早餐与食物","NTNU LearnNoW; NorweigenLearn 当前词库","面包配料；抹面包/夹面包吃的冷食（如奶酪、火腿）","et pålegg · pålegget · pålegg · påleggene / pålegget, pålegg, påleggene","Barna velger pålegg til matpakka. / Pålegget står i kjøleskapet.","孩子们为午餐盒里的面包选择配料。 / 面包配料放在冰箱里。","2","A1","true","true","词典核验：词头/词性/核心义项","Bokmålsordboka","https://ordbokene.no/bm/pålegg","2026-09-24","","true","词头与列出词形匹配","课程候选等级；尚未逐词人工确认","例句/译文尚未人工逐词审校"
"A1","paprika","名词","蔬菜与食物","NTNU LearnNoW; NorweigenLearn 当前词库","甜椒；彩椒；灯笼椒（蔬菜）","en paprika · paprikaen · paprikaer · paprikaene / paprikaen, paprikaer, paprikaene","Jeg skjærer en rød paprika i små biter. / Paprikaen passer godt i salaten.","我把一个红甜椒切成小块。 / 甜椒很适合放进沙拉里。","2","A1","true","true","词典核验：词头/词性/核心义项","Bokmålsordboka","https://ordbokene.no/bm/paprika","2026-09-24","","true","词头与列出词形匹配","课程候选等级；尚未逐词人工确认","例句/译文尚未人工逐词审校"
"A1","pose","名词","食物与购物","NTNU LearnNoW; NorweigenLearn 当前词库","袋子；购物袋","en pose · posen · poser · posene / posen, poser, posene","Vil du ha en pose? / Jeg legger varene i posen.","你要一个袋子吗？ / 我把商品放进袋子里。","2","A1","true","true","词典核验：词头/词性/核心义项","Bokmålsordboka","https://ordbokene.no/bm/pose","2026-09-24","","true","词头与列出词形匹配","课程候选等级；尚未逐词人工确认","例句/译文尚未人工逐词审校"
"A1","potet","名词","蔬菜与食物","NTNU LearnNoW; NorweigenLearn 当前词库","土豆；马铃薯","en potet · poteten · poteter · potetene / poteten, poteter, potetene","Vi koker poteter til fisken. / Potetene er klare nå.","我们煮土豆配鱼吃。 / 土豆现在做好了。","2","A1","true","true","词典核验：词头/词性/核心义项","Bokmålsordboka","https://ordbokene.no/bm/potet","2026-09-24","","true","词头与列出词形匹配","课程候选等级；尚未逐词人工确认","例句/译文尚未人工逐词审校"
"A1","prøve","动词","日常动作 / 食物与购物 / 未来计划与目标","NTNU LearnNoW; NorweigenLearn 当前词库","尝试；试一试；试穿","prøve · prøver · prøvde · prøvd / prøver, prøvde, har prøvd","Jeg prøver å snakke norsk hver dag. / Han prøvde jakka før han kjøpte den.","我每天都试着说挪威语。 / 他买夹克前先试穿了。","2","A1","true","true","词典核验：词头/词性/核心义项","Bokmålsordboka","https://ordbokene.no/bm/pr%C3%B8ve","2026-09-24","","true","词头与列出词形匹配","课程候选等级；尚未逐词人工确认","例句/译文尚未人工逐词审校"
"A1","sette","动词","日常动作 / 家与房间","NTNU LearnNoW; NorweigenLearn 当前词库","放；摆；使坐下/安置","sette · setter · satte · satt / setter, satte, har satt","Hun setter koppen på bordet. / Vi satte oss ved vinduet.","她把杯子放在桌上。 / 我们在窗边坐下了。","2","A1","true","true","词典核验：词头/词性/核心义项","Bokmålsordboka","https://ordbokene.no/bm/sette","2026-09-24","","true","词头与列出词形匹配","课程候选等级；尚未逐词人工确认","例句/译文尚未人工逐词审校"
"A1","sol","名词","自然与天气","NTNU LearnNoW; NorweigenLearn 当前词库","太阳；阳光","ei sol · sola · soler · solene / sola, soler, solene","Sola skinner i dag. / Vi sitter i sola på terrassen.","今天阳光明媚。 / 我们坐在露台上晒太阳。","2","A1","true","true","词典核验：词头/词性/核心义项","Bokmålsordboka","https://ordbokene.no/bm/sol","2026-09-24","","true","词头与列出词形匹配","课程候选等级；尚未逐词人工确认","例句/译文尚未人工逐词审校"
"A1","ute","副词","位置与日常活动","NTNU LearnNoW; NorweigenLearn 当前词库","在外面；户外；不在家/不在场（依语境）","ute","Barna leker ute etter skolen. / Sjefen er ute og handler.","孩子们放学后在外面玩。 / 老板出去购物了。","2","A1","true","true","词典核验：Bokmål词头/词性/核心义项","Bokmålsordboka","https://ordbokene.no/bm/ute","2026-09-24","","true","词头与列出词形匹配","课程候选等级；尚未逐词人工确认","例句/译文尚未人工逐词审校"
"A1","vær","名词","季节与天气","NTNU LearnNoW; NorweigenLearn 当前词库","天气；气象状况；天气情况","et vær · været / været (uncountable)","Det blir dårlig vær i morgen. / Hvordan blir været i helga?","明天天气会不好。 / 周末天气怎么样？","2","A1","true","true","词典核验：Bokmål词头/词性/核心义项","Bokmålsordboka","https://ordbokene.no/bm/v%C3%A6r","2026-09-24","","true","词头与列出词形匹配","课程候选等级；尚未逐词人工确认","例句/译文尚未人工逐词审校"
"A1","huske","动词","日常动作 / 时间与日常","NTNU LearnNoW; NTNU NoW1; NorweigenLearn 当前词库","记得；记住","huske · husker · husket · husket / husker, husket, har husket","Husker du adressen? / Jeg husket å låse døra.","你记得地址吗？ / 我记得锁门了。","2","A1","true","true","词典核验：词头/词性/核心义项","Bokmålsordboka","https://ordbokene.no/bm/huske","2026-09-24","","true","词头与列出词形匹配","课程候选等级；尚未逐词人工确认","例句/译文尚未人工逐词审校"
"A1","billig","形容词","描述与感受","NTNU LearnNoW; NorweigenLearn 当前词库","便宜的；价格低的","billig · billig · billige · billigere · billigst / billig, billige","Denne jakka er billigere enn den andre. / Vi fant den billigste billetten på nettet.","这件外套比另一件便宜。 / 我们在网上找到了最便宜的车票。","2","A1","true","true","词典核验：词头/词性/核心义项","Bokmålsordboka","https://ordbokene.no/bm/billig","2026-09-24","","true","词头与列出词形匹配","课程候选等级；尚未逐词人工确认","例句/译文尚未人工逐词审校"
"A1","brun","形容词","描述与感受","NTNU LearnNoW; NorweigenLearn 当前词库","棕色的；褐色的；晒黑的","brun · brunt · brune · brunere · brunest / brunt, brune","Hun har brune øyne. / Vi kjøpte et brunt bord.","她有一双棕色的眼睛。 / 我们买了一张棕色的桌子。","2","A1","true","true","词典核验：词头/词性/核心义项","Bokmålsordboka","https://ordbokene.no/bm/brun","2026-09-24","","true","词头与列出词形匹配","课程候选等级；尚未逐词人工确认","例句/译文尚未人工逐词审校"
"A1","dit","副词","公共交通与方向","NTNU LearnNoW; NorweigenLearn 当前词库","到那里；往那里（表示方向/目的地）","dit","Hvordan kommer jeg dit fra stasjonen? / Jeg var der i går, men skal dit igjen i morgen.","我从车站怎么去那里？ / 我昨天在那里，明天还要再去。","2","A1","true","true","词典核验：词头/词性/核心义项","Bokmålsordboka","https://ordbokene.no/bm/dit","2026-09-24","","true","词头与列出词形匹配","课程候选等级；尚未逐词人工确认","例句/译文尚未人工逐词审校"
"A1","etterpå","副词","习惯与频率","NTNU LearnNoW; NorweigenLearn 当前词库","之后；过一会儿；后来","etterpå","Vi spiser først, og så går vi en tur etterpå. / Jeg ringer deg etterpå.","我们先吃饭，然后再去散步。 / 我过一会儿给你打电话。","2","A1","true","true","词典核验：词头/词性/核心义项","Bokmålsordboka","https://ordbokene.no/bm/etterpå","2026-09-24","","true","词头与列出词形匹配","课程候选等级；尚未逐词人工确认","例句/译文尚未人工逐词审校"
"A1","forskjellig","形容词","描述与比较","NTNU LearnNoW; NorweigenLearn 当前词库","不同的；各不相同的；多种多样的","forskjellig · forskjellig · forskjellige · forskjellige / forskjellig, forskjellige","Søstrene mine er veldig forskjellige. / Vi har forskjellig smak i musikk.","我的姐妹们彼此很不一样。 / 我们的音乐品味不同。","2","A1","true","true","词典核验：词头/词性/核心义项","Bokmålsordboka","https://ordbokene.no/bm/forskjellig","2026-09-24","","true","词头与列出词形匹配","课程候选等级；尚未逐词人工确认","例句/译文尚未人工逐词审校"
"A1","glad","形容词","描述与感受 / 未来计划与目标","NTNU LearnNoW; NorweigenLearn 当前词库","高兴的；开心的；乐意的","glad · glad · glade · gladere · gladest / gladeste / glad, glade","Jeg er glad for at du kan komme. / Barna er glade i besteforeldrene sine.","我很高兴你能来。 / 孩子们喜欢 / 爱他们的祖父母。","2","A1","true","true","词典核验：词头/词性/核心义项","Bokmålsordboka","https://ordbokene.no/bm/glad","2026-09-24","","true","词头与列出词形匹配","课程候选等级；尚未逐词人工确认","例句/译文尚未人工逐词审校"
"A1","grønn","形容词","描述与感受","NTNU LearnNoW; NorweigenLearn 当前词库","绿色的；绿的","grønn · grønt · grønne · grønnere · grønnest / grønt, grønne","Hun har en grønn jakke. / Vi venter til lyset blir grønt.","她有一件绿色外套。 / 我们等到绿灯亮。","2","A1","true","true","词典核验：词头/词性/核心义项","Bokmålsordboka","https://ordbokene.no/bm/gr%C3%B8nn","2026-09-24","","true","词头与列出词形匹配","课程候选等级；尚未逐词人工确认","例句/译文尚未人工逐词审校"
"A1","inne","副词","位置与指示","NTNU LearnNoW; NorweigenLearn 当前词库","在里面；在室内","inne","Det er varmt inne. / Barna leker inne når det regner.","室内很暖和。 / 下雨时孩子们在室内玩。","2","A1","true","true","词典核验：词头/词性/核心义项","Bokmålsordboka","https://ordbokene.no/bm/inne","2026-09-24","","true","词头与列出词形匹配","课程候选等级；尚未逐词人工确认","例句/译文尚未人工逐词审校"
"A1","interessant","形容词","描述与感受","NTNU LearnNoW; NorweigenLearn 当前词库","有趣的；有意思的；值得关注的","interessant · interessant · interessante · mer interessant · mest interessant / interessant, interessante","Det var en interessant bok om Norge. / Det er interessant å høre hvordan du lærte norsk.","那是一本关于挪威的有趣书籍。 / 听你讲你是怎么学挪威语的很有意思。","2","A1","true","true","词典核验：词头/词性/核心义项","Bokmålsordboka","https://ordbokene.no/bm/interessant","2026-09-24","","true","基本词形匹配；比较级形式另核","课程候选等级；尚未逐词人工确认","例句/译文尚未人工逐词审校"
"A1","kjempegod","形容词","食物与描述","NTNU LearnNoW; NorweigenLearn 当前词库","特别好吃的；特别好的；极棒的","kjempegod · kjempegodt · kjempegode · kjempegode / kjempegodt, kjempegode","Suppa var kjempegod. / Vi spiste et kjempegodt måltid sammen.","汤特别好喝。 / 我们一起吃了一顿特别美味的饭。","2","A1","true","true","词典核验：词头/词性/核心义项","Bokmålsordboka","https://ordbokene.no/bm/god","2026-09-24","","true","词头与列出词形匹配","课程候选等级；尚未逐词人工确认","例句/译文尚未人工逐词审校"
"A1","kniv","名词","厨房与用餐","NTNU LearnNoW; NorweigenLearn 当前词库","刀；餐刀","en kniv · kniven · kniver · knivene / kniven, kniver, knivene","Kan jeg få en kniv? / Kniven ligger ved siden av tallerkenen.","可以给我一把刀吗？ / 餐刀在盘子旁边。","2","A1","true","true","词典核验：词头/词性/核心义项","Bokmålsordboka","https://ordbokene.no/bm/kniv","2026-09-24","","true","词头与列出词形匹配","课程候选等级；尚未逐词人工确认","例句/译文尚未人工逐词审校"
"A1","liten","形容词","描述与感受","NTNU LearnNoW; NorweigenLearn 当前词库","小；小的","lita(f), lite(n), små(pl), det/det lille, de små / liten · lite · små · mindre · minst / minste","Vi har et lite kjøkken. / Det minste rommet er barnets.","我们有一个小厨房。 / 最小的房间是孩子的。","2","A1","true","true","词典核验：词头/词性/核心义项","Bokmålsordboka","https://ordbokene.no/bm/liten","2026-09-24","","true","词头与列出词形匹配","课程候选等级；尚未逐词人工确认","例句/译文尚未人工逐词审校"
"A1","pris","名词","食物与购物","NTNU LearnNoW; NorweigenLearn 当前词库","价格","en pris · prisen · priser · prisene / prisen, priser, prisene","Hva er prisen på denne jakka? / Prisene har gått opp.","这件外套多少钱？ / 价格上涨了。","2","A1","true","true","词典核验：词头/词性/核心义项","Bokmålsordboka","https://ordbokene.no/bm/pris","2026-09-24","","true","词头与列出词形匹配","课程候选等级；尚未逐词人工确认","例句/译文尚未人工逐词审校"
"A1","sentrum","名词","公共交通与方向","NTNU LearnNoW; NorweigenLearn 当前词库","市中心；中心区域","et sentrum · sentrumet · sentrum / sentra / sentre · sentrumene / sentraene / sentrene / sentret, sentre, sentrene","Butikken ligger i sentrum. / Vi tar bussen til sentrum.","商店在市中心。 / 我们坐公交去市中心。","2","A1","true","true","词典核验：词头/词性/核心义项","Bokmålsordboka","https://ordbokene.no/bm/51018","2026-09-24","","true","词头与列出词形匹配","课程候选等级；尚未逐词人工确认","例句/译文尚未人工逐词审校"
"A1","sulten","形容词","食物与购物","NTNU LearnNoW; NorweigenLearn 当前词库","饿的","sulten · sultent · sultne · sultnere · sultnest / sultent, sultne","Er du sulten? Maten er klar. / Barna er sultne etter turen.","你饿了吗？饭做好了。 / 孩子们散步后饿了。","2","A1","true","true","词典核验：词头/词性/核心义项","Bokmålsordboka","https://ordbokene.no/bm/sulten","2026-09-24","","true","词头与列出词形匹配","课程候选等级；尚未逐词人工确认","例句/译文尚未人工逐词审校"
"A1","tallerken","名词","厨房与用餐","NTNU LearnNoW; NorweigenLearn 当前词库","盘子","en tallerken · tallerkenen · tallerkener · tallerkenene / tallerkenen, tallerkner, tallerknene","Jeg setter tallerkenen på bordet. / Vi trenger flere tallerkener.","我把盘子放在桌上。 / 我们还需要几个盘子。","2","A1","true","true","词典核验：词头/词性/核心义项","Bokmålsordboka","https://ordbokene.no/bm/tallerken","2026-09-24","","true","词头与列出词形匹配","课程候选等级；尚未逐词人工确认","例句/译文尚未人工逐词审校"
"A1","tørst","形容词","食物与购物","NTNU LearnNoW; NorweigenLearn 当前词库","渴的","tørst · tørst · tørste / tørst, tørste","Jeg er tørst. Kan jeg få vann? / De er tørste etter treningen.","我渴了。可以给我水吗？ / 他们锻炼后口渴。","2","A1","true","true","词典核验：词头/词性/核心义项","Bokmålsordboka","https://ordbokene.no/bm/t%C3%B8rst","2026-09-24","","true","词头与列出词形匹配","课程候选等级；尚未逐词人工确认","例句/译文尚未人工逐词审校"
"A1","vann","名词","饮食与购物 / 日常基础","NTNU LearnNoW; NorweigenLearn 当前词库","水；湖泊（按语境）","et vann · vannet · vann · vannene / vannet (uncountable) / vannet, vann, vannene","Kan jeg få et glass vann? / Det ligger et lite vann bak huset.","可以给我一杯水吗？ / 房子后面有一个小湖。","2","A1","true","true","词典核验：词头/词性/核心义项","Bokmålsordboka","https://ordbokene.no/bm/vann","2026-09-24","","true","词头与列出词形匹配","课程候选等级；尚未逐词人工确认","例句/译文尚未人工逐词审校"
"A1","datter","名词","家人和关系","NTNU NoW1; NorweigenLearn 当前词库","女儿","ei datter · dattera · døtre · døtrene","Dattera mi er fem år. / De har to døtre.","我女儿五岁。 / 他们有两个女儿。","2","A1","true","true","词典核验：词头/词性/核心义项","Bokmålsordboka","https://ordbokene.no/bm/datter","2026-09-24","","true","词头与列出词形匹配","课程候选等级；尚未逐词人工确认","例句/译文尚未人工逐词审校"
"A1","dessuten","副词","交流与语言","NTNU LearnNoW; NorweigenLearn 当前词库","此外；而且；再说","dessuten","Leiligheten er billig, og dessuten ligger den nær jobben. / Dessuten har vi ikke nok tid.","这套公寓便宜，而且离工作地点近。 / 此外，我们时间也不够。","2","A1","true","true","词典核验：词头/词性/核心义项","Bokmålsordboka","https://ordbokene.no/bm/dessuten","2026-09-24","","true","词头与列出词形匹配","课程候选等级；尚未逐词人工确认","例句/译文尚未人工逐词审校"
"A1","flott","形容词","评价与感受","NTNU LearnNoW; NorweigenLearn 当前词库","很棒的；漂亮的；出色的","flott · flott · flotte · flotte / flott, flotte","Vi hadde en flott dag ved sjøen. / Det var et flott hus med store vinduer.","我们在海边度过了美好的一天。 / 那是一栋很漂亮的房子，有很大的窗户。","2","A1","true","true","词典核验：词头/词性/核心义项","Bokmålsordboka","https://ordbokene.no/bm/flott","2026-09-24","","true","词头与列出词形匹配","课程候选等级；尚未逐词人工确认","例句/译文尚未人工逐词审校"
"A1","fornøyd","形容词","描述与感受","NTNU LearnNoW; NorweigenLearn 当前词库","满意的；高兴的；感到满足的","fornøyd · fornøyd · fornøyde / fornøyd, fornøyde","Jeg er fornøyd med norskkurset. / Kundene er fornøyde med servicen.","我对这门挪威语课程很满意。 / 顾客们对服务很满意。","2","A1","true","true","词典核验：词头/词性/核心义项","Bokmålsordboka","https://ordbokene.no/bm/forn%C3%B8yd","2026-09-24","","true","词头与列出词形匹配","课程候选等级；尚未逐词人工确认","例句/译文尚未人工逐词审校"
"A1","ganske","副词","描述与感受","NTNU LearnNoW; NorweigenLearn 当前词库","相当；挺；比较（程度副词）","ganske","Det er ganske kaldt ute i dag. / Hun snakker ganske fort.","今天外面挺冷的。 / 她说得比较快。","2","A1","true","true","词典核验：词头/词性/核心义项","Bokmålsordboka","https://ordbokene.no/bm/ganske","2026-09-24","","true","词头与列出词形匹配","课程候选等级；尚未逐词人工确认","例句/译文尚未人工逐词审校"
"A1","heldigvis","副词","描述与感受","NTNU LearnNoW; NorweigenLearn 当前词库","幸好；幸运的是","heldigvis","Heldigvis rakk vi toget. / Det var heldigvis ikke langt å gå.","幸好我们赶上了火车。 / 幸好路不远。","2","A1","true","true","词典核验：词头/词性/核心义项","Bokmålsordboka","https://ordbokene.no/bm/heldigvis","2026-09-24","","true","词头与列出词形匹配","课程候选等级；尚未逐词人工确认","例句/译文尚未人工逐词审校"
"A1","uke","名词","时间与日程 / 时间与日常","NTNU LearnNoW; NorweigenLearn 当前词库","星期；一周（七天）","ei uke · uka · uker · ukene / uka, uker, ukene","Jeg jobber tre dager i uka. / Vi skal reise om to uker.","我每周工作三天。 / 我们两周后要出行。","2","A1","true","true","词典核验：词头/词性/核心义项","Bokmålsordboka","https://ordbokene.no/bm/uke","2026-09-24","","true","词头与列出词形匹配","课程候选等级；尚未逐词人工确认","例句/译文尚未人工逐词审校"
"A1","feber","名词","身体与症状","NTNU LearnNoW; NTNU NoW1; NorweigenLearn 当前词库","发烧；发热","en feber · feberen · febere / febrer · feberne / febrene / feberen, febere, feberne","Barnet har feber i dag. / Feberen gikk ned etter medisinen.","孩子今天发烧。 / 吃药后烧退了。","2","A1","true","true","词典核验：词头/词性/核心义项","Bokmålsordboka","https://ordbokene.no/bm/14085","2026-09-24","","true","词头与列出词形匹配","课程候选等级；尚未逐词人工确认","例句/译文尚未人工逐词审校"
"A1","helg","名词","星期与安排","NTNU LearnNoW; NTNU NoW1; NorweigenLearn 当前词库","周末","ei helg · helga · helger · helgene / helga, helger, helgene","Hva skal du gjøre i helga? / Vi har fri denne helga.","你这个周末打算做什么？ / 这个周末我们休息。","2","A1","true","true","词典核验：词头/词性/核心义项","Bokmålsordboka","https://ordbokene.no/bm/helg","2026-09-24","","true","词头与列出词形匹配","课程候选等级；尚未逐词人工确认","例句/译文尚未人工逐词审校"
"A1","høst","名词","季节与天气","NTNU LearnNoW; NTNU NoW1; NorweigenLearn 当前词库","秋天","en høst · høsten · høster · høstene / høsten, høster, høstene","Trærne skifter farge om høsten. / Høsten er fin på fjellet.","树木在秋天变色。 / 秋天的山间很美。","2","A1","true","true","词典核验：词头/词性/核心义项","Bokmålsordboka","https://ordbokene.no/bm/h%C3%B8st","2026-09-24","","true","词头与列出词形匹配","课程候选等级；尚未逐词人工确认","例句/译文尚未人工逐词审校"
"A1","derfor","副词","交流与语言","NTNU LearnNoW; NorweigenLearn 当前词库","因此；所以；为此","derfor","Det regner, og derfor tar vi bussen. / Derfor kommer hun litt senere.","下雨了，所以我们坐公交车。 / 因此她会晚一点来。","2","A1","true","true","词典核验：词头/词性/核心义项","Bokmålsordboka","https://ordbokene.no/bm/derfor","2026-09-24","","true","词头与列出词形匹配","课程候选等级；尚未逐词人工确认","例句/译文尚未人工逐词审校"
"A1","hånd","名词","身体与健康","NTNU LearnNoW; NorweigenLearn 当前词库","手（手掌及手腕部分）","hånd · hånda · hånden · hender · hendene / hånda, hender, hendene","Barnet holder moren i hånda. / Husk å vaske hendene før du lager mat.","孩子牵着妈妈的手。 / 做饭前记得洗手。","2","A1","true","true","词典核验：词头/词性/核心义项","Bokmålsordboka","https://ordbokene.no/bm/h%C3%A5nd","2026-09-24","","true","词头与列出词形匹配","课程候选等级；尚未逐词人工确认","例句/译文尚未人工逐词审校"
"A1","oppgave","名词","课程与工作","NTNU LearnNoW; NorweigenLearn 当前词库","任务；作业；题目","ei oppgave · oppgaven · oppgaver · oppgavene / oppgava, oppgaver, oppgavene","Jeg gjør oppgavene etter kurset. / Læreren gir oss ei ny oppgave.","我在课程结束后做作业。 / 老师给我们一项新任务。","2","A1","true","true","词典核验：词头/词性/核心义项","Bokmålsordboka","https://ordbokene.no/bm/oppgave","2026-09-24","","true","词头与列出词形匹配","课程候选等级；尚未逐词人工确认","例句/译文尚未人工逐词审校"
"A1","pause","名词","课程与工作","NTNU LearnNoW; NorweigenLearn 当前词库","休息；休息时间","en pause · pausen · pauser · pausene / pausen, pauser, pausene","Vi tar en pause etter timen. / Pausen varer i ti minutter.","下课后我们休息一下。 / 休息时间持续十分钟。","2","A1","true","true","词典核验：词头/词性/核心义项","Bokmålsordboka","https://ordbokene.no/bm/pause","2026-09-24","","true","词头与列出词形匹配","课程候选等级；尚未逐词人工确认","例句/译文尚未人工逐词审校"
"A1","regn","名词","季节与天气","NTNU LearnNoW; NorweigenLearn 当前词库","雨；降雨","regn · regnet / regnet","Det kommer til å regne i morgen. / Vi fikk mye regn i helga.","明天会下雨。 / 周末下了很多雨。","2","A1","true","true","词典核验：词头/词性/核心义项","Bokmålsordboka","https://ordbokene.no/bm/regn","2026-09-24","","true","词头与列出词形匹配","课程候选等级；尚未逐词人工确认","例句/译文尚未人工逐词审校"
"A1","skog","名词","自然与动物","NTNU LearnNoW; NorweigenLearn 当前词库","森林；树林","en skog · skogen · skoger · skogene / skogen, skoger, skogene","Vi går en tur i skogen etter lunsj. / Det er mange små skoger i området.","午饭后我们去森林里散步。 / 这个地区有许多小片树林。","2","A1","true","true","词典核验：词头/词性/核心义项","Bokmålsordboka","https://ordbokene.no/bm/skog","2026-09-24","","true","词头与列出词形匹配","课程候选等级；尚未逐词人工确认","例句/译文尚未人工逐词审校"
"A1","vind","名词","季节与天气","NTNU LearnNoW; NorweigenLearn 当前词库","风","en vind · vinden · vinder · vindene / vinden, vinder, vindene","Det blåser en kald vind i dag. / Vinden kommer fra nord.","今天刮着冷风。 / 风从北方吹来。","2","A1","true","true","词典核验：词头/词性/核心义项","Bokmålsordboka","https://ordbokene.no/bm/vind","2026-09-24","","true","词头与列出词形匹配","课程候选等级；尚未逐词人工确认","例句/译文尚未人工逐词审校"
"A1","ennå","副词","习惯与频率","NTNU LearnNoW; NorweigenLearn 当前词库","还；仍然；尚未（常与否定连用）","ennå","Bussen har ennå ikke kommet. / Bor foreldrene dine ennå i Oslo?","公交车还没来。 / 你父母还住在奥斯陆吗？","2","A1","true","true","词典核验：词头/词性/核心义项","Bokmålsordboka","https://ordbokene.no/bm/enn%C3%A5","2026-09-24","","true","词头与列出词形匹配","课程候选等级；尚未逐词人工确认","例句/译文尚未人工逐词审校"
"A1","hel","形容词","数量与整体 / 描述物品与数量","NTNU LearnNoW; NorweigenLearn 当前词库","整个的；完整的；全……的","hel · helt · hele · hele / helt, hele","Vi ventet en hel time på bussen. / Hele familien spiser middag sammen.","我们等公交整整等了一个小时。 / 全家人一起吃晚饭。","2","A1","true","true","词典核验：词头/词性/核心义项","Bokmålsordboka","https://ordbokene.no/bm/hel","2026-09-24","","true","词头与列出词形匹配","课程候选等级；尚未逐词人工确认","例句/译文尚未人工逐词审校"
"A1","navn","名词","家人和关系 / 家庭与人物","NTNU LearnNoW; NorweigenLearn 当前词库","名字；名称","et navn · navnet · navn · navnene / navnet, navn, navnene","Hva er navnet ditt? / Barna skriver navnene sine på arket.","你叫什么名字？ / 孩子们把自己的名字写在纸上。","2","A1","true","true","词典核验：词头/词性/核心义项","Bokmålsordboka","https://ordbokene.no/bm/navn","2026-09-24","","true","词头与列出词形匹配","课程候选等级；尚未逐词人工确认","例句/译文尚未人工逐词审校"
"A1","ofte","副词","习惯与频率 / 未来计划与目标","NTNU LearnNoW; NorweigenLearn 当前词库","经常；常常","ofte · oftere · oftest","Jeg tar ofte bussen til jobb. / Vi besøker familien oftere om sommeren.","我经常坐公交上班。 / 夏天我们更常去看家人。","2","A1","true","true","词典核验：词头/词性/核心义项","Bokmålsordboka","https://ordbokene.no/bm/ofte","2026-09-24","","true","词头与列出词形匹配","课程候选等级；尚未逐词人工确认","例句/译文尚未人工逐词审校"
"A1","tid","名词","时间与日程 / 日常基础","NTNU LearnNoW; NorweigenLearn 当前词库","时间；时期；一段时间","ei tid · tida · tider · tidene / tida, tider, tidene","Har du tid til en kopp kaffe? / Vi bodde der i lang tid.","你有时间喝杯咖啡吗？ / 我们在那里住了很长时间。","2","A1","true","true","词典核验：词头/词性/核心义项","Bokmålsordboka","https://ordbokene.no/bm/tid","2026-09-24","","true","词头与列出词形匹配","课程候选等级；尚未逐词人工确认","例句/译文尚未人工逐词审校"
"A1","vanligvis","副词","习惯与频率","NTNU LearnNoW; NorweigenLearn 当前词库","通常；一般来说","vanligvis","Jeg jobber vanligvis hjemme på fredager. / Vanligvis går toget hvert kvarter.","我通常周五在家工作。 / 通常火车每十五分钟一班。","2","A1","true","true","词典核验：词头/词性/核心义项","Bokmålsordboka","https://ordbokene.no/bm/vanligvis","2026-09-24","","true","词头与列出词形匹配","课程候选等级；尚未逐词人工确认","例句/译文尚未人工逐词审校"
"A1","aldri","副词","习惯与频率","NTNU LearnNoW; NorweigenLearn 当前词库","从不；从来没有","aldri","Jeg kommer aldri for sent på jobb. / Han har aldri vært i Bergen.","我上班从不迟到。 / 他从来没有去过卑尔根。","2","A1","true","true","词典核验：词头/词性/核心义项","Bokmålsordboka","https://ordbokene.no/bm/aldri","2026-09-24","","true","词头与列出词形匹配","课程候选等级；尚未逐词人工确认","例句/译文尚未人工逐词审校"
"A1","forresten","副词","交流与语言","NTNU LearnNoW; NorweigenLearn 当前词库","顺便说一下；对了；此外（转换话题）","forresten","Forresten, har du sett nøklene mine? / Jeg må forresten ringe legen i morgen.","对了，你看到我的钥匙了吗？ / 对了，我明天还得给医生打电话。","2","A1","true","true","词典核验：词头/词性/核心义项","Bokmålsordboka","https://ordbokene.no/bm/forresten","2026-09-24","","true","词头与列出词形匹配","课程候选等级；尚未逐词人工确认","例句/译文尚未人工逐词审校"
"A1","hjerte","名词","身体与健康","NTNU LearnNoW; NorweigenLearn 当前词库","心脏；心（情感或象征义）","et hjerte · hjertet · hjerter · hjertene / hjertet, hjerter, hjertene","Hjertet slår raskere når jeg løper. / Hun tegnet et rødt hjerte på kortet.","我跑步时心跳得更快。 / 她在卡片上画了一颗红心。","2","A1","true","true","词典核验：词头/词性/核心义项","Bokmålsordboka","https://ordbokene.no/bm/hjerte","2026-09-24","","true","词头与列出词形匹配","课程候选等级；尚未逐词人工确认","例句/译文尚未人工逐词审校"
"A1","kald","形容词","描述与感受","NTNU LearnNoW; NorweigenLearn 当前词库","冷的；凉的","kald · kaldt · kalde · kaldere · kaldest / kaldeste / kald, kaldt, kalde / kaldt, kalde","Det er kaldt ute i dag. / Vannet er kaldt.","今天外面很冷。 / 水是凉的。","2","A1","true","true","词典核验：词头/词性/核心义项","Bokmålsordboka","https://ordbokene.no/bm/kald","2026-09-24","","true","词头与列出词形匹配","课程候选等级；尚未逐词人工确认","例句/译文尚未人工逐词审校"
"A1","kjempeflink","形容词","描述与感受","NTNU LearnNoW; NorweigenLearn 当前词库","特别能干的；非常擅长的；表现很棒的（口语）","kjempeflink · kjempeflinkt · kjempeflinke / kjempeflinkt, kjempeflinke","Du er kjempeflink til å snakke norsk. / Barna var kjempeflinke på konserten.","你挪威语说得特别棒。 / 孩子们在音乐会上表现得非常好。","2","A1","true","true","词典核验：词头/词性/核心义项","Bokmålsordboka","https://ordbokene.no/bm/flink","2026-09-24","","false","相关词头词形匹配","课程候选等级；尚未逐词人工确认","例句/译文尚未人工逐词审校"
"A1","kropp","名词","身体与症状","NTNU LearnNoW; NorweigenLearn 当前词库","身体","en kropp · kroppen · kropper · kroppene / kroppen, kropper, kroppene","Hele kroppen er trøtt etter turen. / Kroppen trenger hvile.","散步之后全身都累。 / 身体需要休息。","2","A1","true","true","词典核验：词头/词性/核心义项","Bokmålsordboka","https://ordbokene.no/bm/kropp","2026-09-24","","true","词头与列出词形匹配","课程候选等级；尚未逐词人工确认","例句/译文尚未人工逐词审校"
"A1","natt","名词","时间与昼夜","NTNU LearnNoW; NorweigenLearn 当前词库","夜；夜晚（通常指睡觉的一段夜间时间）","ei natt · natta/natten · netter · nettene / natta, netter, nettene","Jeg sov dårlig i natt. / Det var tre kalde netter på rad.","我昨晚没睡好。 / 连续有三个寒冷的夜晚。","2","A1","true","true","词典核验：词头/词性/核心义项","Bokmålsordboka","https://ordbokene.no/bm/natt","2026-09-24","","true","词头与列出词形匹配","课程候选等级；尚未逐词人工确认","例句/译文尚未人工逐词审校"
"A1","varm","形容词","描述与感受","NTNU LearnNoW; NorweigenLearn 当前词库","暖和的；热的","varm · varmt · varme · varmere · varmest / varmeste / varmt, varme","Jeg trenger ei varm jakke. / Suppa er varm nå.","我需要一件暖和的外套。 / 汤现在是热的。","2","A1","true","true","词典核验：词头/词性/核心义项","Bokmålsordboka","https://ordbokene.no/bm/varm","2026-09-24","","true","词头与列出词形匹配","课程候选等级；尚未逐词人工确认","例句/译文尚未人工逐词审校"
"A1","vinter","名词","季节与天气","NTNU LearnNoW; NorweigenLearn 当前词库","冬天","en vinter · vinteren · vintre · vintrene / vinteren, vintre, vintrene","Det snør ofte om vinteren. / Vinteren var kald i fjor.","冬天经常下雪。 / 去年的冬天很冷。","2","A1","true","true","词典核验：词头/词性/核心义项","Bokmålsordboka","https://ordbokene.no/bm/vinter","2026-09-24","","true","词头与列出词形匹配","课程候选等级；尚未逐词人工确认","例句/译文尚未人工逐词审校"
"A1","kjempebra","形容词","描述与感受","NTNU LearnNoW; NorweigenLearn 当前词库","特别好；棒极了；非常不错（口语）","kjempebra / kjempebra, kjempebra","Det gikk kjempebra på prøven. / Kjempebra, da sees vi på fredag!","考试考得特别好。 / 太好了，那我们星期五见！","2","A1","true","true","词典核验：词头/词性/核心义项","Bokmålsordboka","https://ordbokene.no/bm/kjempebra","2026-09-24","","true","词头与列出词形匹配","课程候选等级；尚未逐词人工确认","例句/译文尚未人工逐词审校"
"A1","nese","名词","身体与健康","NTNU LearnNoW; NorweigenLearn 当前词库","鼻子","en nese · nesen · neser · nesene / nesen, neser, nesene","Jeg puster gjennom nesen. / Barnet er forkjølet og har rennende nese.","我用鼻子呼吸。 / 孩子感冒了，还流鼻涕。","2","A1","true","true","词典核验：词头/词性/核心义项","Bokmålsordboka","https://ordbokene.no/bm/nese","2026-09-24","","true","词头与列出词形匹配","课程候选等级；尚未逐词人工确认","例句/译文尚未人工逐词审校"
"A1","all","限定词/代词","数量与指代","NorweigenLearn 当前词库","所有的；全部的；整个；大家/一切（依性数与句法）","all · alt · alle","Alle barna kom tidlig til skolen. / Alt vannet i flasken er kaldt.","所有孩子都很早来到学校。 / 瓶子里的水全是凉的。","2","A1","true","true","词典核验：Bokmål词头/词性/核心义项","Bokmålsordboka","https://ordbokene.no/bm/all","2026-09-24","2026-09-24","true","词头与列出词形匹配","课程候选等级；尚未逐词人工确认","例句/译文已人工审校"
"A1","annen","限定词/形容词","数量与指代","NorweigenLearn 当前词库","另一个；其他的；不同的；第二个（依语境）","annen · annet · andre","Kan vi møtes en annen dag? / Har du noe annet å spise?","我们能改天见面吗？ / 你还有别的东西吃吗？","2","A1","true","true","词典核验：词头/词性/核心义项","Bokmålsordboka","https://ordbokene.no/bm/annen","2026-09-24","","true","词头与列出词形匹配","课程候选等级；尚未逐词人工确认","例句/译文尚未人工逐词审校"
"A1","at","从属连词","连接词与句子","NorweigenLearn 当前词库","（引导内容从句）……这件事；……的话；（依语境也作结构成分）","at","Jeg vet at hun bor i Bergen. / Læreren sier at prøven begynner klokka ni.","我知道她住在卑尔根。 / 老师说考试九点开始。","2","A1","true","true","词典核验：词头/词性/核心义项","Bokmålsordboka","https://ordbokene.no/bm/at","2026-09-24","","true","词头与列出词形匹配","课程候选等级；尚未逐词人工确认","例句/译文尚未人工逐词审校"
"A1","åtte","限定词","数字与数量","NorweigenLearn 当前词库","八；8","åtte","Skolen begynner klokka åtte. / Vi blir i Norge i åtte dager.","学校八点开始上课。 / 我们会在挪威待八天。","2","A1","true","true","词典核验：词头/词性/核心义项","Bokmålsordboka","https://ordbokene.no/bm/åtte","2026-09-24","","true","词头与列出词形匹配","课程候选等级；尚未逐词人工确认","例句/译文尚未人工逐词审校"
"A1","atten","限定词","数字与数量","NorweigenLearn 当前词库","十八；18","atten","Datteren min er atten år gammel. / Vi venter atten minutter på bussen.","我女儿十八岁。 / 我们等公交车十八分钟。","2","A1","true","true","词典核验：词头/词性/核心义项","Bokmålsordboka","https://ordbokene.no/bm/atten","2026-09-24","","true","词头与列出词形匹配","课程候选等级；尚未逐词人工确认","例句/译文尚未人工逐词审校"
"A1","blod","名词（通常不可数）","身体与健康","NorweigenLearn 当前词库","血；血液","et blod · blodet · blod · blodene","Legen tar en blodprøve. / Blodet er viktig for kroppen.","医生抽取一份血液样本。 / 血液对身体很重要。","2","A1","true","true","词典核验：词头/词性/核心义项","Bokmålsordboka","https://ordbokene.no/bm/blod","2026-09-24","","true","词头与列出词形匹配","课程候选等级；尚未逐词人工确认","例句/译文尚未人工逐词审校"
"A1","blomst","名词","自然与动物","NorweigenLearn 当前词库","花；一朵花","en blomst · blomsten · blomster · blomstene","Hun kjøper en blomst til læreren. / Blomstene trenger vann.","她给老师买了一朵花。 / 这些花需要水。","2","A1","true","true","词典核验：词头/词性/核心义项","Bokmålsordboka","https://ordbokene.no/bm/blomst","2026-09-24","","true","词头与列出词形匹配","课程候选等级；尚未逐词人工确认","例句/译文尚未人工逐词审校"
"A1","ca.","缩写","数字与数量","NorweigenLearn 当前词库","约；大约（拉丁语 circa 的缩写）","ca.","Turen tar ca. tjue minutter. / Det bor ca. tusen mennesker i bygda.","这段路大约需要二十分钟。 / 这个村大约有一千人。","2","A1","true","true","词典核验：词头/词性/核心义项","Bokmålsordboka","https://ordbokene.no/bm/cirka","2026-09-24","","true","词头与列出词形匹配","课程候选等级；尚未逐词人工确认","例句/译文尚未人工逐词审校"
"A1","de","代词","交流与语言","NorweigenLearn 当前词库","他们；她们；它们；您（正式称呼，较少用）","de · dem","De bor i Trondheim. / Jeg snakker med dem hver uke.","他们住在特隆赫姆。 / 我每周都和他们交谈。","2","A1","true","true","词典核验：词头/词性/核心义项","Bokmålsordboka","https://ordbokene.no/bm/de","2026-09-24","2026-09-24","true","词头与列出词形匹配","课程候选等级；尚未逐词人工确认","例句/译文已人工审校"
"A1","den","代词","位置与指示","NorweigenLearn 当前词库","那个；这/那（阳性或阴性名词前）；它/那一个","den","Den røde bilen er min. / Jeg liker den best.","那辆红色汽车是我的。 / 我最喜欢那一个。","2","A1","true","true","词典核验：词头/词性/核心义项","Bokmålsordboka","https://ordbokene.no/bm/den","2026-09-24","","true","词头与列出词形匹配","课程候选等级；尚未逐词人工确认","例句/译文尚未人工逐词审校"
"A1","denne","限定词","指示与指代","NorweigenLearn 当前词库","这个；这位；这件（近指单数）","denne · dette · disse","Denne uka jobber jeg hjemme. / Disse bøkene er fra biblioteket.","这周我在家工作。 / 这些书是从图书馆借来的。","2","A1","true","true","词典核验：词头/词性/核心义项","Bokmålsordboka","https://ordbokene.no/bm/denne","2026-09-24","2026-09-24","true","关联范式词形已人工核对","课程候选等级；尚未逐词人工确认","例句/译文已人工审校"
"A1","dere","代词","交流与语言","NorweigenLearn 当前词库","你们（主格/宾格）","dere","Dere kan komme inn nå. / Jeg venter på dere utenfor.","你们现在可以进来了。 / 我在外面等你们。","2","A1","true","true","词典核验：词头/词性/核心义项","Bokmålsordboka","https://ordbokene.no/bm/dere","2026-09-24","2026-09-24","true","词头与列出词形匹配","课程候选等级；尚未逐词人工确认","例句/译文已人工审校"
"A1","det","代词","位置与指示","NorweigenLearn 当前词库","它；那个；（中性名词前）那个；形式主语 it","det","Det er kaldt ute i dag. / Huset er fint. Det er også stort.","今天外面很冷。 / 这房子很漂亮，而且也很大。","2","A1","true","true","词典核验：词头/词性/核心义项","Bokmålsordboka","https://ordbokene.no/bm/det","2026-09-24","","true","词头与列出词形匹配","课程候选等级；尚未逐词人工确认","例句/译文尚未人工逐词审校"
"A1","dette","限定词","指示与限定","NorweigenLearn 当前词库","这个；这件事/这个东西（中性形式）","dette","Dette barnet går i barnehagen. / Hva synes du om dette?","这个孩子上幼儿园。 / 你觉得这件事怎么样？","2","A1","true","true","词典核验：词头/词性/核心义项","Bokmålsordboka","https://ordbokene.no/nno/bm/dette","2026-09-24","","true","词头与列出词形匹配","课程候选等级；尚未逐词人工确认","例句/译文尚未人工逐词审校"
"A1","din","限定词","所有关系与指代","NorweigenLearn 当前词库","你的；你们的（与被拥有名词性数一致）","din · di · ditt · dine","Hvor er nøkkelen din? / Jeg liker de nye skoene dine.","你的钥匙在哪里？ / 我喜欢你的新鞋。","2","A1","true","true","词典核验：词头/词性/核心义项","Bokmålsordboka","https://ordbokene.no/bm/din","2026-09-24","","true","词头与列出词形匹配","课程候选等级；尚未逐词人工确认","例句/译文尚未人工逐词审校"
"A1","disse","限定词","指示与限定","NorweigenLearn 当前词库","这些；这些人/这些东西","disse","Disse skoene er veldig gode å gå i. / En av disse bussene går til sentrum.","这双鞋穿着走路很舒服。 / 这些公交车中有一辆去市中心。","2","A1","true","true","词典核验：词头/词性/核心义项","Bokmålsordboka","https://ordbokene.no/bm/10320","2026-09-24","","true","词头与列出词形匹配","课程候选等级；尚未逐词人工确认","例句/译文尚未人工逐词审校"
"A1","du","代词","交流与语言","NorweigenLearn 当前词库","你（单数，非正式称呼）","du · deg","Hvor bor du nå? / Jeg ringer deg etter kurset.","你现在住在哪里？ / 课程结束后我给你打电话。","2","A1","true","true","词典核验：词头/词性/核心义项","Bokmålsordboka","https://ordbokene.no/bm/du","2026-09-24","2026-09-24","true","词头与列出词形匹配","课程候选等级；尚未逐词人工确认","例句/译文已人工审校"
"A1","dytte","动词","动作与移动","NorweigenLearn 当前词库","推；推挤；轻轻推一下","å dytte · dytter · dyttet · dyttet","Han dyttet døra forsiktig opp. / Ikke dytt de andre i køen.","他轻轻把门推开了。 / 别在队伍里推别人。","2","A1","true","true","词典核验：词头/词性/核心义项","Bokmålsordboka","https://ordbokene.no/bm/dytte","2026-09-24","","true","词头与列出词形匹配","课程候选等级；尚未逐词人工确认","例句/译文尚未人工逐词审校"
"A1","egg","名词","食物与购物","NorweigenLearn 当前词库","鸡蛋","et egg · egget · egg · eggene","Jeg koker et egg til frokost. / Eggene er ferdige.","我早餐煮一个鸡蛋。 / 鸡蛋做好了。","2","A1","true","true","词典核验：词头/词性/核心义项","Bokmålsordboka","https://ordbokene.no/bm/egg","2026-09-24","","true","词头与列出词形匹配","课程候选等级；尚未逐词人工确认","例句/译文尚未人工逐词审校"
"A1","ei","限定词","冠词与名词","NorweigenLearn 当前词库","一；一个（阴性名词前的不定冠词）","ei","Hun kjøpte ei bok på biblioteket. / Det står ei jente utenfor døra.","她在图书馆买了一本书。 / 门外站着一个女孩。","2","A1","true","true","词典核验：词头/词性/核心义项","Bokmålsordboka","https://ordbokene.no/bm/ei","2026-09-24","","true","词头与列出词形匹配","课程候选等级；尚未逐词人工确认","例句/译文尚未人工逐词审校"
"A1","eller","并列连词","连接词与选择","NorweigenLearn 当前词库","或者；还是（选择问句中）","eller","Vil du ha te eller kaffe? / Vi kan gå, eller vi kan ta bussen.","你想喝茶还是咖啡？ / 我们可以走路，也可以坐公交。","2","A1","true","true","词典核验：词头/词性/核心义项","Bokmålsordboka","https://ordbokene.no/bm/eller","2026-09-24","","true","词头与列出词形匹配","课程候选等级；尚未逐词人工确认","例句/译文尚未人工逐词审校"
"A1","elv","名词","自然与水域","NorweigenLearn 当前词库","河；河流","ei/en elv · elva / elven · elver · elvene","Det går en sti langs elva. / De krysset ei elv på vei til hytta.","河边有一条小路。 / 他们去小木屋的路上渡过了一条河。","2","A1","true","true","词典核验：词头/词性/核心义项","Bokmålsordboka","https://ordbokene.no/bm/elv","2026-09-24","","true","词头与列出词形匹配","课程候选等级；尚未逐词人工确认","例句/译文尚未人工逐词审校"
"A1","en","代词","代词与泛指","NorweigenLearn 当前词库","一个人；人们；你（泛指）","en","En lærer mye av å snakke med folk. / Når en bor i Norge, bruker en ofte buss.","人们能从与他人交谈中学到很多。 / 住在挪威时，人们常常坐公交。","2","A1","true","true","词典核验：词头/词性/核心义项","Bokmålsordboka","https://ordbokene.no/bm/12571","2026-09-24","","true","词头与列出词形匹配","课程候选等级；尚未逐词人工确认","例句/译文尚未人工逐词审校"
"A1","én","数词","数字与数量","NorweigenLearn 当前词库","一个；一位；一（强调数量时，阳性形式）","én / éi / ett","Det er bare én person igjen i rommet. / Jeg har én bror og to søstre.","房间里只剩一个人。 / 我有一个兄弟和两个姐妹。","2","A1","true","true","词典核验：词头/词性/核心义项","Bokmålsordboka","https://ordbokene.no/bm/én","2026-09-24","","true","词头与列出词形匹配","课程候选等级；尚未逐词人工确认","例句/译文尚未人工逐词审校"
"A1","endelig","副词/形容词","时间与感受 / 时间与表达","NorweigenLearn 当前词库","终于；最终；盼望已久的（依语法和语境）","endelig · endelig · endelige · endelig","Endelig er ferien her! / Vi fikk et endelig svar fra kommunen.","假期终于到了！ / 我们收到了市政府的最终答复。","2","A1","true","true","词典核验：词头/词性/核心义项","Bokmålsordboka","https://ordbokene.no/bm/endelig","2026-09-24","","true","词头与列出词形匹配","课程候选等级；尚未逐词人工确认","例句/译文尚未人工逐词审校"
"A1","engelsk","名词/形容词","语言与国籍","NorweigenLearn 当前词库","英语；英国/英格兰的；英文的（依语境）","engelsk · engelsk · engelske","Kan du forklare dette på engelsk? / Hun leser en engelsk bok på toget.","你能用英语解释这个吗？ / 她在火车上读一本英文书。","2","A1","true","true","词典核验：词头/词性/核心义项","Bokmålsordboka","https://ordbokene.no/bm/engelsk","2026-09-24","","true","词头与列出词形匹配","课程候选等级；尚未逐词人工确认","例句/译文尚未人工逐词审校"
"A1","fæl","形容词","描述与感受","NorweigenLearn 当前词库","糟糕的；可怕的；讨厌的","fæl · fælt · fæle · fælere · fælest","Det var et fælt vær i går. / Det lukter fælt på kjøkkenet.","昨天的天气糟透了。 / 厨房里有股很难闻的味道。","2","A1","true","true","词典核验：词头/词性/核心义项","Bokmålsordboka","https://ordbokene.no/bm/f%C3%A6l","2026-09-24","","true","词头与列出词形匹配","课程候选等级；尚未逐词人工确认","例句/译文尚未人工逐词审校"
"A1","faktisk","副词/形容词","语气与表达 / 连接与语气","NorweigenLearn 当前词库","实际上；事实上；确实（强调或修正预期）","faktisk · faktisk · faktiske · faktisk","Det var faktisk lettere enn jeg trodde. / Jeg visste faktisk ikke at du bodde her.","这其实比我想的容易。 / 我确实不知道你住在这里。","2","A1","true","true","词典核验：词头/词性/核心义项","Bokmålsordboka","https://ordbokene.no/bm/faktisk","2026-09-24","","true","词头与列出词形匹配","课程候选等级；尚未逐词人工确认","例句/译文尚未人工逐词审校"
"A1","falle","动词","动作与变化","NorweigenLearn 当前词库","跌倒；落下；下降；进入某种状态（依语境）","å falle · faller · falt · falt","Et eple falt ned fra treet. / Hun falt på isen, men slo seg ikke.","一个苹果从树上掉了下来。 / 她在冰上摔倒了，但没有受伤。","2","A1","true","true","词典核验：词头/词性/核心义项","Bokmålsordboka","https://ordbokene.no/bm/falle","2026-09-24","","true","词头与列出词形匹配","课程候选等级；尚未逐词人工确认","例句/译文尚未人工逐词审校"
"A1","fattig","形容词","人物与生活状况","NorweigenLearn 当前词库","贫穷的；缺乏……的（如 fattig på tid，时间不够）","fattig · fattig · fattige · fattige","Familien var fattig, men de hjalp naboene. / Jeg er fattig på tid denne uka.","这家人虽然贫穷，却帮助了邻居。 / 我这周时间很紧。","2","A1","true","true","词典核验：词头/词性/核心义项","Bokmålsordboka","https://ordbokene.no/bm/fattig","2026-09-24","","true","词头与列出词形匹配","课程候选等级；尚未逐词人工确认","例句/译文尚未人工逐词审校"
"A1","fem","限定词","数字与数量","NorweigenLearn 当前词库","五；5","fem","Toget går klokka fem. / Vi venter i fem minutter.","火车五点发车。 / 我们等五分钟。","2","A1","true","true","词典核验：词头/词性/核心义项","Bokmålsordboka","https://ordbokene.no/bm/fem","2026-09-24","","true","词头与列出词形匹配","课程候选等级；尚未逐词人工确认","例句/译文尚未人工逐词审校"
"A1","fire","数词","数字与数量","NorweigenLearn 当前词库","四；第四（口语/序数结构按语境）","fire","Bussen går klokka fire. / Vi har fire stoler rundt bordet.","公交车四点发车。 / 桌子周围有四把椅子。","2","A1","true","true","词典核验：词头/词性/核心义项","Bokmålsordboka","https://ordbokene.no/bm/fire","2026-09-24","","true","词头与列出词形匹配","课程候选等级；尚未逐词人工确认","例句/译文尚未人工逐词审校"
"A1","fjorten","限定词","数字与数量","NorweigenLearn 当前词库","十四；14","fjorten","Kurset varer i fjorten dager. / Hun er fjorten år gammel.","课程持续十四天。 / 她十四岁。","2","A1","true","true","词典核验：词头/词性/核心义项","Bokmålsordboka","https://ordbokene.no/bm/fjorten","2026-09-24","","true","词头与列出词形匹配","课程候选等级；尚未逐词人工确认","例句/译文尚未人工逐词审校"
"A1","forbi","介词","位置与指示","NorweigenLearn 当前词库","经过；从……旁边经过；过了（时间点）","forbi","Bussen kjører forbi skolen. / Vi gikk forbi uten å se ham.","公交车从学校旁边开过。 / 我们经过时没有看见他。","2","A1","true","true","词典核验：词头/词性/核心义项","Bokmålsordboka","https://ordbokene.no/bm/forbi","2026-09-24","","true","词头与列出词形匹配","课程候选等级；尚未逐词人工确认","例句/译文尚未人工逐词审校"
"A1","forrige","形容词","时间与日程","NorweigenLearn 当前词库","上一个的；前一个的；刚过去的","forrige","Vi besøkte bestemor forrige helg. / Jeg så den filmen forrige måned.","我们上周末去看望了奶奶 / 外婆。 / 我上个月看了那部电影。","2","A1","true","true","词典核验：词头/词性/核心义项","Bokmålsordboka","https://ordbokene.no/bm/forrige","2026-09-24","","true","词头与列出词形匹配","课程候选等级；尚未逐词人工确认","例句/译文尚未人工逐词审校"
"A1","første","形容词","时间与日程","NorweigenLearn 当前词库","第一；首先的","første","Dette er første gang jeg er i Bergen. / Hun kom først i mål.","这是我第一次来卑尔根。 / 她第一个到达终点。","2","A1","true","true","词典核验：词头/词性/核心义项","Bokmålsordboka","https://ordbokene.no/bm/f%C3%B8rste","2026-09-24","","true","词头与列出词形匹配","课程候选等级；尚未逐词人工确认","例句/译文尚未人工逐词审校"
"A1","førti","限定词","数字与数量","NorweigenLearn 当前词库","四十；40","førti","Bestefar er førti år eldre enn pappa. / Billetten koster førti kroner.","爷爷 / 外公比爸爸大四十岁。 / 票价四十克朗。","2","A1","true","true","词典核验：词头/词性/核心义项","Bokmålsordboka","https://ordbokene.no/bm/førti","2026-09-24","","true","词头与列出词形匹配","课程候选等级；尚未逐词人工确认","例句/译文尚未人工逐词审校"
"A1","fugl","名词","自然与动物","NorweigenLearn 当前词库","鸟；一只鸟","en fugl · fuglen · fugler · fuglene","Det sitter en fugl i treet. / Fuglene synger tidlig om morgenen.","树上停着一只鸟。 / 鸟儿一大早就在唱歌。","2","A1","true","true","词典核验：词头/词性/核心义项","Bokmålsordboka","https://ordbokene.no/bm/fugl","2026-09-24","","true","词头与列出词形匹配","课程候选等级；尚未逐词人工确认","例句/译文尚未人工逐词审校"
"A1","gaffel","名词","厨房与用餐","NorweigenLearn 当前词库","叉子","en gaffel · gaffelen · gafler · gaflene","Vi trenger en gaffel til. / Gaflene ligger i skuffen.","我们还需要一把叉子。 / 叉子在抽屉里。","2","A1","true","true","词典核验：词头/词性/核心义项","Bokmålsordboka","https://ordbokene.no/bm/gaffel","2026-09-24","","true","词头与列出词形匹配","课程候选等级；尚未逐词人工确认","例句/译文尚未人工逐词审校"
"A1","grå","形容词","描述与感受","NorweigenLearn 当前词库","灰色的；灰暗的","grå · grått · grå · gråere · gråest","Det er grå skyer på himmelen. / Vi fikk en grå og regnfull dag.","天空中有灰色的云。 / 我们遇上了一个阴沉又下雨的日子。","2","A1","true","true","词典核验：词头/词性/核心义项","Bokmålsordboka","https://ordbokene.no/bm/gr%C3%A5","2026-09-24","","true","词头与列出词形匹配","课程候选等级；尚未逐词人工确认","例句/译文尚未人工逐词审校"
"A1","gress","名词","自然与植物","NorweigenLearn 当前词库","草；草坪/地面上的草","et gress · gresset · gress · gressene","Barna leker på gresset utenfor huset. / Det vokser høyt gress langs stien.","孩子们在房子外的草地上玩。 / 小路边长着高高的草。","2","A1","true","true","词典核验：词头/词性/核心义项","Bokmålsordboka","https://ordbokene.no/bm/gress","2026-09-24","","true","词头与列出词形匹配","课程候选等级；尚未逐词人工确认","例句/译文尚未人工逐词审校"
"A1","hallo","感叹词","交流与语言","NorweigenLearn 当前词库","你好；喂（打招呼或接电话）","hallo","Hallo, det er Anna. / Han sa hallo til naboen.","喂，我是安娜。 / 他向邻居打了招呼。","2","A1","true","true","词典核验：词头/词性/核心义项","Bokmålsordboka","https://ordbokene.no/bm/hallo","2026-09-24","","true","词头与列出词形匹配","课程候选等级；尚未逐词人工确认","例句/译文尚未人工逐词审校"
"A1","han","代词","个人信息与指代","NorweigenLearn 当前词库","他（主格）；宾格形式 ham；所有格 hans","han · ham","Han jobber på et sykehus i Oslo. / Jeg snakker med ham etter møtet.","他在奥斯陆的一家医院工作。 / 会议后我和他交谈。","2","A1","true","true","词典核验：词头/词性/核心义项","Bokmålsordboka","https://ordbokene.no/bm/han","2026-09-24","2026-09-24","true","词头与列出词形匹配","课程候选等级；尚未逐词人工确认","例句/译文已人工审校"
"A1","handleliste","名词","食物与购物","NorweigenLearn 当前词库","购物清单","ei handleliste · handlelista · handlelister · handlelistene","Jeg skriver ei handleliste før jeg går til butikken. / Handlelista ligger på kjøkkenbordet.","我去商店前先写一份购物清单。 / 购物清单在厨房桌上。","2","A1","true","true","词典核验：词头/词性/核心义项","Bokmålsordboka","https://ordbokene.no/bm/handleliste","2026-09-24","","true","词头与列出词形匹配","课程候选等级；尚未逐词人工确认","例句/译文尚未人工逐词审校"
"A1","hans","限定词","所有关系与指代","NorweigenLearn 当前词库","他的；属于他的","hans","Han bor sammen med familien sin, ikke med familien hans. / Jeg møtte broren hans på stasjonen.","他和自己的家人住在一起，不是和另一个男人的家人住在一起。 / 我在车站遇到了他的兄弟。","2","A1","true","true","词典核验：词头/词性/核心义项","Bokmålsordboka","https://ordbokene.no/bm/hans","2026-09-24","","true","词头与列出词形匹配","课程候选等级；尚未逐词人工确认","例句/译文尚未人工逐词审校"
"A1","hav","名词","自然与动物","NorweigenLearn 当前词库","海；海洋","et hav · havet · hav · havene","Barna svømmer i havet. / Vi bor nær havet.","孩子们在海里游泳。 / 我们住在海边附近。","2","A1","true","true","词典核验：词头/词性/核心义项","Bokmålsordboka","https://ordbokene.no/bm/hav","2026-09-24","","true","词头与列出词形匹配","课程候选等级；尚未逐词人工确认","例句/译文尚未人工逐词审校"
"A1","hei","感叹词","交流与语言","NorweigenLearn 当前词库","你好；嗨；再见（口语）","hei","Hei! Hvordan går det? / Jeg må gå nå. Hei så lenge!","嗨！最近怎么样？ / 我现在得走了，回头见！","2","A1","true","true","词典核验：词头/词性/核心义项","Bokmålsordboka","https://ordbokene.no/bm/hei","2026-09-24","","true","词头与列出词形匹配","课程候选等级；尚未逐词人工确认","例句/译文尚未人工逐词审校"
"A1","hemmelig","形容词","描述与感受","NorweigenLearn 当前词库","秘密的；保密的；不公开的","hemmelig · hemmelig · hemmelige · hemmelige","Vi planlegger en hemmelig fest for pappa. / De holdt planen hemmelig.","我们正在为爸爸筹划一个秘密派对。 / 他们对计划保密。","2","A1","true","true","词典核验：词头/词性/核心义项","Bokmålsordboka","https://ordbokene.no/bm/hemmelig","2026-09-24","","true","词头与列出词形匹配","课程候选等级；尚未逐词人工确认","例句/译文尚未人工逐词审校"
"A1","hm","感叹词","交流与语气","NorweigenLearn 当前词库","嗯；唔；表示思考、迟疑或不确定","hm","Hm, jeg må sjekke kalenderen først. / Hm? Kan du si det en gang til?","嗯，我得先查一下日历。 / 嗯？你能再说一遍吗？","2","A1","true","true","词典核验：词头/词性/核心义项","Bokmålsordboka","https://ordbokene.no/bm/hm","2026-09-24","","true","词头与列出词形匹配","课程候选等级；尚未逐词人工确认","例句/译文尚未人工逐词审校"
"A1","holdeplass","名词","公共交通与方向","NorweigenLearn 当前词库","车站；公交停靠站","en holdeplass · holdeplassen · holdeplasser · holdeplassene","Bussen stopper ved holdeplassen. / Vi går til bussholdeplassen.","公交车在站点停靠。 / 我们走去公交站。","2","A1","true","true","词典核验：词头/词性/核心义项","Bokmålsordboka","https://ordbokene.no/bm/holdeplass","2026-09-24","","true","词头与列出词形匹配","课程候选等级；尚未逐词人工确认","例句/译文尚未人工逐词审校"
"A1","høy","名词","自然与动物","NorweigenLearn 当前词库","干草；作动物饲料的干草（名词义）","et høy · høyet · høy · høyene","Hestene spiser høy i stallen. / Bonden samler høy før vinteren.","马在马厩里吃干草。 / 农夫在冬天前收集干草。","2","A1","true","true","词典核验：词头/词性/核心义项","Bokmålsordboka","https://ordbokene.no/bm/h%C3%B8y","2026-09-24","","true","词头与列出词形匹配","课程候选等级；尚未逐词人工确认","例句/译文尚未人工逐词审校"
"A1","hun","代词","个人信息与指代","NorweigenLearn 当前词库","她（主格）；宾格 henne；所有格 hennes","hun · henne","Hun besøker moren sin på søndag. / Jeg reiser med henne og sønnen hennes.","她星期天去看望自己的母亲。 / 我和她以及她的儿子一起旅行。","2","A1","true","true","词典核验：词头/词性/核心义项","Bokmålsordboka","https://ordbokene.no/bm/hun","2026-09-24","2026-09-24","true","词头与列出词形匹配","课程候选等级；尚未逐词人工确认","例句/译文已人工审校"
"A1","hundre","数词","数字与数量","NorweigenLearn 当前词库","一百；百；一百个/单位","hundre","Boka koster hundre kroner. / Det var over hundre mennesker på konserten.","这本书一百克朗。 / 音乐会上有一百多人。","2","A1","true","true","词典核验：词头/词性/核心义项","Bokmålsordboka","https://ordbokene.no/bm/hundre","2026-09-24","","true","词头与列出词形匹配","课程候选等级；尚未逐词人工确认","例句/译文尚未人工逐词审校"
"A1","hva","代词","交流与语言","NorweigenLearn 当前词库","什么；（从句中）……的事情/内容","hva","Hva skal vi spise i kveld? / Hun spør hva klokka er.","我们今晚吃什么？ / 她问现在几点。","2","A1","true","true","词典核验：词头/词性/核心义项","Bokmålsordboka","https://ordbokene.no/bm/hva","2026-09-24","2026-09-24","true","词头与列出词形匹配","课程候选等级；尚未逐词人工确认","例句/译文已人工审校"
"A1","hver","限定词","习惯与频率","NorweigenLearn 当前词库","每个；每一；任何一个（单数逐一指称）","hver · hvert","Jeg øver norsk hver dag. / Vi besøker familien hvert år.","我每天练习挪威语。 / 我们每年都去看家人。","2","A1","true","true","词典核验：词头/词性/核心义项","Bokmålsordboka","https://ordbokene.no/bm/hver","2026-09-24","","true","词头与列出词形匹配","课程候选等级；尚未逐词人工确认","例句/译文尚未人工逐词审校"
"A1","hverandre","代词","家人与社交","NorweigenLearn 当前词库","彼此；互相；对方","hverandre","Vi hjelper hverandre med norskleksene. / De kjenner hverandre fra skolen.","我们互相帮忙做挪威语作业。 / 他们在学校时就认识彼此。","2","A1","true","true","词典核验：词头/词性/核心义项","Bokmålsordboka","https://ordbokene.no/bm/hverandre","2026-09-24","","true","词头与列出词形匹配","课程候选等级；尚未逐词人工确认","例句/译文尚未人工逐词审校"
"A1","hvilken","限定词","交流与语言","NorweigenLearn 当前词库","哪一个；哪一种（修饰名词）","hvilken · hvilket · hvilke","Hvilken buss går til sentrum? / Hvilket språk snakker de?","哪路公交车去市中心？ / 他们说哪种语言？","2","A1","true","true","词典核验：词头/词性/核心义项","Bokmålsordboka","https://ordbokene.no/bm/hvilken","2026-09-24","","true","词头与列出词形匹配","课程候选等级；尚未逐词人工确认","例句/译文尚未人工逐词审校"
"A1","hvor","副词","交流与语言","NorweigenLearn 当前词库","哪里；多么/多（与形容词连用）","hvor","Hvor ligger apoteket? / Hvor langt er det til sentrum?","药店在哪里？ / 到市中心有多远？","2","A1","true","true","词典核验：词头/词性/核心义项","Bokmålsordboka","https://ordbokene.no/bm/hvor","2026-09-24","2026-09-24","true","词头与列出词形匹配","课程候选等级；尚未逐词人工确认","例句/译文已人工审校"
"A1","hvordan","副词","交流与语言","NorweigenLearn 当前词库","怎样；如何；怎么样","hvordan","Hvordan kommer jeg til togstasjonen? / Hvordan har du det i dag?","我怎么去火车站？ / 你今天怎么样？","2","A1","true","true","词典核验：词头/词性/核心义项","Bokmålsordboka","https://ordbokene.no/bm/hvordan","2026-09-24","","true","词头与列出词形匹配","课程候选等级；尚未逐词人工确认","例句/译文尚未人工逐词审校"
"A1","ingen","限定词","交流与语言","NorweigenLearn 当前词库","没有一个；没有任何；无人（修饰可数名词）","ingen · intet · ingen","Jeg har ingen bil. / Det er ingen elever i klasserommet.","我没有车。 / 教室里一个学生也没有。","2","A1","true","true","词典核验：词头/词性/核心义项","Bokmålsordboka","https://ordbokene.no/bm/ingen","2026-09-24","","true","词头与列出词形匹配","课程候选等级；尚未逐词人工确认","例句/译文尚未人工逐词审校"
"A1","ingenting","代词","交流与语言","NorweigenLearn 当前词库","什么都没有；没有任何事情/东西","ingenting","Jeg forstår ingenting av denne beskjeden. / Det er ingenting å bekymre seg for.","这条通知我一点也看不懂。 / 没什么可担心的。","2","A1","true","true","词典核验：词头/词性/核心义项","Bokmålsordboka","https://ordbokene.no/bm/ingenting","2026-09-24","","true","词头与列出词形匹配","课程候选等级；尚未逐词人工确认","例句/译文尚未人工逐词审校"
"A1","innsjø","名词","自然与水域","NorweigenLearn 当前词库","湖；内陆湖（被陆地环绕的水域）","en innsjø · innsjøen · innsjøer · innsjøene","Vi badet i en innsjø nær hytta. / Innsjøen er dekket av is om vinteren.","我们在小木屋附近的一个湖里游泳。 / 这座湖冬天会结冰。","2","A1","true","true","词典核验：词头/词性/核心义项","Bokmålsordboka","https://ordbokene.no/bm/innsjø","2026-09-24","","true","词头与列出词形匹配","课程候选等级；尚未逐词人工确认","例句/译文尚未人工逐词审校"
"A1","italiensk","形容词/语言名词","语言与国籍","NorweigenLearn 当前词库","意大利的；意大利人/意大利语的；意大利语（依语境）","italiensk · italiensk · italienske","Vi spiser italiensk mat på lørdag. / Hun snakker italiensk med familien sin.","我们星期六吃意大利菜。 / 她用意大利语和家人交谈。","2","A1","true","true","词典核验：词头/词性/核心义项","Bokmålsordboka","https://ordbokene.no/bm/italiensk","2026-09-24","","true","词头与列出词形匹配","课程候选等级；尚未逐词人工确认","例句/译文尚未人工逐词审校"
"A1","ja","感叹词/副词","交流与回应","NorweigenLearn 当前词库","是；对；好的；确实（依语调和句型）","ja","Ja, jeg kommer på møtet. / Ja, det var faktisk en lang tur.","好，我会来参加会议。 / 是啊，那确实是一次很长的旅行。","2","A1","true","true","词典核验：词头/词性/核心义项","Bokmålsordboka","https://ordbokene.no/bm/ja","2026-09-24","","true","词头与列出词形匹配","课程候选等级；尚未逐词人工确认","例句/译文尚未人工逐词审校"
"A1","jeg","代词","个人信息与指代","NorweigenLearn 当前词库","我（主格）；宾格形式是 meg","jeg · meg","Jeg lærer norsk sammen med kona mi. / Læreren snakker med meg etter timen.","我和妻子一起学挪威语。 / 老师下课后和我交谈。","2","A1","true","true","词典核验：词头/词性/核心义项","Bokmålsordboka","https://ordbokene.no/bm/jeg","2026-09-24","2026-09-24","true","词头与列出词形匹配","课程候选等级；尚未逐词人工确认","例句/译文已人工审校"
"A1","kjempefin","形容词","描述与感受","NorweigenLearn 当前词库","特别好看的；非常棒的；很好的（口语）","kjempefin · kjempefint · kjempefine","Vi hadde en kjempefin dag på fjellet. / Det var et kjempefint bilde.","我们在山上度过了特别棒的一天。 / 那是一张非常漂亮的照片。","2","A1","true","true","词典核验：词头/词性/核心义项","Bokmålsordboka","https://ordbokene.no/bm/kjempefin","2026-09-24","","true","词头与列出词形匹配","课程候选等级；尚未逐词人工确认","例句/译文尚未人工逐词审校"
"A1","kjempesulten","形容词","饮食与购物","NorweigenLearn 当前词库","特别饿的；饿极了（口语）","kjempesulten · kjempesultent · kjempesultne","Barna er kjempesultne etter svømmetreningen. / Jeg ble kjempesulten på vei hjem.","孩子们游泳训练后饿极了。 / 我回家路上饿得不行。","2","A1","true","true","词典核验：词头/词性/核心义项","Bokmålsordboka","https://ordbokene.no/bm/sulten","2026-09-24","","false","相关词头词形匹配","课程候选等级；尚未逐词人工确认","例句/译文尚未人工逐词审校"
"A1","klær","名词（复数）","起床与出门","NorweigenLearn 当前词库","衣服","klær · klærne","Jeg legger fram klær til i morgen. / Klærne er tørre nå.","我把明天要穿的衣服准备好。 / 衣服现在干了。","2","A1","true","true","词典核验：词头/词性/核心义项","Bokmålsordboka","https://ordbokene.no/bm/kl%C3%A6r","2026-09-24","","true","词头与列出词形匹配","课程候选等级；尚未逐词人工确认","例句/译文尚未人工逐词审校"
"A1","kne","名词","身体部位","NorweigenLearn 当前词库","膝盖；膝关节","et kne · kneet · knær · knærne","Hun slo kneet da hun falt. / Barna sitter på knærne på gulvet.","她摔倒时磕到了膝盖。 / 孩子们跪坐在地板上。","2","A1","true","true","词典核验：词头/词性/核心义项","Bokmålsordboka","https://ordbokene.no/bm/kne","2026-09-24","","true","词头与列出词形匹配","课程候选等级；尚未逐词人工确认","例句/译文尚未人工逐词审校"
"A1","kø","名词","排队与服务","NorweigenLearn 当前词库","队伍；队列（等待服务的人群）","en kø · køen · køer · køene","Det er lang kø foran kassa. / Vi sto i kø i nesten tjue minutter.","收银台前排了很长的队。 / 我们排了将近二十分钟的队。","2","A1","true","true","词典核验：词头/词性/核心义项","Bokmålsordboka","https://ordbokene.no/bm/kø","2026-09-24","","true","词头与列出词形匹配","课程候选等级；尚未逐词人工确认","例句/译文尚未人工逐词审校"
"A1","kvart","数词/副词","时间与日程","NorweigenLearn 当前词库","一刻；四分之一；一刻钟（常用于报时）","kvart","Vi møtes klokka kvart over fire. / Klokka er kvart på sju.","我们四点一刻见面。 / 现在差一刻七点。","2","A1","true","true","词典核验：词头/词性/核心义项","Bokmålsordboka","https://ordbokene.no/bm/kvart","2026-09-24","","true","词头与列出词形匹配","课程候选等级；尚未逐词人工确认","例句/译文尚未人工逐词审校"
"A1","kvinne","名词","家人和关系 / 家庭与人物","NorweigenLearn 当前词库","女性；成年女子","ei kvinne · kvinna · kvinner · kvinnene","Det står ei kvinne utenfor. / Kvinnene jobber på samme skole.","外面站着一位女性。 / 这些女性在同一所学校工作。","2","A1","true","true","词典核验：词头/词性/核心义项","Bokmålsordboka","https://ordbokene.no/bm/kvinne","2026-09-24","","true","词头与列出词形匹配","课程候选等级；尚未逐词人工确认","例句/译文尚未人工逐词审校"
"A1","lår","名词","身体部位","NorweigenLearn 当前词库","大腿（髋部至膝盖之间）","et lår · låret · lår · lårene","Jeg har vondt i det venstre låret. / Fotballspilleren fikk et blåmerke på låret.","我左大腿疼。 / 那名足球运动员的大腿上有一块淤青。","2","A1","true","true","词典核验：词头/词性/核心义项","Bokmålsordboka","https://ordbokene.no/bm/lår","2026-09-24","","true","词头与列出词形匹配","课程候选等级；尚未逐词人工确认","例句/译文尚未人工逐词审校"
"A1","lås","名词","门锁与安全","NorweigenLearn 当前词库","锁；门锁；锁具","en lås · låsen · låser · låsene","Låsen på ytterdøra virker ikke. / Vi må skifte lås før vi flytter inn.","外门的锁坏了。 / 搬进去之前我们得换一把锁。","2","A1","true","true","词典核验：词头/词性/核心义项","Bokmålsordboka","https://ordbokene.no/bm/l%C3%A5s","2026-09-24","","true","词头与列出词形匹配","课程候选等级；尚未逐词人工确认","例句/译文尚未人工逐词审校"
"A1","låse","动词","门锁与安全","NorweigenLearn 当前词库","锁上；锁住；上锁","å låse · låser · låste · låst","Husk å låse døra når du går. / Han låste sykkelen fast til stativet.","你走的时候记得锁门。 / 他把自行车锁在车架上了。","2","A1","true","true","词典核验：词头/词性/核心义项","Bokmålsordboka","https://ordbokene.no/bm/l%C3%A5se","2026-09-24","","true","词头与列出词形匹配","课程候选等级；尚未逐词人工确认","例句/译文尚未人工逐词审校"
"A1","leve","动词","生活与状态","NorweigenLearn 当前词库","生活；活着；生存；以……为生","å leve · lever · levde · levd","De lever et rolig liv på landet. / Mange familier lever av jordbruk.","他们在乡下过着平静的生活。 / 许多家庭靠农业为生。","2","A1","true","true","词典核验：词头/词性/核心义项","Bokmålsordboka","https://ordbokene.no/bm/leve","2026-09-24","","true","词头与列出词形匹配","课程候选等级；尚未逐词人工确认","例句/译文尚未人工逐词审校"
"A1","litt","限定词/副词","数量与程度","NorweigenLearn 当前词库","一点；少量；稍微；有点儿","litt","Kan jeg få litt melk i kaffen? / Jeg forstår litt norsk, men jeg snakker sakte.","能在咖啡里给我加一点牛奶吗？ / 我懂一点挪威语，但我说得很慢。","2","A1","true","true","词典核验：词头/词性/核心义项","Bokmålsordboka","https://ordbokene.no/bm/litt","2026-09-24","","true","词头与列出词形匹配","课程候选等级；尚未逐词人工确认","例句/译文尚未人工逐词审校"
"A1","lommebok","名词","随身物品","NorweigenLearn 当前词库","钱包；钱夹","ei/en lommebok · lommeboka / lommeboken · lommebøker · lommebøkene","Jeg finner ikke lommeboka mi. / Hun la bankkortet tilbake i lommeboken.","我找不到我的钱包了。 / 她把银行卡放回了钱包里。","2","A1","true","true","词典核验：词头/词性/核心义项","Bokmålsordboka","https://ordbokene.no/bm/lommebok","2026-09-24","","true","词头与列出词形匹配","课程候选等级；尚未逐词人工确认","例句/译文尚未人工逐词审校"
"A1","lukke","动词","开与关","NorweigenLearn 当前词库","关上；关闭；合上（门、窗、眼睛等）","å lukke · lukker · lukket · lukket","Husk å lukke vinduet før du går. / Han lukket øynene og prøvde å sove.","走之前记得把窗户关上。 / 他闭上眼睛，试着睡觉。","2","A1","true","true","词典核验：词头/词性/核心义项","Bokmålsordboka","https://ordbokene.no/bm/lukke","2026-09-24","","true","词头与列出词形匹配","课程候选等级；尚未逐词人工确认","例句/译文尚未人工逐词审校"
"A1","måne","名词","自然与天气","NorweigenLearn 当前词库","月亮；月球","en måne · månen · måner · månene","Månen lyser over fjorden. / Vi så en stor måne på bildet.","月亮照亮了峡湾上空。 / 我们在图片上看到一个很大的月亮。","2","A1","true","true","词典核验：词头/词性/核心义项","Bokmålsordboka","https://ordbokene.no/bm/m%C3%A5ne","2026-09-24","","true","词头与列出词形匹配","课程候选等级；尚未逐词人工确认","例句/译文尚未人工逐词审校"
"A1","mange","限定词","数量与程度","NorweigenLearn 当前词库","许多；很多（修饰可数复数名词）","mange","Det bor mange mennesker i byen. / Vi har besøkt Oslo mange ganger.","这座城市住着很多人。 / 我们去过奥斯陆很多次。","2","A1","true","true","词典核验：词头/词性/核心义项","Bokmålsordboka","https://ordbokene.no/bm/mange","2026-09-24","","true","词头与列出词形匹配","课程候选等级；尚未逐词人工确认","例句/译文尚未人工逐词审校"
"A1","men","并列连词","连接词与句子","NorweigenLearn 当前词库","但是；可是；不过","men","Jeg liker kaffe, men kona mi drikker te. / Han er ikke fra Oslo, men fra Bergen.","我喜欢咖啡，但我妻子喝茶。 / 他不是来自奥斯陆，而是来自卑尔根。","2","A1","true","true","词典核验：词头/词性/核心义项","Bokmålsordboka","https://ordbokene.no/bm/men","2026-09-24","2026-09-24","true","词头与列出词形匹配","课程候选等级；尚未逐词人工确认","例句/译文已人工审校"
"A1","mens","从属连词","连接词与句子","NorweigenLearn 当前词库","当……的时候；与此同时；而（表示对比）","mens","Jeg hører på radio mens jeg lager middag. / Hun liker byen, mens broren hennes trives best på landet.","我做晚饭时听着广播。 / 她喜欢城市，而她哥哥 / 弟弟最喜欢住在乡下。","2","A1","true","true","词典核验：词头/词性/核心义项","Bokmålsordboka","https://ordbokene.no/bm/mens","2026-09-24","","true","词头与列出词形匹配","课程候选等级；尚未逐词人工确认","例句/译文尚未人工逐词审校"
"A1","mer","副词/限定词","数量与程度","NorweigenLearn 当前词库","更多；再一些；更（用于不可数数量或程度）","mer","Vil du ha mer kaffe? / Jeg vil gjerne lære mer norsk.","你还想要些咖啡吗？ / 我很想再多学一些挪威语。","2","A1","true","true","词典核验：词头/词性/核心义项","Bokmålsordboka","https://ordbokene.no/bm/mer","2026-09-24","","true","词头与列出词形匹配","课程候选等级；尚未逐词人工确认","例句/译文尚未人工逐词审校"
"A1","min","限定词","个人信息","NorweigenLearn 当前词库","我的（修饰名词；形式随名词性数变化）","min · mi · mitt · mine","Sønnen min går på skolen. / Jeg finner ikke nøklene mine.","我儿子在上学。 / 我找不到我的钥匙。","2","A1","true","true","词典核验：词头/词性/核心义项","Bokmålsordboka","https://ordbokene.no/bm/min","2026-09-24","","true","词头与列出词形匹配","课程候选等级；尚未逐词人工确认","例句/译文尚未人工逐词审校"
"A1","mobilnummer","名词","联系方式","NorweigenLearn 当前词库","手机号码；手机号","et mobilnummer · mobilnummeret · mobilnummer · mobilnumrene","Kan jeg få mobilnummeret ditt? / Hun skrev mobilnummeret mitt på en lapp.","我可以要一下你的手机号吗？ / 她把我的手机号写在一张纸上。","2","A1","true","true","词典核验：词头/词性/核心义项","Bokmålsordboka","https://ordbokene.no/bm/mobilnummer","2026-09-24","2026-09-24","false","透明复合词词形匹配中心词","课程候选等级；尚未逐词人工确认","例句/译文已人工审校"
"A1","museum","名词","文化与地点","NorweigenLearn 当前词库","博物馆；展览馆","et museum · museet · museer · museene","Vi besøkte et museum i Bergen i helga. / Museet stenger klokka fem.","我们周末参观了卑尔根的一家博物馆。 / 博物馆五点关门。","2","A1","true","true","词典核验：词头/词性/核心义项","Bokmålsordboka","https://ordbokene.no/bm/museum","2026-09-24","","true","词头与列出词形匹配","课程候选等级；尚未逐词人工确认","例句/译文尚未人工逐词审校"
"A1","nakke","名词","身体部位","NorweigenLearn 当前词库","颈后；后颈；脖颈后部","en nakke · nakken · nakker · nakkene","Jeg har vært stiv i nakken siden i går. / Hun masserer nakken etter en lang arbeidsdag.","我从昨天开始后颈就僵硬。 / 她在漫长的工作日后按摩后颈。","2","A1","true","true","词典核验：词头/词性/核心义项","Bokmålsordboka","https://ordbokene.no/bm/nakke","2026-09-24","","true","词头与列出词形匹配","课程候选等级；尚未逐词人工确认","例句/译文尚未人工逐词审校"
"A1","nei","感叹词/副词","交流与回应","NorweigenLearn 当前词库","不；不是；不，谢谢；不会","nei","Nei takk, jeg vil bare ha vann. / Nei, bussen går ikke før klokka åtte.","不用了，谢谢，我只想要水。 / 不，公交车八点前不发车。","2","A1","true","true","词典核验：词头/词性/核心义项","Bokmålsordboka","https://ordbokene.no/bm/nei","2026-09-24","","true","词头与列出词形匹配","课程候选等级；尚未逐词人工确认","例句/译文尚未人工逐词审校"
"A1","ni","限定词","数字与数量","NorweigenLearn 当前词库","九；9","ni","Bussen går klokka ni. / Kurset varer i ni uker.","公交车九点发车。 / 课程持续九周。","2","A1","true","true","词典核验：词头/词性/核心义项","Bokmålsordboka","https://ordbokene.no/bm/ni","2026-09-24","","true","词头与列出词形匹配","课程候选等级；尚未逐词人工确认","例句/译文尚未人工逐词审校"
"A1","niende","形容词","数字与数量","NorweigenLearn 当前词库","第九；第九个/位/次","niende","Vi flytter inn den niende mai. / Dette er niende gang jeg prøver.","我们五月九日搬进去。 / 这是我第九次尝试。","2","A1","true","true","词典核验：词头/词性/核心义项","Bokmålsordboka","https://ordbokene.no/bm/niende","2026-09-24","","true","词头与列出词形匹配","课程候选等级；尚未逐词人工确认","例句/译文尚未人工逐词审校"
"A1","noen","限定词","数量与指代","NorweigenLearn 当前词库","一些；几个；某些；有人/某人（依句法）","noen · noe · noen","Har du noen spørsmål? / Jeg trenger noe varmt å drikke.","你有什么问题吗？ / 我需要一些热饮。","2","A1","true","true","词典核验：词头/词性/核心义项","Bokmålsordboka","https://ordbokene.no/bm/noen","2026-09-24","","true","词头与列出词形匹配","课程候选等级；尚未逐词人工确认","例句/译文尚未人工逐词审校"
"A1","nøkkel","名词","起床与出门","NorweigenLearn 当前词库","钥匙","en nøkkel · nøkkelen · nøkler · nøklene","Jeg finner ikke husnøkkelen min. / Hun legger nøklene på bordet.","我找不到我的家门钥匙。 / 她把钥匙放在桌子上。","2","A1","true","true","词典核验：词头/词性/核心义项","Bokmålsordboka","https://ordbokene.no/bm/n%C3%B8kkel","2026-09-24","","true","词头与列出词形匹配","课程候选等级；尚未逐词人工确认","例句/译文尚未人工逐词审校"
"A1","notatbok","名词","学习用品","NorweigenLearn 当前词库","笔记本；记事本","ei notatbok · notatboka · notatbøker · notatbøkene","Jeg skriver nye ord i notatboka mi. / Studentene tok fram notatbøkene sine.","我把新单词记在我的笔记本里。 / 学生们拿出了各自的笔记本。","2","A1","true","true","词典核验：词头/词性/核心义项","Bokmålsordboka","https://ordbokene.no/bm/notatbok","2026-09-24","","false","透明复合词词形匹配中心词","课程候选等级；尚未逐词人工确认","例句/译文尚未人工逐词审校"
"A1","og","并列连词","连接词与句子","NorweigenLearn 当前词库","和；并且；而且","og","Vi kjøper brød og melk på butikken. / Jeg lager middag, og barna dekker bordet.","我们在商店买面包和牛奶。 / 我做晚饭，孩子们摆桌子。","2","A1","true","true","词典核验：词头/词性/核心义项","Bokmålsordboka","https://ordbokene.no/bm/og","2026-09-24","2026-09-24","true","词头与列出词形匹配","课程候选等级；尚未逐词人工确认","例句/译文已人工审校"
"A1","oi","感叹词","口语回应与感叹","NorweigenLearn 当前词库","哎呀；哦；哇（惊讶、注意到或轻微担心）","oi","Oi, jeg glemte nøklene hjemme! / Oi, så stor hund du har!","哎呀，我把钥匙忘在家里了！ / 哇，你的狗真大！","2","A1","true","true","词典核验：词头/词性/核心义项","Bokmålsordboka","https://ordbokene.no/bm/oi","2026-09-24","","true","词头与列出词形匹配","课程候选等级；尚未逐词人工确认","例句/译文尚未人工逐词审校"
"A1","om","介词/从属连词","时间与关系介词","NorweigenLearn 当前词库","关于；在……之后/期间；如果；绕着（依结构）","om","Vi snakker om ferien etter middag. / Toget går om ti minutter.","晚饭后我们聊度假的事。 / 火车十分钟后发车。","2","A1","true","true","词典核验：词头/词性/核心义项","Bokmålsordboka","https://ordbokene.no/bm/om","2026-09-24","","true","词头与列出词形匹配","课程候选等级；尚未逐词人工确认","例句/译文尚未人工逐词审校"
"A1","oppskrift","名词","烹饪与食谱","NorweigenLearn 当前词库","食谱；配方；操作说明（依语境）","ei oppskrift · oppskrifta · oppskrifter · oppskriftene","Jeg fant ei enkel oppskrift på gulrotkake. / Følg oppskriften nøye.","我找到了一份简单的胡萝卜蛋糕食谱。 / 仔细按照食谱操作。","2","A1","true","true","词典核验：词头/词性/核心义项","Bokmålsordboka","https://ordbokene.no/bm/oppskrift","2026-09-24","","true","词头与列出词形匹配","课程候选等级；尚未逐词人工确认","例句/译文尚未人工逐词审校"
"A1","ordbok","名词","学习用品与工具","NorweigenLearn 当前词库","词典；字典","ei ordbok · ordboka · ordbøker · ordbøkene","Jeg slår opp nye ord i ordboka. / Har du ei norsk-kinesisk ordbok?","我在词典里查新单词。 / 你有一本挪汉词典吗？","2","A1","true","true","词典核验：词头/词性/核心义项","Bokmålsordboka","https://ordbokene.no/bm/ordbok","2026-09-24","","true","词头与列出词形匹配","课程候选等级；尚未逐词人工确认","例句/译文尚未人工逐词审校"
"A1","øre","名词","身体部位","NorweigenLearn 当前词库","耳朵；听觉；耳（货币单位/其他义项依语境）","et øre · øret · ører · ørene","Barnet har vondt i det ene øret. / Katten har lange hår på ørene.","孩子一只耳朵疼。 / 猫的耳朵上有长毛。","2","A1","true","true","词典核验：词头/词性/核心义项","Bokmålsordboka","https://ordbokene.no/bm/øre","2026-09-24","","true","词头与列出词形匹配","课程候选等级；尚未逐词人工确认","例句/译文尚未人工逐词审校"
"A1","ovn","名词","厨房与家电","NorweigenLearn 当前词库","烤箱；炉子；暖炉（依语境）","en ovn · ovnen · ovner · ovnene","Sett pizzaen i ovnen på 220 grader. / Det står en gammel vedovn i stua.","把披萨放进烤箱，温度调到220度。 / 客厅里有一台老式柴炉。","2","A1","true","true","词典核验：词头/词性/核心义项","Bokmålsordboka","https://ordbokene.no/bm/ovn","2026-09-24","","true","词头与列出词形匹配","课程候选等级；尚未逐词人工确认","例句/译文尚未人工逐词审校"
"A1","øye","名词","身体部位","NorweigenLearn 当前词库","眼睛；眼部；视力（依语境）","et øye · øyet · øyne · øynene","Jeg fikk noe støv i øyet. / Hun har blå øyne.","我眼睛里进了点灰。 / 她有一双蓝眼睛。","2","A1","true","true","词典核验：词头/词性/核心义项","Bokmålsordboka","https://ordbokene.no/bm/øye","2026-09-24","","true","词头与列出词形匹配","课程候选等级；尚未逐词人工确认","例句/译文尚未人工逐词审校"
"A1","pære","名词","水果与食物","NorweigenLearn 当前词库","梨；（灯具）灯泡/梨形灯","ei pære · pæra · pærer · pærene","Jeg spiser ei pære på vei hjem. / Lampa virker ikke, så vi må skifte pære.","我在回家的路上吃一个梨。 / 灯不亮了，所以我们得换灯泡。","2","A1","true","true","词典核验：词头/词性/核心义项","Bokmålsordboka","https://ordbokene.no/bm/p%C3%A6re","2026-09-24","","true","词头与列出词形匹配","课程候选等级；尚未逐词人工确认","例句/译文尚未人工逐词审校"
"A1","park","名词","城市与地点","NorweigenLearn 当前词库","公园；公共绿地","en park · parken · parker · parkene","Vi spiste lunsj i parken. / Det finnes flere parker i sentrum.","我们在公园里吃了午饭。 / 市中心有好几个公园。","2","A1","true","true","词典核验：词头/词性/核心义项","Bokmålsordboka","https://ordbokene.no/bm/park","2026-09-24","","true","词头与列出词形匹配","课程候选等级；尚未逐词人工确认","例句/译文尚未人工逐词审校"
"A1","penge","名词","食物与购物","NorweigenLearn 当前词库","钱币；钱（泛指金钱时常用复数 penger）","en penge · pengen · penger · pengene","Jeg sparer penger til en sykkel.","我在攒钱买一辆自行车。","1","A1","true","true","词典核验：词义/词性/词形/例句/译文","Bokmålsordboka","https://ordbokene.no/nob/bm/penge","2026-09-24","2026-09-24","true","词头与列出词形匹配","课程候选等级；尚未逐词人工确认","例句/译文已人工审校"
"A1","penn","名词","学习用品","NorweigenLearn 当前词库","笔；钢笔；圆珠笔（广义书写工具）","en penn · pennen · penner · pennene","Har du en penn jeg kan låne? / Pennen ligger ved siden av boka.","你有一支笔可以借我吗？ / 笔在书旁边。","2","A1","true","true","词典核验：词头/词性/核心义项","Bokmålsordboka","https://ordbokene.no/bm/penn","2026-09-24","","true","词头与列出词形匹配","课程候选等级；尚未逐词人工确认","例句/译文尚未人工逐词审校"
"A1","pølse","名词","食物与购物","NorweigenLearn 当前词库","香肠；热狗肠","ei pølse · pølsa · pølser · pølsene","Barna spiste pølser med brød etter turen. / Jeg kjøpte ei pølse på bensinstasjonen.","徒步之后孩子们吃了面包夹香肠。 / 我在加油站买了一根香肠。","2","A1","true","true","词典核验：词头/词性/核心义项","Bokmålsordboka","https://ordbokene.no/bm/p%C3%B8lse","2026-09-24","","true","词头与列出词形匹配","课程候选等级；尚未逐词人工确认","例句/译文尚未人工逐词审校"
"A1","postkort","名词","邮件与明信片","NorweigenLearn 当前词库","明信片","et postkort · postkortet · postkort · postkortene","Jeg sendte et postkort fra Tromsø til familien. / Hun skrev adressen på baksiden av postkortet.","我从特罗姆瑟寄了一张明信片给家人。 / 她把地址写在明信片背面。","2","A1","true","true","词典核验：词头/词性/核心义项","Bokmålsordboka","https://ordbokene.no/bm/postkort","2026-09-24","","true","词头与列出词形匹配","课程候选等级；尚未逐词人工确认","例句/译文尚未人工逐词审校"
"A1","pute","名词","卧室与床上用品","NorweigenLearn 当前词库","枕头；靠垫","ei pute · puta · puter · putene","Jeg trenger ei ekstra pute til gjesterommet. / Katten ligger på puta i sofaen.","客房还需要一个备用枕头。 / 猫躺在沙发上的靠垫上。","2","A1","true","true","词典核验：词头/词性/核心义项","Bokmålsordboka","https://ordbokene.no/bm/pute","2026-09-24","","true","词头与列出词形匹配","课程候选等级；尚未逐词人工确认","例句/译文尚未人工逐词审校"
"A1","samme","限定词","指示与指代","NorweigenLearn 当前词库","同一个；同样的；共同的","samme","Vi tar den samme bussen hver morgen. / Barna går på samme skole.","我们每天早上都坐同一班公交车。 / 孩子们在同一所学校上学。","2","A1","true","true","词典核验：词头/词性/核心义项","Bokmålsordboka","https://ordbokene.no/bm/samme","2026-09-24","","true","词头与列出词形匹配","课程候选等级；尚未逐词人工确认","例句/译文尚未人工逐词审校"
"A1","saus","名词","食物与烹饪","NorweigenLearn 当前词库","酱汁；调味汁；肉汁（依语境）","en saus · sausen · sauser · sausene","Kan du lage en saus til fisken? / Sausen står i en liten bolle på bordet.","你能给鱼做个酱汁吗？ / 酱汁放在桌上的小碗里。","2","A1","true","true","词典核验：词头/词性/核心义项","Bokmålsordboka","https://ordbokene.no/bm/saus","2026-09-24","","true","词头与列出词形匹配","课程候选等级；尚未逐词人工确认","例句/译文尚未人工逐词审校"
"A1","seks","限定词","数字与数量","NorweigenLearn 当前词库","六；6","seks","Jeg står opp klokka seks på hverdager. / Vi bestilte seks billetter.","工作日我六点起床。 / 我们订了六张票。","2","A1","true","true","词典核验：词头/词性/核心义项","Bokmålsordboka","https://ordbokene.no/bm/seks","2026-09-24","","true","词头与列出词形匹配","课程候选等级；尚未逐词人工确认","例句/译文尚未人工逐词审校"
"A1","selge","动词","买卖与付款 / 待归类","NorweigenLearn 当前词库","卖；出售；销售","å selge · selger · solgte · solgt","Butikken selger ferskt brød hver morgen. / Vi solgte den gamle sofaen på nettet.","这家商店每天早上卖新鲜面包。 / 我们在网上卖掉了那张旧沙发。","2","A1","true","true","词典核验：词头/词性/核心义项","Bokmålsordboka","https://ordbokene.no/bm/selge","2026-09-24","","true","词头与列出词形匹配","课程候选等级；尚未逐词人工确认","例句/译文尚未人工逐词审校"
"A1","sju","限定词","时间与日程","NorweigenLearn 当前词库","七（数字；也可拼 syv）","sju","Bussen går klokka sju. / Vi blir i Oslo i sju dager.","公交车七点发车。 / 我们会在奥斯陆待七天。","2","A1","true","true","词典核验：词头/词性/核心义项","Bokmålsordboka","https://ordbokene.no/bm/sju","2026-09-24","","true","词头与列出词形匹配","课程候选等级；尚未逐词人工确认","例句/译文尚未人工逐词审校"
"A1","sky","名词","自然与天气","NorweigenLearn 当前词库","云；一朵云","ei sky · skya · skyer · skyene","Det ligger mørke skyer over byen. / En liten sky dekker sola.","城市上空乌云密布。 / 一小片云遮住了太阳。","2","A1","true","true","词典核验：词头/词性/核心义项","Bokmålsordboka","https://ordbokene.no/bm/sky","2026-09-24","","true","词头与列出词形匹配","课程候选等级；尚未逐词人工确认","例句/译文尚未人工逐词审校"
"A1","slå","动词","动作与身体","NorweigenLearn 当前词库","打；击；敲；按；打败；使关闭（依语境）","å slå · slår · slo · slått","Kan du slå på lyset i gangen? / Laget vårt slo motstanderne i finalen.","你能把走廊的灯打开吗？ / 我们的队伍在决赛中击败了对手。","2","A1","true","true","词典核验：词头/词性/核心义项","Bokmålsordboka","https://ordbokene.no/bm/slå","2026-09-24","","true","词头与列出词形匹配","课程候选等级；尚未逐词人工确认","例句/译文尚未人工逐词审校"
"A1","slutte","动词","工作与学习 / 时间与日常","NorweigenLearn 当前词库","停止；结束；离开（工作/学校）","slutte · slutter · sluttet · sluttet","Møtet slutter klokka tre. / Han sluttet å jobbe der i fjor.","会议三点结束。 / 他去年不在那里工作了。","2","A1","true","true","词典核验：词头/词性/核心义项","Bokmålsordboka","https://ordbokene.no/bm/slutte","2026-09-24","","true","词头与列出词形匹配","课程候选等级；尚未逐词人工确认","例句/译文尚未人工逐词审校"
"A1","småkake","名词","烘焙与甜点","NorweigenLearn 当前词库","小饼干；小块甜酥饼","ei småkake · småkaka · småkaker · småkakene","Vi baker småkaker til jul. / Vil du ha ei småkake til kaffen?","我们为圣诞节烤小饼干。 / 你想来块小饼干配咖啡吗？","2","A1","true","true","词典核验：词头/词性/核心义项","Bokmålsordboka","https://ordbokene.no/bm/sm%C3%A5kake","2026-09-24","","true","词头与列出词形匹配","课程候选等级；尚未逐词人工确认","例句/译文尚未人工逐词审校"
"A1","snø","名词（通常不可数）","自然与天气","NorweigenLearn 当前词库","雪；降雪","snø · snøen","Det ligger mye snø på bakken. / Snøen smelter om våren.","地上积了很多雪。 / 雪在春天融化。","2","A1","true","true","词典核验：词头/词性/核心义项","Bokmålsordboka","https://ordbokene.no/bm/sn%C3%B8","2026-09-24","","true","词头与列出词形匹配","课程候选等级；尚未逐词人工确认","例句/译文尚未人工逐词审校"
"A1","sommer","名词","季节与天气","NorweigenLearn 当前词库","夏天","en sommer · sommeren · somre · somrene","Vi reiser ofte bort om sommeren. / Sommeren i Norge kan være varm.","我们夏天经常外出旅行。 / 挪威的夏天有时很暖和。","2","A1","true","true","词典核验：词头/词性/核心义项","Bokmålsordboka","https://ordbokene.no/bm/sommer","2026-09-24","","true","词头与列出词形匹配","课程候选等级；尚未逐词人工确认","例句/译文尚未人工逐词审校"
"A1","sønn","名词","家人和关系","NorweigenLearn 当前词库","儿子","en sønn · sønnen · sønner · sønnene","Sønnen min går i barnehagen. / De har tre sønner.","我儿子上幼儿园。 / 他们有三个儿子。","2","A1","true","true","词典核验：词头/词性/核心义项","Bokmålsordboka","https://ordbokene.no/bm/s%C3%B8nn","2026-09-24","","true","词头与列出词形匹配","课程候选等级；尚未逐词人工确认","例句/译文尚未人工逐词审校"
"A1","stasjon","名词","公共交通与方向","NorweigenLearn 当前词库","车站；火车站","en stasjon · stasjonen · stasjoner · stasjonene","Vi møtes på stasjonen klokka seks. / Toget går fra spor fire på stasjonen.","我们六点在车站见。 / 火车从车站的四号站台出发。","2","A1","true","true","词典核验：词头/词性/核心义项","Bokmålsordboka","https://ordbokene.no/bm/stasjon","2026-09-24","","true","词头与列出词形匹配","课程候选等级；尚未逐词人工确认","例句/译文尚未人工逐词审校"
"A1","stein","名词","自然与动物","NorweigenLearn 当前词库","石头；石块","en stein · steinen · steiner · steinene","Barnet fant en fin stein på stranda. / Steinene ligger ved inngangen.","孩子在海滩上找到一块漂亮的石头。 / 石头放在入口旁边。","2","A1","true","true","词典核验：词头/词性/核心义项","Bokmålsordboka","https://ordbokene.no/bm/stein","2026-09-24","","true","词头与列出词形匹配","课程候选等级；尚未逐词人工确认","例句/译文尚未人工逐词审校"
"A1","stjerne","名词","自然与天气","NorweigenLearn 当前词库","星星；恒星；明星","ei stjerne · stjerna · stjerner · stjernene","Vi så mange stjerner på himmelen. / Hun er en kjent norsk stjerne.","我们在天空中看到了许多星星。 / 她是一位知名的挪威明星。","2","A1","true","true","词典核验：词头/词性/核心义项","Bokmålsordboka","https://ordbokene.no/bm/stjerne","2026-09-24","","true","词头与列出词形匹配","课程候选等级；尚未逐词人工确认","例句/译文尚未人工逐词审校"
"A1","telle","动词","数字与数量","NorweigenLearn 当前词库","数；计数；清点；算作/有……意义（依语境）","å telle · teller · telte · telt","Kan du telle hvor mange kopper vi har? / Han telte til ti før han svarte.","你能数一下我们有多少个杯子吗？ / 他数到十才回答。","2","A1","true","true","词典核验：词头/词性/核心义项","Bokmålsordboka","https://ordbokene.no/bm/telle","2026-09-24","","true","词头与列出词形匹配","课程候选等级；尚未逐词人工确认","例句/译文尚未人工逐词审校"
"A1","ti","限定词","数字与数量","NorweigenLearn 当前词库","十；10","ti","Legen har en ledig time klokka ti. / Bussen er ti minutter forsinket.","医生十点有一个空档。 / 公交车晚点十分钟。","2","A1","true","true","词典核验：词头/词性/核心义项","Bokmålsordboka","https://ordbokene.no/bm/ti","2026-09-24","","true","词头与列出词形匹配","课程候选等级；尚未逐词人工确认","例句/译文尚未人工逐词审校"
"A2","T-skjorte","名词","衣物与穿着","NTNU LearnNoW; NorweigenLearn 当前词库","T恤；短袖圆领衫","ei T-skjorte · T-skjorta · T-skjorter · T-skjortene / en T-skjorte · T-skjorten · T-skjorter · T-skjortene","Jeg kjøpte en blå T-skjorte på salg. / Han har på seg en hvit T-skjorte. / Jeg kjøpte ei blå T-skjorte på salg. / Han har på seg en hvit T-skjorte.","我打折买了一件蓝色T恤。 / 他穿着一件白色T恤。 / 我打折买了一件蓝色T恤。 / 他穿着一件白色T恤。","4","A2","true","true","词典核验：Bokmål词头/词性/核心义项","Bokmålsordboka","https://ordbokene.no/bm/T-skjorte","2026-09-24","","true","词头与列出词形匹配","课程候选等级；尚未逐词人工确认","例句/译文尚未人工逐词审校"
"A2","prate","动词","交流与语言","NTNU LearnNoW; NorweigenLearn 当前词库","聊天；交谈；闲谈","å prate · prater · pratet / prata · pratet / prata / prater, pratet, har pratet","Jeg pratet med naboen utenfor butikken. / Vi satt og pratet om ferien.","我在商店外和邻居聊了会儿。 / 我们坐着聊假期。","2","A2","true","true","词典核验：词头/词性/核心义项","Bokmålsordboka","https://ordbokene.no/bm/prate","2026-09-24","","true","词头与列出词形匹配","课程候选等级；尚未逐词人工确认","例句/译文尚未人工逐词审校"
"A2","rød","形容词","颜色与描述","NTNU LearnNoW; NorweigenLearn 当前词库","红色的；脸红的","rød · rødt · røde / rødt, røde","Vi stoppet da det ble rødt lys. / Hun ble rød i ansiktet av kulda.","红灯亮起时我们停了下来。 / 她冻得脸都红了。","2","A2","true","true","词典核验：词头/词性/核心义项","Bokmålsordboka","https://ordbokene.no/bm/r%C3%B8d","2026-09-24","","true","词头与列出词形匹配","课程候选等级；尚未逐词人工确认","例句/译文尚未人工逐词审校"
"A2","rundstykke","名词","面包与早餐","NTNU LearnNoW; NorweigenLearn 当前词库","小圆面包；餐包","et rundstykke · rundstykket · rundstykker · rundstykkene / rundstykket, rundstykker, rundstykkene","Jeg spiser et rundstykke med ost til frokost. / Vi kjøpte ferske rundstykker på bakeriet.","我早餐吃一个夹奶酪的小圆面包。 / 我们在面包店买了新鲜的小圆面包。","2","A2","true","true","词典核验：词头/词性/核心义项","Bokmålsordboka","https://ordbokene.no/bm/rundstykke","2026-09-24","","true","词头与列出词形匹配","课程候选等级；尚未逐词人工确认","例句/译文尚未人工逐词审校"
"A2","sakte","副词","速度与动作","NTNU LearnNoW; NorweigenLearn 当前词库","慢慢地；缓慢地","sakte · saktere · saktest / sakteste","Kan du snakke litt saktere? / Bilen kjørte sakte på den glatte veien.","你能说得再慢一点吗？ / 汽车在湿滑的路上开得很慢。","2","A2","true","true","词典核验：词头/词性/核心义项","Bokmålsordboka","https://ordbokene.no/bm/sakte","2026-09-24","","true","词头与列出词形匹配","课程候选等级；尚未逐词人工确认","例句/译文尚未人工逐词审校"
"A2","salami","名词","肉类与三明治","NTNU LearnNoW; NorweigenLearn 当前词库","萨拉米香肠；意大利风味腌肠","en salami · salamien · salamier · salamiene / salamien, salamier, salamiene","Han spiser brød med salami til lunsj. / Jeg kjøpte en pakke salami i butikken.","他午餐吃萨拉米香肠面包。 / 我在商店买了一包萨拉米香肠。","2","A2","true","true","词典核验：词头/词性/核心义项","Bokmålsordboka","https://ordbokene.no/bm%2Cnn/salami","2026-09-24","","true","词头与列出词形匹配","课程候选等级；尚未逐词人工确认","例句/译文尚未人工逐词审校"
"A2","selvfølgelig","形容词","同意与回应","NTNU LearnNoW; NorweigenLearn 当前词库","理所当然的；当然（作副词）","selvfølgelig · selvfølgelig · selvfølgelige / selvfølgelig, selvfølgelige","Selvfølgelig kan jeg hjelpe deg. / Det er en selvfølgelig del av jobben.","当然，我可以帮你。 / 这是工作中理所当然的一部分。","2","A2","true","true","词典核验：词头/词性/核心义项","Bokmålsordboka","https://ordbokene.no/bm/selvfølgelig","2026-09-24","","true","词头与列出词形匹配","课程候选等级；尚未逐词人工确认","例句/译文尚未人工逐词审校"
"A2","skinke","名词","肉类与三明治","NTNU LearnNoW; NorweigenLearn 当前词库","火腿；猪后腿肉（食材）","ei/en skinke · skinka / skinken · skinker · skinkene / skinken, skinker, skinkene","Jeg lager en sandwich med ost og skinke. / Skinka står i kjøleskapet.","我做了一个奶酪火腿三明治。 / 火腿放在冰箱里。","2","A2","true","true","词典核验：词头/词性/核心义项","Bokmålsordboka","https://ordbokene.no/nob/bm/skinke","2026-09-24","","true","词头与列出词形匹配","课程候选等级；尚未逐词人工确认","例句/译文尚未人工逐词审校"
"A2","skinne","动词","天气与光线","NTNU LearnNoW; NorweigenLearn 当前词库","照耀；发光；闪耀","å skinne · skinner · skinte · skint / har skint / skinner, skinte, har skint","Sola skinner, så vi går en tur. / Lampen skinte svakt i mørket.","阳光明媚，所以我们出去散步。 / 灯在黑暗中微弱地发着光。","2","A2","true","true","词典核验：词头/词性/核心义项","Bokmålsordboka","https://ordbokene.no/bm/skinne","2026-09-24","","true","词头与列出词形匹配","课程候选等级；尚未逐词人工确认","例句/译文尚未人工逐词审校"
"A2","skive","名词","食物与形状","NTNU LearnNoW; NorweigenLearn 当前词库","一片；薄片；切片","ei/en skive · skiva / skiven · skiver · skivene / skiva, skiver, skivene","Kan jeg få en skive ost til? / Hun la to skiver brød i brødristeren.","我能再要一片奶酪吗？ / 她把两片面包放进了烤面包机。","2","A2","true","true","词典核验：词头/词性/核心义项","Bokmålsordboka","https://ordbokene.no/search?dict=bm&q=skive","2026-09-24","","true","词头与列出词形匹配","课程候选等级；尚未逐词人工确认","例句/译文尚未人工逐词审校"
"A2","søt","形容词","味道与评价","NTNU LearnNoW; NorweigenLearn 当前词库","甜的；可爱的；亲切讨喜的","søt · søtt · søte · søtere · søtest / søteste / søtt, søte","Kaffen er litt for søt for meg. / For en søt hund!","这咖啡对我来说有点太甜了。 / 多可爱的一只狗啊！","2","A2","true","true","词典核验：词头/词性/核心义项","Bokmålsordboka","https://ordbokene.no/bm/s%C3%B8t","2026-09-24","","true","词头与列出词形匹配","课程候选等级；尚未逐词人工确认","例句/译文尚未人工逐词审校"
"A2","spansk","形容词","语言与国籍","NTNU LearnNoW; NorweigenLearn 当前词库","西班牙的；西班牙语的；西班牙人（依名词化语境）","spansk · spansk · spanske · mer spansk · mest spansk / spansk, spanske","Hun snakker spansk med kollegaene sine. / Vi spiste spansk mat på restaurant.","她和同事说西班牙语。 / 我们在餐馆吃了西班牙菜。","2","A2","true","true","词典核验：词头/词性/核心义项","Bokmålsordboka","https://ordbokene.no/bm/spansk","2026-09-24","","true","基本词形匹配；比较级形式另核","课程候选等级；尚未逐词人工确认","例句/译文尚未人工逐词审校"
"A2","spesiell","形容词","特征与评价","NTNU LearnNoW; NorweigenLearn 当前词库","特别的；特殊的；与众不同的","spesiell · spesielt · spesielle / spesielt, spesielle","I dag er en spesiell dag for familien. / Har du noe spesielt på hjertet?","今天对这个家庭来说是个特别的日子。 / 你有什么特别想说的吗？","2","A2","true","true","词典核验：词头/词性/核心义项","Bokmålsordboka","https://ordbokene.no/bm/spesiell","2026-09-24","","true","词头与列出词形匹配","课程候选等级；尚未逐词人工确认","例句/译文尚未人工逐词审校"
"A2","spiller","名词","运动与职业","NTNU LearnNoW; NorweigenLearn 当前词库","运动员；选手；玩家；演奏者","en spiller · spilleren · spillere · spillerne / spilleren, spillere, spillerne","Hun er en dyktig spiller på laget. / Spilleren vant finalen.","她是队里一名出色的选手。 / 这名选手赢得了决赛。","2","A2","true","true","词典核验：词头/词性/核心义项","Bokmålsordboka","https://ordbokene.no/bm/spiller","2026-09-24","","true","词头与列出词形匹配","课程候选等级；尚未逐词人工确认","例句/译文尚未人工逐词审校"
"A2","svensk","形容词","语言与国籍","NTNU LearnNoW; NorweigenLearn 当前词库","瑞典的；瑞典语的；瑞典人（依名词化语境）","svensk · svensk · svenske · mer svensk · mest svensk / svensk, svenske","Naboen min er svensk, men snakker norsk også. / Vi lærte noen svenske ord på reisen.","我的邻居是瑞典人，不过也说挪威语。 / 旅行时我们学了几个瑞典语词。","2","A2","true","true","词典核验：词头/词性/核心义项","Bokmålsordboka","https://ordbokene.no/bm/svensk","2026-09-24","","true","基本词形匹配；比较级形式另核","课程候选等级；尚未逐词人工确认","例句/译文尚未人工逐词审校"
"A2","sykepleier","名词","健康与职业","NTNU LearnNoW; NorweigenLearn 当前词库","护士；护理人员","en sykepleier · sykepleieren · sykepleiere · sykepleierne / sykepleieren, sykepleiere, sykepleierne","Sykepleieren hjalp pasienten med medisinen. / Hun utdanner seg til sykepleier.","护士帮助病人服药。 / 她正在接受护士职业教育。","2","A2","true","true","词典核验：词头/词性/核心义项","Bokmålsordboka","https://ordbokene.no/bm/sykepleier","2026-09-24","","true","词头与列出词形匹配","课程候选等级；尚未逐词人工确认","例句/译文尚未人工逐词审校"
"A2","syltetøy","名词","早餐与甜味食品","NTNU LearnNoW; NorweigenLearn 当前词库","果酱；蜜饯（通常指抹面包的果酱）","et syltetøy · syltetøyet · syltetøy · syltetøyene / syltetøyet, syltetøy, syltetøyene","Barna liker brød med syltetøy. / Jordbærsyltetøy passer godt til vafler.","孩子们喜欢吃抹果酱的面包。 / 草莓果酱很适合搭配华夫饼。","2","A2","true","true","词典核验：词头/词性/核心义项","Bokmålsordboka","https://ordbokene.no/eng/search?dict=bm%2Cnn&q=syltet%C3%B8y&scope=eif","2026-09-24","","true","词头与列出词形匹配","课程候选等级；尚未逐词人工确认","例句/译文尚未人工逐词审校"
"A2","te","名词","饮料与点餐","NTNU LearnNoW; NorweigenLearn 当前词库","茶；一杯茶；一种茶","en te · teen · teer · teene / teen (uncountable)","Vil du ha en kopp te? / Butikken selger flere typer te.","你想喝一杯茶吗？ / 这家商店卖好几种茶。","2","A2","true","true","词典核验：词头/词性/核心义项","Bokmålsordboka","https://ordbokene.no/bm/te","2026-09-24","","true","词头与列出词形匹配","课程候选等级；尚未逐词人工确认","例句/译文尚未人工逐词审校"
"A2","terrasse","名词","住房与户外空间","NTNU LearnNoW; NorweigenLearn 当前词库","露台；平台；房屋外的休闲平台","en terrasse · terrassen · terrasser · terrassene / terrassen, terrasser, terrassene","Vi spiser middag på terrassen når det er varmt. / Leiligheten har en liten terrasse mot sør.","天气暖和时我们在露台上吃晚饭。 / 这套公寓有一个朝南的小露台。","2","A2","true","true","词典核验：词头/词性/核心义项","Bokmålsordboka","https://ordbokene.no/nob/bm/terrasse","2026-09-24","","true","词头与列出词形匹配","课程候选等级；尚未逐词人工确认","例句/译文尚未人工逐词审校"
"A2","trenge","动词","需要与请求 / 健康与看医生","NTNU LearnNoW; NorweigenLearn 当前词库","需要；有必要；挤/穿过（较少见义）","å trenge · trenger · trengte · trengt / trenger, trengte, har trengt","Vi trenger mer tid til å fylle ut skjemaet. / Hun trengte hjelp med å forstå brevet.","我们需要更多时间填写表格。 / 她当时需要帮助来理解这封信。","2","A2","true","true","词典核验：词头/词性/核心义项","Bokmålsordboka","https://ordbokene.no/bm/trenge","2026-09-24","","true","词头与列出词形匹配","课程候选等级；尚未逐词人工确认","例句/译文尚未人工逐词审校"
"A2","veldig","形容词","描述与程度","NTNU LearnNoW; NorweigenLearn 当前词库","非常；很；（作形容词）巨大的/强烈的","veldig · veldig · veldige / veldig, veldige","Det var veldig kaldt ute i går. / Jeg er veldig glad for at du kom.","昨天外面非常冷。 / 你来了我非常高兴。","2","A2","true","true","词典核验：Bokmål词头/词性/核心义项","Bokmålsordboka","https://ordbokene.no/bm/veldig","2026-09-24","2026-09-24","true","词头与列出词形匹配","课程候选等级；尚未逐词人工确认","例句/译文已人工审校"
"A2","venninne","名词","朋友与关系","NTNU LearnNoW; NorweigenLearn 当前词库","女性朋友；女友（需结合语境判断）","ei venninne · venninna · venninner · venninnene / venninna, venninner, venninnene","Jeg skal spise middag med ei venninne fra jobben. / Venninnene hennes bor i samme by.","我要和一位女同事朋友一起吃晚饭。 / 她的女性朋友们住在同一座城市。","2","A2","true","true","词典核验：词头/词性/核心义项","Bokmålsordboka","https://ordbokene.no/bm/venninne","2026-09-24","","true","词头与列出词形匹配","课程候选等级；尚未逐词人工确认","例句/译文尚未人工逐词审校"
"A2","verden","名词","世界与社会","NTNU LearnNoW; NorweigenLearn 当前词库","世界；人类世界；某个领域/圈子","en verden · verdenen · verdener · verdenene / verdenen, verdener, verdenene","Folk fra hele verden besøker Norge om sommeren. / Hun drømmer om å reise ut i verden.","来自世界各地的人夏天会来挪威旅游。 / 她梦想着去世界各地旅行。","2","A2","true","true","词典核验：Bokmål词头/词性/核心义项","Bokmålsordboka","https://ordbokene.no/bm/verden","2026-09-24","","true","词头与列出词形匹配","课程候选等级；尚未逐词人工确认","例句/译文尚未人工逐词审校"
"A2","vinne","动词","比赛与结果","NTNU LearnNoW; NorweigenLearn 当前词库","赢；获胜；赢得；争取到","å vinne · vinner · vant · vunnet / vinner, vant, har vunnet","Laget vårt vant kampen i går. / Hun har vunnet en premie i en konkurranse.","我们的队昨天赢了比赛。 / 她在一场比赛中赢得了奖品。","2","A2","true","true","词典核验：Bokmål词头/词性/核心义项","Bokmålsordboka","https://ordbokene.no/bm/vinne","2026-09-24","","true","词头与列出词形匹配","课程候选等级；尚未逐词人工确认","例句/译文尚未人工逐词审校"
"A2","anbefale","动词","建议与选择","NTNU LearnNoW; NTNU NoW1; NorweigenLearn 当前词库","推荐；建议；劝告","å anbefale · anbefaler · anbefalte · anbefalt / anbefaler, anbefalte, har anbefalt","Kan du anbefale en god norsk podcast? / Legen anbefalte meg å hvile.","你能推荐一个好的挪威语播客吗？ / 医生建议我休息。","2","A2","true","true","词典核验：词头/词性/核心义项","Bokmålsordboka","https://ordbokene.no/bm/anbefale","2026-09-24","","true","词头与列出词形匹配","课程候选等级；尚未逐词人工确认","例句/译文尚未人工逐词审校"
"A2","bibliotek","名词","学校与公共场所","NTNU LearnNoW; NTNU NoW1; NorweigenLearn 当前词库","图书馆；藏书室","biblioteket, biblioteker, bibliotekene / et bibliotek · biblioteket · biblioteker · bibliotekene","Vi låner bøker på biblioteket. / Det nye biblioteket ligger ved torget.","我们在图书馆借书。 / 新图书馆在广场旁边。","2","A2","true","true","词典核验：词头/词性/核心义项","Bokmålsordboka","https://ordbokene.no/bm/bibliotek","2026-09-24","","true","词头与列出词形匹配","课程候选等级；尚未逐词人工确认","例句/译文尚未人工逐词审校"
"A2","bygg","名词","建筑与地点","NTNU LearnNoW; NTNU NoW1; NorweigenLearn 当前词库","建筑物；楼；建筑（物）","et bygg · bygget · bygg · byggene","Universitetet åpnet et nytt bygg i høst. / De offentlige byggene må pusses opp.","大学今年秋天启用了一栋新楼。 / 这些公共建筑需要翻修。","2","A2","true","true","词典核验：词头/词性/核心义项","Bokmålsordboka","https://ordbokene.no/bm/bygg","2026-09-24","","true","词头与列出词形匹配","课程候选等级；尚未逐词人工确认","例句/译文尚未人工逐词审校"
"A2","e-post","名词","交流与科技","NTNU LearnNoW; NTNU NoW1; NorweigenLearn 当前词库","电子邮件；邮件消息","e-posten, e-poster, e-postene / en e-post · e-posten · e-poster · e-postene","Jeg sender deg en e-post i kveld. / Har du lest e-posten fra skolen?","我今晚给你发一封邮件。 / 你读学校发来的邮件了吗？","2","A2","true","true","词典核验：词头/词性/核心义项","Bokmålsordboka","https://ordbokene.no/bm/e-post","2026-09-24","","true","词头与列出词形匹配","课程候选等级；尚未逐词人工确认","例句/译文尚未人工逐词审校"
"A2","håpe","动词","愿望与计划 / 未来计划与目标","NTNU LearnNoW; NTNU NoW1; NorweigenLearn 当前词库","希望；盼望；但愿","å håpe · håper · håpet · håpet / håper, håpet, har håpet","Jeg håper at du får en fin helg. / Vi håper på bedre vær i morgen.","我希望你周末愉快。 / 我们希望明天天气好一些。","2","A2","true","true","词典核验：词头/词性/核心义项","Bokmålsordboka","https://ordbokene.no/bm/håpe","2026-09-24","","true","词头与列出词形匹配","课程候选等级；尚未逐词人工确认","例句/译文尚未人工逐词审校"
"A2","kino","名词","文化与休闲","NTNU LearnNoW; NTNU NoW1; NorweigenLearn 当前词库","电影院；看电影（活动，依语境）","en kino · kinoen · kinoer · kinoene / kinoen, kinoer, kinoene","Skal vi gå på kino på fredag? / Kinoen åpner en halvtime før filmen.","我们星期五去看电影好吗？ / 电影院在电影开场前半小时开放。","2","A2","true","true","词典核验：词头/词性/核心义项","Bokmålsordboka","https://ordbokene.no/bm/kino","2026-09-24","","true","词头与列出词形匹配","课程候选等级；尚未逐词人工确认","例句/译文尚未人工逐词审校"
"A2","konsert","名词","文化与休闲","NTNU LearnNoW; NTNU NoW1; NorweigenLearn 当前词库","音乐会；现场演出（以音乐为主）","en konsert · konserten · konserter · konsertene / konserten, konserter, konsertene","Vi skal på konsert med et norsk band. / Konserten begynner klokka åtte.","我们要去听一个挪威乐队的音乐会。 / 音乐会八点开始。","2","A2","true","true","词典核验：词头/词性/核心义项","Bokmålsordboka","https://ordbokene.no/bm/konsert","2026-09-24","","true","词头与列出词形匹配","课程候选等级；尚未逐词人工确认","例句/译文尚未人工逐词审校"
"A2","kurs","名词","学习与培训","NTNU LearnNoW; NTNU NoW1; NorweigenLearn 当前词库","课程；培训班；培训；方向/航向（依语境）","et kurs · kurset · kurs / kurser · kursene / kursene / kurset, kurs, kursene","Jeg går på et norskkurs to ganger i uka. / Kurset varer i seks uker.","我每周上两次挪威语课程。 / 这门课程持续六周。","2","A2","true","true","词典核验：词头/词性/核心义项","Bokmålsordboka","https://ordbokene.no/bm/kurs","2026-09-24","","true","词头与列出词形匹配","课程候选等级；尚未逐词人工确认","例句/译文尚未人工逐词审校"
"A2","akkurat","副词","准确与时间","NTNU LearnNoW; NorweigenLearn 当前词库","恰好；正好；确切地；刚刚（依语境）","akkurat","Bussen kommer akkurat klokka åtte. / Det var akkurat det jeg mente.","公交车正好八点到。 / 我想表达的正是这个。","2","A2","true","true","词典核验：词头/词性/核心义项","Bokmålsordboka","https://ordbokene.no/bm/akkurat","2026-09-24","","true","词头与列出词形匹配","课程候选等级；尚未逐词人工确认","例句/译文尚未人工逐词审校"
"A2","apotek","名词","药房与买药 / 健康与看医生","NTNU LearnNoW; NorweigenLearn 当前词库","药房；药店","apoteket, apoteker, apotekene / et apotek · apoteket · apoteker · apotekene","Jeg går på apoteket for å kjøpe hostesaft. / Det ligger et apotek ved siden av legekontoret.","我去药房买止咳糖浆。 / 诊所旁边有一家药房。","2","A2","true","true","词典核验：词头/词性/核心义项","Bokmålsordboka","https://ordbokene.no/bm/apotek","2026-09-24","","true","词头与列出词形匹配","课程候选等级；尚未逐词人工确认","例句/译文尚未人工逐词审校"
"A2","arkitektstudent","名词","教育与专业","NTNU NoW1; NorweigenLearn 当前词库","建筑专业学生；建筑系学生","en arkitektstudent · arkitektstudenten · arkitektstudenter · arkitektstudentene","Hun er arkitektstudent ved universitetet i Oslo. / Arkitektstudentene arbeider med en modell av et hus.","她是奥斯陆大学的建筑专业学生。 / 建筑系学生们正在制作一栋房子的模型。","2","A2","true","true","词典核验：词头/词性/核心义项","Bokmålsordboka","https://ordbokene.no/bm/arkitektstudent","2026-09-24","","false","透明复合词词形匹配中心词","课程候选等级；尚未逐词人工确认","例句/译文尚未人工逐词审校"
"A2","arrangement","名词","活动与计划","NTNU NoW1; NorweigenLearn 当前词库","活动；安排；举办的事项","et arrangement · arrangementet · arrangementer · arrangementene","Biblioteket har et arrangement for barn på lørdag. / Arrangementet begynner klokka seks.","图书馆周六有一场儿童活动。 / 活动六点开始。","2","A2","true","true","词典核验：词头/词性/核心义项","Bokmålsordboka","https://ordbokene.no/bm/arrangement","2026-09-24","","true","词头与列出词形匹配","课程候选等级；尚未逐词人工确认","例句/译文尚未人工逐词审校"
"A2","arrangere","动词","活动与计划","NTNU NoW1; NorweigenLearn 当前词库","组织；安排；举办","å arrangere · arrangerer · arrangerte · arrangert","Foreldrene arrangerer en fest for barna. / Skolen arrangerte en konsert i vår.","家长们为孩子们组织了一场派对。 / 学校今年春天举办了一场音乐会。","2","A2","true","true","词典核验：词头/词性/核心义项","Bokmålsordboka","https://ordbokene.no/bm%2Cnn/arrangeres%7Carrangere","2026-09-24","","true","词头与列出词形匹配","课程候选等级；尚未逐词人工确认","例句/译文尚未人工逐词审校"
"A2","auditorium","名词","学校与校园","NTNU NoW1; NorweigenLearn 当前词库","礼堂；阶梯教室；演讲厅","et auditorium · auditoriet · auditorier · auditoriene","Forelesningen er i et stort auditorium. / Auditoriet var fullt av studenter.","讲座在一间大型阶梯教室里。 / 礼堂里坐满了学生。","2","A2","true","true","词典核验：词头/词性/核心义项","Bokmålsordboka","https://ordbokene.no/bm/auditorium","2026-09-24","","true","词头与列出词形匹配","课程候选等级；尚未逐词人工确认","例句/译文尚未人工逐词审校"
"A2","avgift","名词","费用与服务","NTNU NoW1; NorweigenLearn 当前词库","费用；收费；税费","en avgift · avgiften · avgifter · avgiftene","Du må betale en liten avgift for parkering. / Den årlige avgiften blir trukket i januar.","停车需要支付一小笔费用。 / 年度费用会在一月份扣除。","2","A2","true","true","词典核验：词头/词性/核心义项","Bokmålsordboka","https://ordbokene.no/bm/avgift","2026-09-24","","true","词头与列出词形匹配","课程候选等级；尚未逐词人工确认","例句/译文尚未人工逐词审校"
"A2","bank","名词","金融与地点","NTNU LearnNoW; NorweigenLearn 当前词库","银行；河岸/岸边（依语境）","banken, banker, bankene / en bank · banken · banker · bankene","Jeg må gå i banken før den stenger. / Båten kom nær en sandbank.","银行关门前我得去一趟。 / 船靠近了一处沙洲。","2","A2","true","true","词典核验：词头/词性/核心义项","Bokmålsordboka","https://ordbokene.no/bm/bank","2026-09-24","","true","词头与列出词形匹配","课程候选等级；尚未逐词人工确认","例句/译文尚未人工逐词审校"
"A2","barne-TV","名词","儿童与媒体","NTNU LearnNoW; NorweigenLearn 当前词库","儿童电视节目；儿童电视内容","barne-TV-en, barne-TV-er, barne-TV-ene / en barne-TV · barne-TV-en · barne-TV-er · barne-TV-ene","Barna ser på barne-TV etter barnehagen. / Norsk barne-TV har mange figurer som barna kjenner.","孩子们上完幼儿园后看儿童电视节目。 / 挪威儿童节目里有许多孩子熟悉的角色。","2","A2","true","true","词典核验：词头/词性/核心义项","Bokmålsordboka","https://ordbokene.no/bm/barne-TV","2026-09-24","","true","词头与列出词形匹配","课程候选等级；尚未逐词人工确认","例句/译文尚未人工逐词审校"
"A2","bokstav","名词","字母与书写","NTNU LearnNoW; NorweigenLearn 当前词库","字母；文字字符","bokstaven, bokstaver, bokstavene / en bokstav · bokstaven · bokstaver · bokstavene","Navnet hennes begynner med bokstaven M. / Husk stor bokstav i begynnelsen av setningen.","她的名字以字母 M 开头。 / 记得在句子开头使用大写字母。","2","A2","true","true","词典核验：词头/词性/核心义项","Bokmålsordboka","https://ordbokene.no/bm/bokstav","2026-09-24","","true","词头与列出词形匹配","课程候选等级；尚未逐词人工确认","例句/译文尚未人工逐词审校"
"A2","campus","名词","学校与校园","NTNU NoW1; NorweigenLearn 当前词库","校园；大学校区","en campus · campusen · campuser · campusene","Studentene møtes på campus etter forelesningen. / Den nye campusen ligger utenfor sentrum.","学生们讲座结束后在校园碰面。 / 新校区位于市中心外。","2","A2","true","true","词典核验：词头/词性/核心义项","Bokmålsordboka","https://ordbokene.no/bm/campus","2026-09-24","","true","词头与列出词形匹配","课程候选等级；尚未逐词人工确认","例句/译文尚未人工逐词审校"
"A2","cola","名词","饮料与点餐","NTNU LearnNoW; NorweigenLearn 当前词库","可乐；一杯/一瓶可乐","colaen, colaer, colaene / en cola · colaen · colaer · colaene","Kan jeg få en cola uten sukker? / Colaen står i kjøleskapet.","可以给我一杯无糖可乐吗？ / 可乐在冰箱里。","2","A2","true","true","词典核验：词头/词性/核心义项","Bokmålsordboka","https://ordbokene.no/bm/cola","2026-09-24","","true","词头与列出词形匹配","课程候选等级；尚未逐词人工确认","例句/译文尚未人工逐词审校"
"A2","dagsbillett","名词","交通与票务","NTNU NoW1; NorweigenLearn 当前词库","日票；一日通票","en dagsbillett · dagsbilletten · dagsbilletter · dagsbillettene","Kan jeg kjøpe en dagsbillett her? / Dagsbilletten gjelder på alle bussene i sentrum.","我可以在这里买一张日票吗？ / 这张日票在市中心所有公交车上都有效。","2","A2","true","true","词典核验：词头/词性/核心义项","Bokmålsordboka","https://ordbokene.no/bm/dagsbillett","2026-09-24","","false","透明复合词词形匹配中心词","课程候选等级；尚未逐词人工确认","例句/译文尚未人工逐词审校"
"A2","danse","动词","休闲与活动","NTNU NoW1; NorweigenLearn 当前词库","跳舞；舞蹈","å danse · danser · danset / dansa · danset / dansa","Vil du danse med meg? / De danset hele kvelden i bryllupet.","你愿意和我跳舞吗？ / 他们在婚礼上跳了一整晚。","2","A2","true","true","词典核验：词头/词性/核心义项","Bokmålsordboka","https://ordbokene.no/bm/danse","2026-09-24","","true","词头与列出词形匹配","课程候选等级；尚未逐词人工确认","例句/译文尚未人工逐词审校"
"A2","dekke","动词","家务与餐桌","NTNU LearnNoW; NorweigenLearn 当前词库","摆（餐桌）；覆盖；支付/承担","å dekke · dekker · dekket / dekte · dekket / dekt / dekker, dekket, har dekket","Kan du dekke bordet før gjestene kommer? / Forsikringen dekker ikke alle kostnadene.","客人来之前你能摆好餐桌吗？ / 保险并不承担所有费用。","2","A2","true","true","词典核验：词头/词性/核心义项","Bokmålsordboka","https://ordbokene.no/nno/bm%2Cnn/%C3%A5%20dikka%7C%C3%A5%20dekke","2026-09-24","","true","词头与列出词形匹配","课程候选等级；尚未逐词人工确认","例句/译文尚未人工逐词审校"
"A2","disk","名词","商店与物品","NTNU LearnNoW; NorweigenLearn 当前词库","柜台；服务台；磁盘/存储盘（依语境）","disken, disker, diskene / en disk · disken · disker · diskene","Du kan betale ved disken. / Apoteket har en egen disk for resepter.","你可以在柜台付款。 / 药房有专门的处方服务柜台。","2","A2","true","true","词典核验：词头/词性/核心义项","Bokmålsordboka","https://ordbokene.no/nob/search?dict=bm%2Cnn&q=disk&scope=eif","2026-09-24","","true","词头与列出词形匹配","课程候选等级；尚未逐词人工确认","例句/译文尚未人工逐词审校"
"A2","eksempel","名词","解释与举例","NTNU LearnNoW; NorweigenLearn 当前词库","例子；实例；范例","eksempelet, eksempler, eksemplene / et eksempel · eksempelet · eksempler · eksemplene","Kan du gi et eksempel på et sterkt verb? / For eksempel kan vi ta bussen.","你能举一个强变化动词的例子吗？ / 例如，我们可以坐公交车。","2","A2","true","true","词典核验：词头/词性/核心义项","Bokmålsordboka","https://ordbokene.no/bm/eksempel","2026-09-24","","true","词头与列出词形匹配","课程候选等级；尚未逐词人工确认","例句/译文尚未人工逐词审校"
"A2","elegant","形容词","衣着与评价","NTNU LearnNoW; NorweigenLearn 当前词库","优雅的；雅致的；讲究的","elegant · elegant · elegante / elegant, elegante","Hun hadde på seg en elegant kjole. / Det var en enkel og elegant løsning.","她穿着一条优雅的连衣裙。 / 那是一个简单而巧妙雅致的解决方案。","2","A2","true","true","词典核验：词头/词性/核心义项","Bokmålsordboka","https://ordbokene.no/bm/elegant","2026-09-24","","true","词头与列出词形匹配","课程候选等级；尚未逐词人工确认","例句/译文尚未人工逐词审校"
"A2","eplekake","名词","甜点与烘焙","NTNU LearnNoW; NorweigenLearn 当前词库","苹果蛋糕；苹果派式蛋糕","ei/en eplekake · eplekaka / eplekaken · eplekaker · eplekakene / eplekaka, eplekaker, eplekakene","Bestemor bakte eplekake med epler fra hagen. / Vi fikk et stykke varm eplekake til kaffen.","奶奶用花园里的苹果烤了苹果蛋糕。 / 我们喝咖啡时吃了一块热苹果蛋糕。","2","A2","true","true","词典核验：词头/词性/核心义项","Bokmålsordboka","https://ordbokene.no/bm/12948","2026-09-24","","true","词头与列出词形匹配","课程候选等级；尚未逐词人工确认","例句/译文尚未人工逐词审校"
"A2","femhundrelapp","名词","现金与金额","NTNU LearnNoW; NorweigenLearn 当前词库","一张500克朗纸币；五百克朗钞票","en femhundrelapp · femhundrelappen · femhundrelapper · femhundrelappene / femhundrelappen, femhundrelapper, femhundrelappene","Kan du veksle en femhundrelapp for meg? / Han betalte med en femhundrelapp.","你能帮我把一张五百克朗钞票换开吗？ / 他用一张五百克朗纸币付款。","2","A2","true","true","词典核验：词头/词性/核心义项","Bokmålsordboka","https://ordbokene.no/bm/femhundrelapp","2026-09-24","","false","透明复合词词形匹配中心词","课程候选等级；尚未逐词人工确认","例句/译文尚未人工逐词审校"
"A2","festival","名词","文化与活动","NTNU NoW1; NorweigenLearn 当前词库","节庆；艺术节；音乐节；电影节","en festival · festivalen · festivaler · festivalene","Byen arrangerer en musikkfestival hver sommer. / Festivalen varer i tre dager.","这座城市每年夏天都会举办音乐节。 / 这个艺术节持续三天。","2","A2","true","true","词典核验：词头/词性/核心义项","Bokmålsordboka","https://ordbokene.no/bm/festival","2026-09-24","","true","词头与列出词形匹配","课程候选等级；尚未逐词人工确认","例句/译文尚未人工逐词审校"
"A2","flaske","名词","饮品与容器","NTNU LearnNoW; NorweigenLearn 当前词库","瓶子；一瓶（饮料等）","ei flaske · flaska · flasker · flaskene / flaska, flasker, flaskene","Kan jeg få en flaske vann? / Hun satte den tomme flaska på bordet.","能给我一瓶水吗？ / 她把空瓶子放在桌上。","2","A2","true","true","词典核验：词头/词性/核心义项","Bokmålsordboka","https://ordbokene.no/bm/flaske","2026-09-24","","true","词头与列出词形匹配","课程候选等级；尚未逐词人工确认","例句/译文尚未人工逐词审校"
"A2","foreleser","名词","学校与高等教育","NTNU NoW1; NorweigenLearn 当前词库","讲师；授课教师；主讲人","en foreleser · foreleseren · forelesere · foreleserne","Foreleseren forklarte teorien med et eksempel. / Vi stilte spørsmål til foreleseren etter timen.","讲师用一个例子解释了理论。 / 下课后我们向讲师提了问题。","2","A2","true","true","词典核验：词头/词性/核心义项","Bokmålsordboka","https://ordbokene.no/bm/foreleser","2026-09-24","","true","词头与列出词形匹配","课程候选等级；尚未逐词人工确认","例句/译文尚未人工逐词审校"
"A2","forelesning","名词","学校与高等教育","NTNU NoW1; NorweigenLearn 当前词库","讲座；大学授课；课堂讲授","en forelesning · forelesningen · forelesninger · forelesningene","Jeg har en forelesning i norsk grammatikk i dag. / Forelesningen begynner klokka ti.","我今天有一堂挪威语语法课。 / 讲座十点开始。","2","A2","true","true","词典核验：词头/词性/核心义项","Bokmålsordboka","https://ordbokene.no/bm/forelesning","2026-09-24","","true","词头与列出词形匹配","课程候选等级；尚未逐词人工确认","例句/译文尚未人工逐词审校"
"A2","gjette","动词","游戏与交流","NTNU LearnNoW; NorweigenLearn 当前词库","猜；猜测；估计","å gjette · gjetter · gjettet · har gjettet / gjetter, gjettet, har gjettet","Kan du gjette hvor gammel han er? / Jeg gjettet på feil svar.","你能猜猜他多大吗？ / 我猜错答案了。","2","A2","true","true","词典核验：词头/词性/核心义项","Bokmålsordboka","https://ordbokene.no/bm/gjette","2026-09-24","","true","词头与列出词形匹配","课程候选等级；尚未逐词人工确认","例句/译文尚未人工逐词审校"
"A2","grovbrød","名词","面包与早餐","NTNU LearnNoW; NorweigenLearn 当前词库","粗粮面包；全谷/高纤维面包","et grovbrød · grovbrødet · grovbrød · grovbrødene / grovbrødet, grovbrød, grovbrødene","Jeg spiser grovbrød med ost til lunsj. / Grovbrødet er ferskt fra bakeriet.","我午餐吃粗粮面包配奶酪。 / 这条粗粮面包是面包店新鲜出炉的。","2","A2","true","true","词典核验：词头/词性/核心义项","Bokmålsordboka","https://ordbokene.no/nob/bm/grovbr%C3%B8d","2026-09-24","","true","词头与列出词形匹配","课程候选等级；尚未逐词人工确认","例句/译文尚未人工逐词审校"
"A2","helårskort","名词","交通与票务","NTNU NoW1; NorweigenLearn 当前词库","全年通票；年卡","et helårskort · helårskortet · helårskort · helårskortene","Hun kjøpte et helårskort til svømmehallen. / Helårskortet lønner seg hvis du trener ofte.","她买了一张游泳馆年卡。 / 如果你经常锻炼，年卡就很划算。","2","A2","true","true","词典核验：词头/词性/核心义项","Bokmålsordboka","https://ordbokene.no/bm/hel%C3%A5rskort","2026-09-24","","false","透明复合词词形匹配中心词","课程候选等级；尚未逐词人工确认","例句/译文尚未人工逐词审校"
"A2","helt","副词","程度与强调","NTNU LearnNoW; NorweigenLearn 当前词库","完全；彻底；非常；整整（依搭配）","helt","Jeg er helt ferdig med oppgaven. / Det var helt fantastisk å se nordlyset.","我已经完全做完作业了。 / 看到北极光真是太棒了。","2","A2","true","true","词典核验：词头/词性/核心义项","Bokmålsordboka","https://ordbokene.no/bm/helt","2026-09-24","","true","词头与列出词形匹配","课程候选等级；尚未逐词人工确认","例句/译文尚未人工逐词审校"
"A2","hud","名词","身体与健康","NTNU LearnNoW; NorweigenLearn 当前词库","皮肤；肌肤","ei hud · huda · huden · huder · hudene / huden, huder, hudene","Om vinteren får jeg ofte tørr hud. / Hun smører krem på huden.","冬天我的皮肤常常会变干。 / 她在皮肤上涂乳霜。","2","A2","true","true","词典核验：词头/词性/核心义项","Bokmålsordboka","https://ordbokene.no/bm/hud","2026-09-24","","true","词头与列出词形匹配","课程候选等级；尚未逐词人工确认","例句/译文尚未人工逐词审校"
"A2","hvit","形容词","颜色与外观","NTNU LearnNoW; NorweigenLearn 当前词库","白色的；白的","hvit · hvitt · hvite · hvitere · hvitest / hviteste / hvitt, hvite","Det ligger hvit snø på bakken. / Hun kjøpte et hvitt skjerf og hvite hansker.","地上覆盖着白雪。 / 她买了一条白围巾和一副白手套。","2","A2","true","true","词典核验：词头/词性/核心义项","Bokmålsordboka","https://ordbokene.no/bm/hvit","2026-09-24","","true","词头与列出词形匹配","课程候选等级；尚未逐词人工确认","例句/译文尚未人工逐词审校"
"A2","ID-kort","名词","证件与登记","NTNU NoW1; NorweigenLearn 当前词库","身份证件；身份卡；ID卡","et ID-kort · ID-kortet · ID-kort · ID-kortene","Du må vise fram ID-kortet ved inngangen. / Husk å ta med et gyldig ID-kort.","你必须在入口出示身份证件。 / 记得带一张有效身份证件。","2","A2","true","true","词典核验：词头/词性/核心义项","Bokmålsordboka","https://ordbokene.no/bm/ID-kort","2026-09-24","","true","词头与列出词形匹配","课程候选等级；尚未逐词人工确认","例句/译文尚未人工逐词审校"
"A2","idé","名词","想法与计划","NTNU LearnNoW; NorweigenLearn 当前词库","想法；主意；构想","en idé · idéen/ideen · idéer/ideer · idéene/ideene / ideen, ideer, ideene","Jeg fikk en god idé på vei hjem. / Har du noen idéer til helgen?","我回家路上想到了一个好主意。 / 你对周末有什么想法吗？","2","A2","true","true","词典核验：词头/词性/核心义项","Bokmålsordboka","https://ordbokene.no/bm/id%C3%A9","2026-09-24","","true","词头与列出词形匹配","课程候选等级；尚未逐词人工确认","例句/译文尚未人工逐词审校"
"A2","idrettssenter","名词","运动与健康","NTNU NoW1; NorweigenLearn 当前词库","体育中心；运动中心","et idrettssenter · idrettssenteret · idrettssentre · idrettssentrene","Studentene trener på idrettssenteret etter forelesningen. / Kommunen bygger et nytt idrettssenter.","学生们讲座后去体育中心锻炼。 / 市政府正在建一座新的体育中心。","2","A2","true","true","词典核验：词头/词性/核心义项","Bokmålsordboka","https://ordbokene.no/bm/idrettssenter","2026-09-24","","true","词头与列出词形匹配","课程候选等级；尚未逐词人工确认","例句/译文尚未人工逐词审校"
"A2","inngang","名词","建筑与方向","NTNU NoW1; NorweigenLearn 当前词库","入口；进门处；入场通道","en inngang · inngangen · innganger · inngangene","Hovedinngangen ligger på den andre siden. / Det er gratis inngang til museet i dag.","主入口在另一侧。 / 今天博物馆免费入场。","2","A2","true","true","词典核验：词头/词性/核心义项","Bokmålsordboka","https://ordbokene.no/bm/inngang","2026-09-24","","true","词头与列出词形匹配","课程候选等级；尚未逐词人工确认","例句/译文尚未人工逐词审校"
"A2","institutt","名词","学校与校园","NTNU NoW1; NorweigenLearn 当前词库","研究所；系；学院下属机构","et institutt · instituttet · institutter · instituttene","Hun jobber ved Institutt for lingvistiske fag. / Instituttet tilbyr flere norskkurs.","她在语言学系工作。 / 该系开设了多门挪威语课程。","2","A2","true","true","词典核验：词头/词性/核心义项","Bokmålsordboka","https://ordbokene.no/bm/institutt","2026-09-24","","true","词头与列出词形匹配","课程候选等级；尚未逐词人工确认","例句/译文尚未人工逐词审校"
"A2","kåpe","名词","衣着与购物","NTNU LearnNoW; NorweigenLearn 当前词库","女式长外套；大衣","en kåpe · kåpen · kåper · kåpene / kåpa, kåper, kåpene","Hun kjøpte en varm kåpe til vinteren. / Kåpa henger ved døra.","她买了一件暖和的大衣过冬。 / 大衣挂在门边。","2","A2","true","true","词典核验：词头/词性/核心义项","Bokmålsordboka","https://ordbokene.no/bm/k%C3%A5pe","2026-09-24","","true","词头与列出词形匹配","课程候选等级；尚未逐词人工确认","例句/译文尚未人工逐词审校"
"A2","kjole","名词","衣着与购物","NTNU LearnNoW; NorweigenLearn 当前词库","连衣裙；裙装","en kjole · kjolen · kjoler · kjolene / kjolen, kjoler, kjolene","Hun trenger en ny kjole til festen. / Den blå kjolen passer godt.","她需要一条新连衣裙参加派对。 / 那条蓝色连衣裙很合适。","2","A2","true","true","词典核验：词头/词性/核心义项","Bokmålsordboka","https://ordbokene.no/bm/kjole","2026-09-24","","true","词头与列出词形匹配","课程候选等级；尚未逐词人工确认","例句/译文尚未人工逐词审校"
"A2","kode","名词","数字与科技","NTNU LearnNoW; NorweigenLearn 当前词库","代码；密码；编号","en kode · koden · koder · kodene / koden, koder, kodene","Du må taste inn koden for å åpne døra. / Programmereren fant en feil i koden.","你必须输入密码才能开门。 / 程序员在代码里发现了一个错误。","2","A2","true","true","词典核验：词头/词性/核心义项","Bokmålsordboka","https://ordbokene.no/bm/kode","2026-09-24","","true","词头与列出词形匹配","课程候选等级；尚未逐词人工确认","例句/译文尚未人工逐词审校"
"A2","kompendium","名词","学习材料","NTNU NoW1; NorweigenLearn 当前词库","课程讲义汇编；课程资料册","et kompendium · kompendiet · kompendier · kompendiene","Læreren la kompendiet ut på nettet. / Vi må lese to kapitler i kompendiet.","老师把课程资料册放到了网上。 / 我们必须读资料册里的两章。","2","A2","true","true","词典核验：词头/词性/核心义项","Bokmålsordboka","https://ordbokene.no/bm/kompendium","2026-09-24","","true","词头与列出词形匹配","课程候选等级；尚未逐词人工确认","例句/译文尚未人工逐词审校"
"A2","konsulent","名词","职业与工作","NTNU NoW1; NorweigenLearn 当前词库","顾问；咨询人员","en konsulent · konsulenten · konsulenter · konsulentene","Hun jobber som konsulent i et teknologiselskap. / Kommunen ansatte en konsulent til prosjektet.","她在一家科技公司做顾问。 / 市政府为这个项目聘请了一位顾问。","2","A2","true","true","词典核验：词头/词性/核心义项","Bokmålsordboka","https://ordbokene.no/bm/konsulent","2026-09-24","","true","词头与列出词形匹配","课程候选等级；尚未逐词人工确认","例句/译文尚未人工逐词审校"
"A2","kvittering","名词","购物与付款","NTNU LearnNoW; NorweigenLearn 当前词库","收据；付款凭证；电子小票","ei kvittering · kvitteringa · kvitteringen · kvitteringer · kvitteringene / kvitteringen, kvitteringer, kvitteringene","Kan jeg få kvitteringen, takk? / Ta vare på kvitteringen hvis du vil bytte varen.","请问可以给我收据吗？ / 如果你想换商品，请保留收据。","2","A2","true","true","词典核验：词头/词性/核心义项","Bokmålsordboka","https://ordbokene.no/eng/search?dict=bm%2Cnn&q=kvittering&scope=eif","2026-09-24","","true","词头与列出词形匹配","课程候选等级；尚未逐词人工确认","例句/译文尚未人工逐词审校"
"A2","lav","形容词","高度与程度","NTNU LearnNoW; NorweigenLearn 当前词库","低的；矮的；低声的；低廉的","lav · lavt · lave / lavt, lave","Vi må holde kostnadene på et lavt nivå. / Hun snakket med lav stemme.","我们必须把成本保持在较低水平。 / 她低声说话。","2","A2","true","true","词典核验：词头/词性/核心义项","Bokmålsordboka","https://ordbokene.no/bm/lav","2026-09-24","","true","词头与列出词形匹配","课程候选等级；尚未逐词人工确认","例句/译文尚未人工逐词审校"
"A2","lekebutikk","名词","购物与儿童生活","NTNU LearnNoW; NorweigenLearn 当前词库","玩具店","en lekebutikk · lekebutikken · lekebutikker · lekebutikkene / lekebutikken, lekebutikker, lekebutikkene","Vi går innom en lekebutikk før bursdagen. / Lekebutikken ligger ved siden av apoteket.","生日会之前，我们顺路去一家玩具店。 / 玩具店在药房旁边。","2","A2","true","true","词典核验：词头/词性/核心义项","Bokmålsordboka","https://ordbokene.no/bm/lekebutikk","2026-09-24","","false","透明复合词词形匹配中心词","课程候选等级；尚未逐词人工确认","例句/译文尚未人工逐词审校"
"A2","lenge","副词","时间与持续","NTNU LearnNoW; NorweigenLearn 当前词库","很久；长时间；许久","lenge · lenger · lengst / lenger, lengst","Hvor lenge har du bodd i Norge? / Vi ventet lenger enn en time.","你在挪威住多久了？ / 我们等了一个多小时。","2","A2","true","true","词典核验：词头/词性/核心义项","Bokmålsordboka","https://ordbokene.no/bm/lenge","2026-09-24","","true","词头与列出词形匹配","课程候选等级；尚未逐词人工确认","例句/译文尚未人工逐词审校"
"A2","lenger","副词","时间与距离","NTNU LearnNoW; NorweigenLearn 当前词库","更久；更远；不再（常见于否定句）","lenger","Jeg bor ikke lenger i Oslo. / Vi må gå litt lenger før vi finner en rasteplass.","我不再住在奥斯陆了。 / 我们还得再走远一点才能找到休息区。","2","A2","true","true","词典核验：词头/词性/核心义项","Bokmålsordboka","https://ordbokene.no/bm/lenger","2026-09-24","","true","词头与列出词形匹配","课程候选等级；尚未逐词人工确认","例句/译文尚未人工逐词审校"
"A2","lørdag","名词","星期与安排","NTNU LearnNoW; NorweigenLearn 当前词库","星期六；周六","en lørdag · lørdagen · lørdager · lørdagene / lørdagen, lørdager, lørdagene","Skal vi gå på kino på lørdag? / Jeg jobber ofte på lørdager.","我们周六去看电影吗？ / 我常在周六工作。","2","A2","true","true","词典核验：词头/词性/核心义项","Bokmålsordboka","https://ordbokene.no/bm/l%C3%B8rdag","2026-09-24","","true","词头与列出词形匹配","课程候选等级；尚未逐词人工确认","例句/译文尚未人工逐词审校"
"A2","lue","名词","衣着与天气","NTNU LearnNoW; NorweigenLearn 当前词库","帽子；针织帽；保暖帽","en lue · luen · luer · luene / lua, luer, luene","Ta på deg lua før du går ut. / Han kjøpte ei varm lue til vinteren.","出门前把帽子戴上。 / 他买了一顶暖和的帽子过冬。","2","A2","true","true","词典核验：词头/词性/核心义项","Bokmålsordboka","https://ordbokene.no/bm/lue","2026-09-24","","true","词头与列出词形匹配","课程候选等级；尚未逐词人工确认","例句/译文尚未人工逐词审校"
"A2","lys","形容词","光线与颜色","NTNU LearnNoW; NorweigenLearn 当前词库","明亮的；浅色的；光线充足的","lys · lyst · lyse / lyst, lyse","Kjøkkenet er lyst og romslig. / Hun har lyst hår.","厨房明亮又宽敞。 / 她有浅色头发。","2","A2","true","true","词典核验：词头/词性/核心义项","Bokmålsordboka","https://ordbokene.no/bm/lys","2026-09-24","","true","词头与列出词形匹配","课程候选等级；尚未逐词人工确认","例句/译文尚未人工逐词审校"
"A2","lysebrun","形容词","颜色与外形","NTNU LearnNoW; NorweigenLearn 当前词库","浅棕色的；浅褐色的","lysebrun · lysebrunt · lysebrune / lysebrunt, lysebrune","Han har lysebrunt hår. / Hun kjøpte en lysebrun jakke.","他有浅棕色头发。 / 她买了一件浅棕色夹克。","2","A2","true","true","词典核验：词头/词性/核心义项","Bokmålsordboka","https://ordbokene.no/bm/lysebrun","2026-09-24","","true","词头与列出词形匹配","课程候选等级；尚未逐词人工确认","例句/译文尚未人工逐词审校"
"A2","moderne","形容词","描述与评价","NTNU LearnNoW; NorweigenLearn 当前词库","现代的；新式的","moderne · moderne · moderne / moderne, moderne","De bor i et moderne hus. / Skolen bruker moderne teknologi i undervisningen.","他们住在一栋现代化的房子里。 / 学校在教学中使用现代技术。","2","A2","true","true","词典核验：词头/词性/核心义项","Bokmålsordboka","https://ordbokene.no/bm/moderne","2026-09-24","","true","词头与列出词形匹配","课程候选等级；尚未逐词人工确认","例句/译文尚未人工逐词审校"
"A2","møtes","动词","社交与约见","NTNU LearnNoW; NorweigenLearn 当前词库","见面；会面；相遇","å møtes · møtes · møttes · møttes / møtes, møttes, har møttes","Vi møtes utenfor stasjonen klokka fem. / De møttes på norskkurset.","我们五点在车站外见面。 / 他们是在挪威语课上认识 / 相遇的。","2","A2","true","true","词典核验：词头/词性/核心义项","Bokmålsordboka","https://ordbokene.no/bm/m%C3%B8tes","2026-09-24","","true","词头与列出词形匹配","课程候选等级；尚未逐词人工确认","例句/译文尚未人工逐词审校"
"A2","naturligvis","副词","常用副词","NTNU LearnNoW; NorweigenLearn 当前词库","当然；自然地；理所当然地","naturligvis","Kan jeg låne boka di? – Ja, naturligvis. / Naturligvis må vi bestille bord først.","我能借你的书吗？——当然可以。 / 我们当然得先订位。","2","A2","true","true","词典核验：词头/词性/核心义项","Bokmålsordboka","https://ordbokene.no/bm/naturligvis","2026-09-24","","true","词头与列出词形匹配","课程候选等级；尚未逐词人工确认","例句/译文尚未人工逐词审校"
"A2","ned","副词","方向与位置","NTNU LearnNoW; NorweigenLearn 当前词库","向下；下去；下降","ned","Barna løp ned trappa. / Prisene går ned i januar.","孩子们跑下了楼梯。 / 价格在一月份下降。","2","A2","true","true","词典核验：词头/词性/核心义项","Bokmålsordboka","https://ordbokene.no/bm/ned","2026-09-24","","true","词头与列出词形匹配","课程候选等级；尚未逐词人工确认","例句/译文尚未人工逐词审校"
"A2","nok","副词","数量与语气","NTNU LearnNoW; NorweigenLearn 当前词库","足够；大概；想必（依语境）","nok","Vi har nok mat til alle. / Det går nok bra.","我们的食物够每个人吃。 / 事情大概会顺利的。","2","A2","true","true","词典核验：词头/词性/核心义项","Bokmålsordboka","https://ordbokene.no/bm/nok","2026-09-24","","true","词头与列出词形匹配","课程候选等级；尚未逐词人工确认","例句/译文尚未人工逐词审校"
"A2","nydelig","形容词","评价与感受","NTNU LearnNoW; NorweigenLearn 当前词库","极好的；美妙的；精美的","nydelig · nydelig · nydelige / nydelig, nydelige","Middagen smakte nydelig. / Vi hadde nydelig utsikt over fjorden.","这顿晚餐味道好极了。 / 我们能欣赏到峡湾的绝美景色。","2","A2","true","true","词典核验：词头/词性/核心义项","Bokmålsordboka","https://ordbokene.no/bm/nydelig","2026-09-24","","true","词头与列出词形匹配","课程候选等级；尚未逐词人工确认","例句/译文尚未人工逐词审校"
"A2","øyeblikk","名词","时间与日常表达","NTNU LearnNoW; NorweigenLearn 当前词库","片刻；瞬间；一会儿","et øyeblikk · øyeblikket · øyeblikk · øyeblikkene / øyeblikket, øyeblikk, øyeblikkene","Kan du vente et øyeblikk? / Bussen kommer om et øyeblikk.","你能稍等一会儿吗？ / 公交车一会儿就到。","2","A2","true","true","词典核验：词头/词性/核心义项","Bokmålsordboka","https://ordbokene.no/nob/bm/%C3%B8yeblikk","2026-09-24","","true","词头与列出词形匹配","课程候选等级；尚未逐词人工确认","例句/译文尚未人工逐词审校"
"A2","par","名词","数量与物品","NTNU LearnNoW; NorweigenLearn 当前词库","一对；一双；几个/一些（依搭配）","et par · paret · par · parene / paret, par, parene","Jeg trenger et par varme hansker. / Vi blir her et par dager til.","我需要一双暖和的手套。 / 我们还要在这里待几天。","2","A2","true","true","词典核验：词头/词性/核心义项","Bokmålsordboka","https://ordbokene.no/bm/par","2026-09-24","","true","词头与列出词形匹配","课程候选等级；尚未逐词人工确认","例句/译文尚未人工逐词审校"
"A2","parkere","动词","交通与停车","NTNU LearnNoW; NorweigenLearn 当前词库","停车；停放车辆","å parkere · parkerer · parkerte · parkert / parkerer, parkerte, har parkert","Hvor kan jeg parkere bilen? / Hun parkerte utenfor hotellet.","我可以把车停在哪里？ / 她把车停在酒店外面。","2","A2","true","true","词典核验：词头/词性/核心义项","Bokmålsordboka","https://ordbokene.no/bm/parkere","2026-09-24","","true","词头与列出词形匹配","课程候选等级；尚未逐词人工确认","例句/译文尚未人工逐词审校"
"A2","parkeringsplass","名词","交通与地点","NTNU LearnNoW; NorweigenLearn 当前词库","停车位；停车场","en parkeringsplass · parkeringsplassen · parkeringsplasser · parkeringsplassene / parkeringsplassen,parkeringsplasser, parkeringsplassene","Vi fant en ledig parkeringsplass utenfor butikken. / Bilen står på parkeringsplassen bak huset.","我们在商店外找到一个空停车位。 / 车停在房子后面的停车场。","2","A2","true","true","词典核验：词头/词性/核心义项","Bokmålsordboka","https://ordbokene.no/bm/parkeringsplass","2026-09-24","","true","词头与列出词形匹配","课程候选等级；尚未逐词人工确认","例句/译文尚未人工逐词审校"
"A2","passe","动词","适合与照看","NTNU LearnNoW; NorweigenLearn 当前词库","适合；合身；照看；留意","å passe · passer · passet / passa · passet / passa / passer, passet, har passet","Den blå jakka passer godt. / Kan du passe barna mens jeg handler?","这件蓝色夹克很合身。 / 我购物时你能帮忙照看孩子吗？","2","A2","true","true","词典核验：词头/词性/核心义项","Bokmålsordboka","https://ordbokene.no/bm/passe","2026-09-24","","true","词头与列出词形匹配","课程候选等级；尚未逐词人工确认","例句/译文尚未人工逐词审校"
"A2","plutselig","副词","时间与叙述","NTNU LearnNoW; NorweigenLearn 当前词库","突然；忽然","plutselig","Plutselig begynte det å snø. / Han ble plutselig stille.","突然开始下雪了。 / 他突然沉默了。","2","A2","true","true","词典核验：词头/词性/核心义项","Bokmålsordboka","https://ordbokene.no/bm/plutselig","2026-09-24","","true","词头与列出词形匹配","课程候选等级；尚未逐词人工确认","例句/译文尚未人工逐词审校"
"A2","pusse","动词","清洁与护理","NTNU LearnNoW; NorweigenLearn 当前词库","刷（牙）；擦亮；打磨","å pusse · pusser · pusset / pussa · pusset / pussa / pusser, pusset, har pusset","Barna pusser tennene før de legger seg. / Han pusset skoene før intervjuet.","孩子们睡前刷牙。 / 面试前他把鞋擦亮了。","2","A2","true","true","词典核验：词头/词性/核心义项","Bokmålsordboka","https://ordbokene.no/bm/pusse","2026-09-24","","true","词头与列出词形匹配","课程候选等级；尚未逐词人工确认","例句/译文尚未人工逐词审校"
"A2","rabatt","名词","购物与价格","NTNU LearnNoW; NorweigenLearn 当前词库","折扣；优惠","en rabatt · rabatten · rabatter · rabattene / rabatten, rabatter, rabattene","Studenter får rabatt på billettene. / Butikken gir ti prosent rabatt denne uka.","学生买票可以享受折扣。 / 这家商店本周打九折（优惠百分之十）。","2","A2","true","true","词典核验：词头/词性/核心义项","Bokmålsordboka","https://ordbokene.no/bm/rabatt","2026-09-24","","true","词头与列出词形匹配","课程候选等级；尚未逐词人工确认","例句/译文尚未人工逐词审校"
"A2","salg","名词","购物与价格","NTNU LearnNoW; NorweigenLearn 当前词库","销售；促销；特价销售","et salg · salget · salg · salgene / salget, salg, salgene","Vinterjakka er på salg nå. / Salget av billetter starter på mandag.","冬季夹克现在正在促销。 / 门票销售周一开始。","2","A2","true","true","词典核验：词头/词性/核心义项","Bokmålsordboka","https://ordbokene.no/bm/salg","2026-09-24","","true","词头与列出词形匹配","课程候选等级；尚未逐词人工确认","例句/译文尚未人工逐词审校"
"A2","sjiraff","名词","动物与自然","NTNU LearnNoW; NorweigenLearn 当前词库","长颈鹿","en sjiraff · sjiraffen · sjiraffer · sjiraffene / sjiraffen, sjiraffer, sjiraffene","Sjiraffen spiser blader fra høye trær. / Vi så to sjiraffer i dyreparken.","长颈鹿吃高树上的叶子。 / 我们在动物园看到了两只长颈鹿。","2","A2","true","true","词典核验：词头/词性/核心义项","Bokmålsordboka","https://ordbokene.no/bm/sjiraff","2026-09-24","","true","词头与列出词形匹配","课程候选等级；尚未逐词人工确认","例句/译文尚未人工逐词审校"
"A2","sjokoladekake","名词","甜点与烘焙","NTNU LearnNoW; NorweigenLearn 当前词库","巧克力蛋糕","en sjokoladekake · sjokoladekaken · sjokoladekaker · sjokoladekakene / sjokoladekaka, sjokoladekaker, sjokoladekakene","Jeg baker en sjokoladekake til bursdagen. / Sjokoladekaka står på kjøkkenbordet.","我为生日烤一个巧克力蛋糕。 / 巧克力蛋糕放在厨房桌上。","2","A2","true","true","词典核验：词头/词性/核心义项","Bokmålsordboka","https://ordbokene.no/bm/sjokoladekake","2026-09-24","","true","词头与列出词形匹配","课程候选等级；尚未逐词人工确认","例句/译文尚未人工逐词审校"
"A2","skjære","动词","厨房与动作","NTNU LearnNoW; NorweigenLearn 当前词库","切；割；切片","å skjære · skjærer · skar · skåret / skjærer, skar, har skåret","Kan du skjære brødet i skiver? / Hun skar seg på kniven.","你能把面包切成片吗？ / 她被刀划伤了。","2","A2","true","true","词典核验：词头/词性/核心义项","Bokmålsordboka","https://ordbokene.no/bm/skj%C3%A6re","2026-09-24","","true","词头与列出词形匹配","课程候选等级；尚未逐词人工确认","例句/译文尚未人工逐词审校"
"A2","skobutikk","名词","购物与衣着","NTNU LearnNoW; NorweigenLearn 当前词库","鞋店；鞋类商店","en skobutikk · skobutikken · skobutikker · skobutikkene / skobutikken, skobutikker, skobutikkene","Vi fant en liten skobutikk i sentrum. / Skobutikken stenger klokka seks.","我们在市中心找到一家小鞋店。 / 鞋店六点关门。","2","A2","true","true","词典核验：词头/词性/核心义项","Bokmålsordboka","https://ordbokene.no/bm/skobutikk","2026-09-24","","true","词头与列出词形匹配","课程候选等级；尚未逐词人工确认","例句/译文尚未人工逐词审校"
"A2","smil","名词","情绪与交流","NTNU LearnNoW; NorweigenLearn 当前词库","微笑；笑容","et smil · smilet · smil · smilene / smilet, smil, smilene","Hun hilste på meg med et smil. / Han hadde et stort smil om munnen.","她微笑着向我打招呼。 / 他脸上挂着灿烂的笑容。","2","A2","true","true","词典核验：词头/词性/核心义项","Bokmålsordboka","https://ordbokene.no/bm/smil","2026-09-24","","true","词头与列出词形匹配","课程候选等级；尚未逐词人工确认","例句/译文尚未人工逐词审校"
"A2","smør","名词","食材与厨房","NTNU LearnNoW; NorweigenLearn 当前词库","黄油；牛油（乳脂制品）","et smør · smøret · smør · smøra / smørene / smøret","Jeg smører smør på brødet. / Smøret står i kjøleskapet.","我把黄油抹在面包上。 / 黄油放在冰箱里。","2","A2","true","true","词典核验：Bokmål词头/词性/核心义项","Bokmålsordboka","https://ordbokene.no/bm/sm%C3%B8r","2026-09-24","","true","词头与列出词形匹配","课程候选等级；尚未逐词人工确认","例句/译文尚未人工逐词审校"
"A2","snill","形容词","性格与评价","NTNU LearnNoW; NorweigenLearn 当前词库","善良的；友善的；乖的","snill · snilt · snille · snillere · snillest / snilleste / snilt, snille","Hun er alltid snill mot de nye elevene. / Vær så snill og vent litt.","她总是很友善地对待新同学。 / 请稍等一下。","2","A2","true","true","词典核验：词头/词性/核心义项","Bokmålsordboka","https://ordbokene.no/bm/snill","2026-09-24","","true","词头与列出词形匹配","课程候选等级；尚未逐词人工确认","例句/译文尚未人工逐词审校"
"A2","sove","动词","睡眠与作息 / 待归类","NTNU LearnNoW; NorweigenLearn 当前词库","睡觉；睡眠","å sove · sover · sov · sovet / sover, sov, har sovet","Jeg sov dårlig i natt. / Barnet sover allerede.","我昨晚没睡好。 / 孩子已经睡着了。","2","A2","true","true","词典核验：词头/词性/核心义项","Bokmålsordboka","https://ordbokene.no/bm/sove","2026-09-24","","true","词头与列出词形匹配","课程候选等级；尚未逐词人工确认","例句/译文尚未人工逐词审校"
"A2","sted","名词","地点与空间","NTNU LearnNoW; NorweigenLearn 当前词库","地方；地点；场所","et sted · stedet · steder · stedene / stedet, steder, stedene","Vi fant et rolig sted å spise lunsj. / Hvor er det beste stedet å parkere?","我们找到一个安静的地方吃午饭。 / 哪里是最适合停车的地方？","2","A2","true","true","词典核验：词头/词性/核心义项","Bokmålsordboka","https://ordbokene.no/bm/sted","2026-09-24","","true","词头与列出词形匹配","课程候选等级；尚未逐词人工确认","例句/译文尚未人工逐词审校"
"A2","stykke","名词","数量与部分","NTNU LearnNoW; NorweigenLearn 当前词库","一块；一段；一件作品","et stykke · stykket · stykker · stykkene / stykket, stykker, stykkene","Vil du ha et stykke kake? / Vi gikk et stykke langs elva.","你想来一块蛋糕吗？ / 我们沿着河走了一段路。","2","A2","true","true","词典核验：词头/词性/核心义项","Bokmålsordboka","https://ordbokene.no/bm/stykke","2026-09-24","","true","词头与列出词形匹配","课程候选等级；尚未逐词人工确认","例句/译文尚未人工逐词审校"
"A2","svart","形容词","颜色与描述","NTNU LearnNoW; NorweigenLearn 当前词库","黑色的；黑暗的；非常糟的（依语境）","svart · svart · svarte · svartere · svartest / svarteste / svart, svarte","Han går med en svart jakke. / Skjermen ble helt svart.","他穿着一件黑色夹克。 / 屏幕完全黑了。","2","A2","true","true","词典核验：词头/词性/核心义项","Bokmålsordboka","https://ordbokene.no/bm/svart","2026-09-24","","true","词头与列出词形匹配","课程候选等级；尚未逐词人工确认","例句/译文尚未人工逐词审校"
"A2","synes","动词","观点与感受 / 待归类","NTNU LearnNoW; NorweigenLearn 当前词库","觉得；认为；感觉（主观判断）","å synes · synes · syntes · syntes / synes, syntes, har syntes","Jeg synes at denne boka er spennende. / Hva syntes du om maten?","我觉得这本书很有意思。 / 你觉得饭菜怎么样？","2","A2","true","true","词典核验：词头/词性/核心义项","Bokmålsordboka","https://ordbokene.no/bm/synes","2026-09-24","","true","词头与列出词形匹配","课程候选等级；尚未逐词人工确认","例句/译文尚未人工逐词审校"
"A2","tast","名词","电脑与设备","NTNU LearnNoW; NorweigenLearn 当前词库","键；按键；按钮（键盘或设备上的单个键）","en tast · tasten · taster · tastene / tasten, taster, tastene","Trykk på en tast for å fortsette. / Backspace-tasten sletter bokstaven til venstre.","按任意键继续。 / 退格键会删除左边的字母。","2","A2","true","true","词典核验：词头/词性/核心义项","Bokmålsordboka","https://ordbokene.no/bm/tast","2026-09-24","","true","词头与列出词形匹配","课程候选等级；尚未逐词人工确认","例句/译文尚未人工逐词审校"
"A2","tilbake","副词","方向与移动","NTNU LearnNoW; NorweigenLearn 当前词库","回来；回去；返回；剩下；恢复（依搭配）","tilbake","Når kommer du tilbake fra jobb? / Jeg fikk pengene tilbake i går.","你什么时候下班回来？ / 我昨天拿回了钱。","2","A2","true","true","词典核验：词头/词性/核心义项","Bokmålsordboka","https://ordbokene.no/bm/tilbake","2026-09-24","","true","词头与列出词形匹配","课程候选等级；尚未逐词人工确认","例句/译文尚未人工逐词审校"
"A2","tilbud","名词","购物与服务","NTNU LearnNoW; NorweigenLearn 当前词库","优惠；特价；提议；服务项目（依语境）","et tilbud · tilbudet · tilbud · tilbudene / tilbudet, tilbud, tilbudene","Denne uka er kaffen på tilbud. / Takk for tilbudet om å hjelpe.","这周咖啡有特价。 / 谢谢你提出帮忙。","2","A2","true","true","词典核验：词头/词性/核心义项","Bokmålsordboka","https://ordbokene.no/bm/tilbud","2026-09-24","","true","词头与列出词形匹配","课程候选等级；尚未逐词人工确认","例句/译文尚未人工逐词审校"
"A2","tohundrelapp","名词","金钱与购物","NTNU LearnNoW; NorweigenLearn 当前词库","一张200克朗纸币","en tohundrelapp · tohundrelappen · tohundrelapper · tohundrelappene / tohundrelappen, tohundrelapper, tohundrelappene","Jeg betaler med en tohundrelapp. / Hun får to tohundrelapper tilbake.","我用一张200克朗纸币付款。 / 她拿回两张200克朗纸币。","2","A2","true","true","词典核验：Bokmålsordboka词头/词性/词形/核心义项","Bokmålsordboka / NTNU LearnNoW","https://ordbokene.no/bm/tohundrelapp","2026-09-24","2026-09-24","true","词头与列出词形匹配","课程候选等级；尚未逐词人工确认","例句/译文已人工审校"
"A2","tomat","名词","蔬菜与食材","NTNU LearnNoW; NorweigenLearn 当前词库","西红柿；番茄","en tomat · tomaten · tomater · tomatene / tomaten, tomater, tomatene","Jeg kjøper tomater til salaten. / Tomaten ligger på kjøkkenbenken.","我买西红柿做沙拉。 / 西红柿放在厨房台面上。","2","A2","true","true","词典核验：词头/词性/核心义项","Bokmålsordboka","https://ordbokene.no/bm/tomat","2026-09-24","","true","词头与列出词形匹配","课程候选等级；尚未逐词人工确认","例句/译文尚未人工逐词审校"
"A2","torg","名词","城市与地点","NTNU LearnNoW; NorweigenLearn 当前词库","广场；集市广场","et torg · torget · torg · torgene / torget, torg, torgene","Vi møtes på torget klokka seks. / Det er marked på torget hver lørdag.","我们六点在广场见面。 / 广场上每周六都有集市。","2","A2","true","true","词典核验：词头/词性/核心义项","Bokmålsordboka","https://ordbokene.no/bm/torg","2026-09-24","","true","词头与列出词形匹配","课程候选等级；尚未逐词人工确认","例句/译文尚未人工逐词审校"
"A2","tørke","动词","家务与清洁","NTNU LearnNoW; NorweigenLearn 当前词库","擦干；擦拭；使干燥；（不及物）变干","å tørke · tørker · tørket / tørka · tørket / tørka / tørker, tørket, har tørket","Kan du tørke av bordet etter maten? / Håndklærne tørker ute i sola.","吃完饭后你能把桌子擦一下吗？ / 毛巾在外面的阳光下晾干。","2","A2","true","true","词典核验：词头/词性/核心义项","Bokmålsordboka","https://ordbokene.no/bm/t%C3%B8rke","2026-09-24","","true","词头与列出词形匹配","课程候选等级；尚未逐词人工确认","例句/译文尚未人工逐词审校"
"A2","vanlig","形容词","频率与描述","NTNU LearnNoW; NorweigenLearn 当前词库","普通的；常见的；通常的","vanlig · vanlig · vanlige / vanlig, vanlige","Det er vanlig å ta av seg skoene hjemme. / Vi tar bussen som vanlig.","在家脱鞋是很常见的做法。 / 我们照常坐公交车。","2","A2","true","true","词典核验：词头/词性/核心义项","Bokmålsordboka","https://ordbokene.no/bm/vanlig","2026-09-24","","true","词头与列出词形匹配","课程候选等级；尚未逐词人工确认","例句/译文尚未人工逐词审校"
"A2","vinterjakke","名词","衣物与季节","NTNU LearnNoW; NorweigenLearn 当前词库","冬季外套；冬衣","ei vinterjakke · vinterjakka · vinterjakker · vinterjakkene / vinterjakka, vinterjakker, vinterjakkene","Ta på deg vinterjakka før du går ut. / Barna trenger varme vinterjakker når det blir kaldt.","出门前把冬季外套穿上。 / 天冷时，孩子们需要保暖的冬季外套。","2","A2","true","true","词典核验：词头/词性/核心义项","Bokmålsordboka","https://ordbokene.no/bm/vinterjakke","2026-09-24","","false","透明复合词词形匹配中心词","课程候选等级；尚未逐词人工确认","例句/译文尚未人工逐词审校"
"A2","vite","动词","知识与信息 / 学习与工作","NTNU LearnNoW; NorweigenLearn 当前词库","知道；了解（事实或信息）","å vite · vet · visste · visst / vet, visste, har visst","Vet du når bussen går? / Jeg visste ikke at han var syk.","你知道公交车几点开吗？ / 我不知道他病了。","2","A2","true","true","词典核验：词头/词性/核心义项","Bokmålsordboka","https://ordbokene.no/bm/vite","2026-09-24","","true","词头与列出词形匹配","课程候选等级；尚未逐词人工确认","例句/译文尚未人工逐词审校"
"A2","ingeniør","名词","职业与工作","NTNU LearnNoW; NTNU NoW1; NorweigenLearn 当前词库","工程师","en ingeniør · ingeniøren · ingeniører · ingeniørene / ingeniøren, ingeniører, ingeniørene","Broren hennes jobber som ingeniør i Bergen. / Ingeniørene planlegger en ny bro.","她哥哥 / 弟弟在卑尔根做工程师。 / 工程师们正在规划一座新桥。","2","A2","true","true","词典核验：词头/词性/核心义项","Bokmålsordboka","https://ordbokene.no/bm/ingeni%C3%B8r","2026-09-24","","true","词头与列出词形匹配","课程候选等级；尚未逐词人工确认","例句/译文尚未人工逐词审校"
"A2","kontakt","名词","沟通与联系","NTNU LearnNoW; NTNU NoW1; NorweigenLearn 当前词库","联系；联系人；接触","en kontakt · kontakten · kontakter · kontaktene / kontakten, kontakter, kontaktene","Ta kontakt med skolen hvis du har spørsmål. / Vi holder kontakten etter kurset.","如果你有问题，请联系学校。 / 课程结束后我们还保持联系。","2","A2","true","true","词典核验：词头/词性/核心义项","Bokmålsordboka","https://ordbokene.no/bm/kontakt","2026-09-24","","true","词头与列出词形匹配","课程候选等级；尚未逐词人工确认","例句/译文尚未人工逐词审校"
"A2","album","名词","音乐与媒体","NTNU NoW1; NorweigenLearn 当前词库","专辑；相册","et album · albumet · album · albumene","Bandet ga ut et nytt album i vår. / Bestemor har et album med gamle bilder.","乐队今年春天发行了一张新专辑。 / 奶奶有一本装着老照片的相册。","2","A2","true","true","词典核验：词头/词性/核心义项","Bokmålsordboka","https://ordbokene.no/bm/album","2026-09-24","","true","词头与列出词形匹配","课程候选等级；尚未逐词人工确认","例句/译文尚未人工逐词审校"
"A2","alvorlig","形容词","症状与严重程度","NTNU LearnNoW; NorweigenLearn 当前词库","严重的；严肃的；认真的","alvorlig · alvorlig · alvorlige / alvorlig, alvorlige","Hun har ikke en alvorlig sykdom. / Foreldrene snakket alvorlig med ham.","她没有严重的疾病。 / 父母严肃地和他谈了谈。","2","A2","true","true","词典核验：词头/词性/核心义项","Bokmålsordboka","https://ordbokene.no/bm/alvorlig","2026-09-24","","true","词头与列出词形匹配","课程候选等级；尚未逐词人工确认","例句/译文尚未人工逐词审校"
"A2","arbeidsdag","名词","工作与日常","NTNU LearnNoW; NorweigenLearn 当前词库","工作日；一个工作日/工作班次","arbeidsdagen, arbeidsdager, arbeidsdagene / en arbeidsdag · arbeidsdagen · arbeidsdager · arbeidsdagene","Jeg har en lang arbeidsdag i morgen. / Jeg jobber hjemmefra én arbeidsdag i uka.","我明天要工作很长时间。 / 我每周有一个工作日在家办公。","2","A2","true","true","词典核验：词头/词性/核心义项","Bokmålsordboka","https://ordbokene.no/bm/arbeidsdag","2026-09-24","","true","词头与列出词形匹配","课程候选等级；尚未逐词人工确认","例句/译文尚未人工逐词审校"
"A2","bak","介词","常用介词","NTNU LearnNoW; NorweigenLearn 当前词库","在……后面；在……之后（时间）","bak","Sykkelen står bak huset. / Vi møtes igjen bak en uke.","自行车停在房子后面。 / 我们一周后再见。","2","A2","true","true","词典核验：词头/词性/核心义项","Bokmålsordboka","https://ordbokene.no/bm/bak","2026-09-24","","true","词头与列出词形匹配","课程候选等级；尚未逐词人工确认","例句/译文尚未人工逐词审校"
"A2","ballett","名词","文化与休闲","NTNU NoW1; NorweigenLearn 当前词库","芭蕾舞；芭蕾舞剧","en ballett · balletten · balletter · ballettene","Datteren min går på ballett hver tirsdag. / Teatret setter opp en klassisk ballett.","我女儿每周二去上芭蕾课。 / 剧院正在上演一部经典芭蕾舞剧。","2","A2","true","true","词典核验：词头/词性/核心义项","Bokmålsordboka","https://ordbokene.no/bm/ballett","2026-09-24","","true","词头与列出词形匹配","课程候选等级；尚未逐词人工确认","例句/译文尚未人工逐词审校"
"A2","ballspill","名词","运动与休闲","NTNU NoW1; NorweigenLearn 当前词库","球类运动；球类游戏","et ballspill · ballspillet · ballspill · ballspillene","Elevene prøvde flere ballspill i gymtimen. / Fotball er et populært ballspill.","学生们在体育课上尝试了几种球类运动。 / 足球是一种受欢迎的球类运动。","2","A2","true","true","词典核验：词头/词性/核心义项","Bokmålsordboka","https://ordbokene.no/bm/ballspill","2026-09-24","","true","词头与列出词形匹配","课程候选等级；尚未逐词人工确认","例句/译文尚未人工逐词审校"
"A2","begynnelse","名词","时间与过程","NTNU LearnNoW; NorweigenLearn 当前词库","开始；开端","begynnelsen, begynnelser, begynnelsene / en begynnelse · begynnelsen · begynnelser · begynnelsene","I begynnelsen var norsken vanskelig. / Vi må starte fra begynnelsen.","刚开始时，挪威语很难。 / 我们必须从头开始。","2","A2","true","true","词典核验：词头/词性/核心义项","Bokmålsordboka","https://ordbokene.no/bm/begynnelse","2026-09-24","","true","词头与列出词形匹配","课程候选等级；尚未逐词人工确认","例句/译文尚未人工逐词审校"
"A2","begynnerkurs","名词","课程与学习","NTNU NoW1; NorweigenLearn 当前词库","初级课程；入门班","et begynnerkurs · begynnerkurset · begynnerkurs · begynnerkursene","Jeg meldte meg på et begynnerkurs i norsk. / Begynnerkurset starter neste uke.","我报名了一门挪威语入门课。 / 入门课程下周开始。","2","A2","true","true","词典核验：词头/词性/核心义项","Bokmålsordboka","https://ordbokene.no/bm/begynnerkurs","2026-09-24","","false","透明复合词词形匹配中心词","课程候选等级；尚未逐词人工确认","例句/译文尚未人工逐词审校"
"A2","bestevenn","名词","家人和关系","NTNU LearnNoW; NorweigenLearn 当前词库","最好的朋友；挚友","bestevennen, bestevenner, bestevennene / en bestevenn · bestevennen · bestevenner · bestevennene","Hun er bestevennen min. / De to ble bestevenner på skolen.","她是我最好的朋友。 / 他们俩在学校成了最好的朋友。","2","A2","true","true","词典核验：词头/词性/核心义项","Bokmålsordboka","https://ordbokene.no/bm/bestevenn","2026-09-24","","true","词头与列出词形匹配","课程候选等级；尚未逐词人工确认","例句/译文尚未人工逐词审校"
"A2","bort","副词","方向与位置","NTNU LearnNoW; NorweigenLearn 当前词库","离开；到别处去；消失","bort","Barna gikk bort til lekeplassen. / Vi reiser bort i helgen.","孩子们走到那边的游乐场去了。 / 我们周末要外出。","2","A2","true","true","词典核验：词头/词性/核心义项","Bokmålsordboka","https://ordbokene.no/bm/bort","2026-09-24","","true","词头与列出词形匹配","课程候选等级；尚未逐词人工确认","例句/译文尚未人工逐词审校"
"A2","bråk","名词","声音与冲突","NTNU LearnNoW; NorweigenLearn 当前词库","吵闹；喧哗；麻烦；争端","bråket / et bråk · bråket · bråk · bråkene","Barna laget mye bråk i gangen. / Det ble bråk om den nye regelen.","孩子们在走廊里闹得很大声。 / 新规定引起了争议。","2","A2","true","true","词典核验：词头/词性/核心义项","Bokmålsordboka","https://ordbokene.no/bm/br%C3%A5k","2026-09-24","","true","词头与列出词形匹配","课程候选等级；尚未逐词人工确认","例句/译文尚未人工逐词审校"
"A2","byggfirma","名词","工作与公司","NTNU LearnNoW; NorweigenLearn 当前词库","建筑公司；施工公司","byggfirmaet, byggfirmaer, byggfirmaene / et byggfirma · byggfirmaet · byggfirma · byggfirmaene","Et byggfirma skal reparere taket vårt. / Vi fikk et tilbud fra byggfirmaet.","一家建筑公司要来修我们的屋顶。 / 我们收到了那家施工公司的报价。","2","A2","true","true","词典核验：词头/词性/核心义项","Bokmålsordboka","https://ordbokene.no/bm/byggfirma","2026-09-24","","false","透明复合词词形匹配中心词","课程候选等级；尚未逐词人工确认","例句/译文尚未人工逐词审校"
"A2","dårlig","形容词","描述与评价","NTNU LearnNoW; NorweigenLearn 当前词库","差的；糟糕的；不舒服的；质量差的（依语境）","dårlig · dårlig · dårlige · verre · verst / dårlig, dårlige","Jeg føler meg dårlig og blir hjemme i dag. / Bussen går sjeldnere når været er dårlig.","我觉得不舒服，今天待在家里。 / 天气不好时，公交车班次会更少。","2","A2","true","true","词典核验：词头/词性/核心义项","Bokmålsordboka","https://ordbokene.no/bm/d%C3%A5rlig","2026-09-24","","true","词头与列出词形匹配","课程候选等级；尚未逐词人工确认","例句/译文尚未人工逐词审校"
"A2","deretter","副词","时间与顺序","NTNU LearnNoW; NorweigenLearn 当前词库","然后；随后；之后","deretter","Først fyller du ut skjemaet, deretter sender du det. / Vi spiste middag og gikk deretter en tur.","先填写表格，然后把它寄出去。 / 我们吃了晚饭，随后去散了步。","2","A2","true","true","词典核验：词头/词性/核心义项","Bokmålsordboka","https://ordbokene.no/bm/deretter","2026-09-24","","true","词头与列出词形匹配","课程候选等级；尚未逐词人工确认","例句/译文尚未人工逐词审校"
"A2","dimensjon","名词","描述与测量","NTNU LearnNoW; NorweigenLearn 当前词库","尺寸；维度；方面","dimensjonen, dimensjoner, dimensjonene / en dimensjon · dimensjonen · dimensjoner · dimensjonene","Bordet har tre dimensjoner: lengde, bredde og høyde. / Trygghet er en viktig dimensjon ved trivsel.","这张桌子有三个尺寸维度：长、宽和高。 / 安全感是幸福感中的一个重要方面。","2","A2","true","true","词典核验：词头/词性/核心义项","Bokmålsordboka","https://ordbokene.no/bm/dimensjon","2026-09-24","","true","词头与列出词形匹配","课程候选等级；尚未逐词人工确认","例句/译文尚未人工逐词审校"
"A2","dum","形容词","性格与评价","NTNU LearnNoW; NorweigenLearn 当前词库","愚蠢的；不明智的；糟糕的","dum · dumt · dumme · dummere · dummest / dummeste / dumt, dumme","Det var dumt å dra uten paraply. / Han følte seg dum da han glemte avtalen.","不带伞就出门真是不明智。 / 他忘了约定后觉得自己很糊涂。","2","A2","true","true","词典核验：词头/词性/核心义项","Bokmålsordboka","https://ordbokene.no/bm/dum","2026-09-24","","true","词头与列出词形匹配","课程候选等级；尚未逐词人工确认","例句/译文尚未人工逐词审校"
"A2","elev","名词","学校与学习","NTNU LearnNoW; NorweigenLearn 当前词库","学生；学员（通常指中小学学生）","eleven, elever, elevene / en elev · eleven · elever · elevene","Hver elev må ta med en blyant. / Elevene arbeider sammen i grupper.","每个学生都要带一支铅笔。 / 学生们分组合作。","2","A2","true","true","词典核验：词头/词性/核心义项","Bokmålsordboka","https://ordbokene.no/bm/elev","2026-09-24","","true","词头与列出词形匹配","课程候选等级；尚未逐词人工确认","例句/译文尚未人工逐词审校"
"A2","enebarn","名词","家人和关系","NTNU NoW1; NorweigenLearn 当前词库","独生子女；独生子","et enebarn · enebarnet · enebarn · enebarna / enebarnene","Jeg er enebarn og vokste opp uten søsken. / Hun synes ikke det er ensomt å være enebarn.","我是独生子女，成长过程中没有兄弟姐妹。 / 她并不觉得做独生子女很孤单。","2","A2","true","true","词典核验：词头/词性/核心义项","Bokmålsordboka","https://ordbokene.no/bm/enebarn","2026-09-24","","true","词头与列出词形匹配","课程候选等级；尚未逐词人工确认","例句/译文尚未人工逐词审校"
"A2","essay","名词","学校作业与写作","NTNU NoW1; NorweigenLearn 当前词库","短文；随笔；论说文","et essay · essayet · essay · essayene","Vi skal skrive et essay om språk og identitet. / Læreren ga kommentarer til essayet mitt.","我们要写一篇关于语言与身份的短文。 / 老师给我的文章写了评语。","2","A2","true","true","词典核验：词头/词性/核心义项","Bokmålsordboka","https://ordbokene.no/bm/essay","2026-09-24","","true","词头与列出词形匹配","课程候选等级；尚未逐词人工确认","例句/译文尚未人工逐词审校"
"A2","farfar","名词","家人和关系","NTNU NoW1; NorweigenLearn 当前词库","爷爷；父亲的父亲","en farfar · farfaren · farfedre · farfedrene","Farfar bor i et hus ved sjøen. / Vi besøker farfar hver søndag.","爷爷住在海边的一栋房子里。 / 我们每周日去看爷爷。","2","A2","true","true","词典核验：词头/词性/核心义项","Bokmålsordboka","https://ordbokene.no/bm/farfar","2026-09-24","","true","词头与列出词形匹配","课程候选等级；尚未逐词人工确认","例句/译文尚未人工逐词审校"
"A2","farmor","名词","家人和关系","NTNU NoW1; NorweigenLearn 当前词库","奶奶；父亲的母亲","en farmor · farmoren · farmødre · farmødrene","Farmora mi lager verdens beste vafler. / Jeg skal ringe farmor i kveld.","我奶奶做的华夫饼是世界上最好吃的。 / 我今晚要给奶奶打电话。","2","A2","true","true","词典核验：词头/词性/核心义项","Bokmålsordboka","https://ordbokene.no/bm/farmor","2026-09-24","","true","词头与列出词形匹配","课程候选等级；尚未逐词人工确认","例句/译文尚未人工逐词审校"
"A2","firma","名词","工作与组织","NTNU LearnNoW; NorweigenLearn 当前词库","公司；企业；事务所","et firma · firmaet · firmaer · firmaene / firmaet, firmaer, firmaene","Hun jobber i et lite firma i Oslo. / Firmaet flyttet til et større kontor.","她在奥斯陆一家小公司工作。 / 这家公司搬进了更大的办公室。","2","A2","true","true","词典核验：词头/词性/核心义项","Bokmålsordboka","https://ordbokene.no/bm/firma","2026-09-24","","true","词头与列出词形匹配","课程候选等级；尚未逐词人工确认","例句/译文尚未人工逐词审校"
"A2","fjernkontroll","名词","家电与日用品","NTNU LearnNoW; NorweigenLearn 当前词库","遥控器","en fjernkontroll · fjernkontrollen · fjernkontroller · fjernkontrollene / fjernkontrollen, fjernkontroller, fjernkontrollene","Kan du gi meg fjernkontrollen? / Jeg finner ikke fjernkontrollen til TV-en.","你能把遥控器递给我吗？ / 我找不到电视遥控器了。","2","A2","true","true","词典核验：词头/词性/核心义项","Bokmålsordboka","https://ordbokene.no/bm/fjernkontroll","2026-09-24","","true","词头与列出词形匹配","课程候选等级；尚未逐词人工确认","例句/译文尚未人工逐词审校"
"A2","fornavn","名词","个人信息","NTNU LearnNoW; NorweigenLearn 当前词库","名字；名（与姓氏相对）","et fornavn · fornavnet · fornavn · fornavnene / fornavnet, fornavn, fornavnene","Skriv fornavn og etternavn på skjemaet. / Hva er fornavnet ditt?","请在表格上填写名字和姓氏。 / 你的名字是什么？","2","A2","true","true","词典核验：词头/词性/核心义项","Bokmålsordboka","https://ordbokene.no/bm/fornavn","2026-09-24","","true","词头与列出词形匹配","课程候选等级；尚未逐词人工确认","例句/译文尚未人工逐词审校"
"A2","fort","副词","速度与方式","NTNU LearnNoW; NorweigenLearn 当前词库","快地；迅速地；很快","fort · fortere · fortest","Kan du snakke litt saktere? Du snakker veldig fort. / Tiden går fort når vi har det gøy.","你能说慢一点吗？你说得很快。 / 开心的时候时间过得很快。","2","A2","true","true","词典核验：词头/词性/核心义项","Bokmålsordboka","https://ordbokene.no/bm/fort","2026-09-24","","true","词头与列出词形匹配","课程候选等级；尚未逐词人工确认","例句/译文尚未人工逐词审校"
"A2","fritidsaktivitet","名词","休闲与兴趣","NTNU NoW1; NorweigenLearn 当前词库","休闲活动；业余活动","en fritidsaktivitet · fritidsaktiviteten · fritidsaktiviteter · fritidsaktivitetene","Fotball er en populær fritidsaktivitet for barn. / Kommunen tilbyr mange fritidsaktiviteter for ungdom.","足球是孩子们很受欢迎的一种业余活动。 / 市政府为青少年提供许多休闲活动。","2","A2","true","true","词典核验：词头/词性/核心义项","Bokmålsordboka","https://ordbokene.no/bm/fritidsaktivitet","2026-09-24","","true","词头与列出词形匹配","课程候选等级；尚未逐词人工确认","例句/译文尚未人工逐词审校"
"A2","grammatikk","名词","语言与学习","NTNU NoW1; NorweigenLearn 当前词库","语法；语法体系；语法书（依语境）","en grammatikk · grammatikken · grammatikker · grammatikkene","Vi lærer norsk grammatikk på kurset. / Grammatikkboka forklarer verb i fortid.","我们在课程上学习挪威语语法。 / 语法书解释了动词的过去时。","2","A2","true","true","词典核验：词头/词性/核心义项","Bokmålsordboka","https://ordbokene.no/bm/grammatikk","2026-09-24","","true","词头与列出词形匹配","课程候选等级；尚未逐词人工确认","例句/译文尚未人工逐词审校"
"A2","gruppe","名词","团队与群体","NTNU NoW1; NorweigenLearn 当前词库","组；群；团队；类别","en gruppe · gruppen / gruppa · grupper · gruppene","Vi arbeider i ei gruppe på fire personer. / Gruppene presenterer arbeidet sitt etter lunsj.","我们四个人一组做事。 / 各小组午饭后展示他们的成果。","2","A2","true","true","词典核验：词头/词性/核心义项","Bokmålsordboka","https://ordbokene.no/bm/gruppe","2026-09-24","","true","词头与列出词形匹配","课程候选等级；尚未逐词人工确认","例句/译文尚未人工逐词审校"
"A2","hjemland","名词","国家与身份","NTNU NoW1; NorweigenLearn 当前词库","祖国；故乡国家；自己的国家","et hjemland · hjemlandet · hjemland · hjemlandene","Hun flyttet til Norge, men savner hjemlandet sitt. / Familien måtte forlate hjemlandet.","她搬到了挪威，但很想念自己的祖国。 / 这个家庭不得不离开祖国。","2","A2","true","true","词典核验：词头/词性/核心义项","Bokmålsordboka","https://ordbokene.no/search?dict=bm&q=hjemland","2026-09-24","","true","词头与列出词形匹配","课程候选等级；尚未逐词人工确认","例句/译文尚未人工逐词审校"
"A2","hobby","名词","兴趣与休闲","NTNU NoW1; NorweigenLearn 当前词库","爱好；业余兴趣","en hobby · hobbyen · hobbyer · hobbyene","Matlaging er hobbyen hennes. / Har du noen hobbyer?","烹饪是她的爱好。 / 你有什么爱好吗？","2","A2","true","true","词典核验：词头/词性/核心义项","Bokmålsordboka","https://ordbokene.no/bm/hobby","2026-09-24","","true","词头与列出词形匹配","课程候选等级；尚未逐词人工确认","例句/译文尚未人工逐词审校"
"A2","informasjon","名词","信息与沟通","NTNU LearnNoW; NorweigenLearn 当前词库","信息；资料；通知内容（通常不可数）","informasjon · informasjonen / informasjonen, informasjoner, informasjonene","Du finner mer informasjon på nettsiden. / Jeg fikk informasjon om kurset på e-post.","你可以在网站上找到更多信息。 / 我通过邮件收到了课程信息。","2","A2","true","true","词典核验：词头/词性/核心义项","Bokmålsordboka","https://ordbokene.no/bm/informasjon","2026-09-24","","true","词头与列出词形匹配","课程候选等级；尚未逐词人工确认","例句/译文尚未人工逐词审校"
"A2","IT-firma","名词","工作与组织","NTNU NoW1; NorweigenLearn 当前词库","信息技术公司；IT企业","et IT-firma · IT-firmaet · IT-firmaer · IT-firmaene","Hun jobber i et IT-firma i Oslo. / IT-firmaet utvikler en ny app.","她在奥斯陆一家IT公司工作。 / 这家IT公司正在开发一款新应用。","2","A2","true","true","词典核验：词头/词性/词义/词形/例句与译文","NTNU NoW 课程词汇表（透明复合词）","https://www.ntnu.edu/now/vocabulary/list","2026-09-24","","false","透明复合词词形匹配中心词","课程候选等级；尚未逐词人工确认","例句/译文已人工审校"
"A2","kamerat","名词","朋友与关系","NTNU LearnNoW; NorweigenLearn 当前词库","朋友；伙伴；同伴","en kamerat · kameraten · kamerater · kameratene / kameraten, kamerater, kameratene","Han gikk på tur med en kamerat. / Kameratene mine spiller fotball etter skolen.","他和一位朋友去徒步了。 / 我的朋友们放学后踢足球。","2","A2","true","true","词典核验：词头/词性/核心义项","Bokmålsordboka","https://ordbokene.no/bm/kamerat","2026-09-24","","true","词头与列出词形匹配","课程候选等级；尚未逐词人工确认","例句/译文尚未人工逐词审校"
"A2","kjekk","形容词","性格与评价","NTNU LearnNoW; NorweigenLearn 当前词库","友好的；愉快的；好看的；实用的（依语境）","kjekk · kjekt · kjekke · kjekkere · kjekkest / kjekkeste / kjekt, kjekke","Vi hadde en kjekk kveld sammen. / Han er en kjekk og hjelpsom kollega.","我们一起度过了愉快的夜晚。 / 他是一位友好又乐于助人的同事。","2","A2","true","true","词典核验：词头/词性/核心义项","Bokmålsordboka","https://ordbokene.no/bm/kjekk","2026-09-24","","true","词头与列出词形匹配","课程候选等级；尚未逐词人工确认","例句/译文尚未人工逐词审校"
"A2","klatre","动词","运动与自然","NTNU NoW1; NorweigenLearn 当前词库","攀爬；攀登；爬上","å klatre · klatrer · klatra / klatret · klatra / klatret","Barna klatrer i et tre i hagen. / Vi klatret opp en bratt sti til toppen.","孩子们在院子里爬树。 / 我们沿着陡峭的小路攀爬到山顶。","2","A2","true","true","词典核验：词头/词性/核心义项","Bokmålsordboka","https://ordbokene.no/bm/29975","2026-09-24","","true","词头与列出词形匹配","课程候选等级；尚未逐词人工确认","例句/译文尚未人工逐词审校"
"A2","klatregruppe","名词","兴趣与课外活动","NTNU NoW1; NorweigenLearn 当前词库","攀岩小组；攀岩队/社团","ei klatregruppe · klatregruppa · klatregrupper · klatregruppene","Datteren min vil begynne i ei klatregruppe. / Klatregruppa trener i hallen på tirsdager.","我女儿想加入一个攀岩小组。 / 攀岩小组每周二在馆里训练。","2","A2","true","true","词典核验：词头/词性/核心义项","Bokmålsordboka","https://ordbokene.no/bm/klatregruppe","2026-09-24","","false","透明复合词词形匹配中心词","课程候选等级；尚未逐词人工确认","例句/译文尚未人工逐词审校"
"A2","knapp","名词","衣物与设备","NTNU LearnNoW; NorweigenLearn 当前词库","按钮；纽扣；按键","en knapp · knappen · knapper · knappene / knappen, knapper, knappene","Trykk på den røde knappen for å stoppe. / Skjorta mangler en knapp.","按红色按钮停止。 / 这件衬衫少了一颗纽扣。","2","A2","true","true","词典核验：词头/词性/核心义项","Bokmålsordboka","https://ordbokene.no/bm/knapp","2026-09-24","","true","词头与列出词形匹配","课程候选等级；尚未逐词人工确认","例句/译文尚未人工逐词审校"
"A2","lærer","名词","学习与工作","NTNU LearnNoW; NorweigenLearn 当前词库","老师","en lærer · læreren · lærere · lærerne / læreren, lærere, lærerne","Læreren hjelper elevene.","老师帮助学生们。","1","A2","true","true","词典核验：词头/词性/词形/核心义项/课程章节","Bokmålsordboka / NTNU LearnNoW","https://ordbokene.no/bm/36458","2026-09-24","2026-09-24","true","词头与列出词形匹配","课程候选等级；尚未逐词人工确认","例句/译文已人工审校"
"A2","leke","动词","儿童与活动","NTNU LearnNoW; NorweigenLearn 当前词库","玩；玩耍；做游戏","å leke · leker · lekte · lekt / leker, lekte, har lekt","Barna leker ute etter skolen. / Han lekte med søsteren sin hele ettermiddagen.","孩子们放学后在外面玩。 / 他整个下午都在和妹妹玩。","2","A2","true","true","词典核验：词头/词性/核心义项","Bokmålsordboka","https://ordbokene.no/bm/leke","2026-09-24","","true","词头与列出词形匹配","课程候选等级；尚未逐词人工确认","例句/译文尚未人工逐词审校"
"A2","lekse","名词","学校与学习","NTNU LearnNoW; NorweigenLearn 当前词库","家庭作业；课后作业；功课","en lekse · leksa / leksen · lekser · leksene / leksa, lekser, leksene","Jeg må gjøre leksene før jeg ser på TV. / Læreren ga oss ei lekse i norsk.","我得先做完作业再看电视。 / 老师给我们布置了一项挪威语作业。","2","A2","true","true","词典核验：词头/词性/核心义项","Bokmålsordboka","https://ordbokene.no/bm/lekse","2026-09-24","","true","词头与列出词形匹配","课程候选等级；尚未逐词人工确认","例句/译文尚未人工逐词审校"
"A2","løse","动词","问题与解决","NTNU LearnNoW; NorweigenLearn 当前词库","解决；解答；解开","å løse · løser · løste · løst / løser, løste, har løst","Vi prøver å løse problemet sammen. / Hun løste alle oppgavene på prøven.","我们正尝试一起解决这个问题。 / 她解答了考试中的所有题目。","2","A2","true","true","词典核验：词头/词性/核心义项","Bokmålsordboka","https://ordbokene.no/bm/l%C3%B8se","2026-09-24","","true","词头与列出词形匹配","课程候选等级；尚未逐词人工确认","例句/译文尚未人工逐词审校"
"A2","lykkelig","形容词","情绪与反应 / 未来计划与目标","NTNU LearnNoW; NorweigenLearn 当前词库","幸福的；快乐的；幸运的（语境决定）","lykkelig · lykkelig · lykkelige · lykkeligere · lykkeligst / lykkeligste / lykkelig, lykkelige","De er lykkelige sammen. / Hun ble lykkelig da hun fikk jobben.","他们在一起很幸福。 / 她得到这份工作时高兴极了。","2","A2","true","true","词典核验：词头/词性/核心义项","Bokmålsordboka","https://ordbokene.no/bm/lykkelig","2026-09-24","","true","词头与列出词形匹配","课程候选等级；尚未逐词人工确认","例句/译文尚未人工逐词审校"
"A2","modell","名词","设计与职业","NTNU LearnNoW; NorweigenLearn 当前词库","模型；模特；型号；模式（依语境）","en modell · modellen · modeller · modellene / modellen, modeller, modellene","Elevene bygde en modell av solsystemet. / Bilmerket lanserte en ny modell.","学生们制作了一个太阳系模型。 / 这个汽车品牌推出了一款新车型。","2","A2","true","true","词典核验：词头/词性/核心义项","Bokmålsordboka","https://ordbokene.no/bm/modell","2026-09-24","","true","词头与列出词形匹配","课程候选等级；尚未逐词人工确认","例句/译文尚未人工逐词审校"
"A2","mye","形容词","数量与程度","NTNU LearnNoW; NorweigenLearn 当前词库","很多；大量；程度很高（修饰不可数名词，也可作代词/副词）","mye · mer · mest · meste","Vi har mye tid før toget går. / Det er mye kaldere i dag.","离火车出发还有很多时间。 / 今天冷得多。","2","A2","true","true","词典核验：词头/词性/词义/词形/例句与译文","Bokmålsordboka / NTNU LearnNoW","https://ordbokene.no/bm/MYE","2026-09-24","","true","词头与列出词形匹配","课程候选等级；尚未逐词人工确认","例句/译文已人工审校"
"A2","nervøs","形容词","情绪与感受","NTNU LearnNoW; NorweigenLearn 当前词库","紧张的；焦虑不安的","nervøs · nervøst · nervøse · mer nervøs · mest nervøs / nervøst, nervøse","Jeg er litt nervøs før jobbintervjuet. / Hun ble nervøs da telefonen ringte.","工作面试前我有点紧张。 / 电话响时她变得紧张起来。","2","A2","true","true","词典核验：词头/词性/核心义项","Bokmålsordboka","https://ordbokene.no/bm/nerv%C3%B8s","2026-09-24","","true","基本词形匹配；比较级形式另核","课程候选等级；尚未逐词人工确认","例句/译文尚未人工逐词审校"
"A2","nesten","副词","程度与数量","NTNU LearnNoW; NorweigenLearn 当前词库","几乎；差不多；将近","nesten","Jeg er nesten ferdig med rapporten. / Nesten alle kom før klokka ni.","我的报告差不多完成了。 / 几乎所有人都在九点前到了。","2","A2","true","true","词典核验：词头/词性/核心义项","Bokmålsordboka","https://ordbokene.no/bm/nesten","2026-09-24","","true","词头与列出词形匹配","课程候选等级；尚未逐词人工确认","例句/译文尚未人工逐词审校"
"A2","nokså","副词","程度与语气","NTNU LearnNoW; NorweigenLearn 当前词库","相当；颇；比较（程度副词）","nokså","Leiligheten er nokså liten, men lys. / Det var nokså mange på møtet.","这套公寓相当小，不过很明亮。 / 会议上来的人相当多。","2","A2","true","true","词典核验：词头/词性/核心义项","Bokmålsordboka","https://ordbokene.no/bm/noks%C3%A5","2026-09-24","","true","词头与列出词形匹配","课程候选等级；尚未逐词人工确认","例句/译文尚未人工逐词审校"
"A2","nyhet","名词","新闻与信息","NTNU LearnNoW; NorweigenLearn 当前词库","新闻；消息；新事物/新功能","en nyhet · nyheten / nyheta · nyheter · nyhetene / nyheten, nyheter, nyhetene","Jeg leste en viktig nyhet på nettet. / Nyhetene begynner klokka sju.","我在网上读到一条重要新闻。 / 新闻节目七点开始。","2","A2","true","true","词典核验：词头/词性/核心义项","Bokmålsordboka","https://ordbokene.no/bm/nyhet","2026-09-24","","true","词头与列出词形匹配","课程候选等级；尚未逐词人工确认","例句/译文尚未人工逐词审校"
"A2","oppe","副词","位置与状态","NTNU LearnNoW; NorweigenLearn 当前词库","在上面；楼上；醒着/起床了","oppe","Barna er fortsatt oppe klokka ti. / Katten sitter oppe på taket.","十点时孩子们还醒着。 / 猫坐在屋顶上面。","2","A2","true","true","词典核验：词头/词性/核心义项","Bokmålsordboka","https://ordbokene.no/bm/oppe","2026-09-24","","true","词头与列出词形匹配","课程候选等级；尚未逐词人工确认","例句/译文尚未人工逐词审校"
"A2","perm","名词","学习用品与文件","NTNU LearnNoW; NorweigenLearn 当前词库","活页夹；文件夹；资料夹","en perm · permen · permer · permene / permen, permer, permene","Jeg har lagt papirene i en blå perm. / Permen står på hylla ved kontoret.","我把文件放进一个蓝色活页夹里了。 / 文件夹放在办公室旁的架子上。","2","A2","true","true","词典核验：词头/词性/核心义项","Bokmålsordboka","https://ordbokene.no/bm/perm","2026-09-24","","true","词头与列出词形匹配","课程候选等级；尚未逐词人工确认","例句/译文尚未人工逐词审校"
"A2","personale","名词","工作与人员","NTNU LearnNoW; NorweigenLearn 当前词库","全体员工；工作人员；职员队伍","et personale · personalet · personaler · personalene / personalet, personaler, personalene","Hotellet har et vennlig personale. / Hele personalet deltok på møtet.","这家酒店的工作人员很友好。 / 全体员工都参加了会议。","2","A2","true","true","词典核验：词头/词性/核心义项","Bokmålsordboka","https://ordbokene.no/bm/personale","2026-09-24","","true","词头与列出词形匹配","课程候选等级；尚未逐词人工确认","例句/译文尚未人工逐词审校"
"A2","problem","名词","问题与解决","NTNU LearnNoW; NorweigenLearn 当前词库","问题；难题；麻烦","et problem · problemet · problemer · problemene / problemet, problemer, problemene","Jeg har et problem med innloggingen. / De fant en løsning på problemene.","我的登录出了点问题。 / 他们找到了这些问题的解决办法。","2","A2","true","true","词典核验：词头/词性/核心义项","Bokmålsordboka","https://ordbokene.no/bm/problem","2026-09-24","","true","词头与列出词形匹配","课程候选等级；尚未逐词人工确认","例句/译文尚未人工逐词审校"
"A2","prosjekt","名词","学校与工作","NTNU LearnNoW; NorweigenLearn 当前词库","项目；课题；计划任务","et prosjekt · prosjektet · prosjekter · prosjektene / prosjektet, prosjekter, prosjektene","Vi jobber med et prosjekt om norsk natur. / Prosjektet skal være ferdig i juni.","我们正在做一个关于挪威自然的项目。 / 这个项目应该在六月完成。","2","A2","true","true","词典核验：词头/词性/核心义项","Bokmålsordboka","https://ordbokene.no/bm/prosjekt","2026-09-24","","true","词头与列出词形匹配","课程候选等级；尚未逐词人工确认","例句/译文尚未人工逐词审校"
"A2","rapport","名词","学校与工作","NTNU LearnNoW; NorweigenLearn 当前词库","报告；书面汇报；报道","en rapport · rapporten · rapporter · rapportene / rapporten, rapporter, rapportene","Studentene skriver en rapport etter forsøket. / Rapporten viser resultatene fra undersøkelsen.","学生们在实验后写一份报告。 / 这份报告展示了调查结果。","2","A2","true","true","词典核验：词头/词性/核心义项","Bokmålsordboka","https://ordbokene.no/bm/rapport","2026-09-24","","true","词头与列出词形匹配","课程候选等级；尚未逐词人工确认","例句/译文尚未人工逐词审校"
"A2","rar","形容词","性格与评价","NTNU LearnNoW; NorweigenLearn 当前词库","奇怪的；古怪的；稀奇的","rar · rart · rare · rarere · rarest / rareste / rart, rare","Det kom en rar lyd fra kjøkkenet. / Det var rart å møte læreren på ferie.","厨房里传来一声奇怪的声音。 / 在度假时遇到老师真是挺奇怪的。","2","A2","true","true","词典核验：词头/词性/核心义项","Bokmålsordboka","https://ordbokene.no/bm/rar","2026-09-24","","true","词头与列出词形匹配","课程候选等级；尚未逐词人工确认","例句/译文尚未人工逐词审校"
"A2","sint","形容词","情绪与感受","NTNU LearnNoW; NorweigenLearn 当前词库","生气的；愤怒的","sint · sint · sinte · sintere · sintest / sinteste / sint, sinte","Han ble sint på seg selv fordi han glemte nøkkelen. / Barna var sinte etter krangelen.","他因为忘带钥匙而生自己的气。 / 争吵之后孩子们都很生气。","2","A2","true","true","词典核验：词头/词性/核心义项","Bokmålsordboka","https://ordbokene.no/bm/sint","2026-09-24","","true","词头与列出词形匹配","课程候选等级；尚未逐词人工确认","例句/译文尚未人工逐词审校"
"A2","sjef","名词","工作与组织","NTNU LearnNoW; NorweigenLearn 当前词库","老板；主管；负责人","en sjef · sjefen · sjefer · sjefene / sjefen, sjefer, sjefene","Jeg må snakke med sjefen om arbeidstiden. / Hun er sjef for et lite team.","我得和主管谈一下工作时间。 / 她是一个小团队的负责人。","2","A2","true","true","词典核验：词头/词性/核心义项","Bokmålsordboka","https://ordbokene.no/bm/sjef","2026-09-24","","true","词头与列出词形匹配","课程候选等级；尚未逐词人工确认","例句/译文尚未人工逐词审校"
"A2","sjenert","形容词","性格与感受","NTNU LearnNoW; NorweigenLearn 当前词库","害羞的；腼腆的；怕生的","sjenert · sjenert · sjenerte · mer sjenert · mest sjenert / sjenert, sjenerte","Han var sjenert da han begynte på den nye skolen. / Hun smilte sjenert til gjestene.","刚到新学校时他很害羞。 / 她腼腆地对客人笑了笑。","2","A2","true","true","词典核验：词头/词性/核心义项","Bokmålsordboka","https://ordbokene.no/bm/sjenert","2026-09-24","","true","基本词形匹配；比较级形式另核","课程候选等级；尚未逐词人工确认","例句/译文尚未人工逐词审校"
"A2","skremme","动词","情绪与反应","NTNU LearnNoW; NorweigenLearn 当前词库","吓唬；使害怕；惊吓","å skremme · skremmer · skremte · skremt / skremmer, skremte, har skremt","Den høye lyden skremte barnet. / Jeg ble skremt av hunden som bjeffet.","那声巨响吓到了孩子。 / 我被那只吠叫的狗吓了一跳。","2","A2","true","true","词典核验：词头/词性/核心义项","Bokmålsordboka","https://ordbokene.no/nob/search?dict=bm%2Cnn&q=skremme&scope=eif","2026-09-24","","true","词头与列出词形匹配","课程候选等级；尚未逐词人工确认","例句/译文尚未人工逐词审校"
"A2","skrive","动词","读写与学习 / 学习与工作","NTNU LearnNoW; NorweigenLearn 当前词库","写；书写；撰写","å skrive · skriver · skrev · skrevet / skriver, skrev, skrevet","Jeg skriver en melding til læreren. / Hun har skrevet ferdig rapporten.","我在给老师写一条消息。 / 她已经写完报告了。","2","A2","true","true","词典核验：词头/词性/核心义项","Bokmålsordboka","https://ordbokene.no/bm/skrive","2026-09-24","","true","词头与列出词形匹配","课程候选等级；尚未逐词人工确认","例句/译文尚未人工逐词审校"
"A2","søndag","名词","星期与安排","NTNU LearnNoW; NorweigenLearn 当前词库","星期日；周日","en søndag · søndagen · søndager · søndagene / søndagen, søndager, søndagene","Vi besøker besteforeldrene på søndag. / Butikken er stengt på søndager.","我们周日去看祖父母。 / 商店周日不营业。","2","A2","true","true","词典核验：词头/词性/核心义项","Bokmålsordboka","https://ordbokene.no/bm/s%C3%B8ndag","2026-09-24","","true","词头与列出词形匹配","课程候选等级；尚未逐词人工确认","例句/译文尚未人工逐词审校"
"A2","spennende","形容词","描述与感受","NTNU LearnNoW; NorweigenLearn 当前词库","有趣的；令人兴奋的；引人入胜的","spennende · spennende · spennende · mer spennende · mest spennende / spennende, spennende","Det var spennende å prøve noe nytt. / Hun fortalte en spennende historie.","尝试新事物很令人兴奋。 / 她讲了一个引人入胜的故事。","2","A2","true","true","词典核验：词头/词性/核心义项","Bokmålsordboka","https://ordbokene.no/nob/bm/spennende","2026-09-24","","true","基本词形匹配；比较级形式另核","课程候选等级；尚未逐词人工确认","例句/译文尚未人工逐词审校"
"A2","stille","形容词","性格与环境","NTNU LearnNoW; NorweigenLearn 当前词库","安静的；静止的；沉默的","stille · stille · stille · stillere · stillest / stilleste","Det er stille i biblioteket. / Han ble stille da læreren spurte.","图书馆里很安静。 / 老师提问时他沉默了。","2","A2","true","true","词典核验：词头/词性/核心义项","Bokmålsordboka","https://ordbokene.no/nob/bm/stille","2026-09-24","","true","词头与列出词形匹配","课程候选等级；尚未逐词人工确认","例句/译文尚未人工逐词审校"
"A2","sur","形容词","感受与味道","NTNU LearnNoW; NorweigenLearn 当前词库","酸的；不高兴的；闹情绪的","sur · surt · sure · surere · surest / sureste / surt, sure","Sitronen smaker surt. / Hun så sur ut etter møtet.","柠檬尝起来很酸。 / 会议后她看起来不太高兴。","2","A2","true","true","词典核验：词头/词性/核心义项","Bokmålsordboka","https://ordbokene.no/bm/sur","2026-09-24","","true","词头与列出词形匹配","课程候选等级；尚未逐词人工确认","例句/译文尚未人工逐词审校"
"A2","ting","名词","日常物品与表达","NTNU LearnNoW; NorweigenLearn 当前词库","东西；物品；事情；事物","en ting · tingen · ting · tingene / tingen, ting, tingene","Jeg må hente noen ting hjemme. / Det er én ting jeg ikke forstår.","我得回家拿几样东西。 / 有一件事我不明白。","2","A2","true","true","词典核验：词头/词性/核心义项","Bokmålsordboka","https://ordbokene.no/bm/ting","2026-09-24","","true","词头与列出词形匹配","课程候选等级；尚未逐词人工确认","例句/译文尚未人工逐词审校"
"A2","trykke","动词","设备与操作","NTNU LearnNoW; NorweigenLearn 当前词库","按；按压；印刷；出版","å trykke · trykker · trykket / trykte · har trykket / har trykt","Trykk på den grønne knappen for å fortsette. / Forlaget skal trykke boka på nytt.","按绿色按钮继续。 / 出版社将重新印刷这本书。","2","A2","true","true","词典核验：Bokmål词头/动词变位/主要义项","Bokmålsordboka","https://ordbokene.no/nob/bm/62590","2026-09-24","","true","词头与列出词形匹配","课程候选等级；尚未逐词人工确认","例句/译文尚未人工逐词审校"
"A2","under","介词","常用介词","NTNU LearnNoW; NorweigenLearn 当前词库","在……下面；在……期间；少于","under","Katten ligger under bordet. / Hun sov under hele filmen.","猫躺在桌子下面。 / 整场电影期间她都在睡觉。","2","A2","true","true","词典核验：词头/词性/核心义项","Bokmålsordboka","https://ordbokene.no/bm/under","2026-09-24","","true","词头与列出词形匹配","课程候选等级；尚未逐词人工确认","例句/译文尚未人工逐词审校"
"A2","viktig","形容词","描述与重要性","NTNU LearnNoW; NorweigenLearn 当前词库","重要的；要紧的","viktig · viktig · viktige · viktigere · viktigst/viktigste / viktig, viktige","Det er viktig å lese instruksjonene først. / Familien er det viktigste for henne.","先阅读说明很重要。 / 家人对她来说是最重要的。","2","A2","true","true","词典核验：词头/词性/核心义项","Bokmålsordboka","https://ordbokene.no/bm/viktig","2026-09-24","","true","词头与列出词形匹配","课程候选等级；尚未逐词人工确认","例句/译文尚未人工逐词审校"
"A2","virke","动词","感受与功能","NTNU LearnNoW; NorweigenLearn 当前词库","似乎；显得；起作用；运转","å virke · virker · virket / virka · virket / virka / virker, virket, har virket","Han virker litt trøtt i dag. / Telefonen virker ikke etter oppdateringen.","他今天看起来有点累。 / 更新之后手机不能正常用了。","2","A2","true","true","词典核验：词头/词性/核心义项","Bokmålsordboka","https://ordbokene.no/bm/virke","2026-09-24","","true","词头与列出词形匹配","课程候选等级；尚未逐词人工确认","例句/译文尚未人工逐词审校"
"A2","bedring","名词","健康与变化","NTNU LearnNoW; NTNU NoW1; NorweigenLearn 当前词库","好转；改善；康复；好转迹象","bedringa, bedringer, bedringene / en bedring · bedringen · bedringer · bedringene","Etter noen dager med hvile var hun i bedring. / Legen så en bedring i prøveresultatene.","休息几天后，她的状况开始好转。 / 医生在化验结果中看到了改善。","2","A2","true","true","词典核验：词头/词性/核心义项","Bokmålsordboka","https://ordbokene.no/bm/bedring","2026-09-24","","true","词头与列出词形匹配","课程候选等级；尚未逐词人工确认","例句/译文尚未人工逐词审校"
"A2","beskjed","名词","信息与沟通","NTNU LearnNoW; NTNU NoW1; NorweigenLearn 当前词库","消息；通知；口头/书面指示","beskjeden, beskjeder, beskjedene / en beskjed · beskjeden · beskjeder · beskjedene","Jeg fikk beskjed om at møtet er flyttet. / Kan du gi læreren beskjed om at jeg er syk?","我收到通知，会议时间改了。 / 你能告诉老师我生病了吗？","2","A2","true","true","词典核验：词头/词性/核心义项","Bokmålsordboka","https://ordbokene.no/bm/beskjed","2026-09-24","","true","词头与列出词形匹配","课程候选等级；尚未逐词人工确认","例句/译文尚未人工逐词审校"
"A2","fest","名词","聚会与庆祝","NTNU LearnNoW; NTNU NoW1; NorweigenLearn 当前词库","聚会；派对；庆祝活动","en fest · festen · fester · festene / festen, fester, festene","Vi skal ha en liten fest på lørdag. / Festen begynte klokka sju.","我们星期六要办一个小聚会。 / 聚会七点开始。","2","A2","true","true","词典核验：词头/词性/核心义项","Bokmålsordboka","https://ordbokene.no/bm/fest","2026-09-24","","true","词头与列出词形匹配","课程候选等级；尚未逐词人工确认","例句/译文尚未人工逐词审校"
"A2","føle","动词","感受与情绪","NTNU LearnNoW; NTNU NoW1; NorweigenLearn 当前词库","感觉；感到；感受","å føle · føler · følte · følt / føler, følte, har følt","Jeg føler meg bedre i dag. / Hun følte en kald vind mot ansiktet.","我今天感觉好多了。 / 她感到一阵冷风吹在脸上。","2","A2","true","true","词典核验：词头/词性/核心义项","Bokmålsordboka","https://ordbokene.no/bm/f%C3%B8le","2026-09-24","","true","词头与列出词形匹配","课程候选等级；尚未逐词人工确认","例句/译文尚未人工逐词审校"
"A2","fryse","动词","天气与身体感受","NTNU LearnNoW; NTNU NoW1; NorweigenLearn 当前词库","觉得冷；结冰；冷冻（依句型）","å fryse · fryser · frøs · frosset / fryser, frøs, har frosset","Ta på deg jakka hvis du fryser. / Vi frøs ned restene til senere.","如果你觉得冷，就把外套穿上。 / 我们把剩菜冷冻起来留着以后吃。","2","A2","true","true","词典核验：词头/词性/核心义项","Bokmålsordboka","https://ordbokene.no/bm/fryse","2026-09-24","","true","词头与列出词形匹配","课程候选等级；尚未逐词人工确认","例句/译文尚未人工逐词审校"
"A2","gulv","名词","家中物品与房间","NTNU LearnNoW; NTNU NoW1; NorweigenLearn 当前词库","地板；地面（室内）","et gulv · gulvet · gulv · gulvene / gulvet, gulv, gulvene","Boka ligger på gulvet ved sofaen. / Vi må vaske gulvet på kjøkkenet.","书在沙发旁的地板上。 / 我们得把厨房地板擦一下。","2","A2","true","true","词典核验：词头/词性/核心义项","Bokmålsordboka","https://ordbokene.no/bm/gulv","2026-09-24","","true","词头与列出词形匹配","课程候选等级；尚未逐词人工确认","例句/译文尚未人工逐词审校"
"A2","hals","名词","身体与症状","NTNU LearnNoW; NTNU NoW1; NorweigenLearn 当前词库","脖子；颈部；喉咙（依语境）","en hals · halsen · halser · halsene / halsen, halser, halsene","Jeg har vondt i halsen og hoster. / Han tok på seg et skjerf rundt halsen.","我喉咙痛，还咳嗽。 / 他在脖子上围了一条围巾。","2","A2","true","true","词典核验：词头/词性/核心义项","Bokmålsordboka","https://ordbokene.no/bm/hals","2026-09-24","","true","词头与列出词形匹配","课程候选等级；尚未逐词人工确认","例句/译文尚未人工逐词审校"
"A2","hytte","名词","住宿与自然","NTNU LearnNoW; NTNU NoW1; NorweigenLearn 当前词库","小木屋；度假小屋；山间/乡间小屋","en hytte · hytta / hytten · hytter · hyttene / hytta, hytter, hyttene","Vi drar på hytta i helgen. / Hytta ligger ved en liten innsjø.","我们周末要去度假小屋。 / 这间小屋在一个小湖边。","2","A2","true","true","词典核验：词头/词性/核心义项","Bokmålsordboka","https://ordbokene.no/bm/hytte","2026-09-24","","true","词头与列出词形匹配","课程候选等级；尚未逐词人工确认","例句/译文尚未人工逐词审校"
"A2","hyttetur","名词","旅行与户外","NTNU LearnNoW; NTNU NoW1; NorweigenLearn 当前词库","去小木屋度假/旅行；小木屋之旅","en hyttetur · hytteturen · hytteturer · hytteturene / hytteturen, hytteturer, hytteturene","Vi drar på hyttetur med venner i helga. / Hytteturen ble utsatt på grunn av snøværet.","这个周末我们和朋友去小木屋度假。 / 因为暴雪，小木屋之旅延期了。","2","A2","true","true","词典核验：词头/词性/核心义项","Bokmålsordboka","https://ordbokene.no/bm/hyttetur","2026-09-24","","true","词头与列出词形匹配","课程候选等级；尚未逐词人工确认","例句/译文尚未人工逐词审校"
"A2","influensa","名词","身体与症状","NTNU LearnNoW; NTNU NoW1; NorweigenLearn 当前词库","流感；流行性感冒","en influensa · influensaen · influensaer · influensaene / influensaen, influensaer, influensaene","Hun har influensa og må holde seg hjemme. / Influensaen sprer seg ofte om vinteren.","她得了流感，得待在家里。 / 流感常在冬季传播。","2","A2","true","true","词典核验：词头/词性/核心义项","Bokmålsordboka","https://ordbokene.no/bm/influensa","2026-09-24","","true","词头与列出词形匹配","课程候选等级；尚未逐词人工确认","例句/译文尚未人工逐词审校"
"A2","arm","名词","身体部位","NTNU LearnNoW; NorweigenLearn 当前词库","手臂；胳膊（肩部至手部）","armen, armer, armene / en arm · armen · armer · armene","Jeg har vondt i høyre arm etter treningen. / Hun løftet armen for å stille et spørsmål.","锻炼后我右胳膊疼。 / 她举起手臂准备提问。","2","A2","true","true","词典核验：词头/词性/核心义项","Bokmålsordboka","https://ordbokene.no/bm/arm","2026-09-24","","true","词头与列出词形匹配","课程候选等级；尚未逐词人工确认","例句/译文尚未人工逐词审校"
"A2","bål","名词","户外与自然","NTNU NoW1; NorweigenLearn 当前词库","篝火；营火；露天生火","et bål · bålet · bål · bålene","Vi satt rundt bålet og drakk kakao. / Husk å slukke bålet helt før dere går.","我们围坐在篝火旁喝可可。 / 离开前记得把篝火彻底熄灭。","2","A2","true","true","词典核验：词头/词性/核心义项","Bokmålsordboka","https://ordbokene.no/bm/b%C3%A5l","2026-09-24","","true","词头与列出词形匹配","课程候选等级；尚未逐词人工确认","例句/译文尚未人工逐词审校"
"A2","bestemt","形容词","描述与态度","NTNU LearnNoW; NorweigenLearn 当前词库","确定的；明确的；坚定的；特定的（依语境）","bestemt · bestemt · bestemte · mer bestemt · mest bestemt / bestemt, bestemte","Vi må møtes på et bestemt tidspunkt. / Hun var bestemt på å fullføre kurset.","我们必须在一个确定的时间见面。 / 她决心完成这门课程。","2","A2","true","true","词典核验：词头/词性/核心义项","Bokmålsordboka","https://ordbokene.no/bm/bestemt","2026-09-24","","true","基本词形匹配；比较级形式另核","课程候选等级；尚未逐词人工确认","例句/译文尚未人工逐词审校"
"A2","bla","动词","阅读与翻页","NTNU LearnNoW; NorweigenLearn 当前词库","翻阅；翻页；浏览；翻动","å bla · blar · bladde · bladd / blar, bladde, har bladd","Hun bladde gjennom avisa mens hun ventet. / Kan du bla om til side fem?","她等候时翻看了报纸。 / 你能翻到第五页吗？","2","A2","true","true","词典核验：词头/词性/核心义项","Bokmålsordboka","https://ordbokene.no/bm/bla","2026-09-24","","true","词头与列出词形匹配","课程候选等级；尚未逐词人工确认","例句/译文尚未人工逐词审校"
"A2","blåse","动词","天气与日常动作","NTNU NoW1; NorweigenLearn 当前词库","吹；吹气；刮风；吹奏（依语境）","å blåse · blåser · blåste · blåst","Det blåser mye ved sjøen i dag. / Hun blåste på suppa før hun smakte.","今天海边风很大。 / 她尝之前先对汤吹了吹。","2","A2","true","true","词典核验：词头/词性/核心义项","Bokmålsordboka","https://ordbokene.no/bm/bl%C3%A5se","2026-09-24","","true","词头与列出词形匹配","课程候选等级；尚未逐词人工确认","例句/译文尚未人工逐词审校"
"A2","blyant","名词","学习用品","NTNU LearnNoW; NorweigenLearn 当前词库","铅笔","blyanten, blyanter, blyantene / en blyant · blyanten · blyanter · blyantene","Skriv svaret med blyant. / Blyanten ligger ved siden av boka.","请用铅笔写答案。 / 铅笔在书旁边。","2","A2","true","true","词典核验：词头/词性/核心义项","Bokmålsordboka","https://ordbokene.no/bm/6615","2026-09-24","","true","词头与列出词形匹配","课程候选等级；尚未逐词人工确认","例句/译文尚未人工逐词审校"
"A2","deltaker","名词","活动与参与","NTNU LearnNoW; NorweigenLearn 当前词库","参与者；参加者；参赛者","deltakeren, deltakere, deltakerne / en deltaker · deltakeren · deltakere · deltakerne","Hver deltaker får et kursbevis. / Deltakerne møtte opp før klokka ni.","每位参与者都会拿到一份课程证明。 / 参加者们九点前就到了。","2","A2","true","true","词典核验：词头/词性/核心义项","Bokmålsordboka","https://ordbokene.no/bm/deltaker","2026-09-24","","true","词头与列出词形匹配","课程候选等级；尚未逐词人工确认","例句/译文尚未人工逐词审校"
"A2","disiplin","名词","学习与习惯","NTNU LearnNoW; NorweigenLearn 当前词库","纪律；自律；学科；训练项目（依语境）","disiplinen, disipliner, disiplinene / en disiplin · disiplinen · disipliner · disiplinene","Det krever disiplin å øve norsk hver dag. / Lingvistikk er en akademisk disiplin.","每天练习挪威语需要自律。 / 语言学是一门学术学科。","2","A2","true","true","词典核验：词头/词性/核心义项","Bokmålsordboka","https://ordbokene.no/bm/disiplin","2026-09-24","","true","词头与列出词形匹配","课程候选等级；尚未逐词人工确认","例句/译文尚未人工逐词审校"
"A2","ekstra","形容词","数量与补充","NTNU LearnNoW; NorweigenLearn 当前词库","额外的；附加的；特别的","ekstra / ekstra, ekstra","Vi trenger en ekstra dag for å bli ferdige. / Hun jobber ekstra denne uka.","我们还需要额外一天才能完成。 / 她这周加班 / 额外工作。","2","A2","true","true","词典核验：词头/词性/核心义项","Bokmålsordboka","https://ordbokene.no/nno/search?dict=bm%2Cnn&q=ekstra&scope=eif","2026-09-24","","true","词头与列出词形匹配","课程候选等级；尚未逐词人工确认","例句/译文尚未人工逐词审校"
"A2","enda","副词","程度与比较","NTNU LearnNoW; NorweigenLearn 当前词库","仍然；还；更加；甚至（依语境）","enda","Det ble enda kaldere om kvelden. / Hun bor enda i samme hus.","晚上天气变得更冷了。 / 她仍然住在同一栋房子里。","2","A2","true","true","词典核验：词头/词性/核心义项","Bokmålsordboka","https://ordbokene.no/bm/enda","2026-09-24","","true","词头与列出词形匹配","课程候选等级；尚未逐词人工确认","例句/译文尚未人工逐词审校"
"A2","engelskprøve","名词","学校与考试","NTNU LearnNoW; NorweigenLearn 当前词库","英语测验；英语考试；英语测试","en engelskprøve · engelskprøven · engelskprøver · engelskprøvene / engelskprøven, engelskprøver, engelskprøvene","Vi har en engelskprøve på fredag. / Hun øver på gloser før engelskprøven.","我们星期五有一场英语测验。 / 她在英语考试前练习词汇。","2","A2","true","true","词典核验：词头/词性/核心义项","Bokmålsordboka","https://ordbokene.no/bm/engelskpr%C3%B8ve","2026-09-24","","false","透明复合词词形匹配中心词","课程候选等级；尚未逐词人工确认","例句/译文尚未人工逐词审校"
"A2","fag","名词","学校与课程","NTNU LearnNoW; NorweigenLearn 当前词库","学科；课程科目；专业领域；职业/行业","et fag · faget · fag · fagene / faget, fag, fagene","Norsk er et viktig fag på skolen. / Hun vil lære mer om faget sitt.","挪威语是学校里一门重要的课程。 / 她想进一步了解自己的专业领域。","2","A2","true","true","词典核验：词头/词性/核心义项","Bokmålsordboka","https://ordbokene.no/nno/search?dict=bm%2Cnn&q=fag&scope=eif","2026-09-24","","true","词头与列出词形匹配","课程候选等级；尚未逐词人工确认","例句/译文尚未人工逐词审校"
"A2","fastlege","名词","看医生与就医","NTNU NoW1; NorweigenLearn 当前词库","家庭医生；固定全科医生（挪威医疗体系中的登记医生）","en fastlege · fastlegen · fastleger · fastlegene","Jeg bestilte time hos fastlegen fordi jeg hadde feber. / Fastlegen kan henvise deg til en spesialist.","我因为发烧预约了家庭医生。 / 家庭医生可以把你转诊给专科医生。","2","A2","true","true","词典核验：词头/词性/核心义项","Bokmålsordboka","https://ordbokene.no/bm/fastlege","2026-09-24","","true","词头与列出词形匹配","课程候选等级；尚未逐词人工确认","例句/译文尚未人工逐词审校"
"A2","favorittfag","名词","学校与课程","NTNU LearnNoW; NorweigenLearn 当前词库","最喜欢的科目；最喜欢的课程","et favorittfag · favorittfaget · favorittfag · favorittfagene / favorittfaget, favorittfag, favorittfagene","Norsk er favorittfaget mitt på skolen. / Elevene snakker om favorittfagene sine.","挪威语是我在学校最喜欢的科目。 / 学生们在谈论自己最喜欢的科目。","2","A2","true","true","词典核验：词头/词性/核心义项","Bokmålsordboka","https://ordbokene.no/bm/favorittfag","2026-09-24","","false","透明复合词词形匹配中心词","课程候选等级；尚未逐词人工确认","例句/译文尚未人工逐词审校"
"A2","flau","形容词","情绪与感受","NTNU LearnNoW; NorweigenLearn 当前词库","尴尬的；难为情的；羞愧的","flau · flaut · flaue · flauere · flauest / flaueste / flaut, flaue","Jeg ble flau da jeg glemte navnet hennes. / Det var en flau situasjon for alle.","我忘了她的名字，顿时觉得很尴尬。 / 那对所有人来说都是个尴尬的场面。","2","A2","true","true","词典核验：词头/词性/核心义项","Bokmålsordboka","https://ordbokene.no/bm/flau","2026-09-24","","true","词头与列出词形匹配","课程候选等级；尚未逐词人工确认","例句/译文尚未人工逐词审校"
"A2","følge","动词","行动与关系","NTNU LearnNoW; NorweigenLearn 当前词库","跟随；陪同；遵守；接下来发生（依语境）","å følge · følger · fulgte · fulgt / følger, fulgte, har fulgt","Kan du følge meg til busstoppet? / Det er viktig å følge instruksjonene.","你能陪我走到公交站吗？ / 遵循说明很重要。","2","A2","true","true","词典核验：词头/词性/核心义项","Bokmålsordboka","https://ordbokene.no/bm/f%C3%B8lge","2026-09-24","","true","词头与列出词形匹配","课程候选等级；尚未逐词人工确认","例句/译文尚未人工逐词审校"
"A2","før","副词","时间顺序","NTNU LearnNoW; NorweigenLearn 当前词库","以前；之前；曾经","før","Har du sett denne filmen før? / Jeg har aldri vært i Tromsø før.","你以前看过这部电影吗？ / 我以前从没去过特罗姆瑟。","2","A2","true","true","词典核验：词头/词性/核心义项","Bokmålsordboka","https://ordbokene.no/bm/f%C3%B8r","2026-09-24","","true","词头与列出词形匹配","课程候选等级；尚未逐词人工确认","例句/译文尚未人工逐词审校"
"A2","fri","形容词","时间与安排","NTNU LearnNoW; NorweigenLearn 当前词库","休息的；有空的；自由的","fri · fritt · frie · friere · friest / frieste / fritt, frie","Jeg har fri på fredag. / Er du fri etter klokka seks?","我星期五休息。 / 你六点以后有空吗？","2","A2","true","true","词典核验：词头/词性/核心义项","Bokmålsordboka","https://ordbokene.no/bm/fri","2026-09-24","","true","词头与列出词形匹配","课程候选等级；尚未逐词人工确认","例句/译文尚未人工逐词审校"
"A2","friminutt","名词","学校与日常","NTNU LearnNoW; NorweigenLearn 当前词库","课间休息；课间休息时间","et friminutt · friminuttet · friminutt · friminuttene / friminuttet, friminutter, friminuttene","Elevene spiller fotball i friminuttet. / Det lange friminuttet er etter tredje time.","学生们在课间踢足球。 / 较长的课间休息在第三节课后。","2","A2","true","true","词典核验：词头/词性/核心义项","Bokmålsordboka","https://ordbokene.no/bm/friminutt","2026-09-24","","true","词头与列出词形匹配","课程候选等级；尚未逐词人工确认","例句/译文尚未人工逐词审校"
"A2","fyre","动词","家务与生活","NTNU NoW1; NorweigenLearn 当前词库","生火；烧炉取暖；开火","å fyre · fyrer · fyrte · fyrt","Vi fyrer i peisen når det blir kaldt. / De fyrte med ved hele kvelden.","天冷时我们会在壁炉里生火。 / 他们整个晚上都烧木柴取暖。","2","A2","true","true","词典核验：词头/词性/核心义项","Bokmålsordboka","https://ordbokene.no/bm/fyre","2026-09-24","","true","词头与列出词形匹配","课程候选等级；尚未逐词人工确认","例句/译文尚未人工逐词审校"
"A2","grille","动词","烹饪与用餐","NTNU NoW1; NorweigenLearn 当前词库","烧烤；烤制；用烤架烹调","å grille · griller · grillet · grillet","Vi griller pølser i hagen. / De grillet grønnsaker til middagen.","我们在花园里烤香肠。 / 他们为晚餐烤了蔬菜。","2","A2","true","true","词典核验：词头/词性/核心义项","Bokmålsordboka","https://ordbokene.no/bm/grille","2026-09-24","","true","词头与列出词形匹配","课程候选等级；尚未逐词人工确认","例句/译文尚未人工逐词审校"
"A2","gryterett","名词","烹饪与用餐","NTNU NoW1; NorweigenLearn 当前词库","炖菜；锅炖料理；一锅煮的菜","en gryterett · gryteretten · gryteretter · gryterettene","Hun lagde en gryterett med grønnsaker og bønner. / Gryteretten smaker enda bedre dagen etter.","她做了一锅蔬菜豆子炖菜。 / 这道炖菜第二天吃起来更香。","2","A2","true","true","词典核验：词头/词性/核心义项","Bokmålsordboka","https://ordbokene.no/bm/gryterett","2026-09-24","","true","词头与列出词形匹配","课程候选等级；尚未逐词人工确认","例句/译文尚未人工逐词审校"
"A2","gubbe","名词","年龄与人物","NTNU LearnNoW; NorweigenLearn 当前词库","老头；老大爷；老家伙（口语，语气依情境）","en gubbe · gubben · gubber · gubbene / gubben, gubber, gubbene","Den gamle gubben fortalte en morsom historie. / Han kalte seg selv en sta gammel gubbe.","那位老大爷讲了一个有趣的故事。 / 他自称是个固执的老家伙。","2","A2","true","true","词典核验：词头/词性/核心义项","Bokmålsordboka","https://ordbokene.no/bm/gubbe","2026-09-24","","true","词头与列出词形匹配","课程候选等级；尚未逐词人工确认","例句/译文尚未人工逐词审校"
"A2","halstablett","名词","药房与常见症状","NTNU NoW1; NorweigenLearn 当前词库","润喉含片；喉片","en halstablett · halstabletten · halstabletter · halstablettene","Jeg kjøper halstabletter på apoteket fordi jeg har vondt i halsen. / Vil du ha en halstablett?","我喉咙痛，所以去药房买润喉含片。 / 你想要一片润喉含片吗？","2","A2","true","true","词典核验：词头/词性/核心义项","Bokmålsordboka","https://ordbokene.no/bm/halstablett","2026-09-24","","false","透明复合词词形匹配中心词","课程候选等级；尚未逐词人工确认","例句/译文尚未人工逐词审校"
"A2","halvtime","名词","时间与安排","NTNU LearnNoW; NorweigenLearn 当前词库","半小时；三十分钟","en halvtime · halvtimen · halvtimer · halvtimene / halvtimen, halvtimer, halvtimene","Toget er forsinket med en halvtime. / Jeg kommer tilbake om en halvtime.","火车晚点半小时。 / 我半小时后回来。","2","A2","true","true","词典核验：词头/词性/核心义项","Bokmålsordboka","https://ordbokene.no/bm/halvtime","2026-09-24","","true","词头与列出词形匹配","课程候选等级；尚未逐词人工确认","例句/译文尚未人工逐词审校"
"A2","heldig","形容词","评价与感受","NTNU LearnNoW; NorweigenLearn 当前词库","幸运的；走运的；碰巧有利的","heldig · heldig · heldige · heldigere · heldigst / heldigste / heldig, heldige","Vi var heldige med været på turen. / Hun var heldig som fant nøklene.","我们这趟旅行天气很好，真幸运。 / 她很幸运找到了钥匙。","2","A2","true","true","词典核验：词头/词性/核心义项","Bokmålsordboka","https://ordbokene.no/bm/heldig","2026-09-24","","true","词头与列出词形匹配","课程候选等级；尚未逐词人工确认","例句/译文尚未人工逐词审校"
"A2","hit","副词","方向与位置","NTNU LearnNoW; NorweigenLearn 当前词库","到这里；朝这里；到这一处/这一组","hit","Kan du komme hit et øyeblikk? / Jeg flyttet hit for tre år siden.","你能到这儿来一下吗？ / 我三年前搬到这里。","2","A2","true","true","词典核验：词头/词性/核心义项","Bokmålsordboka","https://ordbokene.no/bm/hit","2026-09-24","","true","词头与列出词形匹配","课程候选等级；尚未逐词人工确认","例句/译文尚未人工逐词审校"
"A2","høres","动词","声音与印象","NTNU LearnNoW; NorweigenLearn 当前词库","听起来；被听见；显得（依结构）","å høres · høres · hørtes · har hørtes","Det høres ut som en god plan. / Bankingen hørtes gjennom veggen.","这听起来像个好计划。 / 敲击声隔着墙都听得见。","2","A2","true","true","词典核验：词头/词性/核心义项","Bokmålsordboka","https://ordbokene.no/bm/h%C3%B8res","2026-09-24","","true","词头与列出词形匹配","课程候选等级；尚未逐词人工确认","例句/译文尚未人工逐词审校"
"A2","høstdag","名词","季节与天气","NTNU LearnNoW; NorweigenLearn 当前词库","秋日；一个秋天的日子","en høstdag · høstdagen · høstdager · høstdagene / høstdagen, høstdager, høstdagene","Vi gikk en lang tur på en solrik høstdag. / Høstdagene blir kortere utover høsten.","一个阳光明媚的秋日，我们走了很久。 / 入秋以后，白昼逐渐变短。","2","A2","true","true","词典核验：词头/词性/核心义项","Bokmålsordboka","https://ordbokene.no/bm/h%C3%B8stdag","2026-09-24","","true","词头与列出词形匹配","课程候选等级；尚未逐词人工确认","例句/译文尚未人工逐词审校"
"A2","høstsalg","名词","季节与购物","NTNU LearnNoW; NorweigenLearn 当前词库","秋季促销；秋季甩卖；秋季销售活动","et høstsalg · høstsalg(et) · høstsalg · høstsalgene / høstsalget, høstsalg, høstsalgene","Butikken starter høstsalget neste uke. / Jeg kjøpte vinterjakka på høstsalg.","商店下周开始秋季促销。 / 我在秋季促销时买了冬季夹克。","2","A2","true","true","词典核验：词头/词性/核心义项","Bokmålsordboka","https://ordbokene.no/bm/h%C3%B8stsalg","2026-09-24","","true","词头与列出词形匹配","课程候选等级；尚未逐词人工确认","例句/译文尚未人工逐词审校"
"A2","hotell","名词","住宿与旅行","NTNU NoW1; NorweigenLearn 当前词库","酒店；旅馆","et hotell · hotellet · hoteller · hotellene","Vi bodde på hotell i Bergen. / Hotellet ligger nær togstasjonen.","我们在卑尔根住了酒店。 / 这家酒店在火车站附近。","2","A2","true","true","词典核验：词头/词性/核心义项","Bokmålsordboka","https://ordbokene.no/bm/hotell","2026-09-24","","true","词头与列出词形匹配","课程候选等级；尚未逐词人工确认","例句/译文尚未人工逐词审校"
"A2","karakter","名词","学校与评价","NTNU LearnNoW; NorweigenLearn 当前词库","成绩；分数等级；人物角色；性格特征（依语境）","en karakter · karakteren · karakterer · karakterene / karakteren, karakterer, karakterene","Han fikk gode karakterer i norsk. / Hovedpersonen er en interessant karakter.","他的挪威语成绩不错。 / 主人公是个有趣的角色。","2","A2","true","true","词典核验：词头/词性/核心义项","Bokmålsordboka","https://ordbokene.no/bm/karakter","2026-09-24","","true","词头与列出词形匹配","课程候选等级；尚未逐词人工确认","例句/译文尚未人工逐词审校"
"A2","kaste","动词","日常动作","NTNU LearnNoW; NorweigenLearn 当前词库","扔；投；丢弃；抛出","å kaste · kaster · kastet / kasta · kastet / kasta / kaster, kastet, har kastet","Barna kaster ball i hagen. / Husk å kaste papiret i søpla.","孩子们在花园里扔球玩。 / 记得把纸扔进垃圾桶。","2","A2","true","true","词典核验：词头/词性/核心义项","Bokmålsordboka","https://ordbokene.no/bm/kaste","2026-09-24","","true","词头与列出词形匹配","课程候选等级；尚未逐词人工确认","例句/译文尚未人工逐词审校"
"A2","keeper","名词","运动与团队","NTNU LearnNoW; NorweigenLearn 当前词库","守门员；门将","en keeper · keeperen · keepere · keeperne / keeperen, keepere, keeperne","Keeperen reddet straffesparket i siste minutt. / Laget trenger en ny keeper før sesongen.","门将在最后一分钟扑出了点球。 / 球队在赛季开始前需要一名新门将。","2","A2","true","true","词典核验：词头/词性/核心义项","Bokmålsordboka","https://ordbokene.no/bm/keeper","2026-09-24","","true","词头与列出词形匹配","课程候选等级；尚未逐词人工确认","例句/译文尚未人工逐词审校"
"A2","kikke","动词","感知与观察","NTNU LearnNoW; NorweigenLearn 当前词库","看一看；瞥；探头看；查看","å kikke · kikker · kikket / kikka · kikket / kikka / kikker, kikket, har kikket","Kan jeg få kikke på menyen først? / Hun kikket ut av vinduet for å se om bussen kom.","我可以先看一下菜单吗？ / 她探头望向窗外，看看公交车是否来了。","2","A2","true","true","词典核验：词头/词性/核心义项","Bokmålsordboka","https://ordbokene.no/bm/kikke","2026-09-24","","true","词头与列出词形匹配","课程候选等级；尚未逐词人工确认","例句/译文尚未人工逐词审校"
"A2","kjedelig","形容词","描述与感受","NTNU LearnNoW; NorweigenLearn 当前词库","无聊的；乏味的；令人厌烦的","kjedelig · kjedelig · kjedelige · kjedeligere · kjedeligst / kjedeligste / kjedelig, kjedelige","Det var kjedelig å vente så lenge på legen. / Barna syntes filmen var kjedelig.","等医生等了那么久真无聊。 / 孩子们觉得这部电影很乏味。","2","A2","true","true","词典核验：词头/词性/核心义项","Bokmålsordboka","https://ordbokene.no/bm/kjedelig","2026-09-24","","true","词头与列出词形匹配","课程候选等级；尚未逐词人工确认","例句/译文尚未人工逐词审校"
"A2","kjeks","名词","食物与零食","NTNU NoW1; NorweigenLearn 当前词库","饼干；曲奇；薄脆饼","en kjeks · kjeksen · kjeks · kjeksene","Jeg kjøpte en pakke kjeks til kaffen. / Barna spiste opp kjeksen etter skolen.","我买了一包饼干配咖啡。 / 孩子们放学后把饼干吃完了。","2","A2","true","true","词典核验：词头/词性/核心义项","Bokmålsordboka","https://ordbokene.no/bm/kjeks","2026-09-24","","true","词头与列出词形匹配","课程候选等级；尚未逐词人工确认","例句/译文尚未人工逐词审校"
"A2","klasseliste","名词","学校与班级","NTNU NoW1; NorweigenLearn 当前词库","班级名单；班级名册","en klasseliste · klasselista / klasselisten · klasselister · klasselistene","Læreren sjekket klasselista før timen. / Navnet mitt står på klasselista.","老师上课前核对了班级名单。 / 我的名字在班级名单上。","2","A2","true","true","词典核验：词头/词性/核心义项","Bokmålsordboka","https://ordbokene.no/bm/klasseliste","2026-09-24","","false","透明复合词词形匹配中心词","课程候选等级；尚未逐词人工确认","例句/译文尚未人工逐词审校"
"A2","klasserom","名词","学校与教室","NTNU LearnNoW; NorweigenLearn 当前词库","教室；班级教室","et klasserom · klasserommet · klasserom · klasserommene / klasseromet, klasserom, klasserommene","Elevene må være i klasserommet før timen begynner. / Skolen har pusset opp tre klasserom.","上课开始前，学生们必须在教室里。 / 学校翻新了三间教室。","2","A2","true","true","词典核验：词头/词性/核心义项","Bokmålsordboka","https://ordbokene.no/bm/klasserom","2026-09-24","","true","词头与列出词形匹配","课程候选等级；尚未逐词人工确认","例句/译文尚未人工逐词审校"
"A2","kunstutstilling","名词","艺术与文化活动","NTNU LearnNoW; NorweigenLearn 当前词库","艺术展览；美术展","en kunstutstilling · kunstutstillingen · kunstutstillinger · kunstutstillingene / kunstutstillinga, kunstutstillinger, kunstutstillingene","Vi besøkte en kunstutstilling på museet. / Kunstutstillingen åpner på lørdag.","我们参观了博物馆的一场艺术展。 / 这场艺术展周六开幕。","2","A2","true","true","词典核验：词头/词性/核心义项","Bokmålsordboka","https://ordbokene.no/bm/kunstutstilling","2026-09-24","","false","透明复合词词形匹配中心词","课程候选等级；尚未逐词人工确认","例句/译文尚未人工逐词审校"
"A2","land","名词","国家与地理","NTNU LearnNoW; NorweigenLearn 当前词库","国家；土地；陆地；乡村地区（依语境）","et land · landet · land · landene / landet, land, landene","Mange mennesker fra andre land bor i Norge. / Besteforeldrene mine bor på landet.","许多来自其他国家的人住在挪威。 / 我的祖父母住在乡下。","2","A2","true","true","词典核验：词头/词性/核心义项","Bokmålsordboka","https://ordbokene.no/bm/land","2026-09-24","","true","词头与列出词形匹配","课程候选等级；尚未逐词人工确认","例句/译文尚未人工逐词审校"
"A2","låne","动词","借用与归还","NTNU LearnNoW; NorweigenLearn 当前词库","借；借用；借给（方向依搭配判断）","å låne · låner · lånte · lånt / låner, lånte, har lånt","Kan jeg låne en bok av deg? / Hun lånte bort sykkelen sin til naboen.","我可以向你借一本书吗？ / 她把自己的自行车借给了邻居。","2","A2","true","true","词典核验：词头/词性/核心义项","Bokmålsordboka","https://ordbokene.no/bm/l%C3%A5ne","2026-09-24","","true","词头与列出词形匹配","课程候选等级；尚未逐词人工确认","例句/译文尚未人工逐词审校"
"A2","lillebror","名词","家人与关系","NTNU LearnNoW; NorweigenLearn 当前词库","弟弟；年纪较小的兄弟","en lillebror · lillebroren · lillebrødre · lillebrødrene / lillebroren, lillebrødre, lillebrødrene","Lillebroren min går på barneskolen. / De to lillebrødrene leker i hagen.","我弟弟在上小学。 / 两个弟弟在花园里玩。","2","A2","true","true","词典核验：词头/词性/核心义项","Bokmålsordboka","https://ordbokene.no/bm/lillebror","2026-09-24","","true","词头与列出词形匹配","课程候选等级；尚未逐词人工确认","例句/译文尚未人工逐词审校"
"A2","male","动词","家居与创作","NTNU LearnNoW; NorweigenLearn 当前词库","涂漆；粉刷；绘画；画画","å male · maler · malte · malt / maler, malte, har malt","Vi skal male kjøkkenet lyst før jul. / Hun malte et bilde av fjellene.","圣诞节前我们要把厨房刷成浅色。 / 她画了一幅山景画。","2","A2","true","true","词典核验：词头/词性/核心义项","Bokmålsordboka","https://ordbokene.no/bm/male","2026-09-24","","true","词头与列出词形匹配","课程候选等级；尚未逐词人工确认","例句/译文尚未人工逐词审校"
"A2","måned","名词","日历与时间","NTNU LearnNoW; NorweigenLearn 当前词库","月；一个月；月份","en måned · måneden · måneder · månedene / måneden, måneder, månedene","Kurset varer i tre måneder. / Vi betaler husleie én gang i måneden.","这门课程持续三个月。 / 我们每个月付一次房租。","2","A2","true","true","词典核验：词头/词性/核心义项","Bokmålsordboka","https://ordbokene.no/bm/m%C3%A5ned","2026-09-24","","true","词头与列出词形匹配","课程候选等级；尚未逐词人工确认","例句/译文尚未人工逐词审校"
"A2","matematikk","名词","学校科目","NTNU LearnNoW; NorweigenLearn 当前词库","数学；数学学科","matematikk · matematikken / matematikken, matematikker, matematikkene","Vi har matematikk før lunsj på tirsdag. / Matematikken blir lettere når jeg øver jevnlig.","星期二午饭前我们有数学课。 / 我定期练习后，数学变得容易多了。","2","A2","true","true","词典核验：词头/词性/核心义项","Bokmålsordboka","https://ordbokene.no/bm/matematikk","2026-09-24","","true","词头与列出词形匹配","课程候选等级；尚未逐词人工确认","例句/译文尚未人工逐词审校"
"A2","menneske","名词","人和社会","NTNU LearnNoW; NorweigenLearn 当前词库","人；人类中的一个人；人类（依语境）","et menneske · mennesket · mennesker · menneskene / mennesket, mennesker, menneskene","Alle mennesker trenger søvn og hvile. / Hun er et varmt og omsorgsfullt menneske.","所有人都需要睡眠和休息。 / 她是一个热情又体贴的人。","2","A2","true","true","词典核验：词头/词性/核心义项","Bokmålsordboka","https://ordbokene.no/nob/search?dict=bm%2Cnn&q=menneske&scope=eif","2026-09-24","","true","词头与列出词形匹配","课程候选等级；尚未逐词人工确认","例句/译文尚未人工逐词审校"
"A2","naturfag","名词","学校科目","NTNU LearnNoW; NorweigenLearn 当前词库","自然科学课；自然科学学科（挪威学校课程名）","et naturfag · naturfaget · naturfag · naturfagene / naturfaget, naturfag, naturfagene","Vi har naturfag på skolen hver torsdag. / Elevene gjorde et enkelt forsøk i naturfag.","我们每周四在学校上自然科学课。 / 学生们在自然科学课上做了一个简单实验。","2","A2","true","true","词典核验：词头/词性/核心义项","Bokmålsordboka","https://ordbokene.no/bm/naturfag","2026-09-24","","true","词头与列出词形匹配","课程候选等级；尚未逐词人工确认","例句/译文尚未人工逐词审校"
"A2","neste","形容词","时间与顺序","NTNU LearnNoW; NorweigenLearn 当前词库","下一个；接下来的；下一次的","neste","Vi skal besøke besteforeldrene neste helg. / Toget stopper på neste stasjon.","我们下周末要去看望祖父母。 / 火车在下一站停车。","2","A2","true","true","词典核验：词头/词性/核心义项","Bokmålsordboka","https://ordbokene.no/bm/neste","2026-09-24","","true","词头与列出词形匹配","课程候选等级；尚未逐词人工确认","例句/译文尚未人工逐词审校"
"A2","nettopp","副词","时间与强调","NTNU LearnNoW; NorweigenLearn 当前词库","刚刚；正好；恰恰；正是（依语气/语境）","nettopp","Jeg har nettopp snakket med læreren. / Det er nettopp derfor jeg spør.","我刚刚和老师谈过。 / 这正是我提问的原因。","2","A2","true","true","词典核验：词头/词性/核心义项","Bokmålsordboka","https://ordbokene.no/bm/nettopp","2026-09-24","","true","词头与列出词形匹配","课程候选等级；尚未逐词人工确认","例句/译文尚未人工逐词审校"
"A2","norskkurs","名词","挪威语学习","NTNU LearnNoW; NorweigenLearn 当前词库","挪威语课程；挪威语班","et norskkurs · norskkurset · norskkurs · norskkursene / norskkurset, norskkurs, norskkursene","Jeg går på norskkurs to kvelder i uka. / Norskkurset begynner i september.","我每周有两个晚上上挪威语课。 / 挪威语课程九月开始。","2","A2","true","true","词典核验：词头/词性/核心义项","Bokmålsordboka","https://ordbokene.no/bm/norskkurs","2026-09-24","","true","词头与列出词形匹配","课程候选等级；尚未逐词人工确认","例句/译文尚未人工逐词审校"
"A2","opptatt","形容词","忙碌与兴趣","NTNU LearnNoW; NorweigenLearn 当前词库","忙的；被占用的；专注于/对……感兴趣的（依搭配）","opptatt · opptatt · opptatte · mer opptatt · mest opptatt","Jeg er opptatt med arbeid fram til klokka fire. / Alle møterommene er opptatte nå.","我忙工作要到四点。 / 现在所有会议室都有人使用。","2","A2","true","true","词典核验：词头/词性/核心义项","Bokmålsordboka","https://ordbokene.no/nno/search?dict=bm&page=5&q=opptatt&scope=eif","2026-09-24","","true","基本词形匹配；比较级形式另核","课程候选等级；尚未逐词人工确认","例句/译文尚未人工逐词审校"
"A2","øve","动词","练习与技能 / 学习与工作","NTNU LearnNoW; NorweigenLearn 当前词库","练习；训练；排练","å øve · øver · øvde · øvd / øver, øvde, har øvd","Jeg øver på uttalen hver morgen. / Hun øvde til konserten i flere uker.","我每天早上练习发音。 / 她为音乐会排练了好几个星期。","2","A2","true","true","词典核验：词头/词性/核心义项","Bokmålsordboka","https://ordbokene.no/bm/%C3%B8ve","2026-09-24","","true","词头与列出词形匹配","课程候选等级；尚未逐词人工确认","例句/译文尚未人工逐词审校"
"A2","overskyet","形容词","季节与天气","NTNU LearnNoW; NorweigenLearn 当前词库","多云的；阴天的；云层遮蔽的","overskyet · overskyet · overskyede/overskyete / overskyet, overskyede","Det blir overskyet i morgen, men det skal ikke regne. / Vi gikk tur selv om været var overskyet.","明天会多云，不过预报说不会下雨。 / 虽然天气阴沉，我们还是去散步了。","2","A2","true","true","词典核验：词头/词性/核心义项","Bokmålsordboka","https://ordbokene.no/bm/overskyet","2026-09-24","","true","词头与列出词形匹配","课程候选等级；尚未逐词人工确认","例句/译文尚未人工逐词审校"
"A2","pannekake","名词","早餐与甜点","NTNU LearnNoW; NorweigenLearn 当前词库","薄煎饼；挪威式煎饼（常较大、薄）","en pannekake · pannekaken / pannekaka · pannekaker · pannekakene / pannekaka, pannekaker, pannekakene","Barna spiste pannekaker med syltetøy til middag. / Den siste pannekaka ligger på fatet.","孩子们晚餐吃了煎饼配果酱。 / 最后一张煎饼还在盘子里。","2","A2","true","true","词典核验：词头/词性/核心义项","Bokmålsordboka","https://ordbokene.no/bm/pannekake","2026-09-24","","true","词头与列出词形匹配","课程候选等级；尚未逐词人工确认","例句/译文尚未人工逐词审校"
"A2","pen","形容词","外貌与评价","NTNU LearnNoW; NorweigenLearn 当前词库","好看的；漂亮的；整洁的；工整的（依语境）","pen · pent · pene · penere · penest / peneste / pent, pene","Hun har veldig pen håndskrift. / De fant et pent lite hotell ved sjøen.","她的字写得很工整。 / 他们在海边找到一家漂亮的小酒店。","2","A2","true","true","词典核验：词头/词性/核心义项","Bokmålsordboka","https://ordbokene.no/bm/pen","2026-09-24","","true","词头与列出词形匹配","课程候选等级；尚未逐词人工确认","例句/译文尚未人工逐词审校"
"A2","perfekt","形容词","评价与描述","NTNU LearnNoW; NorweigenLearn 当前词库","完美的；极好的；完全准确的","perfekt · perfekt · perfekte / perfekt, perfekte","Tidspunktet passer perfekt for meg. / Det var en perfekt dag for en tur.","这个时间对我来说正合适。 / 那天非常适合出游。","2","A2","true","true","词典核验：词头/词性/核心义项","Bokmålsordboka","https://ordbokene.no/bm/perfekt","2026-09-24","","true","词头与列出词形匹配","课程候选等级；尚未逐词人工确认","例句/译文尚未人工逐词审校"
"A2","rødme","动词","情绪与身体反应","NTNU LearnNoW; NorweigenLearn 当前词库","脸红；泛红","å rødme · rødmer · rødmet / rødma · rødmet / rødma / rødmer, rødmet, har rødmet","Han begynte å rødme da alle så på ham. / Hun rødmet av flauhet.","大家都看着他时，他开始脸红。 / 她羞得脸都红了。","2","A2","true","true","词典核验：词头/词性/核心义项","Bokmålsordboka","https://ordbokene.no/bm/r%C3%B8dme","2026-09-24","","true","词头与列出词形匹配","课程候选等级；尚未逐词人工确认","例句/译文尚未人工逐词审校"
"A2","rute","名词","交通与物品","NTNU LearnNoW; NorweigenLearn 当前词库","路线；班次；窗格；方格","en rute · ruten / ruta · ruter · rutene / ruta, ruter, rutene","Bussen følger en fast rute gjennom sentrum. / En rute i vinduet var knust.","公交车沿着固定路线穿过市中心。 / 窗户的一块玻璃碎了。","2","A2","true","true","词典核验：词头/词性/核心义项","Bokmålsordboka","https://ordbokene.no/bm/rute","2026-09-24","","true","词头与列出词形匹配","课程候选等级；尚未逐词人工确认","例句/译文尚未人工逐词审校"
"A2","samfunnsfag","名词","学校科目","NTNU LearnNoW; NorweigenLearn 当前词库","社会科学课；社会学科（学校课程）","et samfunnsfag · samfunnsfaget · samfunnsfag · samfunnsfagene / samfunnsfaget, samfunnsfag, samfunnsfagene","Vi har samfunnsfag etter lunsj. / I samfunnsfag lærer elevene om Norge.","我们午饭后有社会科学课。 / 在社会科学课上，学生们学习有关挪威的知识。","2","A2","true","true","词典核验：词头/词性/核心义项","Bokmålsordboka","https://ordbokene.no/bm/samfunnsfag","2026-09-24","","true","词头与列出词形匹配","课程候选等级；尚未逐词人工确认","例句/译文尚未人工逐词审校"
"A2","ses","动词","见面与告别","NTNU LearnNoW; NorweigenLearn 当前词库","见面；互相见到；再见（常见表达）","å ses · ses · sås · har settes / ses, sås, har settes","Vi ses utenfor biblioteket klokka fem. / De sås på en kafé forrige uke.","我们五点在图书馆外见。 / 他们上周在一家咖啡馆见了面。","2","A2","true","true","词典核验：词头/词性/核心义项","Bokmålsordboka","https://ordbokene.no/bm/ses","2026-09-24","","true","词头与列出词形匹配","课程候选等级；尚未逐词人工确认","例句/译文尚未人工逐词审校"
"A2","sjokolade","名词","甜食与购物","NTNU LearnNoW; NorweigenLearn 当前词库","巧克力；一块/一条巧克力（依语境）","sjokolade · sjokoladen / sjokoladen, sjokolader, sjokoladene","Jeg kjøpte en plate mørk sjokolade. / Barna fikk litt sjokolade etter middagen.","我买了一板黑巧克力。 / 孩子们晚饭后吃了一点巧克力。","2","A2","true","true","词典核验：词头/词性/核心义项","Bokmålsordboka","https://ordbokene.no/bm/sjokolade","2026-09-24","","true","词头与列出词形匹配","课程候选等级；尚未逐词人工确认","例句/译文尚未人工逐词审校"
"A2","skogsvei","名词","自然与出行","NTNU LearnNoW; NorweigenLearn 当前词库","林间道路；森林里的路","en skogsvei · skogsveien · skogsveier · skogsveiene / skogsveien, skogsveier, skogsveiene","Vi gikk en rolig tur på en skogsvei. / Skogsveien var glatt etter regnet.","我们沿着一条林间道路悠闲地散步。 / 下雨后林间道路很滑。","2","A2","true","true","词典核验：词头/词性/核心义项","Bokmålsordboka","https://ordbokene.no/bm/skogsvei","2026-09-24","","true","词头与列出词形匹配","课程候选等级；尚未逐词人工确认","例句/译文尚未人工逐词审校"
"A2","skrivebok","名词","学校用品","NTNU LearnNoW; NorweigenLearn 当前词库","练习本；书写本","en skrivebok · skriveboka / skriveboken · skrivebøker · skrivebøkene / skriveboka, skriveboker, skrivebokene","Elevene skriver svarene i skriveboka. / Jeg kjøpte en ny skrivebok til kurset.","学生们把答案写在练习本里。 / 我为课程买了一本新的练习本。","2","A2","true","true","词典核验：词头/词性/核心义项","Bokmålsordboka","https://ordbokene.no/bm/skrivebok","2026-09-24","","true","词头与列出词形匹配","课程候选等级；尚未逐词人工确认","例句/译文尚未人工逐词审校"
"A2","søster","名词","家人和关系","NTNU LearnNoW; NorweigenLearn 当前词库","姐妹；姐姐/妹妹（挪威语本身不区分年长年幼）","en søster · søsteren / søstera · søstre · søstrene / søstera, søstre, søstrene","Jeg har ei søster og to brødre. / Søstrene mine bor i Norge.","我有一个姐妹和两个兄弟。 / 我的姐妹们住在挪威。","2","A2","true","true","词典核验：词头/词性/核心义项","Bokmålsordboka","https://ordbokene.no/bm/s%C3%B8ster","2026-09-24","","true","词头与列出词形匹配","课程候选等级；尚未逐词人工确认","例句/译文尚未人工逐词审校"
"A2","språk","名词","语言与沟通 / 学习与工作","NTNU LearnNoW; NorweigenLearn 当前词库","语言；说话方式；措辞/语气（依语境）","et språk · språket · språk · språkene / språket, språk, språkene","Norsk er et språk jeg lærer hver dag. / Teksten bruker et enkelt språk.","挪威语是我每天都在学的一种语言。 / 这篇文章用词简单。","2","A2","true","true","词典核验：词头/词性/核心义项","Bokmålsordboka","https://ordbokene.no/bm/spr%C3%A5k","2026-09-24","","true","词头与列出词形匹配","课程候选等级；尚未逐词人工确认","例句/译文尚未人工逐词审校"
"A2","stenge","动词","商店与日常事务","NTNU LearnNoW; NorweigenLearn 当前词库","关上；关闭；停止营业","å stenge · stenger · stengte · stengt / stenger, stengte, har stengt","Butikken stenger klokka åtte. / Husk å stenge vinduet før du går.","商店八点关门。 / 走之前记得把窗户关上。","2","A2","true","true","词典核验：词头/词性/核心义项","Bokmålsordboka","https://ordbokene.no/bm/stenge","2026-09-24","","true","词头与列出词形匹配","课程候选等级；尚未逐词人工确认","例句/译文尚未人工逐词审校"
"A2","storesøster","名词","家人和关系","NTNU LearnNoW; NorweigenLearn 当前词库","姐姐；年长的姐妹","en storesøster · storesøstera / storesøsteren · storesøstre · storesøstrene / storesøstera, storesøstre, storesøstrene","Storesøstera mi bor i Bergen. / Han har to storesøstre.","我姐姐住在卑尔根。 / 他有两个姐姐。","2","A2","true","true","词典核验：词头/词性/核心义项","Bokmålsordboka","https://ordbokene.no/bm/stores%C3%B8ster","2026-09-24","","true","词头与列出词形匹配","课程候选等级；尚未逐词人工确认","例句/译文尚未人工逐词审校"
"A2","studere","动词","学校与学习","NTNU LearnNoW; NorweigenLearn 当前词库","学习；攻读；研究；仔细观察","å studere · studerer · studerte · studert / studerer, studerte, har studert","Hun studerer sykepleie ved universitetet. / Jeg studerer norsk før prøven.","她在大学攻读护理专业。 / 我在考试前学习挪威语。","2","A2","true","true","词典核验：词头/词性/核心义项","Bokmålsordboka","https://ordbokene.no/bm/studere","2026-09-24","","true","词头与列出词形匹配","课程候选等级；尚未逐词人工确认","例句/译文尚未人工逐词审校"
"A2","supermarked","名词","购物与服务","NTNU LearnNoW; NorweigenLearn 当前词库","大型超市；超级市场","et supermarked · supermarkedet · supermarkeder · supermarkedene / supermarkedet, supermarkeder, supermarkedene","Vi handler mat på supermarkedet etter jobb. / Det ligger et supermarked ved busstasjonen.","我们下班后去超市买食物。 / 公交车站旁边有一家大型超市。","2","A2","true","true","词典核验：词头/词性/核心义项","Bokmålsordboka","https://ordbokene.no/bm/supermarked","2026-09-24","","true","词头与列出词形匹配","课程候选等级；尚未逐词人工确认","例句/译文尚未人工逐词审校"
"A2","sykkel","名词","交通与出行","NTNU LearnNoW; NorweigenLearn 当前词库","自行车；脚踏车","en sykkel · sykkelen · sykler · syklene / sykkelen, sykler, syklene","Jeg låner en sykkel på hotellet. / Sykkelen står utenfor butikken.","我在酒店借了一辆自行车。 / 自行车停在商店外面。","2","A2","true","true","词典核验：词头/词性/核心义项","Bokmålsordboka","https://ordbokene.no/bm/sykkel","2026-09-24","","true","词头与列出词形匹配","课程候选等级；尚未逐词人工确认","例句/译文尚未人工逐词审校"
"A2","sykkeltur","名词","休闲与出行","NTNU LearnNoW; NorweigenLearn 当前词库","骑自行车出游；骑行","en sykkeltur · sykkelturen · sykkelturer · sykkelturene / sykkelturen, sykkelturer, sykkelturene","Vi drar på sykkeltur langs fjorden. / Sykkelturen tok nesten tre timer.","我们沿着峡湾骑车出游。 / 这次骑行花了将近三个小时。","2","A2","true","true","词典核验：词头/词性/核心义项","Bokmålsordboka","https://ordbokene.no/bm/sykkeltur","2026-09-24","","true","词头与列出词形匹配","课程候选等级；尚未逐词人工确认","例句/译文尚未人工逐词审校"
"A2","sykle","动词","交通与出行","NTNU LearnNoW; NorweigenLearn 当前词库","骑自行车；骑车出行","å sykle · sykler · syklet / sykla · syklet / sykla / sykler, syklet, har syklet","Hun sykler til jobben hver dag. / Vi syklet langs fjorden i går.","她每天骑车上班。 / 我们昨天沿着峡湾骑行。","2","A2","true","true","词典核验：词头/词性/核心义项","Bokmålsordboka","https://ordbokene.no/bm/sykle","2026-09-24","","true","词头与列出词形匹配","课程候选等级；尚未逐词人工确认","例句/译文尚未人工逐词审校"
"A2","sykling","名词","交通与运动","NTNU LearnNoW; NorweigenLearn 当前词库","骑自行车；自行车运动；骑行活动","en sykling · syklingen · syklinger · syklingene / syklinga","Sykling er en fin måte å komme seg til skolen på. / Syklingen langs kysten tok hele dagen.","骑车是去学校的一种好方式。 / 沿海骑行花了整整一天。","2","A2","true","true","词典核验：词头/词性/核心义项","Bokmålsordboka","https://ordbokene.no/bm/sykling","2026-09-24","","true","词头与列出词形匹配","课程候选等级；尚未逐词人工确认","例句/译文尚未人工逐词审校"
"A2","tavle","名词","教室与课堂","NTNU LearnNoW; NorweigenLearn 当前词库","黑板；白板；告示板","en tavle · tavla / tavlen · tavler · tavlene / tavla, tavler, tavlene","Læreren skriver tre nye ord på tavla. / Det står en beskjed på tavlen.","老师在黑板上写了三个新单词。 / 板上有一条通知。","2","A2","true","true","词典核验：词头/词性/核心义项","Bokmålsordboka","https://ordbokene.no/bm/tavle","2026-09-24","","true","词头与列出词形匹配","课程候选等级；尚未逐词人工确认","例句/译文尚未人工逐词审校"
"A2","tekst","名词","阅读与写作","NTNU LearnNoW; NorweigenLearn 当前词库","文本；文章；一段文字；歌词（依语境）","en tekst · teksten · tekster · tekstene / teksten, tekster, tekstene","Les teksten og svar på spørsmålene. / Hun skrev en kort tekst om familien sin.","读这篇文章并回答问题。 / 她写了一段关于自己家庭的短文。","2","A2","true","true","词典核验：词头/词性/核心义项","Bokmålsordboka","https://ordbokene.no/bm/tekst","2026-09-24","","true","词头与列出词形匹配","课程候选等级；尚未逐词人工确认","例句/译文尚未人工逐词审校"
"A2","torsdag","名词","星期与安排","NTNU LearnNoW; NorweigenLearn 当前词库","星期四；某个星期四","en torsdag · torsdagen · torsdager · torsdagene / torsdagen, torsdager, torsdagene","Jeg har norskkurs på torsdag. / Butikken stenger tidlig på torsdager.","我星期四有挪威语课。 / 这家商店每逢星期四都会早关门。","2","A2","true","true","词典核验：词头/词性/核心义项","Bokmålsordboka","https://ordbokene.no/bm/torsdag","2026-09-24","","true","词头与列出词形匹配","课程候选等级；尚未逐词人工确认","例句/译文尚未人工逐词审校"
"A2","trinn","名词","学校与阶段","NTNU LearnNoW; NorweigenLearn 当前词库","年级；阶段；台阶；步骤","et trinn · trinnet · trinn · trinnene / trinnet, trinn, trinnene","Datteren min går på femte trinn. / Dette er et viktig trinn i arbeidet.","我女儿上小学五年级。 / 这是工作中的一个重要步骤。","2","A2","true","true","词典核验：词头/词性/核心义项","Bokmålsordboka","https://ordbokene.no/bm/trinn","2026-09-24","","true","词头与列出词形匹配","课程候选等级；尚未逐词人工确认","例句/译文尚未人工逐词审校"
"A2","tung","形容词","重量与难度","NTNU LearnNoW; NorweigenLearn 当前词库","重的；费力的；困难的；沉重的","tung · tungt · tunge · tyngre · tyngst / tyngste / tungt, tunge","Kofferten er for tung til å bære. / Det var en tung uke på jobben.","这个行李箱太重了，提不动。 / 那是工作上很难熬的一周。","2","A2","true","true","词典核验：词头/词性/核心义项","Bokmålsordboka","https://ordbokene.no/bm/tung","2026-09-24","","true","词头与列出词形匹配","课程候选等级；尚未逐词人工确认","例句/译文尚未人工逐词审校"
"A2","tursekk","名词","户外与旅行物品","NTNU LearnNoW; NorweigenLearn 当前词库","徒步背包；旅行背包","en tursekk · tursekken · tursekker · tursekkene / tursekken, tursekker, tursekkene","Jeg pakker tursekken før vi går på tur. / Tursekkene står ved døra.","出发徒步前，我把背包收拾好。 / 旅行背包放在门边。","2","A2","true","true","词典核验：词头/词性/核心义项","Bokmålsordboka","https://ordbokene.no/bm/tursekk","2026-09-24","","false","透明复合词词形匹配中心词","课程候选等级；尚未逐词人工确认","例句/译文尚未人工逐词审校"
"A2","undervise","动词","课堂与教学","NTNU LearnNoW; NorweigenLearn 当前词库","教；授课","å undervise · underviser · underviste · undervist / underviser, underviste, har undervist","Hun underviser voksne i norsk. / Han underviste på en skole i mange år.","她教成年人挪威语。 / 他在一所学校教了很多年。","2","A2","true","true","词典核验：词头/词性/核心义项","Bokmålsordboka","https://ordbokene.no/bm/undervise","2026-09-24","","true","词头与列出词形匹配","课程候选等级；尚未逐词人工确认","例句/译文尚未人工逐词审校"
"A2","urettferdig","形容词","感受与评价","NTNU LearnNoW; NorweigenLearn 当前词库","不公平的；不公正的","urettferdig · urettferdig · urettferdige · mer urettferdig · mest urettferdig / urettferdig, urettferdige","Det føles urettferdig at bare noen får hjelp. / Læreren endret den urettferdige regelen.","只有一些人得到帮助，这让人觉得不公平。 / 老师改掉了那条不公平的规则。","2","A2","true","true","词典核验：词头/词性/核心义项","Bokmålsordboka","https://ordbokene.no/bm/urettferdig","2026-09-24","","true","基本词形匹配；比较级形式另核","课程候选等级；尚未逐词人工确认","例句/译文尚未人工逐词审校"
"A2","uten","介词","常用介词","NTNU LearnNoW; NorweigenLearn 当前词库","没有；不带；在……之外","uten","Jeg drikker kaffe uten sukker. / Hun gikk uten å si farvel.","我喝不加糖的咖啡。 / 她没有道别就离开了。","2","A2","true","true","词典核验：词头/词性/核心义项","Bokmålsordboka","https://ordbokene.no/bm/uten","2026-09-24","","true","词头与列出词形匹配","课程候选等级；尚未逐词人工确认","例句/译文尚未人工逐词审校"
"A2","uttale","动词","交流与语言","NTNU LearnNoW; NorweigenLearn 当前词库","发音；读出（某个词/音）","å uttale · uttaler · uttalte · uttalt / uttaler, uttalte, har uttalt","Hvordan uttaler man dette ordet? / Hun uttalte navnet mitt tydelig.","这个词怎么发音？ / 她把我的名字读得很清楚。","2","A2","true","true","词典核验：词头/词性/核心义项","Bokmålsordboka","https://ordbokene.no/bm/uttale","2026-09-24","","true","词头与列出词形匹配","课程候选等级；尚未逐词人工确认","例句/译文尚未人工逐词审校"
"A2","værvarsel","名词","季节与天气","NTNU LearnNoW; NorweigenLearn 当前词库","天气预报；天气警报/预警（依语境）","et værvarsel · værvarselet · værvarsler · værvarslene / værvarselet, værvarsler, værvarslene","Jeg sjekker værvarselet før vi drar på tur. / Værvarselet melder om sterk vind i kveld.","出发去旅行前我会查看天气预报。 / 天气预报说今晚会有大风。","2","A2","true","true","词典核验：词头/词性/核心义项","Bokmålsordboka","https://ordbokene.no/bm/v%C3%A6rvarsel","2026-09-24","","true","词头与列出词形匹配","课程候选等级；尚未逐词人工确认","例句/译文尚未人工逐词审校"
"A2","vanskelig","形容词","描述与评价","NTNU LearnNoW; NorweigenLearn 当前词库","困难的；难的；不容易处理的","vanskelig · vanskelig · vanskelige · vanskeligere · vanskeligst / vanskeligste / vanskelig, vanskelige","Det er vanskelig å forstå alle dialektene. / Hun fikk en vanskelig oppgave på prøven.","要听懂所有方言很难。 / 她在考试中遇到了一道难题。","2","A2","true","true","词典核验：词头/词性/核心义项","Bokmålsordboka","https://ordbokene.no/bm/vanskelig","2026-09-24","","true","词头与列出词形匹配","课程候选等级；尚未逐词人工确认","例句/译文尚未人工逐词审校"
"A2","via","介词","常用介词","NTNU LearnNoW; NorweigenLearn 当前词库","经由；通过；借助","via","Vi reiser til Trondheim via Oslo. / Du kan bestille timen via nettet.","我们经由奥斯陆前往特隆赫姆。 / 你可以通过网络预约时间。","2","A2","true","true","词典核验：词头/词性/核心义项","Bokmålsordboka","https://ordbokene.no/bm/via","2026-09-24","","true","词头与列出词形匹配","课程候选等级；尚未逐词人工确认","例句/译文尚未人工逐词审校"
"A2","viskelær","名词","学习用品","NTNU LearnNoW; NorweigenLearn 当前词库","橡皮；橡皮擦","et viskelær · viskelæret · viskelær · viskelærene / viskelæret, viskelær, viskelærene","Har du et viskelær jeg kan låne? / Viskelæret ligger i pennalet.","你有橡皮可以借我吗？ / 橡皮在笔袋里。","2","A2","true","true","词典核验：词头/词性/核心义项","Bokmålsordboka","https://ordbokene.no/bm/viskel%C3%A6r","2026-09-24","","true","词头与列出词形匹配","课程候选等级；尚未逐词人工确认","例句/译文尚未人工逐词审校"
"A2","dokument","名词","文件与材料","NTNU LearnNoW; NTNU NoW1; NorweigenLearn 当前词库","文件；文档；证明文件（依语境）","dokumentet, dokumenter, dokumentene / et dokument · dokumentet · dokumenter · dokumentene","Kan du sende dokumentet til meg på e-post? / Husk å lagre dokumentet før du lukker programmet.","你能把这个文件通过邮件发给我吗？ / 关闭程序前记得保存文档。","2","A2","true","true","词典核验：词头/词性/核心义项","Bokmålsordboka","https://ordbokene.no/bm/dokument","2026-09-24","","true","词头与列出词形匹配","课程候选等级；尚未逐词人工确认","例句/译文尚未人工逐词审校"
"A2","gjelde","动词","规则与相关性","NTNU LearnNoW; NTNU NoW1; NorweigenLearn 当前词库","适用；有效；涉及；关系到；重要（依结构）","å gjelde · gjelder · gjaldt · gjeldt / gjelder, gjaldt, har gjeldt","Rabatten gjelder bare til fredag. / Det gjelder å lese instruksjonene nøye.","这项折扣只到星期五有效。 / 关键是要仔细阅读说明。","2","A2","true","true","词典核验：词头/词性/核心义项","Bokmålsordboka","https://ordbokene.no/bm/gjelde","2026-09-24","","true","词头与列出词形匹配","课程候选等级；尚未逐词人工确认","例句/译文尚未人工逐词审校"
"A2","absolutt","形容词","程度与确定性","NTNU LearnNoW; NorweigenLearn 当前词库","绝对的；完全的；肯定的","absolutt · absolutt · absolutte · mer absolutt · mest absolutt / absolutt, absolutte","Det er absolutt nødvendig å bestille time. / Vil du bli med? – Ja, absolutt!","预约是绝对必要的。 / 你想一起去吗？——当然！","2","A2","true","true","词典核验：词头/词性/核心义项","Bokmålsordboka","https://ordbokene.no/bm/absolutt","2026-09-24","","true","基本词形匹配；比较级形式另核","课程候选等级；尚未逐词人工确认","例句/译文尚未人工逐词审校"
"A2","akutt","形容词","健康与就医","NTNU LearnNoW; NorweigenLearn 当前词库","急性的；紧急的；突发的","akutt · akutt · akutte · mer akutt · mest akutt / akutt, akutte","Hun fikk akutte smerter i magen. / Ring legevakta hvis du trenger akutt hjelp.","她突然出现了急性腹痛。 / 如果你需要紧急帮助，请打电话给值班急诊。","2","A2","true","true","词典核验：词头/词性/核心义项","Bokmålsordboka","https://ordbokene.no/bm/akutt","2026-09-24","","true","基本词形匹配；比较级形式另核","课程候选等级；尚未逐词人工确认","例句/译文尚未人工逐词审校"
"A2","analyse","名词","学习与调查","NTNU LearnNoW; NorweigenLearn 当前词库","分析；化验分析；检验报告（依语境）","analysen, analyser, analysene / en analyse · analysen · analyser · analysene","Studentene skriver en analyse av artikkelen. / Legen bestilte en analyse av blodprøven.","学生们写一篇对这篇文章的分析。 / 医生要求对血样进行一项化验分析。","2","A2","true","true","词典核验：词头/词性/核心义项","Bokmålsordboka","https://ordbokene.no/bm/analyse","2026-09-24","","true","词头与列出词形匹配","课程候选等级；尚未逐词人工确认","例句/译文尚未人工逐词审校"
"A2","ansvar","名词","责任与工作","NTNU LearnNoW; NorweigenLearn 当前词库","责任；职责；负责的事项","ansvaret / et ansvar · ansvaret · ansvar · ansvarene","Hun har ansvar for prosjektet. / Foreldrene tok ansvar for barna.","她负责这个项目。 / 父母承担起照顾孩子的责任。","2","A2","true","true","词典核验：词头/词性/核心义项","Bokmålsordboka","https://ordbokene.no/bm/ansvar","2026-09-24","","true","词头与列出词形匹配","课程候选等级；尚未逐词人工确认","例句/译文尚未人工逐词审校"
"A2","arbeid","名词","工作与日常","NTNU LearnNoW; NorweigenLearn 当前词库","工作；劳动；作品/学术成果（依语境）","arbeidet, arbeider, arbeidene / et arbeid · arbeidet · arbeider · arbeidene","Arbeidet tar lengre tid enn vi trodde. / Hun søker arbeid i helsevesenet.","这项工作花的时间比我们想的更长。 / 她正在医疗行业求职。","2","A2","true","true","词典核验：词头/词性/核心义项","Bokmålsordboka","https://ordbokene.no/bm/arbeid","2026-09-24","","true","词头与列出词形匹配","课程候选等级；尚未逐词人工确认","例句/译文尚未人工逐词审校"
"A2","arbeidsliv","名词","工作与社会","NTNU LearnNoW; NorweigenLearn 当前词库","职场生活；劳动生活；就业领域","arbeidslivet / et arbeidsliv · arbeidslivet · arbeidsliv · arbeidslivene","Det kan være vanskelig å komme inn i arbeidslivet uten erfaring. / Norsk arbeidsliv har mange regler for arbeidstid.","没有工作经验，进入职场可能很困难。 / 挪威职场对工作时间有许多规定。","2","A2","true","true","词典核验：词头/词性/核心义项","Bokmålsordboka","https://ordbokene.no/bm/arbeidsliv","2026-09-24","","true","词头与列出词形匹配","课程候选等级；尚未逐词人工确认","例句/译文尚未人工逐词审校"
"A2","artikkel","名词","阅读与媒体","NTNU LearnNoW; NorweigenLearn 当前词库","文章；论文；条款；商品（依语境）","artikkelen, artikkeler, artikkelene / en artikkel · artikkelen · artikler · artiklene","Jeg leste en interessant artikkel om norsk skole. / Avisen publiserte tre artikler om været.","我读了一篇关于挪威学校的有趣文章。 / 报纸刊登了三篇关于天气的文章。","2","A2","true","true","词典核验：词头/词性/核心义项","Bokmålsordboka","https://ordbokene.no/bm/artikkel","2026-09-24","","true","词头与列出词形匹配","课程候选等级；尚未逐词人工确认","例句/译文尚未人工逐词审校"
"A2","avdelingsleder","名词","工作与职业","NTNU LearnNoW; NorweigenLearn 当前词库","部门主管；部门负责人","avdelingslederen, avdelingsledere, avdelingslederne / en avdelingsleder · avdelingslederen · avdelingsledere · avdelingslederne","Jeg må avtale et møte med avdelingslederen. / Den nye avdelingslederen begynner på mandag.","我得和部门主管约一次会。 / 新任部门负责人星期一上班。","2","A2","true","true","词典核验：词头/词性/核心义项","Bokmålsordboka","https://ordbokene.no/bm/avdelingsleder","2026-09-24","","true","词头与列出词形匹配","课程候选等级；尚未逐词人工确认","例句/译文尚未人工逐词审校"
"A2","avtale","名词","约定与安排","NTNU LearnNoW; NorweigenLearn 当前词库","约定；预约；协议；约会（依语境）","avtalen, avtaler, avtalene / en avtale · avtalen · avtaler · avtalene","Jeg har en avtale hos tannlegen i morgen. / Vi laget en avtale om å møtes på fredag.","我明天预约了看牙医。 / 我们约好星期五见面。","2","A2","true","true","词典核验：词头/词性/核心义项","Bokmålsordboka","https://ordbokene.no/bm/avtale","2026-09-24","","true","词头与列出词形匹配","课程候选等级；尚未逐词人工确认","例句/译文尚未人工逐词审校"
"A2","bagasjerom","名词","交通与出行","NTNU LearnNoW; NorweigenLearn 当前词库","（汽车）后备箱；行李舱","bagasjerommet, bagasjerom, bagasjerommene / et bagasjerom · bagasjerommet · bagasjerom · bagasjerommene","Kan du legge kofferten i bagasjerommet? / Bilen har et stort bagasjerom.","你能把行李箱放进后备箱吗？ / 这辆车的后备箱很大。","2","A2","true","true","词典核验：词头/词性/核心义项","Bokmålsordboka","https://ordbokene.no/bm/bagasjerom","2026-09-24","","true","词头与列出词形匹配","课程候选等级；尚未逐词人工确认","例句/译文尚未人工逐词审校"
"A2","baker","名词","职业与服务","NTNU LearnNoW; NorweigenLearn 当前词库","面包师；烘焙师","bakeren, bakere, bakerne / en baker · bakeren · bakere · bakerne","Bakerne står opp tidlig for å lage brød. / Den lokale bakeren lager ferske rundstykker hver morgen.","面包师们很早起床制作面包。 / 当地的面包师每天早上制作新鲜的小圆面包。","2","A2","true","true","词典核验：词头/词性/核心义项","Bokmålsordboka","https://ordbokene.no/bm/baker","2026-09-24","","true","词头与列出词形匹配","课程候选等级；尚未逐词人工确认","例句/译文尚未人工逐词审校"
"A2","barnehagelærer","名词","工作与职业","NTNU LearnNoW; NorweigenLearn 当前词库","幼儿园教师；学前教育工作者","barnehagelæreren, barnehagelærere, barnehagelærerne / en barnehagelærer · barnehagelæreren · barnehagelærere · barnehagelærerne","Hun utdanner seg til barnehagelærer i Bergen. / Barnehagelæreren leser en bok for barna.","她正在卑尔根学习成为幼儿园教师。 / 幼儿园老师给孩子们读一本书。","2","A2","true","true","词典核验：词头/词性/核心义项","Bokmålsordboka","https://ordbokene.no/bm/barnehagel%C3%A6rer","2026-09-24","","true","词头与列出词形匹配","课程候选等级；尚未逐词人工确认","例句/译文尚未人工逐词审校"
"A2","behandle","动词","就医与处理","NTNU LearnNoW; NorweigenLearn 当前词库","治疗；处理；对待；加工（依语境）","å behandle · behandler · behandlet / behandla · behandlet / behandla / behandler, behandlet, har behandlet","Legen behandler pasienter med allergi. / Kommunen behandler søknaden min denne uka.","医生治疗过敏患者。 / 市政府这周处理我的申请。","2","A2","true","true","词典核验：词头/词性/核心义项","Bokmålsordboka","https://ordbokene.no/bm/behandle","2026-09-24","","true","词头与列出词形匹配","课程候选等级；尚未逐词人工确认","例句/译文尚未人工逐词审校"
"A2","blodåre","名词","身体与健康","NTNU LearnNoW; NorweigenLearn 当前词库","血管；血脉","blodåren, blodårer, blodårene / en blodåre · blodåren · blodårer · blodårene","Sykepleieren fant en blodåre på armen. / Blodårene fører blod rundt i kroppen.","护士在手臂上找到一条血管。 / 血管把血液输送到全身。","2","A2","true","true","词典核验：词头/词性/核心义项","Bokmålsordboka","https://ordbokene.no/bm/blod%C3%A5re","2026-09-24","","true","词头与列出词形匹配","课程候选等级；尚未逐词人工确认","例句/译文尚未人工逐词审校"
"A2","blodprøve","名词","就医与检查","NTNU LearnNoW; NorweigenLearn 当前词库","血液检查；血样；抽血化验","blodprøven, blodprøver, blodprøvene / en blodprøve · blodprøven · blodprøver · blodprøvene","Legen vil ta en blodprøve på torsdag. / Blodprøven viste at jernnivået var lavt.","医生想在星期四给我抽血化验。 / 血液检查显示铁含量偏低。","2","A2","true","true","词典核验：词头/词性/核心义项","Bokmålsordboka","https://ordbokene.no/bm/blodpr%C3%B8ve","2026-09-24","","true","词头与列出词形匹配","课程候选等级；尚未逐词人工确认","例句/译文尚未人工逐词审校"
"A2","bløtkake","名词","甜点与庆祝","NTNU NoW1; NorweigenLearn 当前词库","奶油蛋糕；鲜奶油夹层蛋糕","en bløtkake · bløtkaken / bløtkaka · bløtkaker · bløtkakene","Vi serverte bløtkake i bursdagen til bestemor. / Hun pyntet bløtkaka med jordbær og krem.","我们在奶奶的生日会上端上了奶油蛋糕。 / 她用草莓和奶油装饰了蛋糕。","2","A2","true","true","词典核验：词头/词性/核心义项","Bokmålsordboka","https://ordbokene.no/bm/bl%C3%B8tkake","2026-09-24","","true","词头与列出词形匹配","课程候选等级；尚未逐词人工确认","例句/译文尚未人工逐词审校"
"A2","bomull","名词","材料与衣物","NTNU LearnNoW; NorweigenLearn 当前词库","棉；棉花；棉布","bomull · bomullen / bomullen, bomuller, bomullene","Denne skjorta er laget av bomull. / Bomullen føles myk mot huden.","这件衬衫是棉制的。 / 棉布贴着皮肤感觉很柔软。","2","A2","true","true","词典核验：词头/词性/核心义项","Bokmålsordboka","https://ordbokene.no/bm/bomull","2026-09-24","","true","词头与列出词形匹配","课程候选等级；尚未逐词人工确认","例句/译文尚未人工逐词审校"
"A2","bonde","名词","职业与生活","NTNU LearnNoW; NorweigenLearn 当前词库","农民；农场主；农场经营者","bonden, bønder, bøndene / en bonde · bonden · bønder · bøndene","Bonden dyrker poteter og grønnsaker på gården. / Mange bønder selger maten sin på lokale markeder.","这位农场主在农场种土豆和蔬菜。 / 许多农民在当地市场出售自己生产的食物。","2","A2","true","true","词典核验：词头/词性/核心义项","Bokmålsordboka","https://ordbokene.no/bm/bonde","2026-09-24","","true","词头与列出词形匹配","课程候选等级；尚未逐词人工确认","例句/译文尚未人工逐词审校"
"A2","brukernavn","名词","电脑与网络","NTNU NoW1; NorweigenLearn 当前词库","用户名；登录用户名","et brukernavn · brukernavnet · brukernavn · brukernavnene","Skriv inn brukernavn og passord for å logge inn. / Jeg har glemt brukernavnet mitt.","请输入用户名和密码以登录。 / 我忘记了自己的用户名。","2","A2","true","true","词典核验：词头/词性/核心义项","Bokmålsordboka","https://ordbokene.no/bm/brukernavn","2026-09-24","","true","词头与列出词形匹配","课程候选等级；尚未逐词人工确认","例句/译文尚未人工逐词审校"
"A2","budsjett","名词","金钱与计划","NTNU LearnNoW; NorweigenLearn 当前词库","预算；收支计划","budsjettet, budsjetter, budsjettene / et budsjett · budsjettet · budsjetter · budsjettene","Vi må lage et budsjett for ferien. / Prosjektet holdt seg innenfor budsjettet.","我们得为假期做一份预算。 / 这个项目没有超出预算。","2","A2","true","true","词典核验：词头/词性/核心义项","Bokmålsordboka","https://ordbokene.no/bm/budsjett","2026-09-24","","true","词头与列出词形匹配","课程候选等级；尚未逐词人工确认","例句/译文尚未人工逐词审校"
"A2","burde","动词","建议与义务 / 待归类","NTNU LearnNoW; NorweigenLearn 当前词库","应该；理应；最好（语气通常比 må 温和）","bør · burde · burdet / bør, burde, har burdet","Du bør bestille time hos tannlegen. / Jeg burde ha ringt tidligere.","你应该预约牙医。 / 我本来应该早点打电话的。","2","A2","true","true","词典核验：词头/词性/核心义项","Bokmålsordboka","https://ordbokene.no/bm/burde","2026-09-24","","true","词头与列出词形匹配","课程候选等级；尚未逐词人工确认","例句/译文尚未人工逐词审校"
"A2","bursdag","名词","日期与庆祝","NTNU NoW1; NorweigenLearn 当前词库","生日；生日庆祝活动","en bursdag · bursdagen · bursdager · bursdagene","Datteren min har bursdag på fredag. / Vi feiret bursdagen hennes med kake.","我女儿星期五过生日。 / 我们用蛋糕庆祝了她的生日。","2","A2","true","true","词典核验：词头/词性/核心义项","Bokmålsordboka","https://ordbokene.no/bm/bursdag","2026-09-24","","true","词头与列出词形匹配","课程候选等级；尚未逐词人工确认","例句/译文尚未人工逐词审校"
"A2","byggeprosjekt","名词","工作与建设","NTNU LearnNoW; NorweigenLearn 当前词库","建筑项目；建设工程","byggeprosjektet, byggeprosjekter, byggeprosjektene / et byggeprosjekt · byggeprosjektet · byggeprosjekter · byggeprosjektene","Kommunen starter et byggeprosjekt ved skolen. / Byggeprosjektet skal være ferdig neste år.","市政府将在学校附近启动一个建设项目。 / 这项建筑工程预计明年完工。","2","A2","true","true","词典核验：词头/词性/核心义项","Bokmålsordboka","https://ordbokene.no/bm/byggeprosjekt","2026-09-24","","true","词头与列出词形匹配","课程候选等级；尚未逐词人工确认","例句/译文尚未人工逐词审校"
"A2","bygging","名词","工作与建设","NTNU LearnNoW; NorweigenLearn 当前词库","建造；建设；施工；建筑物（依语境）","byggingen, bygginger, byggingene / en bygging · byggingen / bygginga · bygginger · byggingene","Den nye skolen er under bygging. / Byggingen av veien tar to år.","新学校正在建设中。 / 这条道路的建设需要两年。","2","A2","true","true","词典核验：词头/词性/核心义项","Bokmålsordboka","https://ordbokene.no/bm/bygging","2026-09-24","","true","词头与列出词形匹配","课程候选等级；尚未逐词人工确认","例句/译文尚未人工逐词审校"
"A2","colaboks","名词","饮料与包装","NTNU NoW1; NorweigenLearn 当前词库","一罐可乐；可乐罐","en colaboks · colaboksen · colabokser · colaboksene","Jeg kjøpte en colaboks på kiosken. / Colaboksen skal i panteautomaten.","我在小卖部买了一罐可乐。 / 这个可乐罐要放进退瓶机。","2","A2","true","true","词典核验：词头/词性/核心义项","Bokmålsordboka","https://ordbokene.no/bm/colaboks","2026-09-24","","false","透明复合词词形匹配中心词","课程候选等级；尚未逐词人工确认","例句/译文尚未人工逐词审校"
"A2","datamaskin","名词","电脑与网络","NTNU LearnNoW; NorweigenLearn 当前词库","计算机；电脑","datamaskinen, datamaskiner, datamaskinene / en datamaskin · datamaskinen · datamaskiner · datamaskinene","Jeg bruker datamaskinen til å skrive rapporten. / Datamaskinen starter ikke.","我用电脑写报告。 / 电脑启动不了。","2","A2","true","true","词典核验：词头/词性/核心义项","Bokmålsordboka","https://ordbokene.no/bm/datamaskin","2026-09-24","","true","词头与列出词形匹配","课程候选等级；尚未逐词人工确认","例句/译文尚未人工逐词审校"
"A2","del","名词","数量与部分","NTNU NoW1; NorweigenLearn 当前词库","部分；一部分；份额；方面（依语境）","en del · delen · deler · delene","En del av familien bor fortsatt i Kina. / Vi må dele arbeidet i mindre deler.","家里有一部分人仍住在中国。 / 我们得把工作分成更小的部分。","2","A2","true","true","词典核验：词头/词性/核心义项","Bokmålsordboka","https://ordbokene.no/bm/del","2026-09-24","","true","词头与列出词形匹配","课程候选等级；尚未逐词人工确认","例句/译文尚未人工逐词审校"
"A2","direkte","形容词","方向与方式","NTNU LearnNoW; NorweigenLearn 当前词库","直达的；直接的；不绕弯的","direkte · direkte · direkte · mer direkte · mest direkte / direkte, direkte","Vi tok et direkte fly fra Oslo til Tromsø. / Du kan kontakte legen direkte.","我们从奥斯陆乘坐直飞航班去了特罗姆瑟。 / 你可以直接联系医生。","2","A2","true","true","词典核验：词头/词性/核心义项","Bokmålsordboka","https://ordbokene.no/bm/direkte","2026-09-24","","true","基本词形匹配；比较级形式另核","课程候选等级；尚未逐词人工确认","例句/译文尚未人工逐词审校"
"A2","engasjert","形容词","兴趣与参与","NTNU LearnNoW; NorweigenLearn 当前词库","积极投入的；热心参与的；（任职）受聘的","engasjert · engasjert · engasjerte · mer engasjert · mest engasjert / engasjert, engasjerte","Hun er engasjert i skolens miljøarbeid. / De engasjerte foreldrene hjelper til på skolen.","她积极参与学校的环保工作。 / 热心的家长们在学校帮忙。","2","A2","true","true","词典核验：词头/词性/核心义项","Bokmålsordboka","https://ordbokene.no/bm/engasjert","2026-09-24","","false","相关词头词形匹配","课程候选等级；尚未逐词人工确认","例句/译文尚未人工逐词审校"
"A2","fikse","动词","问题与解决","NTNU NoW1; NorweigenLearn 当前词库","修理；弄好；解决；安排（口语）","å fikse · fikser · fikset / fiksa · fikset / fiksa","Kan du fikse sykkelen før helgen? / Vi fikset alt før gjestene kom.","你能在周末前把自行车修好吗？ / 客人来之前我们把一切都安排妥当了。","2","A2","true","true","词典核验：词头/词性/核心义项","Bokmålsordboka","https://ordbokene.no/bm/fikse","2026-09-24","","true","词头与列出词形匹配","课程候选等级；尚未逐词人工确认","例句/译文尚未人工逐词审校"
"A2","fisker","名词","职业与自然","NTNU LearnNoW; NorweigenLearn 当前词库","渔民；捕鱼者；渔夫/渔妇","en fisker · fiskeren · fiskere · fiskerne / fiskeren, fiskere, fiskerne","Fiskeren dro ut før soloppgang. / Mange fiskere arbeider langs norskekysten.","这位渔民在日出前就出海了。 / 许多渔民在挪威海岸沿线工作。","2","A2","true","true","词典核验：词头/词性/核心义项","Bokmålsordboka","https://ordbokene.no/bm/fisker","2026-09-24","","true","词头与列出词形匹配","课程候选等级；尚未逐词人工确认","例句/译文尚未人工逐词审校"
"A2","fjelltur","名词","自然与户外","NTNU LearnNoW; NorweigenLearn 当前词库","山地徒步；登山旅行；去山里走一趟","en fjelltur · fjellturen · fjellturer · fjellturene / fjellturen, fjellturer, fjellturene","Vi planlegger en fjelltur i helga hvis været holder. / Husk å ta med vann på fjellturen.","如果天气稳定，我们计划周末去山里徒步。 / 记得徒步时带上水。","2","A2","true","true","词典核验：词头/词性/核心义项","Bokmålsordboka","https://ordbokene.no/bm/fjelltur","2026-09-24","","true","词头与列出词形匹配","课程候选等级；尚未逐词人工确认","例句/译文尚未人工逐词审校"
"A2","flybillett","名词","交通与出行","NTNU NoW1; NorweigenLearn 当前词库","飞机票；机票","en flybillett · flybilletten · flybilletter · flybillettene","Jeg må bestille en flybillett til Bergen. / Flybilletten ligger i e-posten min.","我得订一张去卑尔根的机票。 / 机票在我的电子邮件里。","2","A2","true","true","词典核验：词头/词性/核心义项","Bokmålsordboka","https://ordbokene.no/bm/flybillett","2026-09-24","","true","词头与列出词形匹配","课程候选等级；尚未逐词人工确认","例句/译文尚未人工逐词审校"
"A2","forslag","名词","建议与选择","NTNU LearnNoW; NorweigenLearn 当前词库","建议；提议；方案","et forslag · forslaget · forslag · forslagene / forslaget, forslag, forslagene","Har du et forslag til hva vi kan gjøre? / Hun kom med flere gode forslag.","你有什么建议，觉得我们可以做什么？ / 她提出了好几个不错的建议。","2","A2","true","true","词典核验：词头/词性/核心义项","Bokmålsordboka","https://ordbokene.no/bm/forslag","2026-09-24","","true","词头与列出词形匹配","课程候选等级；尚未逐词人工确认","例句/译文尚未人工逐词审校"
"A2","frisør","名词","服务与日常","NTNU LearnNoW; NorweigenLearn 当前词库","理发师；发型师","en frisør · frisøren · frisører · frisørene / frisøren, frisører, frisørene","Jeg skal til frisøren etter jobb. / Frisøren klippet håret kort.","我下班后要去理发。 / 理发师把头发剪短了。","2","A2","true","true","词典核验：词头/词性/核心义项","Bokmålsordboka","https://ordbokene.no/bm/fris%C3%B8r","2026-09-24","","true","词头与列出词形匹配","课程候选等级；尚未逐词人工确认","例句/译文尚未人工逐词审校"
"A2","gjennomføring","名词","计划与执行","NTNU LearnNoW; NorweigenLearn 当前词库","实施；执行；完成（计划、项目或活动）","en gjennomføring · gjennomføringen · gjennomføringer · gjennomføringene / gjennomføringa, gjennomføringer, gjennomføringene","God planlegging er viktig for gjennomføringen av prosjektet. / Gjennomføringen tok lengre tid enn vi trodde.","良好的规划对项目实施很重要。 / 实际执行花的时间比我们想的更长。","2","A2","true","true","词典核验：词头/词性/核心义项","Bokmålsordboka","https://ordbokene.no/bm/gjennomf%C3%B8ring","2026-09-24","","true","词头与列出词形匹配","课程候选等级；尚未逐词人工确认","例句/译文尚未人工逐词审校"
"A2","hate","动词","情感与态度","NTNU LearnNoW; NorweigenLearn 当前词库","恨；非常讨厌；极不喜欢","å hate · hater · hatet / hata · hatet / hata / hater, hatet, har hatet","Jeg hater å komme for sent til møter. / Han hatet den kalde vinden på vei hjem.","我非常讨厌开会迟到。 / 他很讨厌回家路上的冷风。","2","A2","true","true","词典核验：词头/词性/核心义项","Bokmålsordboka","https://ordbokene.no/bm/hate","2026-09-24","","true","词头与列出词形匹配","课程候选等级；尚未逐词人工确认","例句/译文尚未人工逐词审校"
"A2","heller","副词","偏好与否定","NTNU LearnNoW; NorweigenLearn 当前词库","宁可；也；也不；更（依句式）","heller","Jeg tar heller te enn kaffe. / Hun kommer ikke i dag, og jeg kommer heller ikke.","比起咖啡，我宁愿喝茶。 / 她今天不来，我也不来。","2","A2","true","true","词典核验：词头/词性/核心义项","Bokmålsordboka","https://ordbokene.no/bm/heller","2026-09-24","","true","词头与列出词形匹配","课程候选等级；尚未逐词人工确认","例句/译文尚未人工逐词审校"
"A2","hensyn","名词","社会与关系","NTNU LearnNoW; NorweigenLearn 当前词库","考虑；顾及；体谅；因素（常用复数 hensyn）","et hensyn · hensynet · hensyn · hensynene / hensynet, hensyn, hensynene","Vi må ta hensyn til naboene når vi spiller musikk. / Av hensyn til sikkerheten holder døra låst.","放音乐时我们得顾及邻居。 / 出于安全考虑，门保持上锁。","2","A2","true","true","词典核验：词头/词性/核心义项","Bokmålsordboka","https://ordbokene.no/bm/hensyn","2026-09-24","","true","词头与列出词形匹配","课程候选等级；尚未逐词人工确认","例句/译文尚未人工逐词审校"
"A2","hotellrom","名词","住宿与旅行","NTNU NoW1; NorweigenLearn 当前词库","酒店房间；旅馆客房","et hotellrom · hotellrommet · hotellrom · hotellrommene","Vi bestilte et hotellrom nær stasjonen. / Hotellrommet har utsikt mot fjorden.","我们订了一间车站附近的酒店客房。 / 酒店房间可以看到峡湾。","2","A2","true","true","词典核验：词头/词性/核心义项","Bokmålsordboka","https://ordbokene.no/nno/search?dict=bm%2Cnn&q=hotellrom&scope=eif","2026-09-24","","true","词头与列出词形匹配","课程候选等级；尚未逐词人工确认","例句/译文尚未人工逐词审校"
"A2","hovedpunkt","名词","学习与信息","NTNU NoW1; NorweigenLearn 当前词库","要点；主要问题；核心项目","et hovedpunkt · hovedpunktet · hovedpunkter · hovedpunktene","Kan du oppsummere de tre hovedpunktene i artikkelen? / Det viktigste hovedpunktet står i første avsnitt.","你能概括文章的三个要点吗？ / 最重要的要点写在第一段。","2","A2","true","true","词典核验：词头/词性/核心义项","Bokmålsordboka","https://ordbokene.no/bm/hovedpunkt","2026-09-24","","true","词头与列出词形匹配","课程候选等级；尚未逐词人工确认","例句/译文尚未人工逐词审校"
"A2","imens","副词","时间与连接","NTNU LearnNoW; NorweigenLearn 当前词库","与此同时；在此期间；当……的时候","imens","Jeg lager middag; imens kan du dekke bordet. / Hun leste avisa imens hun ventet på legen.","我做晚饭；与此同时你可以摆餐桌。 / 她等医生时看报纸。","2","A2","true","true","词典核验：词头/词性/核心义项","Bokmålsordboka","https://ordbokene.no/bm/imens","2026-09-24","","true","词头与列出词形匹配","课程候选等级；尚未逐词人工确认","例句/译文尚未人工逐词审校"
"A2","innen","介词","时间与范围","NTNU LearnNoW; NorweigenLearn 当前词库","在……之内；不迟于；在……范围内","innen","Du får svar innen en uke. / Søknaden må sendes innen fredag.","你会在一周内收到答复。 / 申请必须在星期五之前寄出。","2","A2","true","true","词典核验：词头/词性/核心义项","Bokmålsordboka","https://ordbokene.no/bm/innen","2026-09-24","","true","词头与列出词形匹配","课程候选等级；尚未逐词人工确认","例句/译文尚未人工逐词审校"
"A2","innlegg","名词","媒体与表达","NTNU NoW1; NorweigenLearn 当前词库","帖子；发言；演讲；文章/评论（依语境）","et innlegg · innlegget · innlegg · innleggene","Hun skrev et innlegg om norskopplæring på nettet. / Etter pausen holdt legen et kort innlegg om søvn.","她在网上写了一篇关于挪威语教学的帖子。 / 休息后，医生做了一个关于睡眠的简短发言。","2","A2","true","true","词典核验：词头/词性/核心义项","Bokmålsordboka","https://ordbokene.no/nob/bm/innlegg","2026-09-24","","true","词头与列出词形匹配","课程候选等级；尚未逐词人工确认","例句/译文尚未人工逐词审校"
"A2","instituttleder","名词","工作与教育","NTNU NoW1; NorweigenLearn 当前词库","研究所/系主任；学院部门负责人","en instituttleder · instituttlederen · instituttledere · instituttlederne","Instituttlederen informerte de ansatte om endringene. / Universitetet søker en ny instituttleder.","系主任向员工介绍了这些变动。 / 大学正在招聘一位新的系主任。","2","A2","true","true","词典核验：词头/词性/核心义项","Bokmålsordboka","https://ordbokene.no/bm/instituttleder","2026-09-24","","true","词头与列出词形匹配","课程候选等级；尚未逐词人工确认","例句/译文尚未人工逐词审校"
"A2","interessert","形容词","兴趣与感受","NTNU LearnNoW; NorweigenLearn 当前词库","感兴趣的；有兴趣的","interessert · interessert · interesserte · mer interessert · mest interessert / interessert, interesserte","Jeg er interessert i norsk litteratur. / De interesserte elevene stilte mange spørsmål.","我对挪威文学感兴趣。 / 那些感兴趣的学生提出了很多问题。","2","A2","true","true","词典核验：词头/词性/核心义项","Bokmålsordboka","https://ordbokene.no/bm/interessert","2026-09-24","","true","基本词形匹配；比较级形式另核","课程候选等级；尚未逐词人工确认","例句/译文尚未人工逐词审校"
"A2","intervjue","动词","工作与媒体","NTNU LearnNoW; NorweigenLearn 当前词库","采访；面试；访谈","å intervjue · intervjuer · intervjuet / intervjua · intervjuet / intervjua / intervjuer, intervjuet, har intervjuet","Journalisten intervjuet ordføreren om den nye planen. / Jeg skal intervjue tre søkere i morgen.","记者就新计划采访了市长。 / 我明天要面试三位申请者。","2","A2","true","true","词典核验：词头/词性/核心义项","Bokmålsordboka","https://ordbokene.no/nno/search?dict=bm%2Cnn&q=intervjuer%7Cintervjue&scope=eif","2026-09-24","","true","词头与列出词形匹配","课程候选等级；尚未逐词人工确认","例句/译文尚未人工逐词审校"
"A2","joggesko","名词","衣物与运动","NTNU LearnNoW; NorweigenLearn 当前词库","跑鞋；运动鞋（常成双使用）","en joggesko · joggeskoen · joggesko · joggeskoa / joggeskoene","Jeg trenger et par nye joggesko før løpet. / Joggeskoene står ved døra.","比赛前我需要买一双新跑鞋。 / 跑鞋放在门边。","2","A2","true","true","词典核验：Bokmål词头/名词变格/核心义项","Bokmålsordboka","https://ordbokene.no/nno/bm/27754","2026-09-24","","true","词头与列出词形匹配","课程候选等级；尚未逐词人工确认","例句/译文尚未人工逐词审校"
"A2","journal","名词","健康与记录","NTNU LearnNoW; NorweigenLearn 当前词库","病历；日志；期刊/刊物（依语境）","en journal · journalen · journaler · journalene / journalen, journaler, journalene","Legen skrev notatet inn i pasientjournalen. / Journalen viser hvilke medisiner hun bruker.","医生把记录写进了患者病历。 / 病历显示她在使用哪些药物。","2","A2","true","true","词典核验：词头/词性/核心义项","Bokmålsordboka","https://ordbokene.no/bm/journal","2026-09-24","","true","词头与列出词形匹配","课程候选等级；尚未逐词人工确认","例句/译文尚未人工逐词审校"
"A2","journalist","名词","职业与媒体","NTNU LearnNoW; NorweigenLearn 当前词库","记者；新闻工作者","en journalist · journalisten · journalister · journalistene / journalisten, journalister, journalistene","Journalisten skrev en artikkel om den nye skolen. / Flere journalister møtte opp på pressekonferansen.","记者写了一篇关于新学校的文章。 / 多位记者出席了新闻发布会。","2","A2","true","true","词典核验：词头/词性/核心义项","Bokmålsordboka","https://ordbokene.no/nno/search?dict=bm&q=journalist&scope=eif","2026-09-24","","true","词头与列出词形匹配","课程候选等级；尚未逐词人工确认","例句/译文尚未人工逐词审校"
"A2","kakao","名词","饮料与食物","NTNU LearnNoW; NorweigenLearn 当前词库","可可；热可可饮料","kakao · kakaoen / kakaoen, kakaoer, kakaoene","Barna drakk varm kakao etter skituren. / Vil du ha kakao med kremfløte?","孩子们滑雪后喝了热可可。 / 你想要加奶油的可可吗？","2","A2","true","true","词典核验：词头/词性/核心义项","Bokmålsordboka","https://ordbokene.no/bm/kakao","2026-09-24","","true","词头与列出词形匹配","课程候选等级；尚未逐词人工确认","例句/译文尚未人工逐词审校"
"A2","klare","动词","能力与完成","NTNU LearnNoW; NorweigenLearn 当前词库","设法做到；完成；应付；弄清楚（依结构）","å klare · klarer · klarte · klart / klarer, klarte, har klart","Jeg klarte å forstå beskjeden uten oversettelse. / Hun klarte seg godt på den nye jobben.","我设法不靠翻译就理解了这条通知。 / 她在新工作上应付得很好。","2","A2","true","true","词典核验：词头/词性/核心义项","Bokmålsordboka","https://ordbokene.no/bm/klare","2026-09-24","","true","词头与列出词形匹配","课程候选等级；尚未逐词人工确认","例句/译文尚未人工逐词审校"
"A2","klasseavis","名词","学校与媒体","NTNU LearnNoW; NorweigenLearn 当前词库","班级报纸；班级制作的报刊","en klasseavis · klasseavisa / klasseavisen · klasseaviser · klasseavisene / klasseavisa, klasseaviser, klasseavisene","Elevene lager en klasseavis på norsktimen. / Klasseavisa inneholder intervjuer og tegninger.","学生们在挪威语课上制作一份班级报纸。 / 班级报纸里有采访和绘画。","2","A2","true","true","词典核验：词头/词性/核心义项","Bokmålsordboka","https://ordbokene.no/bm/klasseavis","2026-09-24","","true","词头与列出词形匹配","课程候选等级；尚未逐词人工确认","例句/译文尚未人工逐词审校"
"A2","kommunikasjon","名词","沟通与工作","NTNU LearnNoW; NorweigenLearn 当前词库","沟通；交流；通信；交通联系（依语境）","en kommunikasjon · kommunikasjonen · kommunikasjoner · kommunikasjonene / kommunikasjonen, kommunikasjoner, kommunikasjonene","God kommunikasjon gjør samarbeidet enklere. / Vi bruker e-post som kommunikasjon med kundene.","良好的沟通能让合作更顺畅。 / 我们用电子邮件与客户沟通。","2","A2","true","true","词典核验：词头/词性/核心义项","Bokmålsordboka","https://ordbokene.no/bm/kommunikasjon","2026-09-24","","true","词头与列出词形匹配","课程候选等级；尚未逐词人工确认","例句/译文尚未人工逐词审校"
"A2","konferanse","名词","工作与活动","NTNU NoW1; NorweigenLearn 当前词库","会议；研讨会；专业大会","en konferanse · konferansen · konferanser · konferansene","Legen deltar på en konferanse i Bergen neste uke. / Konferansen samler lærere fra hele landet.","医生下周会在卑尔根参加一场会议。 / 这场研讨会汇集了来自全国各地的教师。","2","A2","true","true","词典核验：词头/词性/核心义项","Bokmålsordboka","https://ordbokene.no/bm/konferanse","2026-09-24","","true","词头与列出词形匹配","课程候选等级；尚未逐词人工确认","例句/译文尚未人工逐词审校"
"A2","kontakte","动词","交流与办事","NTNU LearnNoW; NorweigenLearn 当前词库","联系；联络；与……取得联系","å kontakte · kontakter · kontaktet / kontakta · kontaktet / kontakta / kontakter, kontaktet, har kontaktet","Du bør kontakte fastlegen hvis feberen ikke går ned. / Jeg kontaktet kommunen for å spørre om barnehageplass.","如果烧不退，你应该联系家庭医生。 / 我联系了市政府，询问幼儿园名额的事。","2","A2","true","true","词典核验：词头/词性/核心义项","Bokmålsordboka","https://ordbokene.no/bm/kontakte","2026-09-24","","true","词头与列出词形匹配","课程候选等级；尚未逐词人工确认","例句/译文尚未人工逐词审校"
"A2","kontroll","名词","办事与检查","NTNU LearnNoW; NorweigenLearn 当前词库","检查；核对；控制；复诊（依语境）","en kontroll · kontrollen · kontroller · kontrollene / kontrollen, kontroller, kontrollene","Jeg skal til kontroll hos tannlegen i morgen. / Billettkontrollen skjer på toget.","我明天要去牙医那里复查。 / 列车上会查票。","2","A2","true","true","词典核验：词头/词性/核心义项","Bokmålsordboka","https://ordbokene.no/bm/kontroll","2026-09-24","","true","词头与列出词形匹配","课程候选等级；尚未逐词人工确认","例句/译文尚未人工逐词审校"
"A2","korrektur","名词","阅读与写作","NTNU NoW1; NorweigenLearn 当前词库","校对；校样；文字勘误","en korrektur · korrekturen","Kan du lese korrektur på e-posten før jeg sender den? / Forfatteren rettet noen feil i korrekturen.","我发邮件前你能帮我校对一下吗？ / 作者在校样中改正了几处错误。","2","A2","true","true","词典核验：词头/词性/核心义项","Bokmålsordboka","https://ordbokene.no/bm/korrektur","2026-09-24","","true","词头与列出词形匹配","课程候选等级；尚未逐词人工确认","例句/译文尚未人工逐词审校"
"A2","kritisk","形容词","判断与评价","NTNU LearnNoW; NorweigenLearn 当前词库","批判性的；关键的；危急的（依语境）","kritisk · kritisk · kritiske · mer kritisk · mest kritisk / kritisk, kritiske","Det er kritisk å få medisinen i tide. / Hun er kritisk til forslaget og stiller mange spørsmål.","按时拿到药物至关重要。 / 她对这个提议持批判态度，并提出许多问题。","2","A2","true","true","词典核验：词头/词性/核心义项","Bokmålsordboka","https://ordbokene.no/bm/kritisk","2026-09-24","","true","基本词形匹配；比较级形式另核","课程候选等级；尚未逐词人工确认","例句/译文尚未人工逐词审校"
"A2","kronisk","形容词","健康与疾病","NTNU LearnNoW; NorweigenLearn 当前词库","慢性的；长期持续的","kronisk · kronisk · kroniske · mer kronisk · mest kronisk / kronisk, kroniske","Han har kroniske smerter i ryggen. / Astma kan være en kronisk sykdom.","他长期有慢性背痛。 / 哮喘可能是一种慢性疾病。","2","A2","true","true","词典核验：词头/词性/核心义项","Bokmålsordboka","https://ordbokene.no/bm/kronisk","2026-09-24","","true","基本词形匹配；比较级形式另核","课程候选等级；尚未逐词人工确认","例句/译文尚未人工逐词审校"
"A2","kunnskap","名词","学习与知识","NTNU LearnNoW; NorweigenLearn 当前词库","知识；学识；了解（通常作不可数名词）","en kunnskap · kunnskapen · kunnskaper · kunnskapene / kunnskapen, kunnskaper, kunnskapene","Hun har god kunnskap om norsk historie. / Kurset gir oss ny kunnskap.","她对挪威历史有很好的了解。 / 这门课程让我们学到了新知识。","2","A2","true","true","词典核验：词头/词性/核心义项","Bokmålsordboka","https://ordbokene.no/bm/kunnskap","2026-09-24","","true","词头与列出词形匹配","课程候选等级；尚未逐词人工确认","例句/译文尚未人工逐词审校"
"A2","laboratorium","名词","科学与学习","NTNU LearnNoW; NorweigenLearn 当前词库","实验室；化验室","et laboratorium · laboratoriet · laboratorier · laboratoriene / laboratoriet, laboratorier, laboratoriene","Studentene gjør et forsøk på laboratoriet. / Blodprøvene sendes til et laboratorium.","学生们在实验室做一项实验。 / 血液样本会被送到一家化验室。","2","A2","true","true","词典核验：词头/词性/核心义项","Bokmålsordboka","https://ordbokene.no/bm/laboratorium","2026-09-24","","true","词头与列出词形匹配","课程候选等级；尚未逐词人工确认","例句/译文尚未人工逐词审校"
"A2","læreryrke","名词","工作与职业","NTNU LearnNoW; NorweigenLearn 当前词库","教师职业；教书这一行","et læreryrke · læreryrket · læreryrker · læreryrkene / læreryrket, læreryrker, læreryrkene","Hun vurderer å velge et læreryrke. / Læreryrket krever både fagkunnskap og tålmodighet.","她在考虑从事教师职业。 / 教师职业既需要专业知识，也需要耐心。","2","A2","true","true","词典核验：词头/词性/核心义项","Bokmålsordboka","https://ordbokene.no/bm/l%C3%A6reryrke","2026-09-24","","true","词头与列出词形匹配","课程候选等级；尚未逐词人工确认","例句/译文尚未人工逐词审校"
"A2","lege","名词","看医生与就医 / 健康与看医生","NTNU LearnNoW; NorweigenLearn 当前词库","医生；医师","en lege · legen · leger · legene / legen, leger, legene","Jeg må bestille time hos legen. / Legen undersøker barnet.","我得预约看医生。 / 医生在给孩子检查。","2","A2","true","true","词典核验：词头/词性/核心义项","Bokmålsordboka","https://ordbokene.no/bm/lege","2026-09-24","","true","词头与列出词形匹配","课程候选等级；尚未逐词人工确认","例句/译文尚未人工逐词审校"
"A2","likevel","副词","连接与转折","NTNU LearnNoW; NorweigenLearn 当前词库","仍然；还是；尽管如此；不过","likevel","Det regnet, men vi gikk likevel en tur. / Hun var trøtt. Likevel fortsatte hun å lese.","下雨了，不过我们还是出去散了步。 / 她很累。尽管如此，她还是继续读书。","2","A2","true","true","词典核验：词头/词性/核心义项","Bokmålsordboka","https://ordbokene.no/bm/likevel","2026-09-24","","true","词头与列出词形匹配","课程候选等级；尚未逐词人工确认","例句/译文尚未人工逐词审校"
"A2","lønn","名词","工作与金钱","NTNU LearnNoW; NorweigenLearn 当前词库","工资；薪水；报酬","en lønn · lønna / lønnen · lønner · lønnene / lønna, lønner, lønnene","Lønna kommer inn på konto den siste dagen i måneden. / Hun fikk høyere lønn etter forfremmelsen.","工资会在每月最后一天打到账户上。 / 她升职后工资提高了。","2","A2","true","true","词典核验：词头/词性/核心义项","Bokmålsordboka","https://ordbokene.no/bm/l%C3%B8nn","2026-09-24","","true","词头与列出词形匹配","课程候选等级；尚未逐词人工确认","例句/译文尚未人工逐词审校"
"A2","matpakke","名词","餐食与学校","NTNU LearnNoW; NorweigenLearn 当前词库","自带便当；自己准备的午餐（常为面包片）","en matpakke · matpakka / matpakken · matpakker · matpakkene / matpakken, matpakker, matpakkene","Jeg smører matpakke til barna før skolen. / Hun spiser matpakka si i lunsjpausen.","上学前我给孩子们准备自带午餐。 / 她在午休时吃自己带的午餐。","2","A2","true","true","词典核验：词头/词性/核心义项","Bokmålsordboka","https://ordbokene.no/bm/matpakke","2026-09-24","","true","词头与列出词形匹配","课程候选等级；尚未逐词人工确认","例句/译文尚未人工逐词审校"
"A2","merke","动词","感知与标记","NTNU LearnNoW; NorweigenLearn 当前词库","注意到；察觉；标记；感觉到（依结构）","å merke · merker · merket / merka · merket / merka / merker, merket, har merket","Jeg merket at barnet var trøtt. / Husk å merke matboksen med navnet ditt.","我注意到孩子累了。 / 记得在饭盒上标上你的名字。","2","A2","true","true","词典核验：词头/词性/核心义项","Bokmålsordboka","https://ordbokene.no/bm/merke","2026-09-24","","true","词头与列出词形匹配","课程候选等级；尚未逐词人工确认","例句/译文尚未人工逐词审校"
"A2","møterom","名词","工作与会议","NTNU LearnNoW; NorweigenLearn 当前词库","会议室；开会用的房间","et møterom · møterommet · møterom · møterommene / møteromet, møterom, møterommene","Vi må reservere et møterom til kurset. / Møterommet er opptatt fram til klokka to.","我们得为课程预订一间会议室。 / 会议室两点前都有人在用。","2","A2","true","true","词典核验：词头/词性/核心义项","Bokmålsordboka","https://ordbokene.no/bm/m%C3%B8terom","2026-09-24","","true","词头与列出词形匹配","课程候选等级；尚未逐词人工确认","例句/译文尚未人工逐词审校"
"A2","nikke","动词","交流与回应","NTNU LearnNoW; NorweigenLearn 当前词库","点头；颔首","å nikke · nikker · nikket / nikka · nikket / nikka / nikker, nikket, har nikket","Hun nikket da jeg spurte om hun forsto. / Læreren nikket til eleven ved døra.","我问她是否明白时，她点了点头。 / 老师向门边的学生点头示意。","2","A2","true","true","词典核验：词头/词性/核心义项","Bokmålsordboka","https://ordbokene.no/bm/nikke","2026-09-24","","true","词头与列出词形匹配","课程候选等级；尚未逐词人工确认","例句/译文尚未人工逐词审校"
"A2","nyttig","形容词","评价与用途","NTNU LearnNoW; NorweigenLearn 当前词库","有用的；实用的；有益的","nyttig · nyttig · nyttige · nyttigere · nyttigst / nyttigste / nyttig, nyttige","Denne appen er nyttig for å lære nye ord. / Det var nyttig å øve med korte setninger.","这个应用有助于学习新词。 / 用短句练习很有帮助。","2","A2","true","true","词典核验：词头/词性/核心义项","Bokmålsordboka","https://ordbokene.no/bm/nyttig","2026-09-24","","true","词头与列出词形匹配","课程候选等级；尚未逐词人工确认","例句/译文尚未人工逐词审校"
"A2","ord","名词","语言与文字 / 学习与工作","NTNU LearnNoW; NorweigenLearn 当前词库","词；单词；话语；命令（依语境）","et ord · ordet · ord · ordene / ordet, ord, ordene","Jeg lærte fem nye ord i dag. / Hva betyr dette ordet?","我今天学了五个新词。 / 这个词是什么意思？","2","A2","true","true","词典核验：词头/词性/核心义项","Bokmålsordboka","https://ordbokene.no/bm/ord","2026-09-24","","true","词头与列出词形匹配","课程候选等级；尚未逐词人工确认","例句/译文尚未人工逐词审校"
"A2","organisere","动词","计划与协作","NTNU LearnNoW; NorweigenLearn 当前词库","组织；安排；整理；使有条理","å organisere · organiserer · organiserte · organisert / organiserer, organiserte, har organisert","Foreldrene organiserer en dugnad i skolegården. / Vi organiserte dokumentene i ulike mapper.","家长们正在组织一次校园义务劳动。 / 我们把文件整理进不同的文件夹。","2","A2","true","true","词典核验：词头/词性/核心义项","Bokmålsordboka","https://ordbokene.no/bm/organisere","2026-09-24","","true","词头与列出词形匹配","课程候选等级；尚未逐词人工确认","例句/译文尚未人工逐词审校"
"A2","overvåke","动词","工作与安全","NTNU LearnNoW; NorweigenLearn 当前词库","监视；监控；持续观察；监督","å overvåke · overvåker · overvåket / overvåka · overvåket / overvåka / overvåker, overvåket, har overvåket","Sykehuset overvåker pasienten gjennom natta. / Kameraene overvåker inngangen til bygningen.","医院整夜监测这位患者的情况。 / 摄像头监控着大楼入口。","2","A2","true","true","词典核验：词头/词性/核心义项","Bokmålsordboka","https://ordbokene.no/bm/overv%C3%A5ke","2026-09-24","","true","词头与列出词形匹配","课程候选等级；尚未逐词人工确认","例句/译文尚未人工逐词审校"
"A2","øyeblikkelig","形容词","时间与速度","NTNU LearnNoW; NorweigenLearn 当前词库","立即的；立刻；马上","øyeblikkelig · øyeblikkelig · øyeblikkelige · mer øyeblikkelig · mest øyeblikkelig / øyeblikkelig, øyeblikkelige","Pasienten trenger øyeblikkelig hjelp. / Hun svarte øyeblikkelig på meldingen.","这位病人需要紧急救助。 / 她立刻回复了消息。","2","A2","true","true","词典核验：词头/词性/核心义项","Bokmålsordboka","https://ordbokene.no/bm/%C3%B8yeblikkelig","2026-09-24","","true","基本词形匹配；比较级形式另核","课程候选等级；尚未逐词人工确认","例句/译文尚未人工逐词审校"
"A2","pasient","名词","看医生与就医","NTNU LearnNoW; NorweigenLearn 当前词库","病人；患者；接受医疗照护的人","en pasient · pasienten · pasienter · pasientene / pasienten, pasienter, pasientene","Pasienten venter på legen på venterommet. / Sykehuset tar imot mange pasienter hver dag.","患者正在候诊室等医生。 / 医院每天接收许多患者。","2","A2","true","true","词典核验：词头/词性/核心义项","Bokmålsordboka","https://ordbokene.no/bm/pasient","2026-09-24","","true","词头与列出词形匹配","课程候选等级；尚未逐词人工确认","例句/译文尚未人工逐词审校"
"A2","pilot","名词","职业与交通","NTNU LearnNoW; NorweigenLearn 当前词库","飞行员；驾驶飞机的人","en pilot · piloten · piloter · pilotene / piloten, piloter, pilotene","Piloten ønsket passasjerene velkommen om bord. / Hun utdanner seg til pilot i Norge.","飞行员欢迎乘客登机。 / 她正在挪威接受飞行员培训。","2","A2","true","true","词典核验：词头/词性/核心义项","Bokmålsordboka","https://ordbokene.no/bm/pilot","2026-09-24","","true","词头与列出词形匹配","课程候选等级；尚未逐词人工确认","例句/译文尚未人工逐词审校"
"A2","planlegge","动词","计划与安排 / 未来计划与目标","NTNU LearnNoW; NorweigenLearn 当前词库","计划；筹划；安排","å planlegge · planlegger · planla · planlagt / planlegger, planla, har planlagt","Vi planlegger å besøke familien i helgen. / Hun planla reisen i god tid.","我们计划周末去探望家人。 / 她提前很久就规划好了旅程。","2","A2","true","true","词典核验：词头/词性/核心义项","Bokmålsordboka","https://ordbokene.no/eng/search?dict=bm&q=planlegger&scope=eif","2026-09-24","","true","词头与列出词形匹配","课程候选等级；尚未逐词人工确认","例句/译文尚未人工逐词审校"
"A2","planlegging","名词","计划与安排","NTNU LearnNoW; NorweigenLearn 当前词库","规划；计划；筹划过程","en planlegging · planleggingen / planlegginga · planlegginger · planleggingene / planlegginga, planlegginger, planleggingene","God planlegging gjør flyttingen enklere. / Planleggingen av kurset begynner neste uke.","良好的规划会让搬家更轻松。 / 课程的筹备工作下周开始。","2","A2","true","true","词典核验：词头/词性/核心义项","Bokmålsordboka","https://ordbokene.no/bm/planlegging","2026-09-24","","true","词头与列出词形匹配","课程候选等级；尚未逐词人工确认","例句/译文尚未人工逐词审校"
"A2","planleggingsperiode","名词","计划与项目","NTNU LearnNoW; NorweigenLearn 当前词库","规划期；计划阶段；规划时间段","en planleggingsperiode · planleggingsperioden · planleggingsperioder · planleggingsperiodene / planleggingsperioden, planleggingsperioder, planleggingsperiodene","I planleggingsperioden møtes gruppa hver uke. / Vi trenger en lengre planleggingsperiode før byggingen starter.","在规划阶段，小组每周碰一次面。 / 开工前我们需要更长的规划期。","2","A2","true","true","词典核验：词头/词性/核心义项","Bokmålsordboka","https://ordbokene.no/bm/planleggingsperiode","2026-09-24","","false","透明复合词词形匹配中心词","课程候选等级；尚未逐词人工确认","例句/译文尚未人工逐词审校"
"A2","plaster","名词","急救与日常用品","NTNU LearnNoW; NorweigenLearn 当前词库","创可贴；伤口敷贴；膏药（依语境）","et plaster · plasteret · plaster / plastre · plastera / plastrene","Jeg satte et plaster på fingeren. / Har du flere plaster i skapet?","我在手指上贴了一张创可贴。 / 柜子里还有创可贴吗？","2","A2","true","true","词典核验：词头/词性/核心义项","Bokmålsordboka","https://ordbokene.no/bm/plaster","2026-09-24","2026-09-24","true","词头与列出词形匹配","课程候选等级；尚未逐词人工确认","例句/译文已人工审校"
"A2","pleie","动词","照护与健康","NTNU LearnNoW; NorweigenLearn 当前词库","照料；护理；经常/通常做（固定搭配）","å pleie · pleier · pleide · pleid / pleier, pleide, har pleid","Hun pleier å gå en tur etter middag. / Sykepleieren pleier såret hver dag.","她通常晚饭后散步。 / 护士每天护理伤口。","2","A2","true","true","词典核验：词头/词性/核心义项","Bokmålsordboka","https://ordbokene.no/bm/pleie","2026-09-24","","true","词头与列出词形匹配","课程候选等级；尚未逐词人工确认","例句/译文尚未人工逐词审校"
"A2","popstjerne","名词","音乐与娱乐","NTNU LearnNoW; NorweigenLearn 当前词库","流行歌星；流行音乐明星","en popstjerne · popstjernen · popstjerner · popstjernene / popstjerna, popstjerner, popstjernene","Den unge popstjerna ga ut en ny sang. / Flere popstjerner opptrådte på festivalen.","这位年轻的流行歌星发行了一首新歌。 / 几位流行歌星在音乐节上演出。","2","A2","true","true","词典核验：词头/词性/核心义项","Bokmålsordboka","https://ordbokene.no/bm/popstjerne","2026-09-24","","true","词头与列出词形匹配","课程候选等级；尚未逐词人工确认","例句/译文尚未人工逐词审校"
"A2","presentasjon","名词","表达与展示","NTNU LearnNoW; NorweigenLearn 当前词库","介绍；展示；演讲；汇报","en presentasjon · presentasjonen · presentasjoner · presentasjonene / presentasjonen, presentasjoner, presentasjonene","Jeg skal holde en presentasjon om norsk arbeidsliv. / Presentasjonen varer i ti minutter.","我要做一个关于挪威职场的介绍。 / 这场汇报持续十分钟。","2","A2","true","true","词典核验：词头/词性/核心义项","Bokmålsordboka","https://ordbokene.no/bm/presentasjon","2026-09-24","","true","词头与列出词形匹配","课程候选等级；尚未逐词人工确认","例句/译文尚未人工逐词审校"
"A2","presentere","动词","表达与展示","NTNU LearnNoW; NorweigenLearn 当前词库","介绍；呈现；展示；作报告","å presentere · presenterer · presenterte · presentert / presenterer, presenterte, har presentert","Hun presenterte forslaget for kollegene. / La meg presentere meg: Jeg heter Anna.","她向同事们介绍了这个提议。 / 请允许我自我介绍：我叫安娜。","2","A2","true","true","词典核验：词头/词性/核心义项","Bokmålsordboka","https://ordbokene.no/bm/presentere","2026-09-24","","true","词头与列出词形匹配","课程候选等级；尚未逐词人工确认","例句/译文尚未人工逐词审校"
"A2","profesjonell","形容词","工作与评价","NTNU LearnNoW; NorweigenLearn 当前词库","专业的；职业的；专业人员（依语境）","profesjonell · profesjonelt · profesjonelle · mer profesjonell · mest profesjonell / profesjonelt, profesjonelle","Vi fikk profesjonell hjelp med flyttingen. / Hun opptrådte rolig og profesjonelt på møtet.","我们搬家时得到了专业帮助。 / 她在会议上表现得冷静而专业。","2","A2","true","true","词典核验：词头/词性/核心义项","Bokmålsordboka","https://ordbokene.no/bm/profesjonell","2026-09-24","","true","基本词形匹配；比较级形式另核","课程候选等级；尚未逐词人工确认","例句/译文尚未人工逐词审校"
"A2","prosjektdokument","名词","计划与项目","NTNU LearnNoW; NorweigenLearn 当前词库","项目文件；项目文档","et prosjektdokument · prosjektdokumentet · prosjektdokumenter · prosjektdokumentene / prosjektdokumentet, prosjektdokumenter, prosjektdokumentene","Vi skriver et prosjektdokument før vi starter arbeidet. / Prosjektdokumentet beskriver målene og tidsplanen.","我们在开始工作前先写一份项目文档。 / 项目文件说明了目标和时间表。","2","A2","true","true","词典核验：词头/词性/核心义项","Bokmålsordboka","https://ordbokene.no/bm/prosjektdokument","2026-09-24","","false","透明复合词词形匹配中心词","课程候选等级；尚未逐词人工确认","例句/译文尚未人工逐词审校"
"A2","prosjektleder","名词","工作与职业","NTNU LearnNoW; NorweigenLearn 当前词库","项目经理；项目负责人","en prosjektleder · prosjektlederen · prosjektledere · prosjektlederne / prosjektlederen, prosjektledere, prosjektlederne","Prosjektlederen inviterte alle til et planleggingsmøte. / De trenger en prosjektleder med erfaring.","项目经理邀请所有人参加计划会议。 / 他们需要一位有经验的项目负责人。","2","A2","true","true","词典核验：词头/词性/核心义项","Bokmålsordboka","https://ordbokene.no/bm/prosjektleder","2026-09-24","","true","词头与列出词形匹配","课程候选等级；尚未逐词人工确认","例句/译文尚未人工逐词审校"
"A2","redd","形容词","情绪与感受","NTNU LearnNoW; NorweigenLearn 当前词库","害怕的；恐惧的；担心的","redd · redd · redde · reddere · reddest / reddeste / redd, redde","Barnet er redd for hunder. / Jeg er redd for at vi kommer for sent.","孩子害怕狗。 / 我担心我们会迟到。","2","A2","true","true","词典核验：词头/词性/核心义项","Bokmålsordboka","https://ordbokene.no/bm/redd","2026-09-24","","true","词头与列出词形匹配","课程候选等级；尚未逐词人工确认","例句/译文尚未人工逐词审校"
"A2","regntøy","名词","衣物与天气","NTNU LearnNoW; NorweigenLearn 当前词库","雨衣裤；防雨衣物；雨具（集合）","et regntøy · regntøyet / regntøyet, regntøy, regntøyene","Barna må ha på seg regntøy i barnehagen. / Regntøyet henger til tørk i gangen.","孩子们在幼儿园必须穿上雨具。 / 雨具挂在门厅晾干。","2","A2","true","true","词典核验：词头/词性/核心义项","Bokmålsordboka","https://ordbokene.no/bm/regnt%C3%B8y","2026-09-24","","true","词头与列出词形匹配","课程候选等级；尚未逐词人工确认","例句/译文尚未人工逐词审校"
"A2","samarbeide","动词","合作与沟通","NTNU LearnNoW; NorweigenLearn 当前词库","合作；协作；共同工作","å samarbeide · samarbeider · samarbeidet · samarbeidet / samarbeider, samarbeidet, har samarbeidet","Foreldrene samarbeider med skolen om barnas læring. / Vi samarbeidet godt under hele prosjektet.","家长与学校合作促进孩子的学习。 / 整个项目期间我们合作得很好。","2","A2","true","true","词典核验：词头/词性/核心义项","Bokmålsordboka","https://ordbokene.no/bm/samarbeide","2026-09-24","","true","词头与列出词形匹配","课程候选等级；尚未逐词人工确认","例句/译文尚未人工逐词审校"
"A2","samfunn","名词","社会与公共生活","NTNU LearnNoW; NorweigenLearn 当前词库","社会；共同体；社会体系","et samfunn · samfunnet · samfunn · samfunnene / samfunnet, samfunn, samfunnene","Språket gjør det lettere å delta i samfunnet. / Samfunnet har endret seg mye de siste årene.","掌握语言会让人更容易参与社会生活。 / 近几年社会发生了很大变化。","2","A2","true","true","词典核验：词头/词性/核心义项","Bokmålsordboka","https://ordbokene.no/bm/samfunn","2026-09-24","","true","词头与列出词形匹配","课程候选等级；尚未逐词人工确认","例句/译文尚未人工逐词审校"
"A2","sånn","副词","表达与方式","NTNU LearnNoW; NorweigenLearn 当前词库","这样；那样；如此（口语）","sånn","Du kan fylle ut skjemaet sånn. / Sånn, nå er vi ferdige.","你可以这样填写表格。 / 好了，这样我们就完成了。","2","A2","true","true","词典核验：词头/词性/核心义项","Bokmålsordboka","https://ordbokene.no/bm/s%C3%A5nn","2026-09-24","","true","词头与列出词形匹配","课程候选等级；尚未逐词人工确认","例句/译文尚未人工逐词审校"
"A2","sekk","名词","包袋与出行","NTNU LearnNoW; NorweigenLearn 当前词库","背包；袋子；麻袋（依语境）","en sekk · sekken · sekker · sekkene / sekken, sekker, sekkene","Jeg pakker sekken før fjellturen. / Det står en sekk med poteter i kjelleren.","我在登山前收拾背包。 / 地下室里有一袋土豆。","2","A2","true","true","词典核验：词头/词性/核心义项","Bokmålsordboka","https://ordbokene.no/bm/sekk","2026-09-24","","true","词头与列出词形匹配","课程候选等级；尚未逐词人工确认","例句/译文尚未人工逐词审校"
"A2","selger","名词","职业与购物","NTNU LearnNoW; NorweigenLearn 当前词库","销售员；售货员；销售人员","en selger · selgeren · selgere · selgerne / selgeren, selgere, selgerne","Selgeren hjalp meg med å finne riktig størrelse. / Butikken søker to nye selgere.","售货员帮我找到了合适的尺码。 / 商店正在招聘两名新销售员。","2","A2","true","true","词典核验：词头/词性/核心义项","Bokmålsordboka","https://ordbokene.no/bm/selger","2026-09-24","","true","词头与列出词形匹配","课程候选等级；尚未逐词人工确认","例句/译文尚未人工逐词审校"
"A2","selvsagt","形容词","表达与强调","NTNU LearnNoW; NorweigenLearn 当前词库","当然的；不言而喻的；理所当然的","selvsagt · selvsagt · selvsagte · mer selvsagt · mest selvsagt / selvsagt, selvsagte","Det er selvsagt at alle må få si sin mening. / Hun tok det selvsagte valget og ringte legen.","当然，每个人都应该有机会表达自己的意见。 / 她做出了理所当然的选择，给医生打了电话。","2","A2","true","true","词典核验：词头/词性/核心义项","Bokmålsordboka","https://ordbokene.no/bm/selvsagt","2026-09-24","","true","基本词形匹配；比较级形式另核","课程候选等级；尚未逐词人工确认","例句/译文尚未人工逐词审校"
"A2","senter","名词","城市与购物","NTNU LearnNoW; NorweigenLearn 当前词库","中心；购物中心；服务中心（依语境）","et senter · senteret · sentre · sentrene / senteret, senter, sentrene","Vi møtes på senteret etter jobb. / Kommunen har åpnet et nytt helsesenter.","我们下班后在购物中心见。 / 市政府开设了一家新的健康中心。","2","A2","true","true","词典核验：词头/词性/核心义项","Bokmålsordboka","https://ordbokene.no/bm/senter","2026-09-24","","true","词头与列出词形匹配","课程候选等级；尚未逐词人工确认","例句/译文尚未人工逐词审校"
"A2","servitør","名词","餐饮与服务","NTNU LearnNoW; NorweigenLearn 当前词库","服务员；餐厅侍者","en servitør · servitøren · servitører · servitørene / servitøren, servitører, servitørene","Servitøren kom med menyen og tok bestillingen. / Vi takket servitørene før vi gikk.","服务员拿来菜单并记下了点单。 / 离开前我们向服务员们道了谢。","2","A2","true","true","词典核验：词头/词性/核心义项","Bokmålsordboka","https://ordbokene.no/bm/servit%C3%B8r","2026-09-24","","true","词头与列出词形匹配","课程候选等级；尚未逐词人工确认","例句/译文尚未人工逐词审校"
"A2","sete","名词","交通与设施","NTNU LearnNoW; NorweigenLearn 当前词库","座位；座椅；席位（依语境）","et sete · setet · seter · setene / setet, seter, setene","Kan jeg få et sete ved vinduet? / Alle setene på toget var opptatt.","我可以要一个靠窗的座位吗？ / 火车上所有座位都有人了。","2","A2","true","true","词典核验：词头/词性/核心义项","Bokmålsordboka","https://ordbokene.no/bm/sete","2026-09-24","","true","词头与列出词形匹配","课程候选等级；尚未逐词人工确认","例句/译文尚未人工逐词审校"
"A2","sikker","形容词","安全与确定","NTNU LearnNoW; NorweigenLearn 当前词库","安全的；确定的；有把握的；可靠的；（副词）很可能/稳妥地","sikker · sikkert · sikre · sikrere · sikrest / sikreste / sikkert, sikre","Er du sikker på at bussen går nå? / Hun kommer sikkert litt senere.","你确定公交车现在发车吗？ / 她很可能会晚一点来。","2","A2","true","true","词典核验：词头/词性/核心义项","Bokmålsordboka","https://ordbokene.no/bm/sikker","2026-09-24","","true","词头与列出词形匹配","课程候选等级；尚未逐词人工确认","例句/译文尚未人工逐词审校"
"A2","skjema","名词","办事与文件","NTNU LearnNoW; NorweigenLearn 当前词库","表格；申请表；表单","et skjema · skjemaet · skjemaer · skjemaene / skjemaet, skjema, skjemaene","Du må fylle ut dette skjemaet før timen. / Kommunen har lagt ut skjemaene på nettsiden.","你必须在预约时间前填写这张表。 / 市政府已把这些表格放到网站上。","2","A2","true","true","词典核验：词头/词性/核心义项","Bokmålsordboka","https://ordbokene.no/bm/skjema","2026-09-24","","true","词头与列出词形匹配","课程候选等级；尚未逐词人工确认","例句/译文尚未人工逐词审校"
"A2","slik","副词","表达与方式","NTNU LearnNoW; NorweigenLearn 当前词库","这样；如此；像这样","slik","Fyll ut skjemaet slik at alle feltene er med. / Hun viste meg hvordan jeg skulle gjøre det, og jeg gjorde slik.","请按这种方式填写表格，确保所有栏目都填上。 / 她给我示范了该怎么做，我就照着做了。","2","A2","true","true","词典核验：词头/词性/核心义项","Bokmålsordboka","https://ordbokene.no/bm/slik","2026-09-24","","true","词头与列出词形匹配","课程候选等级；尚未逐词人工确认","例句/译文尚未人工逐词审校"
"A2","snu","动词","方向与动作","NTNU LearnNoW; NorweigenLearn 当前词库","转身；转向；翻转；掉头","å snu · snur · snudde · snudd / snur, snudde, har snudd","Jeg snudde meg da noen ropte navnet mitt. / Sjåføren snudde bilen ved neste gate.","有人喊我的名字时，我转过了身。 / 司机在下一条街掉头了。","2","A2","true","true","词典核验：词头/词性/核心义项","Bokmålsordboka","https://ordbokene.no/bm/snu","2026-09-24","","true","词头与列出词形匹配","课程候选等级；尚未逐词人工确认","例句/译文尚未人工逐词审校"
"A2","spent","形容词","情绪与感受","NTNU LearnNoW; NorweigenLearn 当前词库","期待的；兴奋紧张的；绷紧的","spent · spent · spente · mer spent · mest spent / spent, spente","Barna er spent på hva som er i pakken. / Hun var spent før jobbintervjuet.","孩子们很期待知道包裹里是什么。 / 她面试前既期待又紧张。","2","A2","true","true","词典核验：词头/词性/核心义项","Bokmålsordboka","https://ordbokene.no/bm/spent","2026-09-24","","true","基本词形匹配；比较级形式另核","课程候选等级；尚未逐词人工确认","例句/译文尚未人工逐词审校"
"A2","spørsmål","名词","提问与交流","NTNU LearnNoW; NorweigenLearn 当前词库","问题；疑问；提问","et spørsmål · spørsmålet · spørsmål · spørsmålene / spørsmålet, spørsmål, spørsmålene","Kan jeg stille et spørsmål om oppgaven? / Læreren svarte på alle spørsmålene.","我可以问一个关于作业的问题吗？ / 老师回答了所有问题。","2","A2","true","true","词典核验：词头/词性/核心义项","Bokmålsordboka","https://ordbokene.no/bm/sp%C3%B8rsm%C3%A5l","2026-09-24","","true","词头与列出词形匹配","课程候选等级；尚未逐词人工确认","例句/译文尚未人工逐词审校"
"A2","starte","动词","开始与结束 / 未来计划与目标","NTNU LearnNoW; NorweigenLearn 当前词库","开始；启动；着手；发动","å starte · starter · startet / starta · startet / starta / starter, startet, har startet","Kurset starter neste mandag. / Han startet en ny jobb i august.","课程下周一开始。 / 他八月开始了一份新工作。","2","A2","true","true","词典核验：词头/词性/核心义项","Bokmålsordboka","https://ordbokene.no/bm/starte","2026-09-24","","true","词头与列出词形匹配","课程候选等级；尚未逐词人工确认","例句/译文尚未人工逐词审校"
"A2","stikke","动词","动作与出行","NTNU LearnNoW; NorweigenLearn 当前词库","刺；戳；迅速离开/去一趟（依短语）","å stikke · stikker · stakk · stukket / stikker, stakk, har stukket","Jeg stikker innom deg etter jobb. / Han stakk hull på ballongen.","我下班后顺路去你那儿一下。 / 他把气球戳破了。","2","A2","true","true","词典核验：词头/词性/核心义项","Bokmålsordboka","https://ordbokene.no/nob/search?dict=bm&q=stikke+i&scope=eif","2026-09-24","","true","词头与列出词形匹配","课程候选等级；尚未逐词人工确认","例句/译文尚未人工逐词审校"
"A2","stolt","形容词","情感与成就","NTNU LearnNoW; NorweigenLearn 当前词库","自豪的；骄傲的；引以为荣的","stolt · stolt · stolte · stoltere · stoltest / stolteste / stolt, stolte","Jeg er stolt av datteren min. / De var stolte over arbeidet de hadde gjort.","我为女儿感到骄傲。 / 他们为自己完成的工作感到自豪。","2","A2","true","true","词典核验：词头/词性/核心义项","Bokmålsordboka","https://ordbokene.no/bm/stolt","2026-09-24","","true","词头与列出词形匹配","课程候选等级；尚未逐词人工确认","例句/译文尚未人工逐词审校"
"A2","støvel","名词","衣物与天气","NTNU LearnNoW; NorweigenLearn 当前词库","靴子；长筒靴；防水靴","en støvel · støvelen · støvler · støvlene / støvelen, støvler, støvlene","Barna tok på seg støvlene før de gikk ut i regnet. / Jeg trenger en varm støvel til vinteren.","孩子们出门淋雨前穿上了靴子。 / 我需要一只适合冬天穿的保暖靴。","2","A2","true","true","词典核验：词头/词性/核心义项","Bokmålsordboka","https://ordbokene.no/nob/search?dict=bm&q=st%C3%B8vler&scope=eif","2026-09-24","","true","词头与列出词形匹配","课程候选等级；尚未逐词人工确认","例句/译文尚未人工逐词审校"
"A2","stress","名词","压力与健康","NTNU LearnNoW; NorweigenLearn 当前词库","压力；紧张状态；匆忙忙乱","et stress · stresset · stress · stressene / stresset","Det er mye stress på jobben før fristen. / Hun prøver å redusere stresset i hverdagen.","截止日期前工作压力很大。 / 她在努力减少日常生活中的压力。","2","A2","true","true","词典核验：词头/词性/核心义项","Bokmålsordboka","https://ordbokene.no/bm/stress","2026-09-24","","true","词头与列出词形匹配","课程候选等级；尚未逐词人工确认","例句/译文尚未人工逐词审校"
"A2","stressende","形容词","描述与压力","NTNU LearnNoW; NorweigenLearn 当前词库","令人有压力的；紧张忙碌的；令人焦虑的","stressende · stressende · stressende · mer stressende · mest stressende / stressende, stressende","Det var en stressende morgen før vi kom oss av gårde. / Vi prøver å gjøre arbeidsdagen mindre stressende.","出门前的那个早晨忙得让人很有压力。 / 我们在努力让工作日没那么紧张。","2","A2","true","true","词典核验：词头/词性/核心义项","Bokmålsordboka","https://ordbokene.no/bm/stressende","2026-09-24","","true","基本词形匹配；比较级形式另核","课程候选等级；尚未逐词人工确认","例句/译文尚未人工逐词审校"
"A2","stund","名词","时间与日常","NTNU LearnNoW; NorweigenLearn 当前词库","一会儿；一段时间；片刻","en stund · stunden · stunder · stundene / stunden, stunder, stundene","Jeg ringer deg om en liten stund. / Vi satt stille en stund etter møtet.","我过一小会儿给你打电话。 / 会议结束后我们静静坐了一会儿。","2","A2","true","true","词典核验：词头/词性/核心义项","Bokmålsordboka","https://ordbokene.no/bm/stund","2026-09-24","","true","词头与列出词形匹配","课程候选等级；尚未逐词人工确认","例句/译文尚未人工逐词审校"
"A2","svimmel","形容词","身体与症状","NTNU LearnNoW; NorweigenLearn 当前词库","头晕的；眩晕的；感到天旋地转的","svimmel · svimmelt · svimle · mer svimmel · mest svimmel / svimmelt, svimle","Jeg blir svimmel hvis jeg reiser meg for fort. / Barnet var svimmelt etter karusellturen.","如果我起身太快，就会头晕。 / 坐完旋转木马后，孩子觉得头晕。","2","A2","true","true","词典核验：词头/词性/核心义项","Bokmålsordboka","https://ordbokene.no/bm/svimmel","2026-09-24","","true","基本词形匹配；比较级形式另核","课程候选等级；尚未逐词人工确认","例句/译文尚未人工逐词审校"
"A2","syk","形容词","身体与症状","NTNU LearnNoW; NorweigenLearn 当前词库","生病的；患病的；不舒服的","syk · sykt · syke · sykere · sykest / sykeste / sykt, syke","Barnet er sykt og blir hjemme fra skolen. / Jeg ble syk etter helgen.","孩子生病了，今天待在家里不上学。 / 我周末后病倒了。","2","A2","true","true","词典核验：词头/词性/核心义项","Bokmålsordboka","https://ordbokene.no/bm/syk","2026-09-24","","true","词头与列出词形匹配","课程候选等级；尚未逐词人工确认","例句/译文尚未人工逐词审校"
"A2","sykdom","名词","疾病与症状","NTNU LearnNoW; NorweigenLearn 当前词库","疾病；病症；患病状态","en sykdom · sykdommen · sykdommer · sykdommene / sykdommen, sykdommer, sykdommene","Legen forklarte hvordan sykdommen behandles. / Noen sykdommer kan forebygges med vaksine.","医生解释了这种疾病如何治疗。 / 有些疾病可以通过疫苗预防。","2","A2","true","true","词典核验：词头/词性/核心义项","Bokmålsordboka","https://ordbokene.no/bm/sykdom","2026-09-24","","true","词头与列出词形匹配","课程候选等级；尚未逐词人工确认","例句/译文尚未人工逐词审校"
"A2","tall","名词","数字与数量","NTNU LearnNoW; NorweigenLearn 当前词库","数字；数值；数量；统计数据（依语境）","et tall · tallet · tall · tallene / tallet, tall, tallene","Skriv tallet med bokstaver. / Undersøkelsen viser høye tall for bruk av kollektivtransport.","请用字母把这个数字写出来。 / 调查显示公共交通使用量很高。","2","A2","true","true","词典核验：词头/词性/核心义项","Bokmålsordboka","https://ordbokene.no/bm/tall","2026-09-24","","true","词头与列出词形匹配","课程候选等级；尚未逐词人工确认","例句/译文尚未人工逐词审校"
"A2","telefonnummer","名词","个人信息与联系","NTNU LearnNoW; NorweigenLearn 当前词库","电话号码；联系电话","et telefonnummer · telefonnummeret · telefonnumre / telefonnummer · telefonnumrene / telefonnumrene / telefonnummeret, telefonnummer, telefonnumrene","Kan du skrive telefonnummeret ditt her? / Kontoret har to telefonnumre.","你能把你的电话号码写在这里吗？ / 办公室有两个电话号码。","2","A2","true","true","词典核验：词头/词性/核心义项","Bokmålsordboka","https://ordbokene.no/bm/telefonnummer","2026-09-24","","true","词头与列出词形匹配","课程候选等级；尚未逐词人工确认","例句/译文尚未人工逐词审校"
"A2","termos","名词","户外与饮品","NTNU LearnNoW; NorweigenLearn 当前词库","保温瓶；暖水瓶；保温壶","en termos · termosen · termoser · termosene / termosen, termoser, termosene","Jeg fylte termosen med varm kaffe før fjellturen. / Hun tok med en termos med kakao til barna.","山地徒步前，我把保温瓶装满了热咖啡。 / 她给孩子们带了一壶热可可。","2","A2","true","true","词典核验：词头/词性/核心义项","Bokmålsordboka","https://ordbokene.no/bm/termos","2026-09-24","","true","词头与列出词形匹配","课程候选等级；尚未逐词人工确认","例句/译文尚未人工逐词审校"
"A2","tidsfrist","名词","时间与工作安排","NTNU LearnNoW; NorweigenLearn 当前词库","截止日期；最后期限；期限","en tidsfrist · tidsfristen · tidsfrister · tidsfristene / tidsfristen, tidsfrister, tidsfristene","Tidsfristen for oppgaven er på fredag. / Vi må levere rapporten før fristen.","这项作业的截止日期是星期五。 / 我们必须在截止时间前交报告。","2","A2","true","true","词典核验：词头/词性/核心义项","Bokmålsordboka","https://ordbokene.no/bm/tidsfrist","2026-09-24","","true","词头与列出词形匹配","课程候选等级；尚未逐词人工确认","例句/译文尚未人工逐词审校"
"A2","undersøkelse","名词","检查与调查","NTNU LearnNoW; NorweigenLearn 当前词库","检查；体检；调查；研究（依语境）","en undersøkelse · undersøkelsen · undersøkelser · undersøkelsene / undersøkelsen, undersøkelser, undersøkelsene","Legen gjorde en undersøkelse av kneet. / Undersøkelsen viser at mange reiser med buss.","医生检查了膝盖。 / 调查显示很多人乘公交出行。","2","A2","true","true","词典核验：词头/词性/核心义项","Bokmålsordboka","https://ordbokene.no/bm/unders%C3%B8kelse","2026-09-24","","true","词头与列出词形匹配","课程候选等级；尚未逐词人工确认","例句/译文尚未人工逐词审校"
"A2","utdanning","名词","教育与职业","NTNU LearnNoW; NorweigenLearn 当前词库","教育；学历；所受培训；教育背景","en utdanning · utdanningen / utdanninga · utdanninger · utdanningene / utdanninga, utdanninger, utdanningene","Hun tar en utdanning innenfor helse. / Arbeidsgiveren spurte om utdanningen min.","她正在接受医疗健康领域的专业教育。 / 雇主询问了我的教育背景。","2","A2","true","true","词典核验：词头/词性/核心义项","Bokmålsordboka","https://ordbokene.no/bm/utdanning","2026-09-24","","true","词头与列出词形匹配","课程候选等级；尚未逐词人工确认","例句/译文尚未人工逐词审校"
"A2","utfordring","名词","问题与成长 / 未来计划与目标","NTNU LearnNoW; NorweigenLearn 当前词库","挑战；难题；具有挑战性的任务","en utfordring · utfordringen · utfordringer · utfordringene / utfordringa, utfordringer, utfordringene","Det var en utfordring å snakke norsk på møtet. / Hun tok utfordringen og søkte på jobben.","在会议上说挪威语是一项挑战。 / 她接受了挑战并申请了这份工作。","2","A2","true","true","词典核验：词头/词性/核心义项","Bokmålsordboka","https://ordbokene.no/bm/utfordring","2026-09-24","","true","词头与列出词形匹配","课程候选等级；尚未逐词人工确认","例句/译文尚未人工逐词审校"
"A2","veileder","名词","学习与指导","NTNU LearnNoW; NorweigenLearn 当前词库","指导老师；导师；顾问；指南（依语境）","en veileder · veilederen · veiledere · veilederne / veilederen, veiledere, veilederne","Jeg skal snakke med veilederen om studievalget. / Kommunen har en veileder for nye innbyggere.","我要和导师谈谈选课 / 专业选择。 / 市政府有一份面向新居民的指南。","2","A2","true","true","词典核验：词头/词性/核心义项","Bokmålsordboka","https://ordbokene.no/bm/veileder","2026-09-24","","true","词头与列出词形匹配","课程候选等级；尚未逐词人工确认","例句/译文尚未人工逐词审校"
"A2","velge","动词","选择与决定 / 待归类","NTNU LearnNoW; NorweigenLearn 当前词库","选择；挑选；选定","å velge · velger · valgte · valgt / velger, valgte, har valgt","Du kan velge mellom te og kaffe. / Hun valgte den blå kjolen.","你可以在茶和咖啡之间选择。 / 她选了那条蓝色连衣裙。","2","A2","true","true","词典核验：词头/词性/核心义项","Bokmålsordboka","https://ordbokene.no/bm/velge","2026-09-24","","true","词头与列出词形匹配","课程候选等级；尚未逐词人工确认","例句/译文尚未人工逐词审校"
"A2","vikar","名词","工作与学校","NTNU LearnNoW; NorweigenLearn 当前词库","代班人员；临时替班者；代课老师（依语境）","en vikar · vikaren · vikarer · vikarene / vikaren, vikarer, vikarene","Skolen har en vikar for læreren i dag. / Vikaren kjenner ikke alle elevene ennå.","学校今天安排了一位老师的代课老师。 / 这位代课老师还不认识所有学生。","2","A2","true","true","词典核验：词头/词性/核心义项","Bokmålsordboka","https://ordbokene.no/bm/vikar","2026-09-24","","true","词头与列出词形匹配","课程候选等级；尚未逐词人工确认","例句/译文尚未人工逐词审校"
"A2","vikarbyrå","名词","工作与招聘","NTNU LearnNoW; NorweigenLearn 当前词库","临时用工机构；派遣机构；临时替班中介","et vikarbyrå · vikarbyrået · vikarbyråer · vikarbyråene / vikarbyrået, vikarbyråer, vikarbyråene","Hun fikk et vikariat gjennom et vikarbyrå. / Vikarbyrået sendte en person til sykehjemmet.","她通过一家临时用工机构找到了一份临时替班工作。 / 派遣机构给养老院派去了一名员工。","2","A2","true","true","词典核验：词头/词性/核心义项","Bokmålsordboka","https://ordbokene.no/bm/vikarbyr%C3%A5","2026-09-24","","true","词头与列出词形匹配","课程候选等级；尚未逐词人工确认","例句/译文尚未人工逐词审校"
"A2","yrke","名词","工作与职业","NTNU LearnNoW; NorweigenLearn 当前词库","职业；行业；专业工作","et yrke · yrket · yrker · yrkene / yrket, yrker, yrkene","Hun vil velge et yrke der hun kan hjelpe mennesker. / Lærer er et viktig yrke.","她想选择一份能够帮助他人的职业。 / 教师是一份重要的职业。","2","A2","true","true","词典核验：词头/词性/核心义项","Bokmålsordboka","https://ordbokene.no/bm/yrke","2026-09-24","","true","词头与列出词形匹配","课程候选等级；尚未逐词人工确认","例句/译文尚未人工逐词审校"
"A2","dessert","名词","饮食与用餐","NTNU LearnNoW; NTNU NoW1; NorweigenLearn 当前词库","甜点；餐后甜食","desserten, desserter, dessertene / en dessert · desserten · desserter · dessertene","Vil du ha dessert etter middagen? / Dagens dessert er sjokoladekake med is.","晚饭后你想吃甜点吗？ / 今日甜点是巧克力蛋糕配冰淇淋。","2","A2","true","true","词典核验：词头/词性/核心义项","Bokmålsordboka","https://ordbokene.no/bm/dessert","2026-09-24","","true","词头与列出词形匹配","课程候选等级；尚未逐词人工确认","例句/译文尚未人工逐词审校"
"A2","feire","动词","礼物与庆祝","NTNU LearnNoW; NTNU NoW1; NorweigenLearn 当前词库","庆祝；纪念；欢庆","å feire · feirer · feiret / feira · feiret / feira / feirer, feiret, har feiret","Vi feirer bursdagen hennes på lørdag. / De feiret at sønnen hadde bestått eksamen.","我们星期六庆祝她的生日。 / 他们庆祝儿子通过了考试。","2","A2","true","true","词典核验：词头/词性/核心义项","Bokmålsordboka","https://ordbokene.no/bm/feire","2026-09-24","","true","词头与列出词形匹配","课程候选等级；尚未逐词人工确认","例句/译文尚未人工逐词审校"
"A2","flagg","名词","国家与标志","NTNU LearnNoW; NTNU NoW1; NorweigenLearn 当前词库","旗；旗帜；国旗","et flagg · flagget · flagg · flaggene / flagget, flagg, flaggene","De heiser det norske flagget på 17. mai. / Det henger flagg utenfor skolen.","他们在 5 月 17 日升起挪威国旗。 / 学校外面挂着旗帜。","2","A2","true","true","词典核验：词头/词性/核心义项","Bokmålsordboka","https://ordbokene.no/bm/flagg","2026-09-24","","true","词头与列出词形匹配","课程候选等级；尚未逐词人工确认","例句/译文尚未人工逐词审校"
"A2","fredag","名词","星期与安排","NTNU LearnNoW; NTNU NoW1; NorweigenLearn 当前词库","星期五；一个星期五","en fredag · fredagen · fredager · fredagene / fredagen, fredager, fredagene","Vi skal besøke bestemor på fredag. / Jeg jobber hjemmefra hver fredag.","我们星期五要去看望奶奶。 / 我每周五在家办公。","2","A2","true","true","词典核验：词头/词性/核心义项","Bokmålsordboka","https://ordbokene.no/bm/fredag","2026-09-24","","true","词头与列出词形匹配","课程候选等级；尚未逐词人工确认","例句/译文尚未人工逐词审校"
"A2","hovedstad","名词","国家与城市","NTNU LearnNoW; NTNU NoW1; NorweigenLearn 当前词库","首都","en hovedstad · hovedstaden · hovedsteder · hovedstedene / hovedstaden, hovedstader, hovedstadene","Oslo er hovedstaden i Norge. / Vi besøkte flere hovedsteder på reisen.","奥斯陆是挪威的首都。 / 旅行中我们参观了好几个首都。","2","A2","true","true","词典核验：词头/词性/核心义项","Bokmålsordboka","https://ordbokene.no/bm/hovedstad","2026-09-24","","true","词头与列出词形匹配","课程候选等级；尚未逐词人工确认","例句/译文尚未人工逐词审校"
"A2","jul","名词","节日与庆祝","NTNU LearnNoW; NTNU NoW1; NorweigenLearn 当前词库","圣诞节；圣诞节期间","en jul · jula / julen · juler · julene / jula, juler, julene","Vi skal feire jul sammen med familien. / Butikkene har kortere åpningstid i jula.","我们要和家人一起过圣诞节。 / 商店在圣诞节期间营业时间更短。","2","A2","true","true","词典核验：词头/词性/核心义项","Bokmålsordboka","https://ordbokene.no/nno/search?dict=bm%2Cnn&q=+jul&scope=eif","2026-09-24","","true","词头与列出词形匹配","课程候选等级；尚未逐词人工确认","例句/译文尚未人工逐词审校"
"A2","julaften","名词","节日与庆祝","NTNU LearnNoW; NTNU NoW1; NorweigenLearn 当前词库","圣诞前夜；平安夜（挪威通常指12月24日）","en julaften · julaftenen · julaftener · julaftenene / julaftenen, julaftener, julaftenene","Vi spiser middag hos besteforeldrene på julaften. / Barna åpner gavene etter middagen på julaften.","平安夜我们在祖父母家吃晚饭。 / 孩子们在平安夜晚饭后打开礼物。","2","A2","true","true","词典核验：词头/词性/核心义项","Bokmålsordboka","https://ordbokene.no/bm%2Cnn/julaften","2026-09-24","","true","词头与列出词形匹配","课程候选等级；尚未逐词人工确认","例句/译文尚未人工逐词审校"
"A2","julegave","名词","节日与庆祝","NTNU LearnNoW; NTNU NoW1; NorweigenLearn 当前词库","圣诞礼物","en julegave · julegaven · julegaver · julegavene / julegaven, julegaver, julegavene","Jeg må kjøpe en julegave til søsteren min. / Barna pakker opp julegavene etter middagen.","我得给姐姐 / 妹妹买一份圣诞礼物。 / 孩子们晚饭后拆圣诞礼物。","2","A2","true","true","词典核验：词头/词性/核心义项","Bokmålsordboka","https://ordbokene.no/bm/julegave","2026-09-24","","true","词头与列出词形匹配","课程候选等级；尚未逐词人工确认","例句/译文尚未人工逐词审校"
"A2","julekule","名词","节日与装饰","NTNU LearnNoW; NTNU NoW1; NorweigenLearn 当前词库","圣诞球；圣诞树装饰球","en julekule · julekula · julekuler · julekulene / julekula, julekuler, julekulene","Barna henger julekuler på treet. / Den røde julekula falt ned.","孩子们把圣诞球挂到树上。 / 那个红色圣诞球掉下来了。","2","A2","true","true","词典核验：词头/词性/核心义项","Bokmålsordboka","https://ordbokene.no/bm/julekule","2026-09-24","","false","透明复合词词形匹配中心词","课程候选等级；尚未逐词人工确认","例句/译文尚未人工逐词审校"
"A2","julemiddag","名词","节日与庆祝","NTNU LearnNoW; NTNU NoW1; NorweigenLearn 当前词库","圣诞晚餐；圣诞节的正式餐食","en julemiddag · julemiddagen · julemiddager · julemiddagene / julemiddagen, julemiddager, julemiddagene","Vi spiser julemiddag hos foreldrene mine på julaften. / Julemiddagen består ofte av tradisjonelle retter.","平安夜我们在我父母家吃圣诞晚餐。 / 圣诞晚餐通常由传统菜肴组成。","2","A2","true","true","词典核验：词头/词性/核心义项","Bokmålsordboka","https://ordbokene.no/bm/julemiddag","2026-09-24","","true","词头与列出词形匹配","课程候选等级；尚未逐词人工确认","例句/译文尚未人工逐词审校"
"A2","juletre","名词","节日与庆祝","NTNU LearnNoW; NTNU NoW1; NorweigenLearn 当前词库","圣诞树","et juletre · juletreet · juletrær · juletrærne / juletreet, juletrær, juletrærne","Vi pynter juletreet sammen første søndag i advent. / Juletreet står ved vinduet i stua.","降临节第一主日，我们一起装饰圣诞树。 / 圣诞树摆在客厅窗边。","2","A2","true","true","词典核验：词头/词性/核心义项","Bokmålsordboka","https://ordbokene.no/bm/juletre","2026-09-24","","true","词头与列出词形匹配","课程候选等级；尚未逐词人工确认","例句/译文尚未人工逐词审校"
"A2","aktiv","形容词","活动与习惯 / 未来计划与目标","NTNU LearnNoW; NorweigenLearn 当前词库","积极的；活跃的；活跃参与的；在活动中的","aktiv · aktivt · aktive · mer aktiv · mest aktiv / aktivt, aktive","Hun er aktiv i foreldrerådet på skolen. / Det er sunt å være fysisk aktiv hver dag.","她积极参与学校的家长委员会。 / 每天保持身体活动有益健康。","2","A2","true","true","词典核验：词头/词性/核心义项","Bokmålsordboka","https://ordbokene.no/bm/aktiv","2026-09-24","","true","基本词形匹配；比较级形式另核","课程候选等级；尚未逐词人工确认","例句/译文尚未人工逐词审校"
"A2","altså","副词","连接与语气","NTNU LearnNoW; NorweigenLearn 当前词库","所以；因此；也就是说；话说（依语境/语气）","altså","Bussen går ikke på søndager, altså må vi ta toget. / Hun er altså den nye læreren vår.","公交星期天不运行，所以我们得坐火车。 / 也就是说，她就是我们的新老师。","2","A2","true","true","词典核验：词头/词性/核心义项","Bokmålsordboka","https://ordbokene.no/bm/alts%C3%A5","2026-09-24","","true","词头与列出词形匹配","课程候选等级；尚未逐词人工确认","例句/译文尚未人工逐词审校"
"A2","avansert","形容词","学习与难度","NTNU LearnNoW; NorweigenLearn 当前词库","高级的；先进的；复杂的；高度发展的","avansert · avansert · avanserte · mer avansert · mest avansert / avansert, avanserte","Kurset passer for dem som allerede kan norsk på et avansert nivå. / Denne appen bruker avansert teknologi.","这门课程适合已经达到较高挪威语水平的人。 / 这个应用使用先进技术。","2","A2","true","true","词典核验：词头/词性/核心义项","Bokmålsordboka","https://ordbokene.no/bm/avansert","2026-09-24","","true","基本词形匹配；比较级形式另核","课程候选等级；尚未逐词人工确认","例句/译文尚未人工逐词审校"
"A2","bærbar","形容词","电脑与设备","NTNU LearnNoW; NorweigenLearn 当前词库","便携的；可携带的；（电脑）笔记本式的","bærbar · bærbart · bærbare · mer bærbar · mest bærbar / bærbart, bærbare","Jeg bruker en bærbar PC på skolen. / Hun kjøpte et bærbart batteri.","我在学校用笔记本电脑。 / 她买了一个便携式电池。","2","A2","true","true","词典核验：词头/词性/核心义项","Bokmålsordboka","https://ordbokene.no/bm/b%C3%A6rbar","2026-09-24","","true","基本词形匹配；比较级形式另核","课程候选等级；尚未逐词人工确认","例句/译文尚未人工逐词审校"
"A2","bake","动词","烹饪与饮食","NTNU NoW1; NorweigenLearn 当前词库","烘焙；烤（面包、蛋糕、食物）；（太阳）晒热","å bake · baker · bakte · bakt","Vi baker en kake til bursdagen hennes. / Han bakte brød hjemme i går.","我们为她的生日烤一个蛋糕。 / 他昨天在家烤了面包。","2","A2","true","true","词典核验：词头/词性/核心义项","Bokmålsordboka","https://ordbokene.no/bm/bake","2026-09-24","","true","词头与列出词形匹配","课程候选等级；尚未逐词人工确认","例句/译文尚未人工逐词审校"
"A2","ball","名词","运动与聚会","NTNU LearnNoW; NorweigenLearn 当前词库","球；球类比赛中的传球/球；舞会（另一词性/词源）","ballen, baller, ballene / en ball · ballen · baller · ballene","Barna spiller ball i skolegården. / Han sparket ballen over gjerdet.","孩子们在学校操场上玩球。 / 他把球踢过了围栏。","2","A2","true","true","词典核验：词头/词性/核心义项","Bokmålsordboka","https://ordbokene.no/nno/search?dict=bm%2Cnn&q=ball&scope=eif","2026-09-24","","true","词头与列出词形匹配","课程候选等级；尚未逐词人工确认","例句/译文尚未人工逐词审校"
"A2","bein","名词","身体与健康","NTNU LearnNoW; NorweigenLearn 当前词库","腿；骨头；腿骨（依语境）","beinet, bein, beina / et bein · beinet · bein · beina / beinene","Jeg har vondt i beinet etter fotballtreningen. / Hunden fikk et bein å tygge på.","足球训练后我腿疼。 / 狗得到一根骨头啃。","2","A2","true","true","词典核验：词头/词性/核心义项","Bokmålsordboka","https://ordbokene.no/bm/bein","2026-09-24","","true","词头与列出词形匹配","课程候选等级；尚未逐词人工确认","例句/译文尚未人工逐词审校"
"A2","drøm","名词","愿望与想象 / 未来计划与目标","NTNU LearnNoW; NorweigenLearn 当前词库","梦；梦想；理想愿望（依语境）","drømmen, drømmer, drømmene / en drøm · drømmen · drømmer · drømmene","Drømmen hennes er å bli sykepleier. / Jeg hadde en merkelig drøm i natt.","她的梦想是成为护士。 / 我昨晚做了一个奇怪的梦。","2","A2","true","true","词典核验：词头/词性/核心义项","Bokmålsordboka","https://ordbokene.no/bm/dr%C3%B8m","2026-09-24","","true","词头与列出词形匹配","课程候选等级；尚未逐词人工确认","例句/译文尚未人工逐词审校"
"A2","drømme","动词","愿望与想象 / 未来计划与目标","NTNU LearnNoW; NorweigenLearn 当前词库","做梦；梦想；想象（依结构）","å drømme · drømmer · drømte · drømt / drømmer, drømte, har drømt","Hun drømmer om å reise til Japan. / Jeg drømte at jeg var på skolen igjen.","她梦想去日本旅行。 / 我梦见自己又回到了学校。","2","A2","true","true","词典核验：词头/词性/核心义项","Bokmålsordboka","https://ordbokene.no/bm/dr%C3%B8mme","2026-09-24","","true","词头与列出词形匹配","课程候选等级；尚未逐词人工确认","例句/译文尚未人工逐词审校"
"A2","dronning","名词","人物与身份","NTNU NoW1; NorweigenLearn 当前词库","女王；王后；（比喻）某领域最出众的女性","en dronning · dronningen · dronninger · dronningene","Dronningen holdt en tale på nasjonaldagen. / Hun ble kalt dronningen av norsk jazz.","女王在国庆日发表了讲话。 / 她被称为挪威爵士乐女王。","2","A2","true","true","词典核验：词头/词性/核心义项","Bokmålsordboka","https://ordbokene.no/nno/bm%2Cnn/dronning","2026-09-24","","true","词头与列出词形匹配","课程候选等级；尚未逐词人工确认","例句/译文尚未人工逐词审校"
"A2","egenmelding","名词","工作与病假","NTNU LearnNoW; NorweigenLearn 当前词库","自行申报病假；员工自行说明患病缺勤（挪威职场制度语境）","egenmeldinga, egenmeldinger, egenmeldingene / en egenmelding · egenmeldingen · egenmeldinger · egenmeldingene","Jeg er syk i dag og må bruke egenmelding. / Arbeidsgiveren ber henne levere egenmeldingen.","我今天生病了，得使用自行申报病假的方式请病假。 / 雇主请她提交自行申报的病假说明。","2","A2","true","true","词典核验：词头/词性/核心义项","Bokmålsordboka","https://ordbokene.no/bm/egenmelding","2026-09-24","","true","词头与列出词形匹配","课程候选等级；尚未逐词人工确认","例句/译文尚未人工逐词审校"
"A2","ekspert","名词","工作与专业","NTNU LearnNoW; NorweigenLearn 当前词库","专家；专业人士；行家","eksperten, eksperter, ekspertene / en ekspert · eksperten · eksperter · ekspertene","Hun er ekspert på barns språkutvikling. / Ekspertene forklarte hvorfor strømprisen hadde økt.","她是儿童语言发展的专家。 / 专家们解释了电价上涨的原因。","2","A2","true","true","词典核验：词头/词性/核心义项","Bokmålsordboka","https://ordbokene.no/bm/ekspert","2026-09-24","","true","词头与列出词形匹配","课程候选等级；尚未逐词人工确认","例句/译文尚未人工逐词审校"
"A2","ende","名词","位置与部分","NTNU NoW1; NorweigenLearn 当前词库","一端；末端；尽头；结尾","en ende · enden · ender · endene","Apoteket ligger i den andre enden av gata. / Vi fant en benk ved enden av stien.","药房在街道另一头。 / 我们在小路尽头找到一张长椅。","2","A2","true","true","词典核验：词头/词性/核心义项","Bokmålsordboka","https://ordbokene.no/bm/ende","2026-09-24","","true","词头与列出词形匹配","课程候选等级；尚未逐词人工确认","例句/译文尚未人工逐词审校"
"A2","fall","名词","变化与事件","NTNU LearnNoW; NorweigenLearn 当前词库","跌倒；下降；落差；瀑布（依语境）","et fall · fallet · fall · fallene / fallet, fall, fallene","Det var et kraftig fall i temperaturen i natt. / Hun fikk et fall på den glatte veien.","昨夜气温大幅下降。 / 她在结冰的路上摔了一跤。","2","A2","true","true","词典核验：词头/词性/核心义项","Bokmålsordboka","https://ordbokene.no/bm/fall","2026-09-24","","true","词头与列出词形匹配","课程候选等级；尚未逐词人工确认","例句/译文尚未人工逐词审校"
"A2","feile","动词","错误与解决","NTNU LearnNoW; NorweigenLearn 当前词库","犯错；做错；失败；（某人）有病/不舒服","å feile · feiler · feilet / feila · feilet / feila / feiler, feilet, har feilet","Jeg feilet på den siste oppgaven, men resten gikk bra. / Hva feiler det deg? Har du vondt noe sted?","最后一道题我做错了，不过其他部分还不错。 / 你哪里不舒服？有哪个地方疼吗？","2","A2","true","true","词典核验：词头/词性/核心义项","Bokmålsordboka","https://ordbokene.no/bm/feile","2026-09-24","","true","词头与列出词形匹配","课程候选等级；尚未逐词人工确认","例句/译文尚未人工逐词审校"
"A2","festning","名词","地点与历史","NTNU NoW1; NorweigenLearn 当前词库","堡垒；要塞；城堡式防御工事","en festning · festningen · festninger · festningene","Familien besøkte Akershus festning i Oslo. / Festningen ligger ved havna.","一家人参观了奥斯陆的阿克斯胡斯要塞。 / 要塞位于港口旁。","2","A2","true","true","词典核验：词头/词性/核心义项","Bokmålsordboka","https://ordbokene.no/bm/festning","2026-09-24","","true","词头与列出词形匹配","课程候选等级；尚未逐词人工确认","例句/译文尚未人工逐词审校"
"A2","finger","名词","身体与健康","NTNU LearnNoW; NorweigenLearn 当前词库","手指","en finger · fingeren · fingre · fingrene / fingeren, fingre, fingrene","Hun har en ring på fingeren. / Barna telte på fingrene.","她手指上戴着一枚戒指。 / 孩子们掰着手指头数数。","2","A2","true","true","词典核验：词头/词性/核心义项","Bokmålsordboka","https://ordbokene.no/bm/finger","2026-09-24","","true","词头与列出词形匹配","课程候选等级；尚未逐词人工确认","例句/译文尚未人工逐词审校"
"A2","form","名词","形状与填写","NTNU LearnNoW; NorweigenLearn 当前词库","形状；形式；烤模/模具；状态（依语境）","en form · formen · former · formene / formen, former, formene","Vi heller røra i en smurt form. / Hun er i god form etter treningen.","我们把面糊倒进一个抹了油的烤模里。 / 训练之后她状态很好。","2","A2","true","true","词典核验：词头/词性/核心义项","Bokmålsordboka","https://ordbokene.no/bm/form","2026-09-24","","true","词头与列出词形匹配","课程候选等级；尚未逐词人工确认","例句/译文尚未人工逐词审校"
"A2","fredspris","名词","社会与文化","NTNU NoW1; NorweigenLearn 当前词库","和平奖","en fredspris · fredsprisen · fredspriser · fredsprisene","Nobels fredspris deles ut i Oslo. / Hun fikk en internasjonal fredspris for arbeidet sitt.","诺贝尔和平奖在奥斯陆颁发。 / 她因自己的工作获得了一项国际和平奖。","2","A2","true","true","词典核验：词头/词性/核心义项","Bokmålsordboka","https://ordbokene.no/bm/fredspris","2026-09-24","","true","词头与列出词形匹配","课程候选等级；尚未逐词人工确认","例句/译文尚未人工逐词审校"
"A2","frisk","形容词","健康与身体 / 未来计划与目标","NTNU LearnNoW; NorweigenLearn 当前词库","健康的；清新的；有活力的","frisk · friskt · friske · friskere · friskest / friskt, friske","Jeg føler meg frisk igjen etter sykdommen. / Vi åpner vinduet og får frisk luft.","生病后我又觉得身体好了。 / 我们打开窗户，呼吸新鲜空气。","2","A2","true","true","词典核验：词头/词性/核心义项","Bokmålsordboka","https://ordbokene.no/bm/frisk","2026-09-24","","true","词头与列出词形匹配","课程候选等级；尚未逐词人工确认","例句/译文尚未人工逐词审校"
"A2","grad","名词","程度与描述","NTNU LearnNoW; NorweigenLearn 当前词库","度；程度；等级","en grad · graden · grader · gradene / graden, grader, gradene","Det er fem grader ute i dag. / Hun er i høy grad motivert.","今天室外五度。 / 她非常有积极性。","2","A2","true","true","词典核验：词头/词性/核心义项","Bokmålsordboka","https://ordbokene.no/bm/grad","2026-09-24","","true","词头与列出词形匹配","课程候选等级；尚未逐词人工确认","例句/译文尚未人工逐词审校"
"A2","gråte","动词","情绪与反应","NTNU LearnNoW; NorweigenLearn 当前词库","哭；流泪","å gråte · gråter · gråt · har grått / gråter, gråt, har grått","Barnet begynte å gråte da det mistet ballen. / Hun gråt av glede da hun fikk beskjeden.","孩子丢了球后哭了起来。 / 她听到这个消息时高兴得哭了。","2","A2","true","true","词典核验：词头/词性/核心义项","Bokmålsordboka","https://ordbokene.no/bm/gråte","2026-09-24","","true","词头与列出词形匹配","课程候选等级；尚未逐词人工确认","例句/译文尚未人工逐词审校"
"A2","grøt","名词","食物与用餐","NTNU NoW1; NorweigenLearn 当前词库","粥；糊状食物","en grøt · grøten · grøter · grøtene","Jeg spiser havregrøt til frokost. / Barna vil ha grøt med melk.","我早餐吃燕麦粥。 / 孩子们想要加牛奶的粥。","2","A2","true","true","词典核验：词头/词性/核心义项","Bokmålsordboka","https://ordbokene.no/bm/grøt","2026-09-24","","true","词头与列出词形匹配","课程候选等级；尚未逐词人工确认","例句/译文尚未人工逐词审校"
"A2","gudstjeneste","名词","节日与宗教","NTNU NoW1; NorweigenLearn 当前词库","礼拜；宗教仪式；教会礼拜活动","en gudstjeneste · gudstjenesten · gudstjenester · gudstjenestene","Besteforeldrene går i kirken på gudstjeneste hver søndag. / Kirken holder en kort gudstjeneste på julaften.","祖父母每个星期天都去教堂参加礼拜。 / 教堂在平安夜举行一场简短的礼拜。","2","A2","true","true","词典核验：词头/词性/核心义项","Bokmålsordboka","https://ordbokene.no/bm/gudstjeneste","2026-09-24","","true","词头与列出词形匹配","课程候选等级；尚未逐词人工确认","例句/译文尚未人工逐词审校"
"A2","håndball","名词","运动与休闲","NTNU LearnNoW; NorweigenLearn 当前词库","手球；手球运动；手球（球）","en håndball · håndballen · håndballer · håndballene / håndballen, håndballer, håndballene","Datteren min spiller håndball to ganger i uka. / Treneren kastet håndballen til spillerne.","我女儿每周打两次手球。 / 教练把手球扔给了队员们。","2","A2","true","true","词典核验：词头/词性/核心义项","Bokmålsordboka","https://ordbokene.no/bm/håndball","2026-09-24","","true","词头与列出词形匹配","课程候选等级；尚未逐词人工确认","例句/译文尚未人工逐词审校"
"A2","håndballspiller","名词","运动与活动","NTNU LearnNoW; NorweigenLearn 当前词库","手球运动员；手球队员","en håndballspiller · håndballspilleren · håndballspillere · håndballspillerne / håndballspilleren, håndballspillere, håndballspillerne","Datteren min vil bli håndballspiller. / Håndballspillerne trener tre ganger i uka.","我女儿想成为一名手球运动员。 / 手球队员们每周训练三次。","2","A2","true","true","词典核验：词头/词性/核心义项","Bokmålsordboka","https://ordbokene.no/bm/håndballspiller","2026-09-24","","true","词头与列出词形匹配","课程候选等级；尚未逐词人工确认","例句/译文尚未人工逐词审校"
"A2","helse","名词","健康与身体 / 未来计划与目标","NTNU LearnNoW; NorweigenLearn 当前词库","健康；身体状况","ei helse · helsa · helse · helsene / helsa, helser, helsene","God helse er viktig for alle. / Hun går tur hver dag for å ta vare på helsa.","健康对每个人都很重要。 / 她每天散步来照顾自己的健康。","2","A2","true","true","词典核验：词头/词性/核心义项","Bokmålsordboka","https://ordbokene.no/bm/helse","2026-09-24","","true","词头与列出词形匹配","课程候选等级；尚未逐词人工确认","例句/译文尚未人工逐词审校"
"A2","hevelse","名词","身体与症状","NTNU LearnNoW; NorweigenLearn 当前词库","肿胀；肿块；浮肿","en hevelse · hevelsen · hevelser · hevelsene / hevelsen, hevelser, hevelsene","Jeg har en hevelse rundt ankelen etter fallet. / Hevelsen ble mindre etter at hun la is på kneet.","我摔倒后脚踝周围肿了起来。 / 她在膝盖上敷冰后，肿胀减轻了。","2","A2","true","true","词典核验：词头/词性/核心义项","Bokmålsordboka","https://ordbokene.no/bm/hevelse","2026-09-24","","true","词头与列出词形匹配","课程候选等级；尚未逐词人工确认","例句/译文尚未人工逐词审校"
"A2","hjemmefra","副词","居家与工作","NTNU LearnNoW; NorweigenLearn 当前词库","离家；从家里（作为工作地点）","hjemmefra","Jeg drar hjemmefra klokka sju. / Hun jobber hjemmefra på fredager.","我七点离开家。 / 她周五在家办公。","2","A2","true","true","词典核验：词头/词性/核心义项","Bokmålsordboka","https://ordbokene.no/bm/hjemmefra","2026-09-24","","true","词头与列出词形匹配","课程候选等级；尚未逐词人工确认","例句/译文尚未人工逐词审校"
"A2","hode","名词","身体与健康 / 健康与看医生","NTNU LearnNoW; NorweigenLearn 当前词库","头；头部；（引申）头脑、负责人","et hode · hodet · hoder · hodene / hoda / hodet, hoder, hodene","Jeg har vondt i hodet og trenger å hvile. / Barnet slo hodet forsiktig mot puta.","我头疼，需要休息。 / 孩子的头轻轻碰到了枕头。","2","A2","true","true","词典核验：词头/词性/核心义项","Bokmålsordboka","https://ordbokene.no/bm/hode","2026-09-24","","true","词头与列出词形匹配","课程候选等级；尚未逐词人工确认","例句/译文尚未人工逐词审校"
"A2","hoste","动词","健康与身体","NTNU LearnNoW; NorweigenLearn 当前词库","咳嗽","å hoste · hoster · hostet / hosta · har hostet / hosta / hoster, hostet, har hostet","Jeg hoster mye om natta. / Han har hostet i flere dager.","我夜里咳得很厉害。 / 他已经咳嗽好几天了。","2","A2","true","true","词典核验：词头/词性/核心义项","Bokmålsordboka","https://ordbokene.no/bm/hoste","2026-09-24","","true","词头与列出词形匹配","课程候选等级；尚未逐词人工确认","例句/译文尚未人工逐词审校"
"A2","høstferie","名词","假期与日程","NTNU NoW1; NorweigenLearn 当前词库","秋假；秋季假期","en høstferie · høstferien · høstferier · høstferiene","Vi besøker familien i høstferien. / Skolene har høstferie på ulike tidspunkt.","我们秋假时去探望家人。 / 各学校的秋假时间不完全相同。","2","A2","true","true","词典核验：词头/词性/核心义项","Bokmålsordboka","https://ordbokene.no/bm/høstferie","2026-09-24","","true","词头与列出词形匹配","课程候选等级；尚未逐词人工确认","例句/译文尚未人工逐词审校"
"A2","hovedgate","名词","城市与方向","NTNU NoW1; NorweigenLearn 当前词库","主街；主要街道","en hovedgate · hovedgaten · hovedgater · hovedgatene","Kafeen ligger i hovedgata. / Vi gikk langs hovedgaten for å finne apoteket.","咖啡馆位于主街上。 / 我们沿着主街走去找药房。","2","A2","true","true","词典核验：词头/词性/核心义项","Bokmålsordboka","https://ordbokene.no/bm/hovedgate","2026-09-24","","true","词头与列出词形匹配","课程候选等级；尚未逐词人工确认","例句/译文尚未人工逐词审校"
"A2","idrett","名词","运动与休闲","NTNU LearnNoW; NorweigenLearn 当前词库","体育运动；体育项目；竞技运动","en idrett · idretten · idretter · idrettene / idretten, idretter, idrettene","Barn bør få prøve ulike idretter. / Idretten gir henne både venner og glede.","孩子们应该有机会尝试不同的体育项目。 / 体育运动给她带来了朋友和快乐。","2","A2","true","true","词典核验：词头/词性/核心义项","Bokmålsordboka","https://ordbokene.no/bm/idrett","2026-09-24","","true","词头与列出词形匹配","课程候选等级；尚未逐词人工确认","例句/译文尚未人工逐词审校"
"A2","innom","介词","位置与出行","NTNU LearnNoW; NorweigenLearn 当前词库","顺便到；短暂拜访；经过并进入","innom","Jeg stikker innom apoteket på vei hjem. / Kom gjerne innom oss etter jobb.","我回家路上顺道去一下药房。 / 下班后欢迎顺道来我们家。","2","A2","true","true","词典核验：词头/词性/核心义项","Bokmålsordboka","https://ordbokene.no/bm/innom","2026-09-24","","true","词头与列出词形匹配","课程候选等级；尚未逐词人工确认","例句/译文尚未人工逐词审校"
"A2","insistere","动词","观点与交流","NTNU NoW1; NorweigenLearn 当前词库","坚持；坚决要求；强调","å insistere · insisterer · insisterte · har insistert","Hun insisterer på å betale for middagen. / Legen insisterte på mer hvile.","她坚持要付晚餐的钱。 / 医生坚持要求多休息。","2","A2","true","true","词典核验：词头/词性/核心义项","Bokmålsordboka","https://ordbokene.no/bm/insistere","2026-09-24","","true","词头与列出词形匹配","课程候选等级；尚未逐词人工确认","例句/译文尚未人工逐词审校"
"A2","jentelag","名词","运动与活动","NTNU LearnNoW; NorweigenLearn 当前词库","女子队；女孩组成的队伍","et jentelag · jentelaget · jentelag · jentelagene / jentelaget, jentelag, jentelagene","Hun spiller på jentelaget i håndballklubben. / Jentelaget vant turneringen i helga.","她在手球俱乐部的女子队打球。 / 女子队上周末赢得了锦标赛。","2","A2","true","true","词典核验：词头/词性/核心义项","Bokmålsordboka","https://ordbokene.no/bm/jentelag","2026-09-24","","true","词头与列出词形匹配","课程候选等级；尚未逐词人工确认","例句/译文尚未人工逐词审校"
"A2","julebord","名词","节日与庆祝","NTNU NoW1; NorweigenLearn 当前词库","圣诞聚餐；圣诞派对；圣诞自助餐（依语境）","et julebord · julebordet · julebord · julebordene","Jobben arrangerer julebord for alle ansatte i desember. / Vi skal på julebord med kollegene på fredag.","公司十二月为所有员工举办圣诞聚餐。 / 星期五我们要和同事去参加圣诞聚餐。","2","A2","true","true","词典核验：词头/词性/核心义项","Bokmålsordboka","https://ordbokene.no/bm/julebord","2026-09-24","","true","词头与列出词形匹配","课程候选等级；尚未逐词人工确认","例句/译文尚未人工逐词审校"
"A2","julekveld","名词","节日与庆祝","NTNU NoW1; NorweigenLearn 当前词库","圣诞夜晚；圣诞节的夜间时段","en julekveld · julekvelden · julekvelder · julekveldene","Vi ser på TV sammen på julekvelden. / Det var en rolig julekveld hjemme hos oss.","圣诞夜我们一起看电视。 / 我们家度过了一个宁静的圣诞夜。","2","A2","true","true","词典核验：词头/词性/核心义项","Bokmålsordboka","https://ordbokene.no/bm/julekveld","2026-09-24","","true","词头与列出词形匹配","课程候选等级；尚未逐词人工确认","例句/译文尚未人工逐词审校"
"A2","julestemning","名词","节日与庆祝","NTNU NoW1; NorweigenLearn 当前词库","圣诞气氛；圣诞节的节日氛围","ei julestemning · julestemninga · julestemningen · julestemninger · julestemningene","Julelysene skaper julestemning i gata. / Jeg får julestemning når jeg hører denne sangen.","圣诞灯饰让街上充满了圣诞气氛。 / 听到这首歌时，我就感受到圣诞气氛了。","2","A2","true","true","词典核验：词头/词性/核心义项","Bokmålsordboka","https://ordbokene.no/bm/julestemning","2026-09-24","","true","词头与列出词形匹配","课程候选等级；尚未逐词人工确认","例句/译文尚未人工逐词审校"
"A2","juletradisjon","名词","节日与家庭习俗","NTNU NoW1; NorweigenLearn 当前词库","圣诞传统；圣诞节习俗","en juletradisjon · juletradisjonen · juletradisjoner · juletradisjonene","Å gå rundt juletreet er en gammel juletradisjon. / Familiene har ulike juletradisjoner.","围着圣诞树跳舞是一项古老的圣诞传统。 / 各个家庭有不同的圣诞习俗。","2","A2","true","true","词典核验：词头/词性/核心义项","Bokmålsordboka","https://ordbokene.no/bm/juletradisjon","2026-09-24","","false","透明复合词词形匹配中心词","课程候选等级；尚未逐词人工确认","例句/译文尚未人工逐词审校"
"A2","kamp","名词","运动与活动","NTNU LearnNoW; NorweigenLearn 当前词库","比赛；赛事；战斗；斗争（依语境）","en kamp · kampen · kamper · kampene / kampen, kamper, kampene","Laget spiller kamp på lørdag. / Kampen begynner klokka sju.","球队星期六有一场比赛。 / 比赛七点开始。","2","A2","true","true","词典核验：词头/词性/核心义项","Bokmålsordboka","https://ordbokene.no/bm/kamp","2026-09-24","","true","词头与列出词形匹配","课程候选等级；尚未逐词人工确认","例句/译文尚未人工逐词审校"
"A2","klemme","动词","交流与身体动作","NTNU LearnNoW; NorweigenLearn 当前词库","拥抱；挤压；夹住","å klemme · klemmer · klemte · har klemt / klemmer, klemte, har klemt","Bestemor gir barnet en klem. / Ikke klem tomaten, da blir den ødelagt.","奶奶抱了抱孩子。 / 别挤西红柿，会把它弄坏的。","2","A2","true","true","词典核验：词头/词性/核心义项","Bokmålsordboka","https://ordbokene.no/bm/klemme","2026-09-24","","true","词头与列出词形匹配","课程候选等级；尚未逐词人工确认","例句/译文尚未人工逐词审校"
"A2","kondisjon","名词","健康与运动","NTNU LearnNoW; NorweigenLearn 当前词库","体能；耐力；心肺状况","en kondisjon · kondisjonen / kondisjonen, kondisjoner, kondisjonene","Jeg går tur hver dag for å få bedre kondisjon. / Hun har god kondisjon etter mange år med løping.","我每天散步来改善体能。 / 多年跑步之后，她的体能很好。","2","A2","true","true","词典核验：词头/词性/核心义项","Bokmålsordboka","https://ordbokene.no/bm/kondisjon","2026-09-24","","true","词头与列出词形匹配","课程候选等级；尚未逐词人工确认","例句/译文尚未人工逐词审校"
"A2","kul","形容词","描述与感受","NTNU LearnNoW; NorweigenLearn 当前词库","酷的；很棒的；有趣的（口语）","kul · kult · kule · kulere · kulest / kult, kule","Det var kult å møte de nye naboene. / Hun har en kul jakke med mange lommer.","认识新邻居真不错。 / 她有一件很酷的夹克，上面有很多口袋。","2","A2","true","true","词典核验：词头/词性/核心义项","Bokmålsordboka","https://ordbokene.no/bm/kul","2026-09-24","","true","词头与列出词形匹配","课程候选等级；尚未逐词人工确认","例句/译文尚未人工逐词审校"
"A2","kvalm","形容词","身体与症状","NTNU LearnNoW; NorweigenLearn 当前词库","恶心的；想吐的；反胃的","kvalm · kvalmt · kvalme · kvalmere · kvalmest / kvalmt, kvalme","Jeg blir kvalm når jeg leser i bilen. / Barnet er kvalmt og vil legge seg.","我在车里看书会感到恶心。 / 孩子觉得恶心，想躺下。","2","A2","true","true","词典核验：词头/词性/核心义项","Bokmålsordboka","https://ordbokene.no/bm/kvalm","2026-09-24","","true","词头与列出词形匹配","课程候选等级；尚未逐词人工确认","例句/译文尚未人工逐词审校"
"A2","landslag","名词","运动与团队","NTNU LearnNoW; NorweigenLearn 当前词库","国家队；代表国家参赛的队伍","et landslag · landslaget · landslag · landslagene / landslaget, landslag, landslagene","Hun håper å spille på Norges landslag en dag. / Landslaget vant kampen i går kveld.","她希望有一天能进入挪威国家队。 / 国家队昨晚赢了比赛。","2","A2","true","true","词典核验：词头/词性/核心义项","Bokmålsordboka","https://ordbokene.no/bm/landslag","2026-09-24","","true","词头与列出词形匹配","课程候选等级；尚未逐词人工确认","例句/译文尚未人工逐词审校"
"A2","legeattest","名词","就医与文件","NTNU LearnNoW; NorweigenLearn 当前词库","医生证明；医疗证明；病假证明","en legeattest · legeattesten · legeattester · legeattestene / legeattesten, legeattester, legeattestene","Skolen ber om en legeattest etter langvarig fravær. / Jeg leverte legeattesten til arbeidsgiveren.","长期缺课后，学校要求提供医生证明。 / 我把医生证明交给了雇主。","2","A2","true","true","词典核验：词头/词性/核心义项","Bokmålsordboka","https://ordbokene.no/bm/legeattest","2026-09-24","","true","词头与列出词形匹配","课程候选等级；尚未逐词人工确认","例句/译文尚未人工逐词审校"
"A2","legeerklæring","名词","就医与文件","NTNU LearnNoW; NorweigenLearn 当前词库","医生声明；医疗情况说明；医师证明","en legeerklæring · legeerklæringen · legeerklæringer · legeerklæringene / legeerklæringa, legeerklæringer, legeerklæringene","Legen skrev en legeerklæring til forsikringsselskapet. / Arbeidsgiveren ba om en legeerklæring.","医生给保险公司写了一份医疗情况说明。 / 雇主要求提供医生证明。","2","A2","true","true","词典核验：词头/词性/核心义项","Bokmålsordboka","https://ordbokene.no/bm/legeerklæring","2026-09-24","","true","词头与列出词形匹配","课程候选等级；尚未逐词人工确认","例句/译文尚未人工逐词审校"
"A2","leppe","名词","身体与健康","NTNU LearnNoW; NorweigenLearn 当前词库","嘴唇；唇部","ei leppe · leppa · lepper · leppene / leppa, lepper, leppene","Hun har tørre lepper om vinteren. / Han fikk et lite sår på leppa.","她冬天嘴唇容易干。 / 他嘴唇上有个小伤口。","2","A2","true","true","词典核验：词头/词性/核心义项","Bokmålsordboka","https://ordbokene.no/bm/leppe","2026-09-24","","true","词头与列出词形匹配","课程候选等级；尚未逐词人工确认","例句/译文尚未人工逐词审校"
"A2","lett","形容词","描述与比较","NTNU LearnNoW; NorweigenLearn 当前词库","轻的；容易的；轻微的（依语境）","lett · lett · lette · lettere · lettest / lett, lette","Denne oppgaven er lettere enn den forrige. / Kan du hjelpe meg med den lette kofferten?","这道题比上一道容易。 / 你能帮我拿一下这个轻的行李箱吗？","2","A2","true","true","词典核验：词头/词性/核心义项","Bokmålsordboka","https://ordbokene.no/bm/lett","2026-09-24","","true","词头与列出词形匹配","课程候选等级；尚未逐词人工确认","例句/译文尚未人工逐词审校"
"A2","levere","动词","工作与学习","NTNU LearnNoW; NorweigenLearn 当前词库","交付；送达；提交；投递","å levere · leverer · leverte · har levert / leverer, leverte, har levert","Jeg må levere oppgaven før fredag. / Posten leverer pakken i morgen.","我必须在周五前交作业。 / 邮政明天送达包裹。","2","A2","true","true","词典核验：词头/词性/核心义项","Bokmålsordboka","https://ordbokene.no/bm/levere","2026-09-24","","true","词头与列出词形匹配","课程候选等级；尚未逐词人工确认","例句/译文尚未人工逐词审校"
"A2","lunge","名词","身体与健康","NTNU LearnNoW; NorweigenLearn 当前词库","肺；一侧肺部","ei/en lunge · lunga/lungen · lunger · lungene / lunga, lunger, lungene","Røyking kan skade lungene. / Legen undersøker lungene hennes.","吸烟会损害肺部。 / 医生检查她的肺部。","2","A2","true","true","词典核验：词头/词性/核心义项","Bokmålsordboka","https://ordbokene.no/bm/lunge","2026-09-24","","true","词头与列出词形匹配","课程候选等级；尚未逐词人工确认","例句/译文尚未人工逐词审校"
"A2","mage","名词","健康与身体","NTNU LearnNoW; NorweigenLearn 当前词库","肚子；腹部；胃（口语泛指）","en mage · magen · mager · magene / magen, mager, magene","Barnet har vondt i magen. / Jeg ligger på magen og leser.","孩子肚子疼。 / 我趴着看书。","2","A2","true","true","词典核验：词头/词性/核心义项","Bokmålsordboka","https://ordbokene.no/bm/mage","2026-09-24","","true","词头与列出词形匹配","课程候选等级；尚未逐词人工确认","例句/译文尚未人工逐词审校"
"A2","medisinskap","名词","家中物品与健康","NTNU LearnNoW; NorweigenLearn 当前词库","药柜；药品柜","et medisinskap · medisinskapet · medisinskap · medisinskapene / medisinskapet, medisinskap, medisinskapene","Vi oppbevarer plaster og bandasjer i medisinskapet. / Medisinskapet må være utenfor rekkevidde for små barn.","我们把创可贴和绷带放在药柜里。 / 药柜必须放在小孩子够不到的地方。","2","A2","true","true","词典核验：词头/词性/核心义项","Bokmålsordboka","https://ordbokene.no/bm/medisinskap","2026-09-24","","true","词头与列出词形匹配","课程候选等级；尚未逐词人工确认","例句/译文尚未人工逐词审校"
"A2","mester","名词","职业与成就","NTNU LearnNoW; NorweigenLearn 当前词库","冠军；大师；能手；师傅（依语境）","en mester · mesteren · mestere / mestre · mesterne / mestrene","Hun ble norsk mester i svømming. / Han er en mester til å lage brød.","她成为挪威游泳冠军。 / 他做面包很有一手。","2","A2","true","true","词典核验：Bokmål词头/名词变格/核心义项","Bokmålsordboka","https://ordbokene.no/nob/bm/mester","2026-09-24","","true","词头与列出词形匹配","课程候选等级；尚未逐词人工确认","例句/译文尚未人工逐词审校"
"A2","munn","名词","健康与身体","NTNU LearnNoW; NorweigenLearn 当前词库","嘴；口","en munn · munnen · munner · munnene / munnen, munner, munnene","Legen ber meg åpne munnen. / Han tok en bit sjokolade i munnen.","医生让我张开嘴。 / 他把一块巧克力放进嘴里。","2","A2","true","true","词典核验：词头/词性/核心义项","Bokmålsordboka","https://ordbokene.no/bm/munn","2026-09-24","","true","词头与列出词形匹配","课程候选等级；尚未逐词人工确认","例句/译文尚未人工逐词审校"
"A2","muskel","名词","身体与运动","NTNU LearnNoW; NorweigenLearn 当前词库","肌肉；肌肉组织","en muskel · muskelen · muskler · musklene / muskelen, muskeler, muskelene","Jeg har vondt i musklene etter treningen. / Denne øvelsen trener flere muskler i ryggen.","锻炼后我肌肉酸痛。 / 这个练习能锻炼背部的几块肌肉。","2","A2","true","true","词典核验：词头/词性/核心义项","Bokmålsordboka","https://ordbokene.no/bm/muskel","2026-09-24","","true","词头与列出词形匹配","课程候选等级；尚未逐词人工确认","例句/译文尚未人工逐词审校"
"A2","normal","形容词","描述与状态","NTNU LearnNoW; NorweigenLearn 当前词库","正常的；通常的；常态的","normal · normalt · normale · mer normal · mest normal / normalt, normale","Det er normalt å være nervøs før en prøve. / Vi prøver å få en normal hverdag igjen.","考试前紧张是正常的。 / 我们在努力恢复正常的日常生活。","2","A2","true","true","词典核验：词头/词性/核心义项","Bokmålsordboka","https://ordbokene.no/bm/normal","2026-09-24","","true","基本词形匹配；比较级形式另核","课程候选等级；尚未逐词人工确认","例句/译文尚未人工逐词审校"
"A2","oktober","名词","月份与季节","NTNU LearnNoW; NorweigenLearn 当前词库","十月","en oktober · oktoberen · oktoberer · oktoberene","Skolen starter igjen i oktober. / Vi flyttet til Norge i oktober i fjor.","学校十月份重新开课。 / 我们去年十月搬到了挪威。","2","A2","true","true","词典核验：Bokmål词头/名词变格/核心义项","Bokmålsordboka","https://ordbokene.no/bm/oktober","2026-09-24","","true","词头与列出词形匹配","课程候选等级；尚未逐词人工确认","例句/译文尚未人工逐词审校"
"A2","olympisk","形容词","体育与国际活动","NTNU LearnNoW; NorweigenLearn 当前词库","奥林匹克的；奥运会的","olympisk · olympisk · olympiske · mer olympisk · mest olympisk / olympisk, olympiske","Hun drømmer om å delta i de olympiske lekene. / Han satte ny olympisk rekord.","她梦想参加奥运会。 / 他创造了新的奥运纪录。","2","A2","true","true","词典核验：词头/词性/核心义项","Bokmålsordboka","https://ordbokene.no/bm/42044","2026-09-24","","true","基本词形匹配；比较级形式另核","课程候选等级；尚未逐词人工确认","例句/译文尚未人工逐词审校"
"A2","ordning","名词","制度与安排","NTNU LearnNoW; NorweigenLearn 当前词库","安排；制度；方案；做法（依语境）","ei/en ordning · ordninga/ordningen · ordninger · ordningene / ordningen, ordninger, ordningene","Kommunen innfører en ny ordning for barnehageplass. / Denne ordningen gjør det enklere å bestille time.","市政府为幼儿园名额推出一项新安排。 / 这项安排让预约变得更容易。","2","A2","true","true","词典核验：词头/词性/核心义项","Bokmålsordboka","https://ordbokene.no/nno/search?dict=bm%2Cnn&q=ordning&scope=eif","2026-09-24","","true","词头与列出词形匹配","课程候选等级；尚未逐词人工确认","例句/译文尚未人工逐词审校"
"A2","overtid","名词","工作与学习","NTNU LearnNoW; NorweigenLearn 当前词库","加班；加班时间；超时","ei/en overtid · overtida/overtiden / overtida, overtider, overtidene","Jeg må jobbe overtid denne uka. / Bedriften betaler ekstra for overtid.","我这周得加班。 / 公司会为加班额外付费。","2","A2","true","true","词典核验：词头/词性/核心义项","Bokmålsordboka","https://ordbokene.no/bm%2Cnn/overtid","2026-09-24","","true","词头与列出词形匹配","课程候选等级；尚未逐词人工确认","例句/译文尚未人工逐词审校"
"A2","panne","名词","身体与厨房","NTNU LearnNoW; NorweigenLearn 当前词库","额头；平底锅（依语境）","ei/en panne · panna/pannen · panner · pannene / panna, panner, pannene","Hun slo panna i skapdøra. / Jeg steker egg i ei panne.","她的额头撞到了柜门。 / 我在平底锅里煎鸡蛋。","2","A2","true","true","词典核验：词头/词性/核心义项","Bokmålsordboka","https://ordbokene.no/bm/panne","2026-09-24","","true","词头与列出词形匹配","课程候选等级；尚未逐词人工确认","例句/译文尚未人工逐词审校"
"A2","peke","动词","交流与指示","NTNU LearnNoW; NorweigenLearn 当前词库","指；指向；指出","å peke · peker · pekte · har pekt / peker, pekte, har pekt","Kan du peke på stedet på kartet? / Læreren pekte på tavla mens hun forklarte.","你能在地图上指出那个地方吗？ / 老师讲解时指着黑板。","2","A2","true","true","词典核验：词头/词性/核心义项","Bokmålsordboka","https://ordbokene.no/bm/peke","2026-09-24","","true","词头与列出词形匹配","课程候选等级；尚未逐词人工确认","例句/译文尚未人工逐词审校"
"A2","periode","名词","时间与安排","NTNU LearnNoW; NorweigenLearn 当前词库","一段时期；阶段；周期","en periode · perioden · perioder · periodene / perioden, perioder, periodene","Jeg jobbet deltid i en periode. / Denne perioden har vært travel for familien.","有一段时间我做兼职。 / 这段时间全家都很忙。","2","A2","true","true","词典核验：词头/词性/核心义项","Bokmålsordboka","https://ordbokene.no/bm/periode","2026-09-24","","true","词头与列出词形匹配","课程候选等级；尚未逐词人工确认","例句/译文尚未人工逐词审校"
"A2","puste","动词","健康与身体","NTNU LearnNoW; NorweigenLearn 当前词库","呼吸；喘气","å puste · puster · pustet / pusta · har pustet / har pusta / puster, pustet, har pustet","Pust rolig inn og ut. / Hun puster tungt etter løpeturen.","平静地吸气、呼气。 / 跑步后她喘得很厉害。","2","A2","true","true","词典核验：词头/词性/核心义项","Bokmålsordboka","https://ordbokene.no/bm/puste","2026-09-24","","true","词头与列出词形匹配","课程候选等级；尚未逐词人工确认","例句/译文尚未人工逐词审校"
"A2","pyjamasjakke","名词","睡衣与衣物","NTNU LearnNoW; NorweigenLearn 当前词库","睡衣上衣；睡衣外套","ei pyjamasjakke · pyjamasjakka · pyjamasjakker · pyjamasjakkene / pyjamasjakka, pyjamasjakker, pyjamasjakkene","Jeg finner ikke pyjamasjakka mi. / Denne pyjamasjakka er myk og varm.","我找不到我的睡衣上衣了。 / 这件睡衣上衣柔软又暖和。","2","A2","true","true","词典核验：词头/词性/核心义项","Bokmålsordboka","https://ordbokene.no/search?dict=bm&q=pyjamasjakke&scope=eif","2026-09-24","","false","透明复合词词形匹配中心词","课程候选等级；尚未逐词人工确认","例句/译文尚未人工逐词审校"
"A2","rask","形容词","程度与描述","NTNU LearnNoW; NorweigenLearn 当前词库","快的；迅速的；利索的","rask · raskt · raske · raskere · raskest / rask, raske","Kan du gi meg et raskt svar? / Hun løper raskere enn meg.","你能尽快给我答复吗？ / 她比我跑得快。","2","A2","true","true","词典核验：词头/词性/核心义项","Bokmålsordboka","https://ordbokene.no/bm/rask","2026-09-24","","true","词头与列出词形匹配","课程候选等级；尚未逐词人工确认","例句/译文尚未人工逐词审校"
"A2","regne","动词","天气与计算","NTNU LearnNoW; NorweigenLearn 当前词库","下雨；计算；估计","å regne · regner · regnet / regna · har regnet / har regna / regner, regnet, har regnet","Det regner mye i Bergen i dag. / Kan du regne ut hvor mye vi skal betale?","今天卑尔根雨下得很大。 / 你能算一下我们要付多少钱吗？","2","A2","true","true","词典核验：词头/词性/核心义项","Bokmålsordboka","https://ordbokene.no/bm/regne","2026-09-24","","true","词头与列出词形匹配","课程候选等级；尚未逐词人工确认","例句/译文尚未人工逐词审校"
"A2","representere","动词","社会与角色","NTNU LearnNoW; NorweigenLearn 当前词库","代表；象征；代表……参赛","å representere · representerer · representerte · har representert / representerer, representerte, har representert","Hun representerer Norge i håndballturneringen. / Fargene representerer de ulike gruppene.","她代表挪威参加手球锦标赛。 / 这些颜色分别代表不同的群体。","2","A2","true","true","词典核验：词头/词性/核心义项","Bokmålsordboka","https://ordbokene.no/bm/representere","2026-09-24","","true","词头与列出词形匹配","课程候选等级；尚未逐词人工确认","例句/译文尚未人工逐词审校"
"A2","resept","名词","身体与症状","NTNU LearnNoW; NorweigenLearn 当前词库","处方","en resept · resepten · resepter · reseptene / resepten, resepter, reseptene","Legen skriver ut en resept. / Jeg henter medisinen på resepten.","医生开了一张处方。 / 我凭处方取药。","2","A2","true","true","词典核验：词头/词性/核心义项","Bokmålsordboka","https://ordbokene.no/bm/resept","2026-09-24","","true","词头与列出词形匹配","课程候选等级；尚未逐词人工确认","例句/译文尚未人工逐词审校"
"A2","rest","名词","数量与剩余","NTNU LearnNoW; NorweigenLearn 当前词库","剩余部分；剩菜；余量","en rest · resten · rester · restene / resten, rester, restene","Vi spiser resten av suppa til lunsj. / Det ligger noen rester i kjøleskapet.","我们午饭把剩下的汤吃掉。 / 冰箱里还放着一些剩菜。","2","A2","true","true","词典核验：词头/词性/核心义项","Bokmålsordboka","https://ordbokene.no/bm/rest","2026-09-24","","true","词头与列出词形匹配","课程候选等级；尚未逐词人工确认","例句/译文尚未人工逐词审校"
"A2","risikere","动词","风险与决定","NTNU LearnNoW; NorweigenLearn 当前词库","冒……的风险；有可能遭遇（不好的结果）","å risikere · risikerer · risikerte · har risikert / risikerer, risikerte, har risikert","Hvis vi kjører nå, risikerer vi å komme for sent. / Han risikerte en bot da han parkerte der.","如果我们现在开车，就有可能迟到。 / 他把车停在那里，冒着被罚款的风险。","2","A2","true","true","词典核验：词头/词性/核心义项","Bokmålsordboka","https://ordbokene.no/bm/risikere","2026-09-24","","true","词头与列出词形匹配","课程候选等级；尚未逐词人工确认","例句/译文尚未人工逐词审校"
"A2","rygg","名词","健康与身体","NTNU LearnNoW; NorweigenLearn 当前词库","背；背部；脊背","en rygg · ryggen · rygger · ryggene / ryggen, rygger, ryggene","Jeg har vondt i ryggen etter jobb. / Babyen ligger på ryggen.","我下班后背疼。 / 宝宝仰卧着。","2","A2","true","true","词典核验：词头/词性/核心义项","Bokmålsordboka","https://ordbokene.no/nob/bm/rygg","2026-09-24","","true","词头与列出词形匹配","课程候选等级；尚未逐词人工确认","例句/译文尚未人工逐词审校"
"A2","sesong","名词","季节与活动","NTNU LearnNoW; NorweigenLearn 当前词库","季节；（体育/电视等）一季；旺季","en sesong · sesongen · sesonger · sesongene / sesongen, sesonger, sesongene","Skisesongen begynner vanligvis i desember. / Laget har vunnet mange kamper denne sesongen.","滑雪季通常在十二月开始。 / 球队这个赛季赢了很多比赛。","2","A2","true","true","词典核验：词头/词性/核心义项","Bokmålsordboka","https://ordbokene.no/bm/sesong","2026-09-24","","true","词头与列出词形匹配","课程候选等级；尚未逐词人工确认","例句/译文尚未人工逐词审校"
"A2","side","名词","位置与部分","NTNU LearnNoW; NorweigenLearn 当前词库","一侧；边；页；方面（依语境）","ei/en side · sida/siden · sider · sidene / siden, sider, sidene","Kafeen ligger på den andre siden av gata. / Les side to før timen.","咖啡馆在街道另一边。 / 上课前读第二页。","2","A2","true","true","词典核验：词头/词性/核心义项","Bokmålsordboka","https://ordbokene.no/bm/side","2026-09-24","","true","词头与列出词形匹配","课程候选等级；尚未逐词人工确认","例句/译文尚未人工逐词审校"
"A2","skadet","形容词","受伤与损坏","NTNU LearnNoW; NorweigenLearn 当前词库","受伤的；受损的；被损坏的","skadet · skadet · skadede / skadde · mer skadet · mest skadet / skadet, skadede","En skadet syklist fikk hjelp av ambulansepersonellet. / De fant et skadet dyr ved veien.","一名受伤的骑车人得到了救护人员的帮助。 / 他们在路边发现了一只受伤的动物。","2","A2","true","true","词典核验：词头/词性/核心义项","Bokmålsordboka","https://ordbokene.no/bm/skadet","2026-09-24","","false","相关词头词形匹配","课程候选等级；尚未逐词人工确认","例句/译文尚未人工逐词审校"
"A2","skjønne","动词","理解与认知","NTNU LearnNoW; NorweigenLearn 当前词库","理解；明白；懂得（常用于口语）","å skjønne · skjønner · skjønte · har skjønt / skjønner, skjønte, har skjønt","Nå skjønner jeg hvorfor du kom for sent. / Hun skjønte ikke beskjeden før læreren forklarte den.","现在我明白你为什么迟到了。 / 老师解释之前，她没理解那条通知。","2","A2","true","true","词典核验：词头/词性/核心义项","Bokmålsordboka","https://ordbokene.no/bm/skjønne","2026-09-24","","true","词头与列出词形匹配","课程候选等级；尚未逐词人工确认","例句/译文尚未人工逐词审校"
"A2","skogstur","名词","自然与户外","NTNU LearnNoW; NorweigenLearn 当前词库","森林徒步；去森林里散步/远足","en skogstur · skogsturen · skogsturer · skogsturene / skogsturen, skogsturer, skogsturene","Vi går en skogstur etter frokost hvis været er fint. / Skogsturen tok omtrent to timer.","如果天气好，早餐后我们去森林里走走。 / 这次森林徒步大约花了两个小时。","2","A2","true","true","词典核验：词头/词性/核心义项","Bokmålsordboka","https://ordbokene.no/search?dict=bm&q=skogstur&scope=eif","2026-09-24","","true","词头与列出词形匹配","课程候选等级；尚未逐词人工确认","例句/译文尚未人工逐词审校"
"A2","skranke","名词","公共服务与办事","NTNU LearnNoW; NorweigenLearn 当前词库","服务台；柜台；接待处","en skranke · skranken · skranker · skrankene / skranken, skranker, skrankene","Du kan hente nøkkelen i resepsjonen ved skranken. / Skrankene på biblioteket stenger klokka fire.","你可以在接待处的柜台领取钥匙。 / 图书馆的服务台四点关闭。","2","A2","true","true","词典核验：词头/词性/核心义项","Bokmålsordboka","https://ordbokene.no/search?dict=bm&q=skranke&scope=eif","2026-09-24","","true","词头与列出词形匹配","课程候选等级；尚未逐词人工确认","例句/译文尚未人工逐词审校"
"A2","skummel","形容词","描述与感受","NTNU LearnNoW; NorweigenLearn 当前词库","吓人的；阴森的；令人不安的","skummel · skummelt · skumle · skumlere · skumlest / skummelt, skumle","Det var en skummel lyd fra kjelleren. / Barna syntes skogen var skummel om kvelden.","地下室里传来一个吓人的声音。 / 孩子们觉得森林晚上很阴森。","2","A2","true","true","词典核验：词头/词性/核心义项","Bokmålsordboka","https://ordbokene.no/nob/search?dict=bm&q=skummel&scope=eif","2026-09-24","","true","词头与列出词形匹配","课程候选等级；尚未逐词人工确认","例句/译文尚未人工逐词审校"
"A2","slapp","形容词","描述与身体状态","NTNU LearnNoW; NorweigenLearn 当前词库","疲倦无力的；没精神的；松弛的；不严格的（依语境）","slapp · slapt · slappe · slappere · slappest / slapt, slappe","Jeg føler meg slapp etter forkjølelsen. / Gummistrikken har blitt slapp.","感冒之后我觉得浑身无力。 / 橡皮筋变松了。","2","A2","true","true","词典核验：词头/词性/核心义项","Bokmålsordboka","https://ordbokene.no/bm/slapp","2026-09-24","","true","词头与列出词形匹配","课程候选等级；尚未逐词人工确认","例句/译文尚未人工逐词审校"
"A2","smake","动词","饮食与感官","NTNU LearnNoW; NorweigenLearn 当前词库","尝；品尝；尝起来；有……味道","å smake · smaker · smakte · har smakt / smaker, smakte, har smakt","Kan jeg smake på suppa før vi serverer den? / Kaka smakte godt, men den var veldig søt.","上菜前我可以尝一下汤吗？ / 蛋糕味道不错，但非常甜。","2","A2","true","true","词典核验：词头/词性/核心义项","Bokmålsordboka","https://ordbokene.no/bm/smake","2026-09-24","","true","词头与列出词形匹配","课程候选等级；尚未逐词人工确认","例句/译文尚未人工逐词审校"
"A2","smertestillende","形容词","药物与健康","NTNU LearnNoW; NorweigenLearn 当前词库","止痛的；止痛药（省略说法）","smertestillende · smertestillende · smertestillende","Legen anbefalte smertestillende medisin. / Hun tok smertestillende etter tannbehandlingen.","医生建议使用止痛药。 / 她看完牙后服了止痛药。","2","A2","true","true","词典核验：词头/词性/核心义项","Bokmålsordboka","https://ordbokene.no/search?dict=bm&q=smertestillende&scope=eif","2026-09-24","","true","词头与列出词形匹配","课程候选等级；尚未逐词人工确认","例句/译文尚未人工逐词审校"
"A2","smitte","动词","健康与传染","NTNU LearnNoW; NorweigenLearn 当前词库","传染；感染；传播（疾病或病原体）","å smitte · smitter · smittet / smitta · har smittet / har smitta / smitter, smittet, har smittet","Forkjølelse kan smitte fra person til person. / Hun ble smittet av barnet sitt.","感冒可能在人与人之间传染。 / 她被自己的孩子传染了。","2","A2","true","true","词典核验：词头/词性/核心义项","Bokmålsordboka","https://ordbokene.no/bm/smitte","2026-09-24","","true","词头与列出词形匹配","课程候选等级；尚未逐词人工确认","例句/译文尚未人工逐词审校"
"A2","sovne","动词","睡眠与日常","NTNU LearnNoW; NorweigenLearn 当前词库","睡着；入睡","å sovne · sovner · sovnet / sovna · har sovnet / har sovna / sovner, sovnet, har sovnet","Barnet sovnet i bilen på vei hjem. / Jeg har vanskelig for å sovne når det er varmt.","孩子回家的路上在车里睡着了。 / 天气热时我很难入睡。","2","A2","true","true","词典核验：词头/词性/核心义项","Bokmålsordboka","https://ordbokene.no/nob/search?dict=bm%2Cnn&q=sovne&scope=eif","2026-09-24","","true","词头与列出词形匹配","课程候选等级；尚未逐词人工确认","例句/译文尚未人工逐词审校"
"A2","sport","名词","运动与休闲","NTNU LearnNoW; NorweigenLearn 当前词库","体育运动；运动项目；体育（活动）","en sport · sporten · sporter · sportene / sporten, sporter, sportene","Sønnen min er interessert i sport, særlig fotball. / Skolen tilbyr flere sporter etter skoletid.","我儿子喜欢体育，尤其是足球。 / 学校在放学后提供多种运动项目。","2","A2","true","true","词典核验：词头/词性/核心义项","Bokmålsordboka","https://ordbokene.no/bm/sport","2026-09-24","","true","词头与列出词形匹配","课程候选等级；尚未逐词人工确认","例句/译文尚未人工逐词审校"
"A2","stakkars","形容词","表达与情绪","NTNU LearnNoW; NorweigenLearn 当前词库","可怜的；真不幸；真让人心疼（依语气）","stakkars · stakkars · stakkars / stakkars, stakkars","Stakkars deg, du har ventet lenge. / Det stakkars barnet mistet votten sin.","真心疼你，你等了很久。 / 那个可怜的孩子把手套弄丢了。","2","A2","true","true","词典核验：词头/词性/核心义项","Bokmålsordboka","https://ordbokene.no/bm/stakkars","2026-09-24","","true","词头与列出词形匹配","课程候选等级；尚未逐词人工确认","例句/译文尚未人工逐词审校"
"A2","stanse","动词","动作与交通","NTNU LearnNoW; NorweigenLearn 当前词库","停下；使停止；拦住","å stanse · stanser · stanset / stansa · har stanset / har stansa / stanser, stanset, har stanset","Bussen stanser ved holdeplassen foran skolen. / Politiet ba sjåføren om å stanse bilen.","公交车在学校前面的站点停靠。 / 警察让司机把车停下来。","2","A2","true","true","词典核验：词头/词性/核心义项","Bokmålsordboka","https://ordbokene.no/search?dict=bm%2Cnn&q=stanse&scope=eif","2026-09-24","","true","词头与列出词形匹配","课程候选等级；尚未逐词人工确认","例句/译文尚未人工逐词审校"
"A2","sterk","形容词","程度与描述 / 未来计划与目标","NTNU LearnNoW; NorweigenLearn 当前词库","强壮的；强烈的；浓的","sterk · sterkt · sterke · sterkere · sterkest / sterkt, sterke","Denne kaffen er for sterk for meg. / Han er sterk nok til å løfte esken.","这咖啡对我来说太浓了。 / 他足够强壮，可以把箱子抬起来。","2","A2","true","true","词典核验：词头/词性/核心义项","Bokmålsordboka","https://ordbokene.no/bm/sterk","2026-09-24","","true","词头与列出词形匹配","课程候选等级；尚未逐词人工确认","例句/译文尚未人工逐词审校"
"A2","stryke","动词","衣物与家务","NTNU LearnNoW; NorweigenLearn 当前词库","熨烫；抚摸；划掉；不及格（依语境）","å stryke · stryker · strøk · har strøket / stryker, strøk, har strøket","Jeg må stryke skjorta før møtet. / Læreren strøk navnet hans fra lista.","我得在开会前把衬衫熨好。 / 老师把他的名字从名单上划掉了。","2","A2","true","true","词典核验：词头/词性/核心义项","Bokmålsordboka","https://ordbokene.no/bm/stryke","2026-09-24","","true","词头与列出词形匹配","课程候选等级；尚未逐词人工确认","例句/译文尚未人工逐词审校"
"A2","super","形容词","描述与评价","NTNU LearnNoW; NorweigenLearn 当前词库","极好的；棒极了；超级的","super · supert · supre · mer super · mest super / supert, supre","Det var supert å møte dere igjen. / Vi hadde en super dag på stranda.","能再次见到你们真是太好了。 / 我们在海滩度过了很棒的一天。","2","A2","true","true","词典核验：词头/词性/核心义项","Bokmålsordboka","https://ordbokene.no/bm/super","2026-09-24","","true","基本词形匹配；比较级形式另核","课程候选等级；尚未逐词人工确认","例句/译文尚未人工逐词审校"
"A2","svare","动词","交流与语言","NTNU LearnNoW; NorweigenLearn 当前词库","回答；回复；回应","å svare · svarer · svarte · har svart / svarer, svarte, har svart","Hun svarer på e-posten med en gang. / Jeg svarte læreren at jeg var syk.","她马上回复这封邮件。 / 我回答老师说我病了。","2","A2","true","true","词典核验：词头/词性/核心义项","Bokmålsordboka","https://ordbokene.no/bm/svare","2026-09-24","","true","词头与列出词形匹配","课程候选等级；尚未逐词人工确认","例句/译文尚未人工逐词审校"
"A2","svikte","动词","关系与可靠性","NTNU LearnNoW; NorweigenLearn 当前词库","辜负；背弃；失灵；衰竭（依语境）","å svikte · svikter · sviktet / svikta · har sviktet / har svikta / svikter, sviktet, har sviktet","Jeg vil ikke svikte vennene mine. / Batteriet sviktet midt under turen.","我不想辜负我的朋友们。 / 途中电池突然失灵了。","2","A2","true","true","词典核验：词头/词性/核心义项","Bokmålsordboka","https://ordbokene.no/bm/svikte","2026-09-24","","true","词头与列出词形匹配","课程候选等级；尚未逐词人工确认","例句/译文尚未人工逐词审校"
"A2","tablett","名词","健康与身体","NTNU LearnNoW; NorweigenLearn 当前词库","药片；片剂","en tablett · tabletten · tabletter · tablettene / tabletten, tabletter, tablettene","Du kan ta én tablett med vann. / Apoteket anbefaler tabletter mot hodepine.","你可以用水服一片药。 / 药房推荐用于头痛的药片。","2","A2","true","true","词典核验：词头/词性/核心义项","Bokmålsordboka","https://ordbokene.no/bm/tablett","2026-09-24","","true","词头与列出词形匹配","课程候选等级；尚未逐词人工确认","例句/译文尚未人工逐词审校"
"A2","tåke","名词","季节与天气","NTNU LearnNoW; NorweigenLearn 当前词库","雾；浓雾","ei/en tåke · tåka/tåken · tåker · tåkene / tåka, tåker, tåkene","Det er tett tåke på veien i dag. / Tåka lettet da sola kom fram.","今天路上有浓雾。 / 太阳出来后雾散了。","2","A2","true","true","词典核验：词头/词性/核心义项","Bokmålsordboka","https://ordbokene.no/bm/tåke","2026-09-24","","true","词头与列出词形匹配","课程候选等级；尚未逐词人工确认","例句/译文尚未人工逐词审校"
"A2","taktikk","名词","策略与比赛","NTNU LearnNoW; NorweigenLearn 当前词库","策略；战术；方法","en taktikk · taktikken · taktikker · taktikkene / taktikken, taktikker, taktikkene","Treneren forklarte en ny taktikk før kampen. / Å øve litt hver dag er en god taktikk for å lære språk.","教练在比赛前讲解了一种新战术。 / 每天练习一点是学习语言的好策略。","2","A2","true","true","词典核验：词头/词性/核心义项","Bokmålsordboka","https://ordbokene.no/bm/taktikk","2026-09-24","","true","词头与列出词形匹配","课程候选等级；尚未逐词人工确认","例句/译文尚未人工逐词审校"
"A2","tann","名词","健康与身体","NTNU LearnNoW; NorweigenLearn 当前词库","牙齿","ei/en tann · tanna/tannen · tenner · tennene / tanna, tenner, tennene","Jeg pusser tennene hver morgen. / Hun må bestille time hos tannlegen.","我每天早上刷牙。 / 她得预约看牙医。","2","A2","true","true","词典核验：词头/词性/核心义项","Bokmålsordboka","https://ordbokene.no/bm/tann","2026-09-24","","true","词头与列出词形匹配","课程候选等级；尚未逐词人工确认","例句/译文尚未人工逐词审校"
"A2","tannlege","名词","看医生与就医","NTNU LearnNoW; NorweigenLearn 当前词库","牙医；牙科医生","en tannlege · tannlegen · tannleger · tannlegene / tannlegen, tannleger, tannlegene","Jeg skal til tannlegen på torsdag. / Tannlegen undersøkte tennene mine.","我星期四要去看牙医。 / 牙医检查了我的牙齿。","2","A2","true","true","词典核验：词头/词性/核心义项","Bokmålsordboka","https://ordbokene.no/bm/tannlege","2026-09-24","","true","词头与列出词形匹配","课程候选等级；尚未逐词人工确认","例句/译文尚未人工逐词审校"
"A2","tannlegetime","名词","预约与就医","NTNU LearnNoW; NorweigenLearn 当前词库","牙医预约；看牙医的时间/诊疗预约","en tannlegetime · tannlegetimen · tannlegetimer · tannlegetimene / tannlegetimen, tannlegetimer, tannlegetimene","Jeg må bestille en tannlegetime. / Tannlegetimen er klokka ni.","我得预约一次看牙。 / 牙医预约在九点。","2","A2","true","true","词典核验：词头/词性/核心义项","Bokmålsordboka","https://ordbokene.no/search?dict=bm&q=tannlegetime&scope=eif","2026-09-24","","true","词头与列出词形匹配","课程候选等级；尚未逐词人工确认","例句/译文尚未人工逐词审校"
"A2","tegnefilm","名词","媒体与休闲","NTNU LearnNoW; NorweigenLearn 当前词库","动画片；卡通片","en tegnefilm · tegnefilmen · tegnefilmer · tegnefilmene / tegnefilmen, tegnefilmer, tegnefilmene","Barna ser en tegnefilm etter middagen. / Den norske tegnefilmen passer for hele familien.","孩子们晚饭后看一部动画片。 / 这部挪威动画片适合全家观看。","2","A2","true","true","词典核验：词头/词性/核心义项","Bokmålsordboka","https://ordbokene.no/search?dict=bm&q=tegnefilm&scope=eif","2026-09-24","","true","词头与列出词形匹配","课程候选等级；尚未逐词人工确认","例句/译文尚未人工逐词审校"
"A2","temperatur","名词","季节与天气","NTNU LearnNoW; NorweigenLearn 当前词库","温度","en temperatur · temperaturen · temperaturer · temperaturene / temperaturen, temperaturer, temperaturene","Temperaturen er fem grader nå. / Det er store temperaturforskjeller her.","现在温度是五度。 / 这里温差很大。","2","A2","true","true","词典核验：词头/词性/核心义项","Bokmålsordboka","https://ordbokene.no/bm/temperatur","2026-09-24","","true","词头与列出词形匹配","课程候选等级；尚未逐词人工确认","例句/译文尚未人工逐词审校"
"A2","termometer","名词","身体与测量","NTNU LearnNoW; NorweigenLearn 当前词库","温度计；体温计（依语境）","et termometer · termometeret · termometre · termometrene / termometeret, termometer, termometerne","Vi målte barnets temperatur med et termometer. / Termometeret viser fem grader.","我们用体温计测了孩子的体温。 / 温度计显示五度。","2","A2","true","true","词典核验：词头/词性/核心义项","Bokmålsordboka","https://ordbokene.no/bm/termometer","2026-09-24","","true","词头与列出词形匹配","课程候选等级；尚未逐词人工确认","例句/译文尚未人工逐词审校"
"A2","tøff","形容词","描述与感受","NTNU LearnNoW; NorweigenLearn 当前词库","艰难的；强悍的；酷的；严厉的（依语境）","tøff · tøft · tøffe · tøffere · tøffest / tøft, tøffe","Det var en tøff uke på jobben. / Hun er tøff nok til å prøve igjen.","那是工作上很辛苦的一周。 / 她足够坚强，愿意再试一次。","2","A2","true","true","词典核验：词头/词性/核心义项","Bokmålsordboka","https://ordbokene.no/bm/t%C3%B8ff","2026-09-24","","true","词头与列出词形匹配","课程候选等级；尚未逐词人工确认","例句/译文尚未人工逐词审校"
"A2","tran","名词","饮食与健康","NTNU LearnNoW; NorweigenLearn 当前词库","鱼肝油（通常指鳕鱼肝油）","tran · trana/tranen / trana","Mange barn tar tran om vinteren. / Jeg tar en skje tran før frokost.","很多孩子冬天会服用鱼肝油。 / 我早餐前喝一勺鱼肝油。","2","A2","true","true","词典核验：词头/词性/核心义项","Bokmålsordboka","https://ordbokene.no/bm/tran","2026-09-24","","true","词头与列出词形匹配","课程候选等级；尚未逐词人工确认","例句/译文尚未人工逐词审校"
"A2","trankapsel","名词","营养与保健品","NTNU LearnNoW; NorweigenLearn 当前词库","鱼肝油胶囊；鳕鱼肝油胶囊","en trankapsel · trankapselen · trankapsler · trankapslene / trankapselen, trankapsler, trankapslene","Bestefar tar en trankapsel hver morgen. / Hun kjøpte en pakke trankapsler på apoteket.","爷爷每天早上服一粒鱼肝油胶囊。 / 她在药房买了一包鱼肝油胶囊。","2","A2","true","true","词典核验：词头/词性/核心义项","Bokmålsordboka","https://ordbokene.no/search?dict=bm&q=trankapsel&scope=eif","2026-09-24","","false","透明复合词词形匹配中心词","课程候选等级；尚未逐词人工确认","例句/译文尚未人工逐词审校"
"A2","travel","形容词","描述与感受","NTNU LearnNoW; NorweigenLearn 当前词库","忙碌的；事情多的；忙得不可开交的","travel · travelt · travle · travlere · travlest / travelt, travle","Jeg har det travelt før ferien. / Det blir travelt på apoteket i desember.","假期前我很忙。 / 药店十二月会很忙。","2","A2","true","true","词典核验：词头/词性/核心义项","Bokmålsordboka","https://ordbokene.no/bm/travel","2026-09-24","","true","词头与列出词形匹配","课程候选等级；尚未逐词人工确认","例句/译文尚未人工逐词审校"
"A2","trekke","动词","动作与变化","NTNU LearnNoW; NorweigenLearn 当前词库","拉；拖；抽出；吸入；扣除；撤回（依语境）","å trekke · trekker · trakk · har trukket / trekker, trakk, har trukket","Husk å trekke pusten rolig før du begynner. / Butikken trakk ti kroner fra prisen.","开始前记得平静地吸一口气。 / 商店从价格中减了十克朗。","2","A2","true","true","词典核验：词头/词性/核心义项","Bokmålsordboka","https://ordbokene.no/bm/trekke","2026-09-24","","true","词头与列出词形匹配","课程候选等级；尚未逐词人工确认","例句/译文尚未人工逐词审校"
"A2","trener","名词","运动与活动","NTNU LearnNoW; NorweigenLearn 当前词库","教练；训练者；指导员","en trener · treneren · trenere · trenerne / treneren, trenere, trenerne","Treneren viser laget en ny øvelse. / Barna snakker med trenerne etter kampen.","教练向球队演示一个新练习。 / 孩子们赛后和教练们交谈。","2","A2","true","true","词典核验：词头/词性/核心义项","Bokmålsordboka","https://ordbokene.no/bm/trener","2026-09-24","","true","词头与列出词形匹配","课程候选等级；尚未逐词人工确认","例句/译文尚未人工逐词审校"
"A2","trening","名词","运动与健康 / 未来计划与目标","NTNU LearnNoW; NorweigenLearn 当前词库","训练；锻炼；一次训练课","ei/en trening · treninga/treningen · treninger · treningene / treninga, treninger, treningene","Jeg går på trening etter jobb. / Treningen begynner klokka seks.","我下班后去锻炼。 / 训练六点开始。","2","A2","true","true","词典核验：词头/词性/核心义项","Bokmålsordboka","https://ordbokene.no/bm/trening","2026-09-24","","true","词头与列出词形匹配","课程候选等级；尚未逐词人工确认","例句/译文尚未人工逐词审校"
"A2","tro","动词","想法与信念","NTNU LearnNoW; NorweigenLearn 当前词库","相信；认为；以为；信仰","å tro · tror · trodde · har trodd / tror, trodde, har trodd","Jeg tror at bussen kommer om fem minutter. / Hun tror på seg selv og tør å snakke norsk.","我想公交车五分钟后会来。 / 她相信自己，也敢于说挪威语。","2","A2","true","true","词典核验：词头/词性/核心义项","Bokmålsordboka","https://ordbokene.no/bm/tro","2026-09-24","","true","词头与列出词形匹配","课程候选等级；尚未逐词人工确认","例句/译文尚未人工逐词审校"
"A2","tydelig","形容词","沟通与描述","NTNU LearnNoW; NorweigenLearn 当前词库","清楚的；明确的；明显的","tydelig · tydelig · tydelige · tydeligere · tydeligst / tydeligste / tydelig, tydelige","Kan du snakke litt tydeligere? / Læreren ga en tydelig forklaring.","你能说得再清楚一点吗？ / 老师给出了清楚的解释。","2","A2","true","true","词典核验：词头/词性/核心义项","Bokmålsordboka","https://ordbokene.no/bm/tydelig","2026-09-24","","true","词头与列出词形匹配","课程候选等级；尚未逐词人工确认","例句/译文尚未人工逐词审校"
"A2","urolig","形容词","情绪与感受","NTNU LearnNoW; NorweigenLearn 当前词库","担心的；焦躁不安的；不平静的","urolig · urolig · urolige · uroligere / mer urolig · uroligst / mest urolig / urolig, urolige","Hun er urolig for sønnen sin. / Barnet sov dårlig etter en urolig natt.","她很担心自己的儿子。 / 经历了一个不安稳的夜晚后，孩子睡得不好。","2","A2","true","true","词典核验：词头/词性/核心义项","Bokmålsordboka","https://ordbokene.no/bm/urolig","2026-09-24","","true","基本词形匹配；比较级形式另核","课程候选等级；尚未逐词人工确认","例句/译文尚未人工逐词审校"
"A2","utslett","名词","身体与症状","NTNU LearnNoW; NorweigenLearn 当前词库","皮疹；疹子；皮肤红疹","et utslett · utslettet · utslett · utslettene / utslettet, utslett, utslettene","Barnet fikk utslett etter å ha spist nøtter. / Utslettet klør, så jeg ringer legen.","孩子吃了坚果后起了皮疹。 / 疹子很痒，所以我要给医生打电话。","2","A2","true","true","词典核验：词头/词性/核心义项","Bokmålsordboka","https://ordbokene.no/bm/utslett","2026-09-24","","true","词头与列出词形匹配","课程候选等级；尚未逐词人工确认","例句/译文尚未人工逐词审校"
"A2","vare","动词","持续与经营","NTNU LearnNoW; NorweigenLearn 当前词库","持续；维持；耐用；保存（依语境）","å vare · varer · varte · har vart / varer, varte, har vart","Filmen varer i nesten to timer. / Tilbudet varer bare til fredag.","这部电影持续将近两个小时。 / 优惠只持续到星期五。","2","A2","true","true","词典核验：词头/词性/核心义项","Bokmålsordboka","https://ordbokene.no/bm/vare","2026-09-24","","true","词头与列出词形匹配","课程候选等级；尚未逐词人工确认","例句/译文尚未人工逐词审校"
"A2","varmegrad","名词","季节与天气","NTNU LearnNoW; NorweigenLearn 当前词库","摄氏度中的正温度度数；一度暖温","en varmegrad · varmegraden · varmegrader · varmegradene / varmegraden, varmegrader, varmegradene","Det blir tre varmegrader i Oslo i morgen. / Om natta kan temperaturen synke til én varmegrad.","奥斯陆明天会有零上三摄氏度。 / 夜间气温可能降到零上一度。","2","A2","true","true","词典核验：词头/词性/核心义项","Bokmålsordboka","https://ordbokene.no/search?dict=bm&q=varmegrad&scope=eif","2026-09-24","","true","词头与列出词形匹配","课程候选等级；尚未逐词人工确认","例句/译文尚未人工逐词审校"
"A2","videre","形容词","描述与方向","NTNU LearnNoW; NorweigenLearn 当前词库","更宽的；更广的；进一步（依语境）","videre","Vi trenger et videre område til prosjektet. / Etter pausen gikk møtet videre.","这个项目需要一个更宽广的区域。 / 休息后会议继续进行。","2","A2","true","true","词典核验：词头/词性/核心义项","Bokmålsordboka","https://ordbokene.no/bm/videre","2026-09-24","","true","词头与列出词形匹配","课程候选等级；尚未逐词人工确认","例句/译文尚未人工逐词审校"
"A2","virkelig","副词","表达与强调","NTNU LearnNoW; NorweigenLearn 当前词库","真的；确实；非常（加强语气）","virkelig · virkelig · virkelige · mer virkelig · mest virkelig","Er du virkelig sikker på at døra er låst? / Jeg er virkelig glad for at du kunne komme.","你真的确定门锁好了吗？ / 你能来我真的很高兴。","2","A2","true","true","词典核验：词头/词性/核心义项","Bokmålsordboka","https://ordbokene.no/bm/virkelig","2026-09-24","","true","基本词形匹配；比较级形式另核","课程候选等级；尚未逐词人工确认","例句/译文尚未人工逐词审校"
"A2","alder","名词","年龄与个人信息","NTNU LearnNoW; NorweigenLearn 当前词库","年龄；年纪；时期/阶段（依语境）","alderen, aldre, aldrene / en alder · alderen · aldere / aldre · alderne / aldrene","Barn i alle aldre kan delta på arrangementet. / Hun begynte å lære norsk i en alder av tretti år.","各个年龄段的孩子都可以参加活动。 / 她三十岁时开始学习挪威语。","2","A2","true","true","词典核验：词头/词性/核心义项","Bokmålsordboka","https://ordbokene.no/bm/alder","2026-09-24","","true","词头与列出词形匹配","课程候选等级；尚未逐词人工确认","例句/译文尚未人工逐词审校"
"A2","årstid","名词","季节与天气","NTNU LearnNoW; NorweigenLearn 当前词库","季节；一年中的时节","årstida, årstider, årstidene / ei/en årstid · årstida / årstiden · årstider · årstidene","Hvilken årstid liker du best? / Om vinteren er det mørkt store deler av dagen.","你最喜欢哪个季节？ / 冬天一天中很长时间都是黑的。","2","A2","true","true","词典核验：词头/词性/核心义项","Bokmålsordboka","https://ordbokene.no/bm/%C3%A5rstid","2026-09-24","","true","词头与列出词形匹配","课程候选等级；尚未逐词人工确认","例句/译文尚未人工逐词审校"
"A2","begeistret","形容词","情绪与反应","NTNU LearnNoW; NorweigenLearn 当前词库","兴奋的；热情的；非常感兴趣的","begeistret · begeistret · begeistrede / begeistrete · mer begeistret · mest begeistret / begeistret, begeistrede","Barna er begeistret for den nye lekeplassen. / Hun var ikke særlig begeistret for planen.","孩子们对这个新游乐场很兴奋。 / 她对这个计划并不是特别热衷。","2","A2","true","true","词典核验：词头/词性/核心义项","Bokmålsordboka","https://ordbokene.no/bm/begeistret","2026-09-24","","true","基本词形匹配；比较级形式另核","课程候选等级；尚未逐词人工确认","例句/译文尚未人工逐词审校"
"A2","bitte","副词","程度与数量","NTNU LearnNoW; NorweigenLearn 当前词库","稍微；一点点；很（加强语气，依搭配）","bitte","Kan du vente bitte litt? / De hadde bitte små sko på utstillingen.","你能稍微等一下吗？ / 展览上摆着非常小的鞋子。","2","A2","true","true","词典核验：词头/词性/核心义项","Bokmålsordboka","https://ordbokene.no/bm/bitte","2026-09-24","","true","词头与列出词形匹配","课程候选等级；尚未逐词人工确认","例句/译文尚未人工逐词审校"
"A2","bratt","形容词","方向与地形","NTNU LearnNoW; NorweigenLearn 当前词库","陡的；陡峭的；（曲线）急剧的","bratt · bratt · bratte · brattere · brattest / bratt, bratte","Veien opp til hytta er veldig bratt. / Grafen viser et bratt fall i salget.","通往小木屋的路很陡。 / 图表显示销量急剧下滑。","2","A2","true","true","词典核验：词头/词性/核心义项","Bokmålsordboka","https://ordbokene.no/bm/bratt","2026-09-24","","true","词头与列出词形匹配","课程候选等级；尚未逐词人工确认","例句/译文尚未人工逐词审校"
"A2","bryllup","名词","节日与重要事件","NTNU LearnNoW; NorweigenLearn 当前词库","婚礼；婚宴；婚礼庆典","bryllupet, brylluper, bryllupene / et bryllup · bryllupet · bryllup · bryllupene","Vi skal i bryllup til søsteren hennes i juni. / Bryllupet var lite, men veldig hyggelig.","我们六月要参加她姐姐 / 妹妹的婚礼。 / 婚礼规模不大，但非常愉快。","2","A2","true","true","词典核验：词头/词性/核心义项","Bokmålsordboka","https://ordbokene.no/bm/bryllup","2026-09-24","","true","词头与列出词形匹配","课程候选等级；尚未逐词人工确认","例句/译文尚未人工逐词审校"
"A2","dikt","名词","文化与阅读","NTNU LearnNoW; NorweigenLearn 当前词库","诗；诗歌（通常指一首）","diktet, dikt, diktene / et dikt · diktet · dikt · diktene","Elevene skrev et dikt om høsten. / Hun leste diktene høyt for barna.","学生们写了一首关于秋天的诗。 / 她把那些诗大声读给孩子们听。","2","A2","true","true","词典核验：词头/词性/核心义项","Bokmålsordboka","https://ordbokene.no/bm/dikt","2026-09-24","","true","词头与列出词形匹配","课程候选等级；尚未逐词人工确认","例句/译文尚未人工逐词审校"
"A2","dokke","名词","儿童与玩具","NTNU LearnNoW; NorweigenLearn 当前词库","玩偶；娃娃；（口语/方言）木偶","dokka, dokker, dokkene / ei/en dokke · dokka/dokken · dokker · dokkene","Lillesøsteren min leker med ei dokke. / Dokka ligger i senga ved siden av bamsen.","我妹妹在玩一个娃娃。 / 娃娃躺在泰迪熊旁边的床上。","2","A2","true","true","词典核验：词头/词性/核心义项","Bokmålsordboka","https://ordbokene.no/bm/dokke","2026-09-24","","true","词头与列出词形匹配","课程候选等级；尚未逐词人工确认","例句/译文尚未人工逐词审校"
"A2","dokketeater","名词","文化与活动","NTNU LearnNoW; NorweigenLearn 当前词库","木偶戏；木偶剧场","dokketeateret, dokketeatre, dokketeatrene / et dokketeater · dokketeateret · dokketeatre · dokketeatrene","Barna så dokketeater på biblioteket. / Kulturskolen har et lite dokketeater.","孩子们在图书馆看了木偶戏。 / 文化学校有一个小木偶剧场。","2","A2","true","true","词典核验：词头/词性/核心义项","Bokmålsordboka","https://ordbokene.no/search?dict=bm&q=dokketeater&scope=eif","2026-09-24","","true","词头与列出词形匹配","课程候选等级；尚未逐词人工确认","例句/译文尚未人工逐词审校"
"A2","ekte","形容词","描述与真实性","NTNU LearnNoW; NorweigenLearn 当前词库","真的；真正的；真诚的；亲生的（依语境）","ekte · ekte · ekte · mer ekte · mest ekte / ekte, ekte","Hun kjøpte et ekte sølvsmykke. / Det var en ekte glede å møte familien igjen.","她买了一件真正的银饰。 / 再次见到家人真是由衷的喜悦。","2","A2","true","true","词典核验：词头/词性/核心义项","Bokmålsordboka","https://ordbokene.no/bm/ekte","2026-09-24","","true","基本词形匹配；比较级形式另核","课程候选等级；尚未逐词人工确认","例句/译文尚未人工逐词审校"
"A2","ektepar","名词","家庭与关系","NTNU LearnNoW; NorweigenLearn 当前词库","一对夫妻；已婚夫妇","ekteparet, ektepar, ekteparene / et ektepar · ekteparet · ektepar · ekteparene","Et eldre ektepar bor i huset ved siden av. / Ekteparet har bodd her i mange år.","隔壁那栋房子里住着一对年长夫妻。 / 这对夫妻已经在这里住了很多年。","2","A2","true","true","词典核验：词头/词性/核心义项","Bokmålsordboka","https://ordbokene.no/bm/ektepar","2026-09-24","","true","词头与列出词形匹配","课程候选等级；尚未逐词人工确认","例句/译文尚未人工逐词审校"
"A2","eventyr","名词","阅读与故事","NTNU LearnNoW; NorweigenLearn 当前词库","童话；冒险；奇妙经历","et eventyr · eventyret · eventyr · eventyrene / eventyret, eventyr, eventyrene","Bestefar leser et eventyr for barna. / Turen til fjellet ble et lite eventyr.","爷爷给孩子们读一个童话。 / 这趟山区之旅成了一次小小的冒险。","2","A2","true","true","词典核验：词头/词性/核心义项","Bokmålsordboka","https://ordbokene.no/bm/eventyr","2026-09-24","","true","词头与列出词形匹配","课程候选等级；尚未逐词人工确认","例句/译文尚未人工逐词审校"
"A2","fan","名词","兴趣与支持","NTNU LearnNoW; NorweigenLearn 当前词库","粉丝；热情支持者；爱好者","en fan · fanen · fans · fanene","Hun er fan av dette bandet. / Fotballfans fra hele landet kom til kampen.","她是这个乐队的粉丝。 / 来自全国各地的足球迷都来观看比赛了。","2","A2","true","true","词典核验：词头/词性/核心义项","Bokmålsordboka","https://ordbokene.no/bm/fan","2026-09-24","","true","词头与列出词形匹配","课程候选等级；尚未逐词人工确认","例句/译文尚未人工逐词审校"
"A2","fantastisk","形容词","描述与评价","NTNU LearnNoW; NorweigenLearn 当前词库","极好的；精彩的；令人惊叹的；难以置信的（依语境）","fantastisk · fantastisk · fantastiske · mer fantastisk · mest fantastisk / fantastisk, fantastiske","Vi hadde en fantastisk ferie i Nord-Norge. / Det var fantastisk å møte alle igjen.","我们在挪威北部度过了一个非常棒的假期。 / 能再次见到大家真是太好了。","2","A2","true","true","词典核验：词头/词性/核心义项","Bokmålsordboka","https://ordbokene.no/bm/fantastisk","2026-09-24","","true","基本词形匹配；比较级形式另核","课程候选等级；尚未逐词人工确认","例句/译文尚未人工逐词审校"
"A2","fiskelykke","名词","自然与休闲","NTNU LearnNoW; NorweigenLearn 当前词库","钓鱼运气；钓到鱼的好运","ei/en fiskelykke · fiskelykka/fiskelykken / fiskelykken, fiskelykker, fiskelykkene","Vi hadde god fiskelykke ved innsjøen. / Jeg ønsker deg fiskelykke i helgen.","我们在湖边钓鱼收获不错。 / 祝你周末钓鱼好运。","2","A2","true","true","词典核验：词头/词性/核心义项","Bokmålsordboka","https://ordbokene.no/search?dict=bm&q=fiskelykke&scope=eif","2026-09-24","","true","词头与列出词形匹配","课程候选等级；尚未逐词人工确认","例句/译文尚未人工逐词审校"
"A2","fiskestang","名词","自然与休闲","NTNU LearnNoW; NorweigenLearn 当前词库","鱼竿；钓鱼竿","en fiskestang · fiskestanga/fiskestangen · fiskestenger · fiskestengene / fiskestanga, fiskestanger, fiskestangene","Bestefar lærte meg å fiske med fiskestang. / Vi tok med fiskestengene ned til vannet.","爷爷教我用鱼竿钓鱼。 / 我们把鱼竿带到了湖边。","2","A2","true","true","词典核验：词头/词性/核心义项","Bokmålsordboka","https://ordbokene.no/search?dict=bm&q=fiskestang&scope=eif","2026-09-24","","true","词头与列出词形匹配","课程候选等级；尚未逐词人工确认","例句/译文尚未人工逐词审校"
"A2","fjell","名词","自然与户外","NTNU LearnNoW; NorweigenLearn 当前词库","山；山地；高山","et fjell · fjellet · fjell · fjellene / fjellet, fjell, fjellene","Vi går en tur på fjellet hvis været er fint. / Det høyeste fjellet i området er dekket av snø.","如果天气好，我们就去山里走走。 / 这个地区最高的山被积雪覆盖。","2","A2","true","true","词典核验：词头/词性/核心义项","Bokmålsordboka","https://ordbokene.no/bm/fjell","2026-09-24","","true","词头与列出词形匹配","课程候选等级；尚未逐词人工确认","例句/译文尚未人工逐词审校"
"A2","flyplass","名词","机场与旅行","NTNU LearnNoW; NorweigenLearn 当前词库","机场；飞机场","en flyplass · flyplassen · flyplasser · flyplassene / flyplassen, flyplasser, flyplassene","Vi må være på flyplassen to timer før avgang. / Flyplassen ligger utenfor sentrum.","我们必须在起飞前两小时到机场。 / 机场位于市中心外面。","2","A2","true","true","词典核验：词头/词性/核心义项","Bokmålsordboka","https://ordbokene.no/bm/flyplass","2026-09-24","","true","词头与列出词形匹配","课程候选等级；尚未逐词人工确认","例句/译文尚未人工逐词审校"
"A2","folk","名词","人与群体","NTNU LearnNoW; NorweigenLearn 当前词库","人们；人民；民族；一群人（依语境）","et folk · folket · folk · folkene / folket, folk, folkene","Det bor folk i alle husene i gata. / Mange folk bruker bussen om morgenen.","这条街上的每栋房子里都住着人。 / 很多人早上乘公交车。","2","A2","true","true","词典核验：词头/词性/核心义项","Bokmålsordboka","https://ordbokene.no/nno/bm/folk","2026-09-24","","true","词头与列出词形匹配","课程候选等级；尚未逐词人工确认","例句/译文尚未人工逐词审校"
"A2","forestilling","名词","文化与休闲","NTNU LearnNoW; NorweigenLearn 当前词库","演出；表演；想象；看法","en forestilling · forestillingen · forestillinger · forestillingene / forestillingen, forestillinger, forestillingene","Vi så en morsom forestilling på teatret. / Jeg hadde en helt annen forestilling om stedet.","我们在剧院看了一场有趣的演出。 / 我原本对那个地方有完全不同的想象。","2","A2","true","true","词典核验：词头/词性/核心义项","Bokmålsordboka","https://ordbokene.no/bm/forestilling","2026-09-24","","true","词头与列出词形匹配","课程候选等级；尚未逐词人工确认","例句/译文尚未人工逐词审校"
"A2","galleri","名词","文化与城市","NTNU LearnNoW; NorweigenLearn 当前词库","画廊；美术馆；（建筑中的）楼座","et galleri · galleriet · gallerier · galleriene / galleriet, gallerier, galleriene","Vi besøkte et lite galleri i sentrum. / Galleriet viser bilder av norske kunstnere.","我们参观了市中心的一家小画廊。 / 这家画廊展出挪威艺术家的画作。","2","A2","true","true","词典核验：词头/词性/核心义项","Bokmålsordboka","https://ordbokene.no/bm/galleri","2026-09-24","","true","词头与列出词形匹配","课程候选等级；尚未逐词人工确认","例句/译文尚未人工逐词审校"
"A2","gammeldags","形容词","程度与描述","NTNU LearnNoW; NorweigenLearn 当前词库","老式的；过时的；传统的","gammeldags · gammeldags · gammeldagse · mer gammeldags · mest gammeldags / gammeldags, gammeldagse","Bestefar har et gammeldags kjøkken. / Noen synes at denne regelen virker gammeldags.","爷爷家有一间老式厨房。 / 有些人觉得这条规定显得过时。","2","A2","true","true","词典核验：词头/词性/核心义项","Bokmålsordboka","https://ordbokene.no/bm/gammeldags","2026-09-24","","true","基本词形匹配；比较级形式另核","课程候选等级；尚未逐词人工确认","例句/译文尚未人工逐词审校"
"A2","gratis","形容词","价格与服务","NTNU LearnNoW; NorweigenLearn 当前词库","免费的；无偿的；免费地","gratis · gratis · gratis · mer gratis · mest gratis / gratis, gratis","Barn under seks år kommer inn gratis. / Biblioteket tilbyr gratis norskkurs.","六岁以下儿童可以免费入场。 / 图书馆提供免费的挪威语课程。","2","A2","true","true","词典核验：词头/词性/核心义项","Bokmålsordboka","https://ordbokene.no/bm/gratis","2026-09-24","","true","基本词形匹配；比较级形式另核","课程候选等级；尚未逐词人工确认","例句/译文尚未人工逐词审校"
"A2","hjelpsom","形容词","性格与关系","NTNU LearnNoW; NorweigenLearn 当前词库","乐于助人的；有帮助的","hjelpsom · hjelpsomt · hjelpsomme · hjelpsommere · hjelpsomst / hjelpsomt, hjelpsome","Naboen var veldig hjelpsom da vi flyttet. / Takk for et hjelpsomt svar.","我们搬家时，邻居非常乐于帮忙。 / 谢谢你提供了有帮助的答复。","2","A2","true","true","词典核验：词头/词性/核心义项","Bokmålsordboka","https://ordbokene.no/bm/hjelpsom","2026-09-24","","true","词头与列出词形匹配","课程候选等级；尚未逐词人工确认","例句/译文尚未人工逐词审校"
"A2","hjemover","副词","方向与出行","NTNU LearnNoW; NorweigenLearn 当前词库","朝家；往回家的方向","hjemover","Vi begynner å gå hjemover før det blir mørkt. / Etter besøket kjørte de hjemover.","天黑前我们开始往家走。 / 拜访结束后，他们开车往家返。","2","A2","true","true","词典核验：Bokmål词头/词性/核心义项","Bokmålsordboka","https://ordbokene.no/bm/hjemover","2026-09-24","","true","词头与列出词形匹配","课程候选等级；尚未逐词人工确认","例句/译文尚未人工逐词审校"
"A2","hull","名词","房屋与物品状态","NTNU LearnNoW; NorweigenLearn 当前词库","洞；孔；缺口；（道路上的）坑","et hull · hullet · hull · hullene / hullet, hull, hullene","Det er et hull i buksa mi. / Vi må kjøre sakte fordi det er mange hull i veien.","我的裤子上有个洞。 / 路上有很多坑，我们必须慢慢开。","2","A2","true","true","词典核验：词头/词性/核心义项","Bokmålsordboka","https://ordbokene.no/bm/hull","2026-09-24","","true","词头与列出词形匹配","课程候选等级；尚未逐词人工确认","例句/译文尚未人工逐词审校"
"A2","hyle","动词","声音与反应","NTNU LearnNoW; NorweigenLearn 当前词库","尖叫；嚎叫；发出刺耳声","å hyle · hyler · hylte · har hylt / hyler, hylte, har hylt","Barna hylte av glede da snøen kom. / Vinden hylte rundt huset hele natta.","下雪时孩子们高兴得尖叫起来。 / 整夜风都在房子周围呼啸。","2","A2","true","true","词典核验：Bokmål词头/词性/核心义项","Bokmålsordboka","https://ordbokene.no/bm/hyle","2026-09-24","","true","词头与列出词形匹配","课程候选等级；尚未逐词人工确认","例句/译文尚未人工逐词审校"
"A2","hyling","名词","声音与反应","NTNU LearnNoW; NorweigenLearn 当前词库","嚎叫；尖叫；大声哭喊","en hyling · hylingen · hylinger · hylingene / hylingen, hylinger, hylingene","Det kom hyling og applaus fra publikum. / Hylingen fra vinden vekket barna.","观众中响起了尖叫和掌声。 / 风的呼啸声把孩子们吵醒了。","2","A2","true","true","词典核验：Bokmål词头/词性/核心义项","Bokmålsordboka","https://ordbokene.no/bm/hyling","2026-09-24","","true","词头与列出词形匹配","课程候选等级；尚未逐词人工确认","例句/译文尚未人工逐词审校"
"A2","innover","介词","位置与方向","NTNU LearnNoW; NorweigenLearn 当前词库","朝……里面；向内；向内陆方向","innover","Vi gikk lange turer innover fjellet. / Vannet flommet innover markene.","我们常常往山里走很远。 / 水向田野深处漫去。","2","A2","true","true","词典核验：Bokmål词头/词性/核心义项","Bokmålsordboka","https://ordbokene.no/bm/innover","2026-09-24","","true","词头与列出词形匹配","课程候选等级；尚未逐词人工确认","例句/译文尚未人工逐词审校"
"A2","invitasjon","名词","邀请与社交","NTNU LearnNoW; NorweigenLearn 当前词库","邀请；请柬；邀请函","en invitasjon · invitasjonen · invitasjoner · invitasjonene / invitasjonen, invitasjoner, invitasjonene","Vi fikk en invitasjon til bryllupet deres. / Hun sendte invitasjonene på e-post.","我们收到了参加他们婚礼的邀请。 / 她通过电子邮件发出了邀请函。","2","A2","true","true","词典核验：词头/词性/核心义项","Bokmålsordboka","https://ordbokene.no/bm/invitasjon","2026-09-24","","true","词头与列出词形匹配","课程候选等级；尚未逐词人工确认","例句/译文尚未人工逐词审校"
"A2","kaos","名词","日常状态与问题","NTNU LearnNoW; NorweigenLearn 当前词库","混乱；一团糟；无秩序状态","et kaos · kaoset · kaos · kaosene / kaoset","Det var kaos på stasjonen etter at toget ble forsinket. / Vi må rydde opp i kaoset på kjøkkenet.","火车晚点后，车站一片混乱。 / 我们得收拾厨房里这一团糟。","2","A2","true","true","词典核验：Bokmål词头/词性/核心义项","Bokmålsordboka","https://ordbokene.no/bm/kaos","2026-09-24","","true","词头与列出词形匹配","课程候选等级；尚未逐词人工确认","例句/译文尚未人工逐词审校"
"A2","kjølig","形容词","天气与感受","NTNU LearnNoW; NorweigenLearn 当前词库","凉的；凉爽的；冷淡的","kjølig · kjølig · kjølige · kjøligere · kjøligst / kjølig, kjølige","Det er kjølig om kvelden, så ta med en jakke. / Hun fikk et kjølig svar fra kontoret.","晚上有点凉，带件夹克吧。 / 她从办公室得到一个冷淡的答复。","2","A2","true","true","词典核验：Bokmål词头/词性/核心义项","Bokmålsordboka","https://ordbokene.no/bm/kj%C3%B8lig","2026-09-24","","true","词头与列出词形匹配","课程候选等级；尚未逐词人工确认","例句/译文尚未人工逐词审校"
"A2","kor","名词","文化与休闲","NTNU LearnNoW; NorweigenLearn 当前词库","合唱团；合唱队","et kor · koret · kor · korene / koret, kor, korene","Datteren min synger i et kor hver torsdag. / Koret øver før konserten.","我女儿每周四都参加合唱团唱歌。 / 合唱团在音乐会前排练。","2","A2","true","true","词典核验：Bokmål词头/词性/核心义项","Bokmålsordboka","https://ordbokene.no/bm/kor","2026-09-24","","true","词头与列出词形匹配","课程候选等级；尚未逐词人工确认","例句/译文尚未人工逐词审校"
"A2","kultur","名词","文化与社会","NTNU LearnNoW; NorweigenLearn 当前词库","文化；栽培；培养物（依语境）","en kultur · kulturen · kulturer · kulturene / kulturen, kulturer, kulturene","Museet viser fram norsk kultur og historie. / Det tar tid å bli kjent med en ny kultur.","博物馆展示挪威的文化和历史。 / 熟悉一种新文化需要时间。","2","A2","true","true","词典核验：Bokmål词头/词性/核心义项","Bokmålsordboka","https://ordbokene.no/bm/kultur","2026-09-24","","true","词头与列出词形匹配","课程候选等级；尚未逐词人工确认","例句/译文尚未人工逐词审校"
"A2","kunst","名词","文化与社会","NTNU LearnNoW; NorweigenLearn 当前词库","艺术；艺术作品/门道（依语境）","en kunst · kunsten · kunster · kunstene / kunsten, kunster, kunstene","Vi så moderne kunst på museet. / Hun kjenner kunsten å få alle til å le.","我们在博物馆看了现代艺术。 / 她懂得如何让所有人发笑。","2","A2","true","true","词典核验：Bokmål词头/词性/核心义项","Bokmålsordboka","https://ordbokene.no/bm/kunst","2026-09-24","","true","词头与列出词形匹配","课程候选等级；尚未逐词人工确认","例句/译文尚未人工逐词审校"
"A2","larm","名词","感官与日常","NTNU LearnNoW; NorweigenLearn 当前词库","喧闹声；嘈杂声；轰鸣","en larm · larmen · larmer · larmene / larmen","Larmen fra veien gjør det vanskelig å sove. / Vi hørte larm fra byggeplassen.","道路传来的喧闹声让人难以入睡。 / 我们听见建筑工地传来嘈杂声。","2","A2","true","true","词典核验：Bokmål词头/词性/核心义项","Bokmålsordboka","https://ordbokene.no/bm/larm","2026-09-24","","true","词头与列出词形匹配","课程候选等级；尚未逐词人工确认","例句/译文尚未人工逐词审校"
"A2","ligne","动词","比较与描述","NTNU LearnNoW; NorweigenLearn 当前词库","像；与……相似；看起来像","å ligne · ligner · lignet · har lignet / ligner, lignet, har lignet","Datteren ligner på moren sin. / De to søstrene ligner hverandre veldig.","女儿长得像她妈妈。 / 这姐妹俩彼此非常相像。","2","A2","true","true","词典核验：Bokmål词头/词性/核心义项","Bokmålsordboka","https://ordbokene.no/bm/ligne","2026-09-24","","true","词头与列出词形匹配","课程候选等级；尚未逐词人工确认","例句/译文尚未人工逐词审校"
"A2","liv","名词","生活与日常","NTNU LearnNoW; NorweigenLearn 当前词库","生命；生活；人生；热闹/活力（依语境）","et liv · livet · liv · liva / livene / livet, liv, livene","Hun vil leve et rolig liv nær naturen. / Det er mye liv i sentrum på lørdager.","她想在靠近大自然的地方过平静的生活。 / 周六市中心很热闹。","2","A2","true","true","词典核验：词头/词性/核心义项","Bokmålsordboka","https://ordbokene.no/bm/liv","2026-09-24","","true","词头与列出词形匹配","课程候选等级；尚未逐词人工确认","例句/译文尚未人工逐词审校"
"A2","love","动词","交流与承诺","NTNU LearnNoW; NorweigenLearn 当前词库","答应；承诺；保证；发誓","love · lover · lovet · lovet / lover, lovte, har lovt","Jeg lover å ringe deg etter møtet. / Hun holdt det hun hadde lovet.","我答应开完会后给你打电话。 / 她兑现了自己的承诺。","2","A2","true","true","词典核验：Bokmål词头/词性/核心义项","Bokmålsordboka","https://ordbokene.no/bm/love","2026-09-24","","true","词头与列出词形匹配","课程候选等级；尚未逐词人工确认","例句/译文尚未人工逐词审校"
"A2","lukte","动词","感官与日常","NTNU LearnNoW; NorweigenLearn 当前词库","闻；闻起来；有气味","å lukte · lukter · luktet · har luktet / lukter, luktet, har luktet","Lukter melka surt? / Hunden lukter på skoene ved døra.","牛奶闻起来有酸味吗？ / 狗在闻门边的鞋子。","2","A2","true","true","词典核验：Bokmål词头/词性/核心义项","Bokmålsordboka","https://ordbokene.no/bm/lukte","2026-09-24","","true","词头与列出词形匹配","课程候选等级；尚未逐词人工确认","例句/译文尚未人工逐词审校"
"A2","lykke","名词","情绪与反应","NTNU LearnNoW; NorweigenLearn 当前词库","幸福；快乐；幸运（依语境）","ei lykke · lykka · lykker · lykkene / lykken, lykker, lykkene","Lykke til på norskkurset i morgen! / Det var ren lykke å møte familien igjen.","祝你明天的挪威语课顺利！ / 再次见到家人真是莫大的幸福。","2","A2","true","true","词典核验：Bokmål词头/词性/核心义项","Bokmålsordboka","https://ordbokene.no/bm/lykke","2026-09-24","","true","词头与列出词形匹配","课程候选等级；尚未逐词人工确认","例句/译文尚未人工逐词审校"
"A2","maleri","名词","文化与阅读","NTNU LearnNoW; NorweigenLearn 当前词库","绘画作品；油画；画作","et maleri · maleriet · malerier · maleriene / maleriet, malerier, maleriene","Hun kjøpte et maleri av en lokal kunstner. / Maleriet henger over sofaen.","她买了一幅当地艺术家的画。 / 那幅画挂在沙发上方。","2","A2","true","true","词典核验：Bokmål词头/词性/核心义项","Bokmålsordboka","https://ordbokene.no/bm/maleri","2026-09-24","","true","词头与列出词形匹配","课程候选等级；尚未逐词人工确认","例句/译文尚未人工逐词审校"
"A2","melding","名词","消息与沟通","NTNU LearnNoW; NorweigenLearn 当前词库","消息；通知；简短报告；短信（依语境）","ei/en melding · meldinga / meldingen · meldinger · meldingene / meldinga, meldinger, meldingene","Jeg sender deg en melding når toget kommer. / Hun fikk melding om at timen var avlyst.","火车到了我给你发消息。 / 她收到通知，说预约取消了。","2","A2","true","true","词典核验：词头/词性/核心义项","Bokmålsordboka","https://ordbokene.no/bm/melding","2026-09-24","","true","词头与列出词形匹配","课程候选等级；尚未逐词人工确认","例句/译文尚未人工逐词审校"
"A2","miste","动词","日常动作与问题","NTNU LearnNoW; NorweigenLearn 当前词库","失去；弄丢；错过（车、机会等）","miste · mister · mistet / mista · mistet / mista / mister, mistet, har mistet","Jeg mistet nøklene på vei hjem. / Hvis vi går nå, rekker vi bussen og mister den ikke.","我回家的路上把钥匙弄丢了。 / 如果现在走，我们赶得上公交，不会错过它。","2","A2","true","true","词典核验：Bokmål词头/词性/核心义项","Bokmålsordboka","https://ordbokene.no/bm/miste","2026-09-24","","true","词头与列出词形匹配","课程候选等级；尚未逐词人工确认","例句/译文尚未人工逐词审校"
"A2","nasjonalgalleri","名词","文化与地点","NTNU LearnNoW; NorweigenLearn 当前词库","国家美术馆；国家级美术馆","et nasjonalgalleri · nasjonalgalleriet · nasjonalgallerier · nasjonalgalleriene / nasjonalgalleriet, nasjonalgallerier, nasjonalgalleriene","Vi besøkte et nasjonalgalleri på reisen. / Bildene skal stilles ut på nasjonalgalleriet.","我们旅行时参观了一家国家美术馆。 / 这些画将在国家美术馆展出。","2","A2","true","true","词典核验：课程词头/词性/英文核心义项/课文单元","NTNU LearnNoW 词汇表","https://www.ntnu.edu/learnnow/vocabulary/list","2026-09-24","","true","词头与列出词形匹配","课程候选等级；尚未逐词人工确认","例句/译文尚未人工逐词审校"
"A2","natur","名词","自然与户外","NTNU LearnNoW; NorweigenLearn 当前词库","自然；大自然；天性/性质（依语境）","en natur · naturen · naturer · naturene / naturen, naturer, naturene","Vi liker å gå tur i naturen i helgene. / Hun er rolig av natur.","我们喜欢周末到大自然里散步。 / 她天生性格沉稳。","2","A2","true","true","词典核验：Bokmål词头/词性/核心义项","Bokmålsordboka","https://ordbokene.no/bm/natur","2026-09-24","","true","词头与列出词形匹配","课程候选等级；尚未逐词人工确认","例句/译文尚未人工逐词审校"
"A2","nede","副词","位置与方向","NTNU LearnNoW; NorweigenLearn 当前词库","在下面；楼下；较低处；停止运行（依语境）","nede","Barna venter nede ved inngangen. / Nettbanken er nede akkurat nå.","孩子们在楼下入口处等着。 / 网上银行现在暂时无法使用。","2","A2","true","true","词典核验：Bokmål词头/词性/核心义项","Bokmålsordboka","https://ordbokene.no/bm/nede","2026-09-24","","true","词头与列出词形匹配","课程候选等级；尚未逐词人工确认","例句/译文尚未人工逐词审校"
"A2","nordmann","名词","国籍与身份","NTNU LearnNoW; NorweigenLearn 当前词库","挪威人；一位挪威人","en nordmann · nordmannen · nordmenn · nordmennene / nordmannen, nordmenn, nordmennene","Jeg snakket med en nordmann på toget. / Mange nordmenn går på ski om vinteren.","我在火车上和一位挪威人聊了天。 / 很多挪威人冬天滑雪。","2","A2","true","true","词典核验：Bokmål词头/词性/核心义项","Bokmålsordboka","https://ordbokene.no/bm/nordmann","2026-09-24","","true","词头与列出词形匹配","课程候选等级；尚未逐词人工确认","例句/译文尚未人工逐词审校"
"A2","opera","名词","文化与休闲","NTNU LearnNoW; NorweigenLearn 当前词库","歌剧；歌剧院（依语境）","en opera · operaen · operaer · operaene / operaen, operaer, operaene","Vi skal se en opera på fredag. / Operaen i Oslo ligger ved fjorden.","我们星期五要去看一场歌剧。 / 奥斯陆歌剧院位于峡湾边。","2","A2","true","true","词典核验：Bokmål词头/词性/核心义项","Bokmålsordboka","https://ordbokene.no/bm/opera","2026-09-24","","true","词头与列出词形匹配","课程候选等级；尚未逐词人工确认","例句/译文尚未人工逐词审校"
"A2","oppleve","动词","经历与感受","NTNU LearnNoW; NorweigenLearn 当前词库","经历；体验；感受到；认为/感受某种处境","oppleve · opplever · opplevde · opplevd / opplever, opplevde, har opplevd","Vi opplevde mye spennende på reisen til Tromsø. / Hvordan opplever du den nye jobben?","我们在特罗姆瑟之旅中经历了很多有趣的事。 / 你觉得这份新工作怎么样？","2","A2","true","true","词典核验：Bokmål词头/词性/核心义项","Bokmålsordboka","https://ordbokene.no/bm/oppleve","2026-09-24","","true","词头与列出词形匹配","课程候选等级；尚未逐词人工确认","例句/译文尚未人工逐词审校"
"A2","ordentlig","形容词","程度与描述","NTNU LearnNoW; NorweigenLearn 当前词库","正经的；像样的；真正的；（副词）好好地/很","ordentlig · ordentlig · ordentlige / ordentlig, ordentlige","Vi må spise en ordentlig middag før reisen. / Jeg sov ikke ordentlig i natt.","出发前我们得好好吃一顿正餐。 / 我昨晚没睡好。","2","A2","true","true","词典核验：Bokmål词头/词性/核心义项","Bokmålsordboka","https://ordbokene.no/bm/ordentlig","2026-09-24","","true","词头与列出词形匹配","课程候选等级；尚未逐词人工确认","例句/译文尚未人工逐词审校"
"A2","ørret","名词","鱼类与食物","NTNU LearnNoW; NorweigenLearn 当前词库","鳟鱼；鳟鱼肉/一道鳟鱼菜（依语境）","en ørret · ørreten · ørreter · ørretene / ørreten, ørreter, ørretene","Vi fisket en ørret i fjellvannet. / Restauranten serverer stekt ørret med grønnsaker.","我们在山间湖里钓到了一条鳟鱼。 / 餐厅供应煎鳟鱼配蔬菜。","2","A2","true","true","词典核验：Bokmål词头/词性/核心义项","Bokmålsordboka","https://ordbokene.no/bm/%C3%B8rret","2026-09-24","","true","词头与列出词形匹配","课程候选等级；尚未逐词人工确认","例句/译文尚未人工逐词审校"
"A2","overnatte","动词","住宿与旅行","NTNU LearnNoW; NorweigenLearn 当前词库","过夜；住宿一晚","å overnatte · overnatter · overnattet · har overnattet / overnatter, overnattet, har overnattet","Vi overnatter hos søsteren min i helga. / De måtte overnatte på et hotell nær flyplassen.","这个周末我们住在我姐姐家过夜。 / 他们不得不在机场附近的酒店住一晚。","2","A2","true","true","词典核验：Bokmål词头/词性/核心义项","Bokmålsordboka","https://ordbokene.no/bm/overnatte","2026-09-24","","true","词头与列出词形匹配","课程候选等级；尚未逐词人工确认","例句/译文尚未人工逐词审校"
"A2","politi","名词","社会与公共服务","NTNU LearnNoW; NorweigenLearn 当前词库","警察机关；警方；警察（集合称呼）","et politi · politiet / politiet","Vi ringte politiet etter innbruddet. / En politibetjent snakket med vitnene.","入室盗窃后我们报了警。 / 一名警员和目击者交谈。","2","A2","true","true","词典核验：Bokmål词头/词性/核心义项","Bokmålsordboka","https://ordbokene.no/bm/politi","2026-09-24","","true","词头与列出词形匹配","课程候选等级；尚未逐词人工确认","例句/译文尚未人工逐词审校"
"A2","ramme","名词","家居与物品","NTNU LearnNoW; NorweigenLearn 当前词库","框；画框；框架","en ramme · rammen · ramma · rammer · rammene / ramma, rammer, rammene","Vi satte et familiebilde i en enkel ramme. / Kurset gir en god ramme for samtale.","我们把一张家庭照放进了一个简洁的相框里。 / 这门课程为交流提供了良好的框架。","2","A2","true","true","词典核验：Bokmål词头/词性/核心义项","Bokmålsordboka","https://ordbokene.no/bm/ramme","2026-09-24","","true","词头与列出词形匹配","课程候选等级；尚未逐词人工确认","例句/译文尚未人工逐词审校"
"A2","ring","名词","日常物品","NTNU LearnNoW; NorweigenLearn 当前词库","戒指；环；圈","en ring · ringen · ringer · ringene / ringen, ringer, ringene","Hun fikk en ring av bestemoren sin. / Jeg fant ringen under sofaen.","她收到祖母送的一枚戒指。 / 我在沙发下面找到了那枚戒指。","2","A2","true","true","词典核验：Bokmål词头/词性/核心义项","Bokmålsordboka","https://ordbokene.no/bm/ring","2026-09-24","","true","词头与列出词形匹配","课程候选等级；尚未逐词人工确认","例句/译文尚未人工逐词审校"
"A2","romantiker","名词","兴趣与性格","NTNU LearnNoW; NorweigenLearn 当前词库","浪漫的人；浪漫主义者","en romantiker · romantikeren · romantikere · romantikerne / romantikeren, romantikere, romantikerne","Han er en romantiker som alltid husker bryllupsdagen. / Mange romantikere liker dikt og kjærlighetshistorier.","他是个浪漫的人，总记得结婚纪念日。 / 许多浪漫的人喜欢诗歌和爱情故事。","2","A2","true","true","词典核验：Bokmål词头/词性/核心义项","Bokmålsordboka","https://ordbokene.no/bm/romantiker","2026-09-24","","true","词头与列出词形匹配","课程候选等级；尚未逐词人工确认","例句/译文尚未人工逐词审校"
"A2","rotete","形容词","清洁与家务","NTNU LearnNoW; NorweigenLearn 当前词库","凌乱的；杂乱的；不整洁的","rotete / rotete, rotete","Rommet er rotete etter festen. / Forklaringen hans var litt rotete.","派对过后房间乱糟糟的。 / 他的解释有点杂乱。","2","A2","true","true","词典核验：Bokmål词头/词性/核心义项","Bokmålsordboka","https://ordbokene.no/bm/rotete","2026-09-24","","true","词头与列出词形匹配","课程候选等级；尚未逐词人工确认","例句/译文尚未人工逐词审校"
"A2","rusle","动词","日常动作与出行","NTNU LearnNoW; NorweigenLearn 当前词库","慢慢走；悠闲地散步；溜达","å rusle · rusler · ruslet · har ruslet / rusler, ruslet, har ruslet","Vi ruslet en tur langs elva etter middag. / Han ruslet hjem i regnet.","晚饭后我们沿着河悠闲地散了会儿步。 / 他冒着雨慢慢走回家。","2","A2","true","true","词典核验：Bokmål词头/词性/核心义项","Bokmålsordboka","https://ordbokene.no/bm/rusle","2026-09-24","","true","词头与列出词形匹配","课程候选等级；尚未逐词人工确认","例句/译文尚未人工逐词审校"
"A2","rydde","动词","家务与日常","NTNU LearnNoW; NorweigenLearn 当前词库","收拾；整理；清理；腾出","å rydde · rydder · ryddet · har ryddet / rydder, ryddet, har ryddet","Barna må rydde rommet før de legger seg. / Kan du rydde bordet etter middag?","孩子们睡觉前必须收拾房间。 / 晚饭后你能收拾一下桌子吗？","2","A2","true","true","词典核验：Bokmål词头/词性/核心义项","Bokmålsordboka","https://ordbokene.no/bm/rydde","2026-09-24","","true","词头与列出词形匹配","课程候选等级；尚未逐词人工确认","例句/译文尚未人工逐词审校"
"A2","ryddig","形容词","清洁与家务","NTNU LearnNoW; NorweigenLearn 当前词库","整洁的；有条理的；清楚明白的","ryddig · ryddig · ryddige · ryddigere · ryddigst / ryddig, ryddige","Vi prøver å holde kjøkkenet ryddig. / Hun ga en ryddig forklaring på problemet.","我们尽量保持厨房整洁。 / 她把问题解释得清楚有条理。","2","A2","true","true","词典核验：Bokmål词头/词性/核心义项","Bokmålsordboka","https://ordbokene.no/bm/ryddig","2026-09-24","","true","词头与列出词形匹配","课程候选等级；尚未逐词人工确认","例句/译文尚未人工逐词审校"
"A2","ryggsekk","名词","出行与随身物品","NTNU LearnNoW; NorweigenLearn 当前词库","背包；双肩包","en ryggsekk · ryggsekken · ryggsekker · ryggsekkene / ryggsekken, ryggsekker, ryggsekkene","Jeg pakker ryggsekken før fjellturen. / Ryggsekken min er for tung.","我在登山前收拾背包。 / 我的背包太重了。","2","A2","true","true","词典核验：Bokmål词头/词性/核心义项","Bokmålsordboka","https://ordbokene.no/bm/ryggsekk","2026-09-24","","true","词头与列出词形匹配","课程候选等级；尚未逐词人工确认","例句/译文尚未人工逐词审校"
"A2","rykte","名词","交流与语言","NTNU LearnNoW; NorweigenLearn 当前词库","传闻；谣言；名声（依语境）","et rykte · ryktet · rykter · ryktene / ryktet, rykter, ryktene","Det går rykter om at butikken skal stenge. / Restauranten har et godt rykte.","有传言说这家店要关门。 / 这家餐馆口碑很好。","2","A2","true","true","词典核验：Bokmål词头/词性/核心义项","Bokmålsordboka","https://ordbokene.no/bm/rykte","2026-09-24","","true","词头与列出词形匹配","课程候选等级；尚未逐词人工确认","例句/译文尚未人工逐词审校"
"A2","sang","名词","文化与休闲","NTNU LearnNoW; NorweigenLearn 当前词库","歌曲；歌","en sang · sangen · sanger · sangene / sangen, sanger, sangene","Barna synger en sang på norsk. / Denne sangen minner meg om sommeren.","孩子们用挪威语唱一首歌。 / 这首歌让我想起夏天。","2","A2","true","true","词典核验：Bokmål词头/词性/核心义项","Bokmålsordboka","https://ordbokene.no/bm/sang","2026-09-24","","true","词头与列出词形匹配","课程候选等级；尚未逐词人工确认","例句/译文尚未人工逐词审校"
"A2","scene","名词","文化与阅读","NTNU LearnNoW; NorweigenLearn 当前词库","舞台；场景；镜头中的一幕","en scene · scenen · scener · scenene / scenen, scener, scenene","Skuespilleren gikk opp på scenen. / Den siste scenen i filmen var veldig sterk.","演员走上了舞台。 / 电影最后一个场景非常震撼。","2","A2","true","true","词典核验：Bokmål词头/词性/核心义项","Bokmålsordboka","https://ordbokene.no/bm/scene","2026-09-24","","true","词头与列出词形匹配","课程候选等级；尚未逐词人工确认","例句/译文尚未人工逐词审校"
"A2","show","名词","文化与休闲","NTNU LearnNoW; NorweigenLearn 当前词库","演出；综艺节目；娱乐表演","et show · showet · show · showene / showet, show, showene","Barna så et morsomt show på TV. / Det var et stort show på torget.","孩子们在电视上看了一个有趣的娱乐节目。 / 广场上有一场大型演出。","2","A2","true","true","词典核验：Bokmål词头/词性/核心义项","Bokmålsordboka","https://ordbokene.no/bm/show","2026-09-24","","true","词头与列出词形匹配","课程候选等级；尚未逐词人工确认","例句/译文尚未人工逐词审校"
"A2","sjekke","动词","检查与确认","NTNU LearnNoW; NorweigenLearn 当前词库","检查；确认；核实；查看","sjekke · sjekker · sjekket / sjekka · sjekket / sjekka / sjekker, sjekket, har sjekket","Kan du sjekke om apoteket er åpent i dag? / Vi sjekket inn på hotellet etter klokka seks.","你能确认一下药房今天是否营业吗？ / 我们六点以后在酒店办理了入住。","2","A2","true","true","词典核验：Bokmål词头/词性/核心义项","Bokmålsordboka","https://ordbokene.no/bm/sjekke","2026-09-24","","true","词头与列出词形匹配","课程候选等级；尚未逐词人工确认","例句/译文尚未人工逐词审校"
"A2","skitten","形容词","清洁与家务","NTNU LearnNoW; NorweigenLearn 当前词库","脏的；不干净的；（比喻）不正当的","skitten · skittent · skitne · mer skitten · mest skitten / skittent, skitne","Barna har skitne klær etter leken. / Vi må vaske det skitne gulvet.","孩子们玩过之后衣服脏了。 / 我们得把脏地板擦干净。","2","A2","true","true","词典核验：Bokmål词头/词性/核心义项","Bokmålsordboka","https://ordbokene.no/bm/skitten","2026-09-24","","true","基本词形匹配；比较级形式另核","课程候选等级；尚未逐词人工确认","例句/译文尚未人工逐词审校"
"A2","skje","动词","事件与变化","NTNU LearnNoW; NorweigenLearn 当前词库","发生；出现；（事情）进行","å skje · skjer · skjedde · har skjedd / skjer, skjedde, har skjedd","Hva skjedde på møtet i går? / Det har skjedd mye siden sist.","昨天的会议上发生了什么？ / 自上次以来发生了很多事。","2","A2","true","true","词典核验：Bokmål词头/词性/核心义项","Bokmålsordboka","https://ordbokene.no/bm/skje","2026-09-24","","true","词头与列出词形匹配","课程候选等级；尚未逐词人工确认","例句/译文尚未人工逐词审校"
"A2","skjønnhet","名词","描述与感受","NTNU LearnNoW; NorweigenLearn 当前词库","美；美丽；美人/美的事物","en skjønnhet · skjønnheten · skjønnheter · skjønnhetene / skjønnheten, skjønnheter, skjønnhetene","Vi ble overrasket over skjønnheten i fjellene. / Hun er en skjønnhet, men hun er også veldig hyggelig.","群山的美让我们惊叹。 / 她是位美人，而且人也非常友善。","2","A2","true","true","词典核验：Bokmål词头/词性/核心义项","Bokmålsordboka","https://ordbokene.no/bm/skj%C3%B8nnhet","2026-09-24","","true","词头与列出词形匹配","课程候选等级；尚未逐词人工确认","例句/译文尚未人工逐词审校"
"A2","skomaker","名词","职业与服务","NTNU LearnNoW; NorweigenLearn 当前词库","鞋匠；修鞋师傅","en skomaker · skomakeren · skomakere · skomakerne / skomakeren, skomakere, skomakerne","Skomakeren kan reparere støvlene mine. / Det ligger et skomakerverksted ved torget.","鞋匠可以修我的靴子。 / 广场旁有一家修鞋店。","2","A2","true","true","词典核验：Bokmål词头/词性/核心义项","Bokmålsordboka","https://ordbokene.no/bm/skomaker","2026-09-24","","true","词头与列出词形匹配","课程候选等级；尚未逐词人工确认","例句/译文尚未人工逐词审校"
"A2","skulke","动词","学校与出勤","NTNU LearnNoW; NorweigenLearn 当前词库","逃课；旷课；擅自缺勤","skulke · skulker · skulket · skulket / skulker, skulket, har skulket","Han skulket skolen fordi han ikke hadde gjort leksene. / Hun har aldri skulket en time før.","他因为没做作业而逃课。 / 她以前从来没有逃过课。","2","A2","true","true","词典核验：Bokmål词头/词性/核心义项","Bokmålsordboka","https://ordbokene.no/bm/skulke","2026-09-24","","true","词头与列出词形匹配","课程候选等级；尚未逐词人工确认","例句/译文尚未人工逐词审校"
"A2","sliten","形容词","感受与身体状态","NTNU LearnNoW; NorweigenLearn 当前词库","累的；疲惫的；磨损的；破旧的（依语境）","sliten · slitent · slitne / slitent, slitne","Jeg er sliten etter jobb og vil legge meg tidlig. / De kjøpte en brukt, men ikke altfor sliten sofa.","我下班后很累，想早点睡。 / 他们买了一张二手但没太破旧的沙发。","2","A2","true","true","词典核验：Bokmål词头/词性/核心义项","Bokmålsordboka","https://ordbokene.no/bm/sliten","2026-09-24","","true","词头与列出词形匹配","课程候选等级；尚未逐词人工确认","例句/译文尚未人工逐词审校"
"A2","slutt","名词","时间与变化","NTNU LearnNoW; NorweigenLearn 当前词库","结束；终点；结尾","en slutt · slutten · slutter · sluttene / slutten, slutter, sluttene","Til slutt fant vi riktig adresse. / Filmen hadde en overraskende slutt.","最后我们找到了正确地址。 / 这部电影有一个出人意料的结局。","2","A2","true","true","词典核验：Bokmål词头/词性/核心义项","Bokmålsordboka","https://ordbokene.no/bm/slutt","2026-09-24","","true","词头与列出词形匹配","课程候选等级；尚未逐词人工确认","例句/译文尚未人工逐词审校"
"A2","sti","名词","自然与方向","NTNU LearnNoW; NorweigenLearn 当前词库","小径；步道；山间/林间小路","en sti · stien · stier · stiene / stien, stier, stiene","Vi fulgte en smal sti opp til hytta. / Stien går gjennom skogen og ned til sjøen.","我们沿着一条狭窄的小径走到小木屋。 / 这条步道穿过森林，一直通到海边。","2","A2","true","true","词典核验：Bokmål词头/词性/核心义项","Bokmålsordboka","https://ordbokene.no/bm/sti","2026-09-24","","true","词头与列出词形匹配","课程候选等级；尚未逐词人工确认","例句/译文尚未人工逐词审校"
"A2","storby","名词","城市与方向","NTNU LearnNoW; NorweigenLearn 当前词库","大城市；大都市","en storby · storbyen · storbyer · storbyene / storbyen, storbyer, storbyene","Hun flyttet fra en liten by til en storby. / Storbyene har ofte gode kollektivtilbud.","她从小镇搬到了大城市。 / 大城市通常有不错的公共交通。","2","A2","true","true","词典核验：Bokmål词头/词性/核心义项","Bokmålsordboka","https://ordbokene.no/bm/storby","2026-09-24","","true","词头与列出词形匹配","课程候选等级；尚未逐词人工确认","例句/译文尚未人工逐词审校"
"A2","strøm","名词","能源与生活","NTNU LearnNoW; NorweigenLearn 当前词库","电流；电力；流动；大量涌来","en strøm · strømmen · strømmer · strømmene / strømmen, strømmer, strømmene","Strømmen var borte i to timer i går. / En strøm av folk gikk inn i konsertsalen.","昨天停电了两个小时。 / 一大群人涌进音乐厅。","2","A2","true","true","词典核验：Bokmål词头/词性/核心义项","Bokmålsordboka","https://ordbokene.no/bm/str%C3%B8m","2026-09-24","","true","词头与列出词形匹配","课程候选等级；尚未逐词人工确认","例句/译文尚未人工逐词审校"
"A2","synd","名词","情绪与评价","NTNU LearnNoW; NorweigenLearn 当前词库","罪；过错；可惜（固定表达中）","en synd · synden · synder · syndene / synda, synder, syndene","Det er synd at du ikke kan bli med. / Han ba om tilgivelse for syndene sine.","你不能一起去，真可惜。 / 他为自己的罪过请求宽恕。","2","A2","true","true","词典核验：Bokmål词头/词性/核心义项","Bokmålsordboka","https://ordbokene.no/bm/synd","2026-09-24","","true","词头与列出词形匹配","课程候选等级；尚未逐词人工确认","例句/译文尚未人工逐词审校"
"A2","tak","名词","家中物品与房间","NTNU LearnNoW; NorweigenLearn 当前词库","屋顶；天花板；遮蔽；（一次）抓握","et tak · taket · tak · takene / taket, tak, takene","Det ligger snø på taket. / Alle fortjener et trygt tak over hodet.","屋顶上积着雪。 / 每个人都应有安全的栖身之所。","2","A2","true","true","词典核验：Bokmål词头/词性/核心义项","Bokmålsordboka","https://ordbokene.no/bm/tak","2026-09-24","","true","词头与列出词形匹配","课程候选等级；尚未逐词人工确认","例句/译文尚未人工逐词审校"
"A2","tankefull","形容词","描述与感受","NTNU LearnNoW; NorweigenLearn 当前词库","沉思的；若有所思的；心事重重的","tankefull · tankefullt · tankefulle · mer tankefull · mest tankefull / tankefullt, tankefulle","Hun ble tankefull da hun så på de gamle bildene. / Han satt stille med et tankefullt blikk.","她看着旧照片时陷入了沉思。 / 他静静坐着，神情若有所思。","2","A2","true","true","词典核验：Bokmål词头/词性/核心义项","Bokmålsordboka","https://ordbokene.no/bm/tankefull","2026-09-24","","true","基本词形匹配；比较级形式另核","课程候选等级；尚未逐词人工确认","例句/译文尚未人工逐词审校"
"A2","tåre","名词","情绪与反应","NTNU LearnNoW; NorweigenLearn 当前词库","眼泪；泪珠","en tåre · tåren · tårer · tårene / tåren, tårer, tårene","Hun tørket tårene og smilte. / Han felte en tåre da barnet sang.","她擦干眼泪，笑了笑。 / 孩子唱歌时，他流下了一滴泪。","2","A2","true","true","词典核验：Bokmål词头/词性/核心义项","Bokmålsordboka","https://ordbokene.no/bm/t%C3%A5re","2026-09-24","","true","词头与列出词形匹配","课程候选等级；尚未逐词人工确认","例句/译文尚未人工逐词审校"
"A2","teater","名词","文化与休闲","NTNU LearnNoW; NorweigenLearn 当前词库","剧院；戏剧艺术；（一场）戏","et teater · teateret · teatre · teatrene / teateret, teatre, teatrene","Vi skal på teater på lørdag. / Byen har to små teatre.","我们星期六要去看戏。 / 这座城市有两家小剧院。","2","A2","true","true","词典核验：课程词头/词性/英文核心义项/课文单元","NTNU LearnNoW 词汇表","https://www.ntnu.edu/learnnow/vocabulary/list","2026-09-24","","true","词头与列出词形匹配","课程候选等级；尚未逐词人工确认","例句/译文尚未人工逐词审校"
"A2","teaterforestilling","名词","文化与休闲","NTNU LearnNoW; NorweigenLearn 当前词库","戏剧演出；剧场演出","en teaterforestilling · teaterforestillingen · teaterforestillinger · teaterforestillingene / teaterforestillingen, teaterforestillinger, teaterforestillingene","Vi skal se en teaterforestilling på lørdag. / Teaterforestillingen begynner klokka sju.","我们星期六要去看一场戏剧演出。 / 这场戏剧演出七点开始。","2","A2","true","true","词典核验：课程词头/词性/英文核心义项/课文单元","NTNU LearnNoW 词汇表","https://www.ntnu.edu/learnnow/vocabulary/list","2026-09-24","","true","词头与列出词形匹配","课程候选等级；尚未逐词人工确认","例句/译文尚未人工逐词审校"
"A2","tenåring","名词","年龄与个人信息","NTNU LearnNoW; NorweigenLearn 当前词库","青少年；十几岁的孩子（通常指 13–19 岁）","en tenåring · tenåringen · tenåringer · tenåringene / tenåringen, tenåringer, tenåringene","De har en tenåring og to yngre barn. / Mange tenåringer bruker kollektivtransport til skolen.","他们有一个青少年孩子和两个年纪更小的孩子。 / 许多青少年乘坐公共交通上学。","2","A2","true","true","词典核验：Bokmål词头/词性/核心义项","Bokmålsordboka","https://ordbokene.no/bm/ten%C3%A5ring","2026-09-24","","true","词头与列出词形匹配","课程候选等级；尚未逐词人工确认","例句/译文尚未人工逐词审校"
"A2","tenåringsjente","名词","年龄与人物","NTNU LearnNoW; NorweigenLearn 当前词库","十几岁的女孩；少女（13—19岁左右）","ei tenåringsjente · tenåringsjenta · tenåringsjenter · tenåringsjentene / tenåringsjenta, tenåringsjenter, tenåringsjentene","Tenåringsjenta mi begynner på ungdomsskolen i høst. / Flere tenåringsjenter tok bussen til sentrum.","我十几岁的女儿今年秋天开始上初中。 / 几个少女坐公交去了市中心。","2","A2","true","true","词典核验：Bokmål词头/词性/核心义项","Bokmålsordboka","https://ordbokene.no/bm/106859","2026-09-24","","true","词头与列出词形匹配","课程候选等级；尚未逐词人工确认","例句/译文尚未人工逐词审校"
"A2","toalett","名词","家中设施与公共场所","NTNU LearnNoW; NorweigenLearn 当前词库","马桶；厕所；洗手间；卫生间","et toalett · toalettet · toaletter · toalettene / toalettet, toaletter, toalettene","Unnskyld, hvor er toalettet? / Det offentlige toalettet ligger ved siden av kafeen.","请问洗手间在哪里？ / 公共卫生间在咖啡馆旁边。","2","A2","true","true","词典核验：Bokmål词头/词性/核心义项","Bokmålsordboka","https://ordbokene.no/bm/toalett","2026-09-24","","true","词头与列出词形匹配","课程候选等级；尚未逐词人工确认","例句/译文尚未人工逐词审校"
"A2","usikker","形容词","情绪与评价","NTNU LearnNoW; NorweigenLearn 当前词库","不确定的；没有把握的；不安的","usikker · usikkert · usikre · mer usikker · mest usikker / usikkert, usikre","Jeg er usikker på hvilket tog vi skal ta. / Barnet følte seg usikkert i den nye gruppa.","我不确定我们该坐哪班火车。 / 孩子在新小组里感到不安。","2","A2","true","true","词典核验：Bokmål词头/词性/核心义项","Bokmålsordboka","https://ordbokene.no/bm/usikker","2026-09-24","","true","基本词形匹配；比较级形式另核","课程候选等级；尚未逐词人工确认","例句/译文尚未人工逐词审校"
"A2","utedo","名词","住房与设施","NTNU LearnNoW; NorweigenLearn 当前词库","户外厕所；旱厕；简易厕所","et utedo · utedoen · utedo · utedoene / utedoen, utedoer, utedoene","Hytta har ikke innlagt vann, så vi bruker utedoen. / Det står et lite utedo bak huset.","小木屋没有自来水，所以我们用户外厕所。 / 房子后面有一间小旱厕。","2","A2","true","true","词典核验：Bokmål词头/词性/核心义项","Bokmålsordboka","https://ordbokene.no/bm/65181","2026-09-24","","true","词头与列出词形匹配","课程候选等级；尚未逐词人工确认","例句/译文尚未人工逐词审校"
"A2","utsikt","名词","自然与风景","NTNU LearnNoW; NorweigenLearn 当前词库","景色；视野；前景/可能性（依语境）","en utsikt · utsikten · utsikter · utsiktene / utsikten, utsikter, utsiktene","Leiligheten har utsikt over fjorden. / Fra toppen kan vi nyte den vakre utsikten.","这套公寓可以俯瞰峡湾。 / 从山顶我们可以欣赏美丽的景色。","2","A2","true","true","词典核验：Bokmål词头/词性/核心义项","Bokmålsordboka","https://ordbokene.no/bm/utsikt","2026-09-24","","true","词头与列出词形匹配","课程候选等级；尚未逐词人工确认","例句/译文尚未人工逐词审校"
"A2","utstilling","名词","艺术与活动","NTNU LearnNoW; NorweigenLearn 当前词库","展览；展出；展览会","ei utstilling / en utstilling · utstillinga / utstillingen · utstillinger · utstillingene / utstillingen, utstillinger, utstillingene","Vi skal se en utstilling av norske malerier. / Utstillingen på museet er gratis på søndager.","我们要去看一个挪威绘画展。 / 博物馆里的展览星期天免费。","2","A2","true","true","词典核验：Bokmål词头/词性/核心义项","Bokmålsordboka","https://ordbokene.no/bm/utstilling","2026-09-24","","true","词头与列出词形匹配","课程候选等级；尚未逐词人工确认","例句/译文尚未人工逐词审校"
"A2","vakker","形容词","描述与感受","NTNU LearnNoW; NorweigenLearn 当前词库","美丽的；漂亮的；动人的；美好的（依语境）","vakker · vakkert · vakre · vakrere · vakrest / vakreste / vakkert, vakre","Det var en vakker dag ved sjøen. / Vi så vakre fjell fra vinduet.","那是海边美好的一天。 / 我们从窗户看到了美丽的群山。","2","A2","true","true","词典核验：Bokmål词头/词性/核心义项","Bokmålsordboka","https://ordbokene.no/bm/vakker","2026-09-24","","true","词头与列出词形匹配","课程候选等级；尚未逐词人工确认","例句/译文尚未人工逐词审校"
"A2","akevitt","名词","挪威节庆食品","NTNU LearnNoW; NorweigenLearn 当前词库","阿夸维特酒；北欧香料蒸馏酒","akevitten, akevitter, akevittene / en akevitt · akevitten · akevitter · akevittene","Noen voksne serverer akevitt til julemiddagen. / Akevitt er en del av norsk matkultur.","有些成年人会在圣诞晚餐时佐以阿夸维特酒。 / 阿夸维特酒是挪威饮食文化的一部分。","2","A2","true","true","词典核验：Bokmål词头/词性/核心义项","Bokmålsordboka","https://ordbokene.no/bm/akevitt","2026-09-24","","true","词头与列出词形匹配","课程候选等级；尚未逐词人工确认","例句/译文尚未人工逐词审校"
"A2","altfor","副词","程度与描述","NTNU LearnNoW; NorweigenLearn 当前词库","太；过于；（否定句中）特别/很","altfor","Denne jakka er altfor dyr for meg. / Det gikk ikke altfor bra på prøven.","这件夹克对我来说太贵了。 / 这次测验考得不太好。","2","A2","true","true","词典核验：Bokmål词头/词性/核心义项","Bokmålsordboka","https://ordbokene.no/bm/altfor","2026-09-24","","true","词头与列出词形匹配","课程候选等级；尚未逐词人工确认","例句/译文尚未人工逐词审校"
"A2","barnebarn","名词","家人与亲属","NTNU LearnNoW; NorweigenLearn 当前词库","孙子或孙女；外孙或外孙女；孙辈","barnebarnet, barnebarn, barnebarna / et barnebarn · barnebarnet · barnebarn · barnebarna / barnebarnene","Besteforeldrene besøker barnebarna i helga. / De fikk sitt første barnebarn i fjor.","祖父母这个周末去看望孙辈。 / 他们去年有了第一个孙辈。","2","A2","true","true","词典核验：词头/词性/核心义项","Bokmålsordboka","https://ordbokene.no/bm/barnebarn","2026-09-24","","true","词头与列出词形匹配","课程候选等级；尚未逐词人工确认","例句/译文尚未人工逐词审校"
"A2","be","动词","交流与语言","NTNU LearnNoW; NorweigenLearn 当前词库","请求；祈求；祷告","å be · ber · ba · har bedt / ber, ba, har bedt","Jeg ber om hjelp fordi jeg ikke forstår skjemaet. / Hun ba meg vente utenfor.","我请求帮助，因为我看不懂这张表。 / 她请我在外面等。","2","A2","true","true","词典核验：Bokmål词头/词性/核心义项","Bokmålsordboka","https://ordbokene.no/bm/be","2026-09-24","","true","词头与列出词形匹配","课程候选等级；尚未逐词人工确认","例句/译文尚未人工逐词审校"
"A2","besteforelder","名词","家人与亲属","NTNU LearnNoW; NorweigenLearn 当前词库","祖父或祖母；外祖父或外祖母；祖辈中的一位","besteforelderen, besteforeldre, besteforeldrene / en besteforelder · besteforelderen · besteforeldre · besteforeldrene","En besteforelder henter ofte barnet i barnehagen. / Besteforeldrene mine bor på Vestlandet.","一位祖父母常去幼儿园接孩子。 / 我的祖父母住在挪威西部。","2","A2","true","true","词典核验：词头/词性/核心义项","Bokmålsordboka","https://ordbokene.no/bm/besteforelder","2026-09-24","","true","词头与列出词形匹配","课程候选等级；尚未逐词人工确认","例句/译文尚未人工逐词审校"
"A2","beundre","动词","情绪与反应","NTNU LearnNoW; NorweigenLearn 当前词库","欣赏；钦佩；赞叹","å beundre · beundrer · beundret · har beundret / beundrer, beundret, har beundret","Vi beundrer utsikten fra toppen. / Jeg beundrer henne for at hun aldri gir opp.","我们赞叹山顶的景色。 / 我钦佩她永不放弃。","2","A2","true","true","词典核验：Bokmål词头/词性/核心义项","Bokmålsordboka","https://ordbokene.no/bm/beundre","2026-09-24","","true","词头与列出词形匹配","课程候选等级；尚未逐词人工确认","例句/译文尚未人工逐词审校"
"A2","bortskjemt","形容词","家庭与关系","NTNU LearnNoW; NorweigenLearn 当前词库","被宠坏的；娇生惯养的","bortskjemt · bortskjemt · bortskjemte / bortskjemt, bortskjemte","Besteforeldrene skjemmer bort barnebarnet. / Han ble kalt bortskjemt fordi han alltid fikk viljen sin.","祖父母很宠这个孙辈。 / 他总能如愿以偿，因此被说成是被宠坏了。","2","A2","true","true","词典核验：Bokmål词头/词性/核心义项","Bokmålsordboka","https://ordbokene.no/bm/bortskjemt","2026-09-24","","true","词头与列出词形匹配","课程候选等级；尚未逐词人工确认","例句/译文尚未人工逐词审校"
"A2","byggesett","名词","玩具与活动","NTNU LearnNoW; NorweigenLearn 当前词库","拼装套件；组装模型套装","byggesettet, byggesett, byggesettene / et byggesett · byggesettet · byggesett · byggesettene","Vi kjøpte et byggesett med et lite fly. / Barna bygde byggesettet sammen på gulvet.","我们买了一套小飞机拼装模型。 / 孩子们一起在地板上拼装了那套模型。","2","A2","true","true","词典核验：Bokmål词头/词性/核心义项","Bokmålsordboka","https://ordbokene.no/bm/8327","2026-09-24","","true","词头与列出词形匹配","课程候选等级；尚未逐词人工确认","例句/译文尚未人工逐词审校"
"A2","dekorasjon","名词","家中物品与房间","NTNU LearnNoW; NorweigenLearn 当前词库","装饰；装饰品；布置","dekorasjonen, dekorasjoner, dekorasjonene / en dekorasjon · dekorasjonen · dekorasjoner · dekorasjonene","Barna lager en dekorasjon av papir. / Vi liker den enkle dekorasjonen på bordet.","孩子们用纸做一件装饰品。 / 我们喜欢桌上简洁的布置。","2","A2","true","true","词典核验：Bokmål词头/词性/核心义项","Bokmålsordboka","https://ordbokene.no/bm/dekorasjon","2026-09-24","","true","词头与列出词形匹配","课程候选等级；尚未逐词人工确认","例句/译文尚未人工逐词审校"
"A2","desember","名词","月份与日期","NTNU LearnNoW; NorweigenLearn 当前词库","十二月；12月","desember","Vi reiser til familien min i desember. / Skolen stenger før jul i desember.","我们十二月去看我的家人。 / 学校十二月圣诞节前放假。","2","A2","true","true","词典核验：词头/词性/核心义项","Bokmålsordboka","https://ordbokene.no/bm/desember","2026-09-24","","true","词头与列出词形匹配","课程候选等级；尚未逐词人工确认","例句/译文尚未人工逐词审校"
"A2","do","名词","家中物品与房间","NTNU LearnNoW; NorweigenLearn 当前词库","厕所；卫生间（口语）","doen, doer, doene / et do · doet · do · doene","Barnet må gå på do før vi drar. / Hvor er doen her?","我们出发前孩子得去厕所。 / 这里的卫生间在哪儿？","2","A2","true","true","词典核验：Bokmål词头/词性/核心义项","Bokmålsordboka","https://ordbokene.no/bm/do","2026-09-24","","true","词头与列出词形匹配","课程候选等级；尚未逐词人工确认","例句/译文尚未人工逐词审校"
"A2","dufte","动词","感官与日常","NTNU LearnNoW; NorweigenLearn 当前词库","散发香气；闻起来香","å dufte · dufter · duftet · har duftet / dufter, duftet, har duftet","Det dufter kaffe fra kjøkkenet. / Blomstene dufter godt om sommeren.","厨房里飘来咖啡香。 / 这些花夏天闻起来很香。","2","A2","true","true","词典核验：Bokmål词头/词性/核心义项","Bokmålsordboka","https://ordbokene.no/bm/dufte","2026-09-24","","true","词头与列出词形匹配","课程候选等级；尚未逐词人工确认","例句/译文尚未人工逐词审校"
"A2","dunk","名词","容器与日用品","NTNU LearnNoW; NorweigenLearn 当前词库","桶；罐；大容器（常用于液体）","dunket, dunk, dunkene / en dunk · dunken · dunker · dunkene","Vi har en dunk med vann i bilen. / Husk å sette lokket på dunken.","我们车里放着一桶水。 / 记得把盖子盖回桶上。","2","A2","true","true","词典核验：Bokmål词头/词性/核心义项","Bokmålsordboka","https://ordbokene.no/bm/dunk","2026-09-24","","true","词头与列出词形匹配","课程候选等级；尚未逐词人工确认","例句/译文尚未人工逐词审校"
"A2","egen","限定词","所有与强调","NTNU LearnNoW; NorweigenLearn 当前词库","自己的；本人/自身的；专属的","egen · eget · egne / eget, egne","Hun har sitt eget rom hjemme. / Vi lagde maten på egen hånd.","她在家有自己的房间。 / 我们靠自己做了这顿饭。","2","A2","true","true","词典核验：Bokmål词头/词性/核心义项","Bokmålsordboka","https://ordbokene.no/bm/egen","2026-09-24","","true","词头与列出词形匹配","课程候选等级；尚未逐词人工确认","例句/译文尚未人工逐词审校"
"A2","enig","形容词","意见与沟通","NTNU LearnNoW; NorweigenLearn 当前词库","意见一致的；同意的","enig · enig · enige · mer enig / mer enige · mest enig / mest enige / enig, enige","Jeg er enig med deg i at vi bør ta bussen. / Vi ble enige om å møtes klokka seks.","我同意你的看法，我们应该坐公交车。 / 我们商定六点见面。","2","A2","true","true","词典核验：词头/词性/核心义项","Bokmålsordboka","https://ordbokene.no/bm/enig","2026-09-24","","true","基本词形匹配；比较级形式另核","课程候选等级；尚未逐词人工确认","例句/译文尚未人工逐词审校"
"A2","eske","名词","容器与日用品","NTNU LearnNoW; NorweigenLearn 当前词库","盒子；纸盒；小型收纳盒","ei eske / en eske · eska / esken · esker · eskene / eska, esker, eskene","Jeg la kvitteringen i ei lita eske. / Eskene står øverst i skapet.","我把收据放进一个小盒子里。 / 那些盒子放在柜子最上层。","2","A2","true","true","词典核验：词头/词性/核心义项","Bokmålsordboka","https://ordbokene.no/bm/eske","2026-09-24","","true","词头与列出词形匹配","课程候选等级；尚未逐词人工确认","例句/译文尚未人工逐词审校"
"A2","forsyne","动词","食物与用餐","NTNU LearnNoW; NorweigenLearn 当前词库","提供；供给；（反身）自取食物","å forsyne · forsyner · forsynte · har forsynt / forsyner, forsynte, har forsynt","Kommunen forsyner byen med rent vann. / Det står suppe på bordet, så forsyn deg.","市政部门为城市供给干净的水。 / 桌上有汤，请自便盛用。","2","A2","true","true","词典核验：Bokmål词头/词性/核心义项","Bokmålsordboka","https://ordbokene.no/bm/forsyne","2026-09-24","","true","词头与列出词形匹配","课程候选等级；尚未逐词人工确认","例句/译文尚未人工逐词审校"
"A2","fotografere","动词","休闲与活动","NTNU LearnNoW; NorweigenLearn 当前词库","拍摄；给……拍照","å fotografere · fotograferer · fotograferte · har fotografert / fotograferer, fotograferte, har fotografert","Hun fotograferer barna i hagen. / Vi fotograferte fjellene på turen.","她在花园里给孩子们拍照。 / 我们在旅途中拍了山景。","2","A2","true","true","词典核验：Bokmål词头/词性/核心义项","Bokmålsordboka","https://ordbokene.no/bm%2Cnn/fotografere","2026-09-24","","true","词头与列出词形匹配","课程候选等级；尚未逐词人工确认","例句/译文尚未人工逐词审校"
"A2","glitter","名词","装饰与手工","NTNU LearnNoW; NorweigenLearn 当前词库","闪粉；亮片粉；闪烁的光泽","et glitter · glitteret / glitteret","Barna brukte glitter og lim til kortene. / Det var glitter på kjolen etter festen.","孩子们用闪粉和胶水做卡片。 / 派对后裙子上还留着亮粉。","2","A2","true","true","词典核验：Bokmål词头/词性/核心义项","Bokmålsordboka","https://ordbokene.no/bm/glitter","2026-09-24","","true","词头与列出词形匹配","课程候选等级；尚未逐词人工确认","例句/译文尚未人工逐词审校"
"A2","hage","名词","房屋与户外空间","NTNU LearnNoW; NorweigenLearn 当前词库","花园；庭院；菜园（依语境）","en hage · hagen · hager · hagene / hagen, hager, hagene","Barna leker i hagen mens jeg lager middag. / Vi har en liten hage bak huset.","我做晚饭时，孩子们在花园里玩。 / 我们房子后面有一个小花园。","2","A2","true","true","词典核验：词头/词性/核心义项","Bokmålsordboka","https://ordbokene.no/bm/hage","2026-09-24","","true","词头与列出词形匹配","课程候选等级；尚未逐词人工确认","例句/译文尚未人工逐词审校"
"A2","herlig","形容词","程度与描述","NTNU LearnNoW; NorweigenLearn 当前词库","极好的；惬意的；令人愉快的","herlig · herlig · herlige · herligere · herligst / herlig, herlige","Det er herlig vær ved sjøen i dag. / Vi hadde en herlig ferie sammen.","今天海边的天气好极了。 / 我们一起度过了愉快的假期。","2","A2","true","true","词典核验：Bokmål词头/词性/核心义项","Bokmålsordboka","https://ordbokene.no/bm/herlig","2026-09-24","","true","词头与列出词形匹配","课程候选等级；尚未逐词人工确认","例句/译文尚未人工逐词审校"
"A2","juleblomst","名词","节日与植物","NTNU LearnNoW; NorweigenLearn 当前词库","圣诞花；圣诞节期间常见的观赏花卉","en juleblomst · juleblomsten · juleblomster · juleblomstene / juleblomsten, juleblomster, juleblomstene","Vi kjøper en juleblomst til bestemor. / Juleblomstene står i vinduet.","我们给奶奶买一盆圣诞花。 / 圣诞花摆在窗台上。","2","A2","true","true","词典核验：课程词头/词性/英文核心义项/课文单元","NTNU LearnNoW 词汇表","https://www.ntnu.edu/learnnow/vocabulary/list","2026-09-24","","false","透明复合词词形匹配中心词","课程候选等级；尚未逐词人工确认","例句/译文尚未人工逐词审校"
"A2","julepynt","名词","圣诞节与装饰","NTNU LearnNoW; NorweigenLearn 当前词库","圣诞装饰；圣诞节装饰品（集合）","julepynt · julepynten / julepynten, julepynter, julepyntene","Vi tar fram julepynten i desember. / Barna laget julepynt av papir.","我们十二月把圣诞装饰拿出来。 / 孩子们用纸做了圣诞装饰。","2","A2","true","true","词典核验：课程词头/词性/英文核心义项/课文单元","NTNU LearnNoW 词汇表","https://www.ntnu.edu/learnnow/vocabulary/list","2026-09-24","","true","词头与列出词形匹配","课程候选等级；尚未逐词人工确认","例句/译文尚未人工逐词审校"
"A2","karamellpudding","名词","甜点与传统食物","NTNU LearnNoW; NorweigenLearn 当前词库","焦糖布丁；焦糖布丁甜点","en karamellpudding · karamellpuddingen · karamellpuddinger · karamellpuddingene / karamellpuddingen, karamellpuddinger, karamellpuddingene","Bestemor lager karamellpudding til jul. / Vi serverte karamellpuddingen med krem.","奶奶圣诞节会做焦糖布丁。 / 我们把焦糖布丁配奶油端上桌。","2","A2","true","true","词典核验：课程词头/词性/英文核心义项/课文单元","NTNU LearnNoW 词汇表","https://www.ntnu.edu/learnnow/vocabulary/list","2026-09-24","","true","词头与列出词形匹配","课程候选等级；尚未逐词人工确认","例句/译文尚未人工逐词审校"
"A2","kinn","名词","身体与健康","NTNU LearnNoW; NorweigenLearn 当前词库","脸颊；面颊","et kinn · kinnet · kinn · kinnene / kinnet, kinn, kinnene","Hun fikk et kyss på kinnet. / Barna kom inn med røde kinn.","她的脸颊被亲了一下。 / 孩子们进来时脸颊红红的。","2","A2","true","true","词典核验：Bokmål词头/词性/核心义项","Bokmålsordboka","https://ordbokene.no/bm/kinn","2026-09-24","","true","词头与列出词形匹配","课程候选等级；尚未逐词人工确认","例句/译文尚未人工逐词审校"
"A2","kle","动词","衣物与穿着","NTNU LearnNoW; NorweigenLearn 当前词库","穿衣；给……穿衣；适合/衬托某人","å kle · kler · kledde · har kledd / kler, kledde, har kledd","Du bør kle deg varmt før turen. / Den blå skjorta kler deg godt.","出发前你最好穿暖和些。 / 这件蓝衬衫很衬你。","2","A2","true","true","词典核验：Bokmål词头/词性/核心义项","Bokmålsordboka","https://ordbokene.no/bm/kle","2026-09-24","","true","词头与列出词形匹配","课程候选等级；尚未逐词人工确认","例句/译文尚未人工逐词审校"
"A2","lov","名词","规则与许可","NTNU LearnNoW; NorweigenLearn 当前词库","法律；规则；许可（固定表达中）","en lov · loven · lover · lovene / loven, lover, lovene","Barn må følge loven. / Får jeg lov til å åpne vinduet?","孩子也必须遵守法律。 / 我可以把窗户打开吗？","2","A2","true","true","词典核验：Bokmål词头/词性/核心义项","Bokmålsordboka","https://ordbokene.no/bm/lov","2026-09-24","","true","词头与列出词形匹配","课程候选等级；尚未逐词人工确认","例句/译文尚未人工逐词审校"
"A2","lutefisk","名词","挪威传统食物","NTNU LearnNoW; NorweigenLearn 当前词库","碱渍鳕鱼；卢特菲斯克（挪威传统鱼料理）","en lutefisk · lutefisken · lutefisker · lutefiskene / lutefisken, lutefisker, lutefiskene","Mange familier spiser lutefisk i desember. / Lutefisken serveres med poteter og ertestuing.","许多家庭十二月会吃碱渍鳕鱼。 / 碱渍鳕鱼配土豆和豌豆泥一起上桌。","2","A2","true","true","词典核验：Bokmål词头/词性/核心义项","Bokmålsordboka","https://ordbokene.no/bm%2Cnn/lutefisk","2026-09-24","","true","词头与列出词形匹配","课程候选等级；尚未逐词人工确认","例句/译文尚未人工逐词审校"
"A2","matrett","名词","食物与用餐","NTNU LearnNoW; NorweigenLearn 当前词库","一道菜；一种菜肴","en matrett · matretten · matretter · matrettene / matretten, matretter, matrettene","Hva er dagens matrett på kafeen? / Fiskesuppe er en populær norsk matrett.","这家咖啡馆今天的特色菜是什么？ / 鱼汤是一道受欢迎的挪威菜。","2","A2","true","true","词典核验：Bokmål词头/词性/核心义项","Bokmålsordboka","https://ordbokene.no/bm/matrett","2026-09-24","","true","词头与列出词形匹配","课程候选等级；尚未逐词人工确认","例句/译文尚未人工逐词审校"
"A2","merkelig","形容词","程度与描述","NTNU LearnNoW; NorweigenLearn 当前词库","奇怪的；不同寻常的；特别的","merkelig · merkelig · merkelige · merkeligere · merkeligst / merkelig, merkelige","Det var en merkelig lyd fra bilen. / Merkelig nok fant vi nøklene med en gang.","汽车发出一种奇怪的声音。 / 说来也怪，我们一下子就找到了钥匙。","2","A2","true","true","词典核验：Bokmål词头/词性/核心义项","Bokmålsordboka","https://ordbokene.no/bm/merkelig","2026-09-24","","true","词头与列出词形匹配","课程候选等级；尚未逐词人工确认","例句/译文尚未人工逐词审校"
"A2","nisse","名词","圣诞节与民俗","NTNU LearnNoW; NorweigenLearn 当前词库","圣诞小精灵；民间传说中的小矮人/精灵","en nisse · nissen · nisser · nissene / nissen, nisser, nissene","Barna håper at julenissen kommer på julaften. / I gamle fortellinger bor nissen ofte på gården.","孩子们盼着圣诞精灵在平安夜到来。 / 在古老故事里，nisse 常住在农场。","2","A2","true","true","词典核验：Bokmål词头/词性/核心义项","Bokmålsordboka","https://ordbokene.no/bm/nisse","2026-09-24","","true","词头与列出词形匹配","课程候选等级；尚未逐词人工确认","例句/译文尚未人工逐词审校"
"A2","nysnø","名词","季节与天气","NTNU LearnNoW; NorweigenLearn 当前词库","新雪；刚落下的雪","en nysnø · nysnøen · nysnøer · nysnøene / nysnøen","Det kom et tynt lag med nysnø i natt. / Barna laget spor i nysnøen.","昨夜下了一层薄薄的新雪。 / 孩子们在新雪上留下了脚印。","2","A2","true","true","词典核验：Bokmål词头/词性/核心义项","Bokmålsordboka","https://ordbokene.no/bm/nysn%C3%B8","2026-09-24","","true","词头与列出词形匹配","课程候选等级；尚未逐词人工确认","例句/译文尚未人工逐词审校"
"A2","øl","名词","饮品与点餐","NTNU LearnNoW; NorweigenLearn 当前词库","啤酒（饮品；点单时一杯/一份）","et øl · ølet · øl · ølene / ølet, øl, ølene","Restauranten har også alkoholfritt øl. / Han bestilte en øl til maten.","这家餐厅也供应无酒精啤酒。 / 他点了一杯啤酒配餐。","2","A2","true","true","词典核验：Bokmål词头/词性/核心义项","Bokmålsordboka","https://ordbokene.no/bm/%C3%B8l","2026-09-24","","true","词头与列出词形匹配","课程候选等级；尚未逐词人工确认","例句/译文尚未人工逐词审校"
"A2","onkel","名词","家人与亲属","NTNU LearnNoW; NorweigenLearn 当前词库","叔叔；伯伯；舅舅；姨父/姑父等（依亲属关系）","en onkel · onkelen · onkler · onklene / onkelen, onkler, onklene","Onkelen min bor i Bergen. / Vi besøker onkel Per på lørdag.","我叔叔 / 舅舅住在卑尔根。 / 我们星期六去看望佩尔叔叔。","2","A2","true","true","词典核验：词头/词性/核心义项","Bokmålsordboka","https://ordbokene.no/bm/onkel","2026-09-24","","true","词头与列出词形匹配","课程候选等级；尚未逐词人工确认","例句/译文尚未人工逐词审校"
"A2","ønske","动词","愿望与计划 / 未来计划与目标","NTNU LearnNoW; NorweigenLearn 当前词库","希望；想要；祝愿；希望某人……","å ønske · ønsker · ønsket / ønska · ønsket / ønska / ønsker, ønsket, har ønsket","Barnet ønsker seg en sykkel til bursdagen. / Jeg ønsker at du får en fin dag.","孩子想要一辆自行车作为生日礼物。 / 我祝你今天过得愉快。","2","A2","true","true","词典核验：词头/词性/核心义项","Bokmålsordboka","https://ordbokene.no/bm/%C3%B8nske","2026-09-24","","true","词头与列出词形匹配","课程候选等级；尚未逐词人工确认","例句/译文尚未人工逐词审校"
"A2","oppå","介词","位置与方向","NTNU LearnNoW; NorweigenLearn 当前词库","在……上面；在……顶上","oppå","Legg nøklene oppå bordet. / Det ligger et tykt snølag oppå bilen.","把钥匙放到桌面上。 / 汽车上面覆盖着一层厚雪。","2","A2","true","true","词典核验：Bokmål词头/词性/核心义项","Bokmålsordboka","https://ordbokene.no/bm/opp%C3%A5","2026-09-24","","true","词头与列出词形匹配","课程候选等级；尚未逐词人工确认","例句/译文尚未人工逐词审校"
"A2","overalt","副词","地点与方位","NTNU LearnNoW; NorweigenLearn 当前词库","到处；处处； everywhere","overalt","Vi lette overalt etter nøklene. / Det ligger snø overalt i hagen.","我们到处找钥匙。 / 花园里到处都是雪。","2","A2","true","true","词典核验：词头/词性/核心义项","Bokmålsordboka","https://ordbokene.no/bm/overalt","2026-09-24","","true","词头与列出词形匹配","课程候选等级；尚未逐词人工确认","例句/译文尚未人工逐词审校"
"A2","overraskelse","名词","感受与事件","NTNU LearnNoW; NorweigenLearn 当前词库","惊讶；意外之事；惊喜（依语境）","en overraskelse · overraskelsen · overraskelser · overraskelsene / overraskelsen, overraskelser, overraskelsene","Det var en hyggelig overraskelse å få besøk av søsteren min. / Til min overraskelse var toget i rute.","姐姐 / 妹妹来看我，真是个惊喜。 / 令我意外的是，火车准点。","2","A2","true","true","词典核验：词头/词性/核心义项","Bokmålsordboka","https://ordbokene.no/bm/overraskelse","2026-09-24","","true","词头与列出词形匹配","课程候选等级；尚未逐词人工确认","例句/译文尚未人工逐词审校"
"A2","papir","名词","文件与材料","NTNU LearnNoW; NorweigenLearn 当前词库","纸；纸张；文件/证件（常用复数 papirer）","et papir · papiret · papirer · papirene / papiret, papirer, papirene","Kan du skrive adressen på et papir? / Hun må vise papirene sine på kontoret.","你能把地址写在一张纸上吗？ / 她必须在办公室出示自己的文件。","2","A2","true","true","词典核验：词头/词性/核心义项","Bokmålsordboka","https://ordbokene.no/bm/papir","2026-09-24","","true","词头与列出词形匹配","课程候选等级；尚未逐词人工确认","例句/译文尚未人工逐词审校"
"A2","pinnekjøtt","名词","挪威节庆食品","NTNU LearnNoW; NorweigenLearn 当前词库","盐腌风干的羊肋肉；挪威传统节庆菜","et pinnekjøtt · pinnekjøttet · pinnekjøtt · pinnekjøtta / pinnekjøttene / pinnekjøttet","Familien serverer pinnekjøtt på julaften. / Pinnekjøttet må vannes ut før det tilberedes.","这家人在平安夜供应挪威传统羊肋肉。 / 这种腌羊肉烹饪前需要先浸泡脱盐。","2","A2","true","true","词典核验：Bokmål词头/词性/核心义项","Bokmålsordboka","https://ordbokene.no/bm/pinnekj%C3%B8tt","2026-09-24","","true","词头与列出词形匹配","课程候选等级；尚未逐词人工确认","例句/译文尚未人工逐词审校"
"A2","presang","名词","礼物与庆祝","NTNU LearnNoW; NorweigenLearn 当前词库","礼物；赠礼","en presang · presangen · presanger · presangene / presangen, presanger, presangene","Hun fikk en presang av vennene sine. / Vi kjøpte presangen til bestemor sammen.","她收到了朋友们送的一份礼物。 / 我们一起给奶奶买了那份礼物。","2","A2","true","true","词典核验：Bokmål词头/词性/核心义项","Bokmålsordboka","https://ordbokene.no/bm/presang","2026-09-24","","true","词头与列出词形匹配","课程候选等级；尚未逐词人工确认","例句/译文尚未人工逐词审校"
"A2","pudding","名词","甜点与食物","NTNU LearnNoW; NorweigenLearn 当前词库","布丁；凝固/蒸制的甜咸料理（依具体菜名）","en pudding · puddingen · puddinger · puddingene / puddingen, puddinger, puddingene","Til dessert fikk vi karamellpudding. / Puddingen står i kjøleskapet.","甜点我们吃了焦糖布丁。 / 布丁放在冰箱里。","2","A2","true","true","词典核验：Bokmål词头/词性/核心义项","Bokmålsordboka","https://ordbokene.no/bm/pudding","2026-09-24","","true","词头与列出词形匹配","课程候选等级；尚未逐词人工确认","例句/译文尚未人工逐词审校"
"A2","ribbe","名词","挪威节庆食品","NTNU LearnNoW; NorweigenLearn 当前词库","排骨；肋肉；（圣诞餐）烤猪肋排","en ribbe · ribba · ribben · ribber · ribbene / ribba, ribber, ribbene (uncountable)","Mange spiser ribbe på julaften. / Ribben ble servert med poteter.","许多人在平安夜吃烤猪肋排。 / 肋排配土豆一起上桌了。","2","A2","true","true","词典核验：词头/词性/核心义项","Bokmålsordboka","https://ordbokene.no/bm/ribbe","2026-09-24","","true","词头与列出词形匹配","课程候选等级；尚未逐词人工确认","例句/译文尚未人工逐词审校"
"A2","rive","动词","家务与动作","NTNU LearnNoW; NorweigenLearn 当前词库","撕；扯；拆除；（食物）擦碎","å rive · river · rev · har revet / river, reiv, har revet","Barnet rev papiret i små biter. / Hun river ost over pastaen.","孩子把纸撕成了小片。 / 她把奶酪擦碎撒在意面上。","2","A2","true","true","词典核验：Bokmål词头/词性/核心义项","Bokmålsordboka","https://ordbokene.no/bm/rive","2026-09-24","","true","词头与列出词形匹配","课程候选等级；尚未逐词人工确认","例句/译文尚未人工逐词审校"
"A2","servere","动词","食物与用餐","NTNU LearnNoW; NorweigenLearn 当前词库","上菜；供应；招待；（体育）发球","å servere · serverer · serverte · har servert / serverer, serverte, har servert","Restauranten serverer middag fra klokka fem. / Han serverte godt i den første omgangen.","这家餐馆从五点开始供应晚餐。 / 他在第一局发球发得很好。","2","A2","true","true","词典核验：Bokmål词头/词性/核心义项","Bokmålsordboka","https://ordbokene.no/bm/servere","2026-09-24","","true","词头与列出词形匹配","课程候选等级；尚未逐词人工确认","例句/译文尚未人工逐词审校"
"A2","skåle","动词","礼物与庆祝","NTNU LearnNoW; NorweigenLearn 当前词库","举杯；碰杯；祝酒","å skåle · skåler · skålte · har skålt / skåler, skålte, har skålt","Vi skåler for det nye året. / De skålte med naboene etter middagen.","我们为新年举杯。 / 晚饭后他们和邻居们碰杯。","2","A2","true","true","词典核验：Bokmål词头/词性/核心义项","Bokmålsordboka","https://ordbokene.no/bm/sk%C3%A5le","2026-09-24","","true","词头与列出词形匹配","课程候选等级；尚未逐词人工确认","例句/译文尚未人工逐词审校"
"A2","skeptisk","形容词","观点与感受","NTNU LearnNoW; NorweigenLearn 当前词库","怀疑的；持怀疑态度的","skeptisk · skeptisk · skeptiske / skeptisk, skeptiske","Jeg er skeptisk til tilbudet fordi prisen er så lav. / De stilte skeptiske spørsmål.","我对这个优惠持怀疑态度，因为价格太低了。 / 他们提出了带有怀疑态度的问题。","2","A2","true","true","词典核验：Bokmål词头/词性/核心义项","Bokmålsordboka","https://ordbokene.no/bm/skeptisk","2026-09-24","","true","词头与列出词形匹配","课程候选等级；尚未逐词人工确认","例句/译文尚未人工逐词审校"
"A2","skifte","动词","变化与日常动作","NTNU LearnNoW; NorweigenLearn 当前词库","更换；换衣服；改变；轮换","å skifte · skifter · skiftet · har skiftet / skifter, skiftet, har skiftet","Jeg må skifte klær før vi går ut. / Været skiftet raskt i løpet av dagen.","我们出门前我得换衣服。 / 天气在一天之内很快就变了。","2","A2","true","true","词典核验：Bokmål词头/词性/核心义项","Bokmålsordboka","https://ordbokene.no/bm/skifte","2026-09-24","","true","词头与列出词形匹配","课程候选等级；尚未逐词人工确认","例句/译文尚未人工逐词审校"
"A2","skjerf","名词","衣物与穿着","NTNU LearnNoW; NorweigenLearn 当前词库","围巾","et skjerf · skjerfet · skjerf · skjerfene / skjerfet, skjerf, skjerfene","Ta på deg et skjerf, det blåser ute. / Jeg finner ikke skjerfet mitt.","围条围巾吧，外面在刮风。 / 我找不到我的围巾了。","2","A2","true","true","词典核验：Bokmål词头/词性/核心义项","Bokmålsordboka","https://ordbokene.no/bm/skjerf","2026-09-24","","true","词头与列出词形匹配","课程候选等级；尚未逐词人工确认","例句/译文尚未人工逐词审校"
"A2","snøball","名词","冬季活动","NTNU LearnNoW; NorweigenLearn 当前词库","雪球","en snøball · snøballen · snøballer · snøballene / snøballen, snøballer, snøballene","Barna laget en stor snøball i hagen. / Han kastet snøballer mot muren.","孩子们在花园里捏了一个大雪球。 / 他朝墙扔雪球。","2","A2","true","true","词典核验：Bokmål词头/词性/核心义项","Bokmålsordboka","https://ordbokene.no/bm/55278","2026-09-24","","true","词头与列出词形匹配","课程候选等级；尚未逐词人工确认","例句/译文尚未人工逐词审校"
"A2","snøballkrig","名词","冬季活动","NTNU LearnNoW; NorweigenLearn 当前词库","打雪仗；雪球大战","en snøballkrig · snøballkrigen · snøballkriger · snøballkrigene / snøballkrigen, snøballkriger, snøballkrigene","Barna hadde snøballkrig etter skolen. / Snøballkrigen varte bare noen minutter.","放学后孩子们打了一场雪仗。 / 雪球大战只持续了几分钟。","2","A2","true","true","词典核验：课程词头/词性/英文核心义项/课文单元","NTNU LearnNoW 词汇表","https://www.ntnu.edu/learnnow/vocabulary/list","2026-09-24","","true","词头与列出词形匹配","课程候选等级；尚未逐词人工确认","例句/译文尚未人工逐词审校"
"A2","snømann","名词","冬季活动","NTNU LearnNoW; NorweigenLearn 当前词库","雪人","en snømann · snømannen · snømenn · snømennene / snømannen, snømanner, snømannene","Barna lager en snømann i hagen. / Snømennene står fortsatt utenfor huset.","孩子们在花园里堆雪人。 / 那些雪人还站在房子外面。","2","A2","true","true","词典核验：Bokmål词头/词性/核心义项","Bokmålsordboka","https://ordbokene.no/bm/sn%C3%B8mann","2026-09-24","","true","词头与列出词形匹配","课程候选等级；尚未逐词人工确认","例句/译文尚未人工逐词审校"
"A2","speilreflekskamera","名词","摄影与科技","NTNU LearnNoW; NorweigenLearn 当前词库","单反相机；数码单反相机（依语境）","et speilreflekskamera · speilreflekskameraet · speilreflekskameraer · speilreflekskameraene / speilreflekskameraet, speilreflekskameraer, speilreflekskameraene","Hun tok bilder av fjellene med et speilreflekskamera. / Speilreflekskameraet hennes har et nytt objektiv.","她用一台单反相机拍了群山。 / 她的单反相机配了一支新镜头。","2","A2","true","true","词典核验：课程词头/词性/英文核心义项/课文单元","NTNU LearnNoW 词汇表","https://www.ntnu.edu/learnnow/vocabulary/list","2026-09-24","","true","词头与列出词形匹配","课程候选等级；尚未逐词人工确认","例句/译文尚未人工逐词审校"
"A2","svigerforelder","名词","家人与姻亲","NTNU LearnNoW; NorweigenLearn 当前词库","岳父/岳母；公公/婆婆（性别未说明时的统称）","en svigerforelder · svigerforelderen · svigerforeldre · svigerforeldrene / svigerforelderen, svigerforeldre, svigerforeldrene","Vi skal besøke svigerforeldrene mine i helgen. / Hun har et godt forhold til svigerforelderen sin.","我们周末要去看望我的岳父母 / 公婆。 / 她和自己的某一位姻亲家长关系很好。","2","A2","true","true","词典核验：课程词头/词性/英文核心义项/课文单元","NTNU LearnNoW 词汇表","https://www.ntnu.edu/learnnow/vocabulary/list","2026-09-24","","true","词头与列出词形匹配","课程候选等级；尚未逐词人工确认","例句/译文尚未人工逐词审校"
"A2","svigermor","名词","家庭与关系","NTNU LearnNoW; NorweigenLearn 当前词库","婆婆；岳母；配偶的母亲","en svigermor · svigermoren · svigermødre · svigermødrene / svigermora, svigermødre, svigermødrene","Vi skal besøke svigermoren min på søndag. / Begge svigermødrene kommer på middag.","我们星期天要去看望我婆婆 / 岳母。 / 两位婆婆 / 岳母都会来吃晚饭。","2","A2","true","true","词典核验：Bokmål词头/词性/核心义项","Bokmålsordboka","https://ordbokene.no/bm/svigermor","2026-09-24","","true","词头与列出词形匹配","课程候选等级；尚未逐词人工确认","例句/译文尚未人工逐词审校"
"A2","svineribbe","名词","挪威节庆食品","NTNU LearnNoW; NorweigenLearn 当前词库","猪肋排；猪肋肉（常用于挪威圣诞烤肉）","en svineribbe · svineribba · svineribben · svineribber · svineribbene / svineribba, svineribber, svineribbene","De lager svineribbe med sprø svor til jul. / Svineribba serveres ofte med poteter.","他们圣诞节会做表皮酥脆的烤猪肋排。 / 烤猪肋排通常配土豆一起上桌。","2","A2","true","true","词典核验：课程词头/词性/英文核心义项/课文单元","NTNU LearnNoW 词汇表","https://www.ntnu.edu/learnnow/vocabulary/list","2026-09-24","","true","词头与列出词形匹配","课程候选等级；尚未逐词人工确认","例句/译文尚未人工逐词审校"
"A2","tante","名词","家人与亲属","NTNU LearnNoW; NorweigenLearn 当前词库","姑妈；姨妈；舅妈/伯母等；阿姨（依亲属关系或称呼）","ei tante / en tante · tanta / tanten · tanter · tantene / tanta, tanter, tantene","Vi skal besøke tante Petra på søndag. / Tanta mi bor i Trondheim.","我们星期天要去看望佩特拉阿姨。 / 我姑妈 / 姨妈住在特隆赫姆。","2","A2","true","true","词典核验：词头/词性/核心义项","Bokmålsordboka","https://ordbokene.no/bm/tante","2026-09-24","","true","词头与列出词形匹配","课程候选等级；尚未逐词人工确认","例句/译文尚未人工逐词审校"
"A2","torsk","名词","食物与用餐","NTNU LearnNoW; NorweigenLearn 当前词库","鳕鱼","en torsk · torsken · torsker · torskene / torsken, torsker, torskene","Vi spiser kokt torsk med poteter i dag. / Fiskeren fikk tre store torsker.","我们今天吃煮鳕鱼配土豆。 / 渔夫捕到了三条大鳕鱼。","2","A2","true","true","词典核验：Bokmål词头/词性/核心义项","Bokmålsordboka","https://ordbokene.no/bm/torsk","2026-09-24","","true","词头与列出词形匹配","课程候选等级；尚未逐词人工确认","例句/译文尚未人工逐词审校"
"A2","tradisjon","名词","节日与传统","NTNU LearnNoW; NorweigenLearn 当前词库","传统；惯例；习俗","en tradisjon · tradisjonen · tradisjoner · tradisjonene / tradisjonen, tradisjoner, tradisjonene","Det er en tradisjon i familien vår å spise grøt på julaften. / Tradisjonen går tilbake til besteforeldrene mine.","我们家有个传统：平安夜吃粥。 / 这个传统可以追溯到我的祖父母那一代。","2","A2","true","true","词典核验：词头/词性/核心义项","Bokmålsordboka","https://ordbokene.no/bm/tradisjon","2026-09-24","","true","词头与列出词形匹配","课程候选等级；尚未逐词人工确认","例句/译文尚未人工逐词审校"
"A2","tulle","动词","交流与语言","NTNU LearnNoW; NorweigenLearn 当前词库","开玩笑；胡闹；瞎弄","å tulle · tuller · tullet · har tullet / tuller, tullet, har tullet","Slapp av, jeg bare tuller. / Ikke tull med den varme ovnen.","放轻松，我只是开玩笑。 / 别乱碰那台热烤箱。","2","A2","true","true","词典核验：Bokmål词头/词性/核心义项","Bokmålsordboka","https://ordbokene.no/bm/tulle","2026-09-24","","true","词头与列出词形匹配","课程候选等级；尚未逐词人工确认","例句/译文尚未人工逐词审校"
"A2","tykk","形容词","描述物品与外观","NTNU LearnNoW; NorweigenLearn 当前词库","厚的；粗的；浓稠的；胖的（依语境）","tykk · tykt · tykke · tykkere / tykkest / tykt, tykke","Ta på deg en tykk genser, det er kaldt ute. / Suppa er for tykk, så jeg tilsetter litt vann.","穿件厚毛衣吧，外面很冷。 / 汤太稠了，所以我加一点水。","2","A2","true","true","词典核验：Bokmål词头/词性/核心义项","Bokmålsordboka","https://ordbokene.no/bm/tykk","2026-09-24","","true","词头与列出词形匹配","课程候选等级；尚未逐词人工确认","例句/译文尚未人工逐词审校"
"A2","typisk","形容词","描述与评价","NTNU LearnNoW; NorweigenLearn 当前词库","典型的；有代表性的；通常；真是（依语气）","typisk · typisk · typiske / typisk, typiske","Regn om høsten er typisk for Vestlandet. / Det er typisk meg å glemme paraplyen.","秋天多雨是挪威西部的典型特点。 / 我这个人就是会忘记带伞。","2","A2","true","true","词典核验：词头/词性/核心义项","Bokmålsordboka","https://ordbokene.no/bm/typisk","2026-09-24","","true","词头与列出词形匹配","课程候选等级；尚未逐词人工确认","例句/译文尚未人工逐词审校"
"A2","uskarp","形容词","摄影与描述","NTNU LearnNoW; NorweigenLearn 当前词库","模糊的；不清晰的；不锋利的","uskarp · uskarpt · uskarpe · mer uskarp · mest uskarp / uskarpt, uskarpe","Bildet ble uskarpt fordi kameraet beveget seg. / Teksten er uskarp på den gamle skjermen.","相机移动了，所以照片拍糊了。 / 旧屏幕上的文字看不清。","2","A2","true","true","词典核验：课程词头/词性/英文核心义项/课文单元","NTNU LearnNoW 词汇表","https://www.ntnu.edu/learnnow/vocabulary/list","2026-09-24","","true","基本词形匹配；比较级形式另核","课程候选等级；尚未逐词人工确认","例句/译文尚未人工逐词审校"
"A2","våt","形容词","天气与衣物","NTNU LearnNoW; NorweigenLearn 当前词库","湿的；潮湿的；被雨淋湿的","våt · vått · våte · våtere · våtest / våteste / vått, våte","Jeg ble våt på vei hjem fordi det regnet. / Barna la de våte vottene på gulvet.","我回家路上被雨淋湿了。 / 孩子们把湿手套放在地板上。","2","A2","true","true","词典核验：词头/词性/核心义项","Bokmålsordboka","https://ordbokene.no/bm/v%C3%A5t","2026-09-24","","true","词头与列出词形匹配","课程候选等级；尚未逐词人工确认","例句/译文尚未人工逐词审校"
"A2","vinterbilde","名词","季节与描述","NTNU LearnNoW; NorweigenLearn 当前词库","冬日照片；冬景图；冬季画面","et vinterbilde · vinterbildet · vinterbilder · vinterbildene / vinterbildet, vinterbilder, vinterbildene","Hun tok et vinterbilde av fjellet. / Vinterbildene henger på veggen.","她拍了一张山上的冬日照片。 / 那些冬景照片挂在墙上。","2","A2","true","true","词典核验：课程词头/词性/英文核心义项/课文单元","NTNU LearnNoW 词汇表","https://www.ntnu.edu/learnnow/vocabulary/list","2026-09-24","","false","透明复合词词形匹配中心词","课程候选等级；尚未逐词人工确认","例句/译文尚未人工逐词审校"
"A2","vott","名词","衣物与穿着","NTNU LearnNoW; NorweigenLearn 当前词库","连指手套；手套（拇指单独、其余手指并在一起）","en vott · votten · votter · vottene / votten, votter, vottene","Barnet tar på seg varme votter før barnehagen. / Jeg mistet den ene votten på bussen.","孩子去幼儿园前戴上暖和的连指手套。 / 我在公交车上丢了一只连指手套。","2","A2","true","true","词典核验：Bokmål词头/词性/核心义项","Bokmålsordboka","https://ordbokene.no/bm/vott","2026-09-24","","true","词头与列出词形匹配","课程候选等级；尚未逐词人工确认","例句/译文尚未人工逐词审校"
"A2","aha","感叹词","口语反应","NorweigenLearn 当前词库","啊哈；哦，原来如此；我明白了","aha","Aha, nå skjønner jeg hvordan appen fungerer. / Aha, så du kjente henne fra før.","啊哈，我现在明白这个应用怎么用了。 / 哦，原来你以前就认识她。","2","A2","true","true","词典核验：Bokmål词头/词性/核心义项","Bokmålsordboka","https://ordbokene.no/bm/aha","2026-09-24","","true","词头与列出词形匹配","课程候选等级；尚未逐词人工确认","例句/译文尚未人工逐词审校"
"A2","begge","限定词","数量与指代","NorweigenLearn 当前词库","两者都；两个都；双方","begge","Begge barna mine snakker norsk. / Vi liker begge to å gå på tur.","我的两个孩子都会说挪威语。 / 我们俩都喜欢徒步。","2","A2","true","true","词典核验：Bokmål词头/词性/核心义项","Bokmålsordboka","https://ordbokene.no/bm/begge","2026-09-24","","true","词头与列出词形匹配","课程候选等级；尚未逐词人工确认","例句/译文尚未人工逐词审校"
"A2","bekymret","形容词","情绪与感受","NorweigenLearn 当前词库","担心的；忧虑的；挂念的","bekymret · bekymret · bekymrede · mer bekymret · mest bekymret","Jeg er bekymret for sønnen min som har feber. / Foreldrene virket bekymrede etter telefonsamtalen.","我担心发烧的儿子。 / 打完电话后，父母看起来很担忧。","2","A2","true","true","词典核验：Bokmål词头/词性/核心义项","Bokmålsordboka","https://ordbokene.no/bm/bekymret","2026-09-24","","true","基本词形匹配；比较级形式另核","课程候选等级；尚未逐词人工确认","例句/译文尚未人工逐词审校"
"A2","berømt","形容词","人物与名声","NorweigenLearn 当前词库","著名的；有名的；闻名的","berømt · berømt · berømte","Bergen er berømt for regn og vakre fjell. / Hun møtte en berømt norsk forfatter.","卑尔根以多雨和美丽的山景闻名。 / 她遇到了一位著名的挪威作家。","2","A2","true","true","词典核验：Bokmål词头/词性/核心义项","Bokmålsordboka","https://ordbokene.no/bm/ber%C3%B8mt","2026-09-24","","true","词头与列出词形匹配","课程候选等级；尚未逐词人工确认","例句/译文尚未人工逐词审校"
"A2","binde","动词","日常动作","NorweigenLearn 当前词库","绑；系；捆；连接；约束（依语境）","å binde · binder · bandt · bundet","Hun bandt sykkelen fast til gjerdet. / Barnet lærte å binde skolissene sine.","她把自行车牢牢地绑在围栏上。 / 孩子学会了系自己的鞋带。","2","A2","true","true","词典核验：Bokmål词头/词性/核心义项","Bokmålsordboka","https://ordbokene.no/bm/binde","2026-09-24","","true","词头与列出词形匹配","课程候选等级；尚未逐词人工确认","例句/译文尚未人工逐词审校"
"A2","bordtennis","名词","运动与休闲","NorweigenLearn 当前词库","乒乓球；桌上网球运动","en bordtennis · bordtennisen · bordtenniser · bordtennisene","Vi spiller bordtennis i pausen. / Bordtennisen er populær på skolen.","我们休息时打乒乓球。 / 乒乓球在学校里很受欢迎。","2","A2","true","true","词典核验：Bokmål词头/词性/核心义项","Bokmålsordboka","https://ordbokene.no/bm/bordtennis","2026-09-24","","true","词头与列出词形匹配","课程候选等级；尚未逐词人工确认","例句/译文尚未人工逐词审校"
"A2","cricket","名词","运动与休闲","NorweigenLearn 当前词库","板球；板球运动","en cricket · cricketen · cricketer · cricketene","De spiller cricket i parken om sommeren. / Cricket er svært populært i India.","他们夏天在公园里打板球。 / 板球在印度非常受欢迎。","2","A2","true","true","词典核验：Bokmål词头/词性/核心义项","Bokmålsordboka","https://ordbokene.no/bm/cricket","2026-09-24","","true","词头与列出词形匹配","课程候选等级；尚未逐词人工确认","例句/译文尚未人工逐词审校"
"A2","deres","限定词","所有关系","NorweigenLearn 当前词库","他们的；她们的；它们的；你们的（敬称/正式）","deres","Barna deres går på samme skole. / Er dette huset deres?","他们的孩子在同一所学校上学。 / 这是你们的房子吗？","2","A2","true","true","词典核验：Bokmål词头/词性/核心义项","Bokmålsordboka","https://ordbokene.no/bm/deres","2026-09-24","","true","词头与列出词形匹配","课程候选等级；尚未逐词人工确认","例句/译文尚未人工逐词审校"
"A2","dermed","副词","因果与结果","NorweigenLearn 当前词库","于是；因此；由此；就这样","dermed","Vi sendte søknaden i går og fikk dermed svar i dag. / Han trykket på knappen, og dermed startet maskinen.","我们昨天提交了申请，因此今天就收到了回复。 / 他按下按钮，机器随即启动了。","2","A2","true","true","词典核验：Bokmål词头/词性/核心义项","Bokmålsordboka","https://ordbokene.no/bm/dermed","2026-09-24","","true","词头与列出词形匹配","课程候选等级；尚未逐词人工确认","例句/译文尚未人工逐词审校"
"A2","døgn","名词","日历与时间","NorweigenLearn 当前词库","一昼夜；24小时（从某一时点连续计算）","et døgn · døgnet · døgn · døgnene","Apoteket har åpent hele døgnet. / Togreisen tok nesten et døgn.","这家药房全天营业。 / 火车旅程花了将近一昼夜。","2","A2","true","true","词典核验：Bokmål词头/词性/核心义项","Bokmålsordboka","https://ordbokene.no/bm/d%C3%B8gn","2026-09-24","","true","词头与列出词形匹配","课程候选等级；尚未逐词人工确认","例句/译文尚未人工逐词审校"
"A2","dyp","名词","海洋与深度","NorweigenLearn 当前词库","深水处；深处；深度","et dyp · dypet · dyp · dypene","Båten passerte et dyp på hundre meter. / Hun fant ro i dypet av skogen.","船经过了一处水深一百米的地方。 / 她在森林深处找到了宁静。","2","A2","true","true","词典核验：词头/词性/核心义项","Bokmålsordboka","https://ordbokene.no/bm/dyp","2026-09-24","","true","词头与列出词形匹配","课程候选等级；尚未逐词人工确认","例句/译文尚未人工逐词审校"
"A2","egentlig","形容词","真实情况与补充说明","NorweigenLearn 当前词库","真正的；实际的；本来的；（也常作副词）其实","egentlig · egentlig · egentlige","Den egentlige grunnen er at toget var forsinket. / Jeg vet egentlig ikke hva han mener.","真正的原因是火车晚点了。 / 其实我不知道他是什么意思。","2","A2","true","true","词典核验：Bokmål词头/词性/核心义项","Bokmålsordboka","https://ordbokene.no/bm/egentlig","2026-09-24","","true","词头与列出词形匹配","课程候选等级；尚未逐词人工确认","例句/译文尚未人工逐词审校"
"A2","elektrisitet","名词","能源与日常生活","NorweigenLearn 当前词库","电；电力；电能","en elektrisitet · elektrisiteten","Prisen på elektrisitet kan variere gjennom året. / Elektrisiteten ble borte under uværet.","电价可能会随季节变化。 / 暴风雨期间停电了。","2","A2","true","true","词典核验：Bokmål词头/词性/核心义项","Bokmålsordboka","https://ordbokene.no/bm/elektrisitet","2026-09-24","","true","词头与列出词形匹配","课程候选等级；尚未逐词人工确认","例句/译文尚未人工逐词审校"
"A2","elendig","形容词","评价与感受","NorweigenLearn 当前词库","糟糕的；很差的；状态极差的","elendig · elendig · elendige","Været var elendig hele helgen. / Jeg føler meg elendig og må hvile.","整个周末天气都糟透了。 / 我感觉很不舒服，得休息一下。","2","A2","true","true","词典核验：Bokmål词头/词性/核心义项","Bokmålsordboka","https://ordbokene.no/bm/elendig","2026-09-24","","true","词头与列出词形匹配","课程候选等级；尚未逐词人工确认","例句/译文尚未人工逐词审校"
"A2","ellers","副词","连接与语气","NorweigenLearn 当前词库","否则；平常/其他时候；除此之外；另外（依语境）","ellers","Vi må gå nå, ellers kommer vi for sent. / Jeg er litt trøtt, men ellers går det bra.","我们现在得走了，否则会迟到。 / 我有点累，不过其他方面都挺好。","2","A2","true","true","词典核验：Bokmål词头/词性/核心义项","Bokmålsordboka","https://ordbokene.no/bm/ellers","2026-09-24","","true","词头与列出词形匹配","课程候选等级；尚未逐词人工确认","例句/译文尚未人工逐词审校"
"A2","elleve","限定词","数字与数量","NorweigenLearn 当前词库","十一；第十一（需序数词形式时用 ellevte）","elleve","Toget går klokka elleve. / Hun har elleve elever i gruppa.","火车十一点出发。 / 她的小组有十一名学生。","2","A2","true","true","词典核验：Bokmål词头/词性/核心义项","Bokmålsordboka","https://ordbokene.no/bm/elleve","2026-09-24","","true","词头与列出词形匹配","课程候选等级；尚未逐词人工确认","例句/译文尚未人工逐词审校"
"A2","enkel","形容词","描述与评价","NorweigenLearn 当前词库","简单的；容易的；单一的；朴素的（依语境）","enkel · enkelt · enkle · enklere · enklest/enkleste","Det er enkelt å bestille billett på nettet. / Hun forklarte regelen på en enkel måte.","在网上订票很容易。 / 她用简单的方式解释了规则。","2","A2","true","true","词典核验：Bokmål词头/词性/核心义项","Bokmålsordboka","https://ordbokene.no/bm/enkel","2026-09-24","","true","词头与列出词形匹配","课程候选等级；尚未逐词人工确认","例句/译文尚未人工逐词审校"
"A2","enn","从属连词","比较与连接","NorweigenLearn 当前词库","比；而不是；除了（依结构）","enn","Denne boka er billigere enn den andre. / Han gjør ikke annet enn å klage.","这本书比另一本便宜。 / 他除了抱怨什么也不做。","2","A2","true","true","词典核验：Bokmål词头/词性/核心义项","Bokmålsordboka","https://ordbokene.no/bm/enn","2026-09-24","","true","词头与列出词形匹配","课程候选等级；尚未逐词人工确认","例句/译文尚未人工逐词审校"
"A2","ensom","形容词","情绪与感受","NorweigenLearn 当前词库","孤独的；寂寞的；独自一人的（依语境）","ensom · ensomt · ensomme · mer ensom · mest ensom","Hun følte seg ensom etter at hun flyttet. / Det ensomme barnet fikk en ny venn.","搬家后她感到很孤独。 / 那个孤单的孩子交到了一位新朋友。","2","A2","true","true","词典核验：Bokmål词头/词性/核心义项","Bokmålsordboka","https://ordbokene.no/bm/ensom","2026-09-24","","true","基本词形匹配；比较级形式另核","课程候选等级；尚未逐词人工确认","例句/译文尚未人工逐词审校"
"A2","erfaring","名词","工作经历与技能","NorweigenLearn 当前词库","经验；经历；亲身体验","en erfaring · erfaringen · erfaringer · erfaringene","Hun har lang erfaring med kundeservice. / Vi gjorde oss mange gode erfaringer på kurset.","她有丰富的客户服务经验。 / 我们在课程中获得了许多有益的体验。","2","A2","true","true","词典核验：Bokmål词头/词性/核心义项","Bokmålsordboka","https://ordbokene.no/bm/erfaring","2026-09-24","","true","词头与列出词形匹配","课程候选等级；尚未逐词人工确认","例句/译文尚未人工逐词审校"
"A2","febernedsettende","形容词","药物与症状","NorweigenLearn 当前词库","退烧的；降低发热的","febernedsettende","Apoteket har et febernedsettende middel for barn. / Spør apotekeren før du gir barnet febernedsettende.","药房有儿童用的退烧药。 / 给孩子服用退烧药前先咨询药师。","2","A2","true","true","词典核验：课程词头/名词性别或词类/英文义项/词形/章节","NTNU NoW 词汇表","https://www.ntnu.edu/now/vocabulary/list","2026-09-24","","true","词头与列出词形匹配","课程候选等级；尚未逐词人工确认","例句/译文尚未人工逐词审校"
"A2","flere","限定词","数量与比较","NorweigenLearn 当前词库","更多；另外几个；若干（修饰可数名词）","flere","Jeg vil gjerne lese flere bøker på norsk. / Flere personer kom for sent til møtet.","我想多读几本挪威语书。 / 有好几个人开会迟到了。","2","A2","true","true","词典核验：Bokmål词头/词性/核心义项","Bokmålsordboka","https://ordbokene.no/bm/flere","2026-09-24","","true","词头与列出词形匹配","课程候选等级；尚未逐词人工确认","例句/译文尚未人工逐词审校"
"A2","forandring","名词","变化与计划","NorweigenLearn 当前词库","变化；改变；变动；改变后的事物","en forandring · forandringen · forandringer · forandringene","Vi må gjøre en liten forandring i planen. / Det har skjedd store forandringer i byen.","我们得对计划做一点小调整。 / 这座城市发生了很大的变化。","2","A2","true","true","词典核验：Bokmål词头/词性/核心义项","Bokmålsordboka","https://ordbokene.no/bm/forandring","2026-09-24","","true","词头与列出词形匹配","课程候选等级；尚未逐词人工确认","例句/译文尚未人工逐词审校"
"A2","fordi","从属连词","连接句子","NorweigenLearn 当前词库","因为；由于","fordi","Jeg tar bussen fordi det regner. / Fordi jeg er syk, blir jeg hjemme.","因为下雨，我坐公交车。 / 因为我生病了，所以待在家里。","2","A2","true","true","词典核验：Bokmål词头/词性/核心义项","Bokmålsordboka","https://ordbokene.no/bm/fordi","2026-09-24","2026-09-24","true","词头与列出词形匹配","课程候选等级；尚未逐词人工确认","例句/译文已人工审校"
"A2","forkjølelse","名词","身体与症状","NorweigenLearn 当前词库","感冒","en forkjølelse · forkjølelsen · forkjølelser · forkjølelsene","Jeg er forkjølet og blir hjemme. / Forkjølelsen varer noen dager.","我感冒了，就待在家里。 / 感冒会持续几天。","2","A2","true","true","词典核验：词头/词性/核心义项","Bokmålsordboka","https://ordbokene.no/bm/forkj%C3%B8lelse","2026-09-24","","true","词头与列出词形匹配","课程候选等级；尚未逐词人工确认","例句/译文尚未人工逐词审校"
"A2","fritid","名词","休闲与日常","NorweigenLearn 当前词库","空闲时间；闲暇；业余时间","ei fritid · fritida · fritiden · fritider","På fritida liker jeg å gå tur. / Hun bruker fritiden på å lære norsk.","空闲时我喜欢散步。 / 她把业余时间用来学挪威语。","2","A2","true","true","词典核验：Bokmål词头/词性/核心义项","Bokmålsordboka","https://ordbokene.no/bm/fritid","2026-09-24","","true","词头与列出词形匹配","课程候选等级；尚未逐词人工确认","例句/译文尚未人工逐词审校"
"A2","hard","形容词","程度与描述","NorweigenLearn 当前词库","硬的；困难的；艰苦的；严厉的","hard · hardt · harde · hardere · hardest","Hun jobber hardt for å lære norsk. / Denne stolen er hardere enn sofaen.","她努力学习挪威语。 / 这把椅子比沙发硬。","2","A2","true","true","词典核验：Bokmål词头/词性/核心义项","Bokmålsordboka","https://ordbokene.no/bm/hard","2026-09-24","","true","词头与列出词形匹配","课程候选等级；尚未逐词人工确认","例句/译文尚未人工逐词审校"
"A2","hennes","限定词","所有关系","NorweigenLearn 当前词库","她的","hennes","Hennes familie bor i Trondheim. / Jeg kjenner søsteren hennes.","她的家人住在特隆赫姆。 / 我认识她的姐姐 / 妹妹。","2","A2","true","true","词典核验：Bokmål词头/词性/核心义项","Bokmålsordboka","https://ordbokene.no/bm/hennes","2026-09-24","","true","词头与列出词形匹配","课程候选等级；尚未逐词人工确认","例句/译文尚未人工逐词审校"
"A2","huff","感叹词","感叹与反应","NorweigenLearn 当前词库","唉；哎呀；真糟（表达不满、沮丧或不舒服）","huff","Huff, så mye regn det er i dag! / Huff a meg, jeg glemte nøklene.","唉，今天雨真大！ / 哎呀，我忘了钥匙。","2","A2","true","true","词典核验：词头/词性/核心义项","Bokmålsordboka","https://ordbokene.no/bm/huff","2026-09-24","","true","词头与列出词形匹配","课程候选等级；尚未逐词人工确认","例句/译文尚未人工逐词审校"
"A2","hvem","代词","疑问与代词","NorweigenLearn 当前词库","谁；什么人","hvem","Hvem skal hente barna i dag? / Vet du hvem som sendte meldingen?","今天谁去接孩子？ / 你知道是谁发的消息吗？","2","A2","true","true","词典核验：Bokmål词头/词性/核心义项","Bokmålsordboka","https://ordbokene.no/bm/hvem","2026-09-24","","true","词头与列出词形匹配","课程候选等级；尚未逐词人工确认","例句/译文尚未人工逐词审校"
"A2","hvis","从属连词","条件与假设","NorweigenLearn 当前词库","如果；假如","hvis","Hvis jeg får tid, ringer jeg deg i kveld. / Ta med en jakke hvis det blir kaldt.","如果我有时间，今晚就给你打电话。 / 如果天冷，就带件夹克。","2","A2","true","true","词典核验：词头/词性/核心义项","Bokmålsordboka","https://ordbokene.no/bm/hvis","2026-09-24","","true","词头与列出词形匹配","课程候选等级；尚未逐词人工确认","例句/译文尚未人工逐词审校"
"A2","hvorfor","副词","提问与交流","NorweigenLearn 当前词库","为什么；为何","hvorfor","Hvorfor lærer du norsk? / Hun forklarte hvorfor hun var forsinket.","你为什么学挪威语？ / 她解释了自己为什么迟到。","2","A2","true","true","词典核验：Bokmål词头/词性/核心义项","Bokmålsordboka","https://ordbokene.no/bm/hvorfor","2026-09-24","","true","词头与列出词形匹配","课程候选等级；尚未逐词人工确认","例句/译文尚未人工逐词审校"
"A2","iblant","介词","频率与群体","NorweigenLearn 当前词库","在……之中；有时；偶尔","iblant","Hun sto midt iblant vennene sine. / Iblant tar vi bussen i stedet for bilen.","她就站在朋友们中间。 / 我们有时会坐公交而不开车。","2","A2","true","true","词典核验：Bokmål词头/词性/核心义项","Bokmålsordboka","https://ordbokene.no/bm/iblant","2026-09-24","","true","词头与列出词形匹配","课程候选等级；尚未逐词人工确认","例句/译文尚未人工逐词审校"
"A2","inni","介词","位置与方向","NorweigenLearn 当前词库","在……里面；在内部；里面（依结构）","inni","Nøklene ligger inni veska. / Det regner, så barna leker inni.","钥匙在包里面。 / 正在下雨，所以孩子们在室内玩。","2","A2","true","true","词典核验：Bokmål词头/词性/核心义项","Bokmålsordboka","https://ordbokene.no/bm/inni","2026-09-24","","true","词头与列出词形匹配","课程候选等级；尚未逐词人工确认","例句/译文尚未人工逐词审校"
"A2","internettilgang","名词","网络与数字生活","NorweigenLearn 当前词库","互联网接入；上网条件；网络访问权限","en internettilgang · internettilgangen · internettilganger · internettilgangene","Studentene har gratis internettilgang på biblioteket. / Internettilgangen på hotellet var ustabil.","学生可以在图书馆免费上网。 / 酒店的网络连接不稳定。","2","A2","true","true","词典核验：Bokmål词头变体/词性/核心义项；课程词形与章节","NAOB + NTNU NoWiN 词汇表","https://naob.no/ordbok/internett-tilgang","2026-09-24","","false","透明复合词词形匹配中心词","课程候选等级；尚未逐词人工确认","例句/译文尚未人工逐词审校"
"A2","jippi","感叹词","口语反应","NorweigenLearn 当前词库","太好了；耶；好耶（兴奋或高兴时）","jippi","Jippi, vi skal til Tromsø i sommer! / Barna ropte jippi da de så snøen.","耶，我们今年夏天要去特罗姆瑟！ / 孩子们看到雪时高兴地喊了起来。","2","A2","true","true","词典核验：Bokmål词头/词性/核心义项","Bokmålsordboka","https://ordbokene.no/bm/jippi","2026-09-24","","true","词头与列出词形匹配","课程候选等级；尚未逐词人工确认","例句/译文尚未人工逐词审校"
"A2","kjemisk","形容词","科学与材料","NorweigenLearn 当前词库","化学的；化学制品的；由化学过程产生的","kjemisk · kjemisk · kjemiske","Noen vaskemidler inneholder sterke kjemiske stoffer. / Studentene lærte om en kjemisk reaksjon i laboratoriet.","一些清洁剂含有强效化学物质。 / 学生们在实验室学习了一种化学反应。","2","A2","true","true","词典核验：Bokmål词头/词性/核心义项","Bokmålsordboka","https://ordbokene.no/bm/kjemisk","2026-09-24","","true","词头与列出词形匹配","课程候选等级；尚未逐词人工确认","例句/译文尚未人工逐词审校"
"A2","kjent","形容词","程度与描述","NorweigenLearn 当前词库","熟悉的；认识的；知名的","kjent · kjent · kjente · mer kjent · mest kjent","Jeg er godt kjent med området. / Hun er kjent for musikken sin.","我很熟悉这个地区。 / 她因自己的音乐而出名。","2","A2","true","true","词典核验：Bokmål词头/词性/核心义项","Bokmålsordboka","https://ordbokene.no/bm/kjent","2026-09-24","","true","基本词形匹配；比较级形式另核","课程候选等级；尚未逐词人工确认","例句/译文尚未人工逐词审校"
"A2","kølapp","名词","排队与服务","NorweigenLearn 当前词库","排队号；取号纸；号码牌","en kølapp · kølappen · kølapper · kølappene","Ta en kølapp og vent på navnet ditt. / Jeg mistet kølappen før det ble min tur.","取一张号，然后等着叫你的名字。 / 还没轮到我，我就把号码牌弄丢了。","2","A2","true","true","词典核验：Bokmål词头/词性/核心义项","Bokmålsordboka","https://ordbokene.no/bm/k%C3%B8lapp","2026-09-24","","true","词头与列出词形匹配","课程候选等级；尚未逐词人工确认","例句/译文尚未人工逐词审校"
"A2","lån","名词","借贷与付款","NorweigenLearn 当前词库","贷款；借款；借来的东西（依语境）","et lån · lånet · lån · lånene","De tok opp et lån for å kjøpe leilighet. / Jeg må betale renter på lånet hver måned.","他们贷款买了公寓。 / 我每个月都要支付这笔贷款的利息。","2","A2","true","true","词典核验：词头/词性/核心义项","Bokmålsordboka","https://ordbokene.no/bm/l%C3%A5n","2026-09-24","","true","词头与列出词形匹配","课程候选等级；尚未逐词人工确认","例句/译文尚未人工逐词审校"
"A2","legevakt","名词","就医与急诊","NorweigenLearn 当前词库","值班急诊医疗服务；急诊门诊（非危及生命时）","en legevakt · legevakten · legevakter · legevaktene","Ring legevakta hvis du trenger rask medisinsk hjelp. / Hun dro til legevakten etter at hun falt.","如果你需要尽快获得医疗帮助，可以联系值班急诊服务。 / 她摔倒后去了急诊门诊。","2","A2","true","true","词典核验：Bokmål词头/词性/核心义项","Bokmålsordboka","https://ordbokene.no/bm/legevakt","2026-09-24","","true","词头与列出词形匹配","课程候选等级；尚未逐词人工确认","例句/译文尚未人工逐词审校"
"A2","legevaktsentral","名词","就医与急诊","NorweigenLearn 当前词库","值班急诊医疗服务的电话中心/调度中心","en legevaktsentral · legevaktsentralen · legevaktsentraler · legevaktsentralene","Legevaktsentralen ba meg komme inn til vurdering. / Du kan ringe legevaktsentralen for råd.","值班急诊电话中心让我过去接受评估。 / 你可以打电话给值班急诊中心咨询。","2","A2","true","true","词典核验：课程词头/名词性别或词类/英文义项/词形/章节","NTNU NoW 词汇表","https://www.ntnu.edu/now/vocabulary/list","2026-09-24","","false","透明复合词词形匹配中心词","课程候选等级；尚未逐词人工确认","例句/译文尚未人工逐词审校"
"A2","maler","名词","职业与工作","NorweigenLearn 当前词库","画家；油漆工；涂装工（依语境）","en maler · maleren · malere · malerne","Bestefaren min jobbet som maler. / Maleren skal male stua på nytt.","我祖父以前是油漆工 / 画家。 / 油漆工要把客厅重新粉刷一遍。","2","A2","true","true","词典核验：词头/词性/核心义项","Bokmålsordboka","https://ordbokene.no/bm/maler","2026-09-24","","true","词头与列出词形匹配","课程候选等级；尚未逐词人工确认","例句/译文尚未人工逐词审校"
"A2","man","名词","动物与自然","NorweigenLearn 当前词库","（马的）鬃毛","en man · manen · maner · manene","Hesten har en lang, mørk man. / Hun børstet manen før rideturen.","这匹马有一条又长又黑的鬃毛。 / 骑马前她给马梳理了鬃毛。","2","A2","true","true","词典核验：Bokmål词头/词性/核心义项","Bokmålsordboka","https://ordbokene.no/bm/man","2026-09-24","","true","词头与列出词形匹配","课程候选等级；尚未逐词人工确认","例句/译文尚未人工逐词审校"
"A2","masse","名词","数量与程度","NorweigenLearn 当前词库","大量；许多；物质团块/质量","en masse · massen · masser · massene","Det kom masse folk på konserten. / Vi trenger en masse tid for å bli ferdige.","音乐会上来了很多人。 / 我们需要很多时间才能做完。","2","A2","true","true","词典核验：Bokmål词头/词性/核心义项","Bokmålsordboka","https://ordbokene.no/bm/masse","2026-09-24","","true","词头与列出词形匹配","课程候选等级；尚未逐词人工确认","例句/译文尚未人工逐词审校"
"A2","mastergradsstudent","名词","大学学习","NorweigenLearn 当前词库","硕士研究生；攻读硕士学位的学生","en mastergradsstudent · mastergradsstudenten · mastergradsstudenter · mastergradsstudentene","Hun er mastergradsstudent i psykologi. / Mastergradsstudentene skriver oppgave dette semesteret.","她是心理学专业的硕士研究生。 / 硕士研究生们这个学期在写论文。","2","A2","true","true","词典核验：课程词头/名词性别或词类/英文义项/词形/章节","NTNU NoW 词汇表","https://www.ntnu.edu/now/vocabulary/table-m","2026-09-24","","false","透明复合词词形匹配中心词","课程候选等级；尚未逐词人工确认","例句/译文尚未人工逐词审校"
"A2","masterstudent","名词","学习与工作","NorweigenLearn 当前词库","硕士生；攻读硕士课程的学生","en masterstudent · masterstudenten · masterstudenter · masterstudentene","Hun er masterstudent ved Universitetet i Oslo. / Masterstudentene skriver oppgave dette semesteret.","她是奥斯陆大学的一名硕士生。 / 这些硕士生本学期在写论文。","2","A2","true","true","词典核验：词头/词性/词义/词形/例句与译文","Bokmålsordboka / NTNU LearnNoW","https://ordbokene.no/bm/122580","2026-09-24","","true","词头与列出词形匹配","课程候选等级；尚未逐词人工确认","例句/译文已人工审校"
"A2","medisin","名词","药房与买药 / 健康与看医生","NorweigenLearn 当前词库","药；药物；医学（依语境）","en medisin · medisinen · medisiner · medisinene","Husk å ta medisinen etter maten. / Hun studerer medisin ved universitetet.","记得饭后吃药。 / 她在大学学医学。","2","A2","true","true","词典核验：词头/词性/核心义项","Bokmålsordboka","https://ordbokene.no/bm/medisin","2026-09-24","","true","词头与列出词形匹配","课程候选等级；尚未逐词人工确认","例句/译文尚未人工逐词审校"
"A2","minibank","名词","现金与银行","NorweigenLearn 当前词库","自动取款机；ATM","en minibank · minibanken · minibanker · minibankene","Finnes det en minibank i nærheten? / Jeg tok ut fem hundre kroner i minibanken.","附近有自动取款机吗？ / 我在 ATM 取了五百克朗。","2","A2","true","true","词典核验：Bokmål词头/词性/核心义项","Bokmålsordboka","https://ordbokene.no/bm/minibank","2026-09-24","","true","词头与列出词形匹配","课程候选等级；尚未逐词人工确认","例句/译文尚未人工逐词审校"
"A2","minibar","名词","酒店与住宿","NorweigenLearn 当前词库","迷你吧；酒店房间内的小型饮料/零食冰箱","en minibar · minibaren · minibarer · minibarene","Vannet i minibaren koster ekstra. / Det står en minibar på hotellrommet.","迷你吧里的水需要额外付费。 / 酒店房间里有一个迷你吧。","2","A2","true","true","词典核验：课程词头/名词性别或词类/英文义项/词形/章节","NTNU NoW 词汇表","https://www.ntnu.edu/now/vocabulary/list","2026-09-24","","true","词头与列出词形匹配","课程候选等级；尚未逐词人工确认","例句/译文尚未人工逐词审校"
"A2","minusgrad","名词","温度与天气","NorweigenLearn 当前词库","零下的一度；摄氏零度以下的一度","en minusgrad · minusgraden · minusgrader · minusgradene","Det blir fem minusgrader i natt. / Vi hadde åtte minusgrader på fjellet.","今晚会降到零下五度。 / 我们在山上遇到零下八度。","2","A2","true","true","词典核验：课程词头/名词性别或词类/英文义项/词形/章节","NTNU NoW 词汇表","https://www.ntnu.edu/now/vocabulary/list","2026-09-24","","true","词头与列出词形匹配","课程候选等级；尚未逐词人工确认","例句/译文尚未人工逐词审校"
"A2","mulighet","名词","机会与选择 / 未来计划与目标","NorweigenLearn 当前词库","可能性；机会；可选方案","en mulighet · muligheten · muligheter · mulighetene","Har du mulighet til å møte meg etter jobb? / Vi har flere muligheter hvis toget blir forsinket.","你下班后有空见我吗？ / 如果火车晚点，我们还有几个选择。","2","A2","true","true","词典核验：Bokmål词头/词性/核心义项","Bokmålsordboka","https://ordbokene.no/bm/mulighet","2026-09-24","","true","词头与列出词形匹配","课程候选等级；尚未逐词人工确认","例句/译文尚未人工逐词审校"
"A2","nam","感叹词","口语反应","NorweigenLearn 当前词库","好吃；真香；嗯，好吃！（口语感叹）","nam","Nam, den kaka var kjempegod! / Barna sa nam da de fikk varm kakao.","嗯，这个蛋糕太好吃了！ / 孩子们拿到热可可时开心地说真香。","2","A2","true","true","词典核验：Bokmål词头/词性/核心义项","Bokmålsordboka","https://ordbokene.no/bm/nam","2026-09-24","","true","词头与列出词形匹配","课程候选等级；尚未逐词人工确认","例句/译文尚未人工逐词审校"
"A2","når","从属连词","时间与从句","NorweigenLearn 当前词库","当……时；什么时候（引导时间从句/间接疑问）","når","Når jeg kommer hjem, ringer jeg deg. / Vet du når toget går?","我到家时会给你打电话。 / 你知道火车什么时候开吗？","2","A2","true","true","词典核验：词头/词性/核心义项","Bokmålsordboka","https://ordbokene.no/bm/n%C3%A5r","2026-09-24","2026-09-24","true","词头与列出词形匹配","课程候选等级；尚未逐词人工确认","例句/译文已人工审校"
"A2","nasjonalforsamling","名词","公共机构与社会","NorweigenLearn 当前词库","国民议会；国家立法机关","en nasjonalforsamling · nasjonalforsamlingen · nasjonalforsamlinger · nasjonalforsamlingene","Nasjonalforsamlingen vedtok en ny lov. / Stortinget er Norges nasjonalforsamling.","国民议会通过了一项新法律。 / 挪威议会 Stortinget 是挪威的国民议会。","2","A2","true","true","词典核验：Bokmål词头/词性/核心义项","Bokmålsordboka","https://ordbokene.no/bm/nasjonalforsamling","2026-09-24","","true","词头与列出词形匹配","课程候选等级；尚未逐词人工确认","例句/译文尚未人工逐词审校"
"A2","nasjonalitet","名词","身份与国籍","NorweigenLearn 当前词库","国籍；民族身份（表格语境通常指国籍）","en nasjonalitet · nasjonaliteten · nasjonaliteter · nasjonalitetene","Du må oppgi nasjonalitet i skjemaet. / De har forskjellig nasjonalitet, men bor i samme land.","你需要在表格里填写国籍。 / 他们国籍不同，但住在同一个国家。","2","A2","true","true","词典核验：Bokmål词头/词性/核心义项","Bokmålsordboka","https://ordbokene.no/bm/nasjonalitet","2026-09-24","","true","词头与列出词形匹配","课程候选等级；尚未逐词人工确认","例句/译文尚未人工逐词审校"
"A2","nett","名词","网络与通信","NorweigenLearn 当前词库","网；网络；互联网（依语境）","et nett · nettet · nett · nettene","Jeg fant informasjonen på nettet. / Det trådløse nettet virker ikke.","我在网上找到了这条信息。 / 无线网络不能用了。","2","A2","true","true","词典核验：词头/词性/核心义项","Bokmålsordboka","https://ordbokene.no/bm/nett","2026-09-24","","true","词头与列出词形匹配","课程候选等级；尚未逐词人工确认","例句/译文尚未人工逐词审校"
"A2","nevø","名词","家人和亲属","NorweigenLearn 当前词库","侄子；外甥（兄弟姐妹的儿子）","en nevø · nevøen · nevøer · nevøene","Nevøen min begynner på skolen til høsten. / Hun har to nevøer og ei niese.","我侄子 / 外甥今年秋天开始上学。 / 她有两个侄子 / 外甥和一个侄女 / 外甥女。","2","A2","true","true","词典核验：Bokmål词头/词性/核心义项","Bokmålsordboka","https://ordbokene.no/bm/nev%C3%B8","2026-09-24","","true","词头与列出词形匹配","课程候选等级；尚未逐词人工确认","例句/译文尚未人工逐词审校"
"A2","oldemor","名词","家人和亲属","NorweigenLearn 当前词库","曾祖母；外曾祖母（祖父母一辈的母亲）","ei oldemor · oldemora · oldemødre · oldemødrene","Oldemora mi bor fortsatt i Trondheim. / Barna fikk høre historier fra oldemødrene sine.","我的曾祖母 / 外曾祖母仍住在特隆赫姆。 / 孩子们听了各自曾祖母讲的故事。","2","A2","true","true","词典核验：Bokmål词头/词性/核心义项","Bokmålsordboka","https://ordbokene.no/bm/oldemor","2026-09-24","","true","词头与列出词形匹配","课程候选等级；尚未逐词人工确认","例句/译文尚未人工逐词审校"
"A2","omgangssyke","名词","常见疾病","NorweigenLearn 当前词库","胃肠炎；急性肠胃不适（常见口语统称）","en omgangssyke · omgangssyken · omgangssyker · omgangssykene","Barna må være hjemme fordi de har omgangssyke. / Det går omgangssyke i barnehagen.","孩子们得待在家里，因为他们得了肠胃炎。 / 幼儿园里正在流行肠胃炎。","2","A2","true","true","词典核验：Bokmål词头/词性/核心义项","Bokmålsordboka","https://ordbokene.no/bm/omgangssyke","2026-09-24","","true","词头与列出词形匹配","课程候选等级；尚未逐词人工确认","例句/译文尚未人工逐词审校"
"A2","område","名词","地点与范围","NorweigenLearn 当前词库","地区；区域；范围；领域","et område · området · områder · områdene","Det er mange fine turstier i området. / Hun jobber innen helseområdet.","这一带有很多漂亮的徒步小径。 / 她在卫生健康领域工作。","2","A2","true","true","词典核验：Bokmål词头/词性/核心义项","Bokmålsordboka","https://ordbokene.no/bm/omr%C3%A5de","2026-09-24","","true","词头与列出词形匹配","课程候选等级；尚未逐词人工确认","例句/译文尚未人工逐词审校"
"A2","organisasjon","名词","机构与工作","NorweigenLearn 当前词库","组织；机构；团体；协会","en organisasjon · organisasjonen · organisasjoner · organisasjonene","Hun jobber i en internasjonal organisasjon. / Organisasjonen hjelper familier som trenger støtte.","她在一家国际组织工作。 / 这个组织帮助需要支持的家庭。","2","A2","true","true","词典核验：Bokmål词头/词性/核心义项","Bokmålsordboka","https://ordbokene.no/nno/bm/43305","2026-09-24","","true","词头与列出词形匹配","课程候选等级；尚未逐词人工确认","例句/译文尚未人工逐词审校"
"A2","parlament","名词","公共机构与社会","NorweigenLearn 当前词库","议会；立法机关","et parlament · parlamentet · parlamenter · parlamentene","Parlamentet skal stemme over forslaget i morgen. / Landets parlament består av folkevalgte representanter.","议会明天将对这项提案进行表决。 / 该国议会由民选代表组成。","2","A2","true","true","词典核验：Bokmål词头/词性/核心义项","Bokmålsordboka","https://ordbokene.no/bm/parlament","2026-09-24","","true","词头与列出词形匹配","课程候选等级；尚未逐词人工确认","例句/译文尚未人工逐词审校"
"A2","passord","名词","手机与网络","NorweigenLearn 当前词库","密码；口令","et passord · passordet · passord · passordene","Jeg har glemt passordet til e-posten min. / Du bør velge et sterkt passord.","我忘了邮箱密码。 / 你应该选一个强度高的密码。","2","A2","true","true","词典核验：Bokmål词头/词性/核心义项","Bokmålsordboka","https://ordbokene.no/bm/passord","2026-09-24","","true","词头与列出词形匹配","课程候选等级；尚未逐词人工确认","例句/译文尚未人工逐词审校"
"A2","PC","名词","设备与技术","NorweigenLearn 当前词库","个人电脑；台式/笔记本电脑（统称）","en PC · PC-en · PC-er · PC-ene","Jeg bruker PC-en til å skrive oppgaven. / Studentene har med seg hver sin PC.","我用电脑写作业。 / 学生们各自带着一台电脑。","2","A2","true","true","词典核验：词头/词性/核心义项","Bokmålsordboka","https://ordbokene.no/bm/PC","2026-09-24","","true","词头与列出词形匹配","课程候选等级；尚未逐词人工确认","例句/译文尚未人工逐词审校"
"A2","pensjonist","名词","年龄与退休生活","NorweigenLearn 当前词库","退休人士；退休人员；领取养老金的人","en pensjonist · pensjonisten · pensjonister · pensjonistene","Han ble pensjonist da han fylte 67 år. / Pensjonistene møtes på kafé hver torsdag.","他67岁时退休了。 / 退休人士们每周四在咖啡馆见面。","2","A2","true","true","词典核验：Bokmål词头/词性/变格/核心义项","NAOB","https://naob.no/ordbok/pensjonist","2026-09-24","","true","词头与列出词形匹配","课程候选等级；尚未逐词人工确认","例句/译文尚未人工逐词审校"
"A2","prest","名词","职业与社会","NorweigenLearn 当前词库","牧师；神职人员（挪威教会语境）","en prest · presten · prester · prestene","Presten skal holde tale i kirken på søndag. / Hun snakket med en prest etter seremonien.","牧师将在星期天于教堂讲道。 / 仪式结束后，她和一位牧师交谈。","2","A2","true","true","词典核验：Bokmål词头/词性/核心义项","Bokmålsordboka","https://ordbokene.no/bm/prest","2026-09-24","","true","词头与列出词形匹配","课程候选等级；尚未逐词人工确认","例句/译文尚未人工逐词审校"
"A2","psykologi","名词","学科与学习","NorweigenLearn 当前词库","心理学；心理（学科/研究领域）","en psykologi · psykologien · psykologier · psykologiene","Hun studerer psykologi ved universitetet. / Psykologien handler blant annet om hvordan mennesker tenker.","她在大学学习心理学。 / 心理学涉及人们如何思考等内容。","2","A2","true","true","词典核验：Bokmål词头/词性/核心义项","Bokmålsordboka","https://ordbokene.no/bm/psykologi","2026-09-24","","true","词头与列出词形匹配","课程候选等级；尚未逐词人工确认","例句/译文尚未人工逐词审校"
"A2","rådhus","名词","公共建筑与地点","NorweigenLearn 当前词库","市政厅；市政府办公楼","et rådhus · rådhuset · rådhus · rådhusene","Vi skal møte saksbehandleren på rådhuset. / Kommunen har åpnet et nytt rådhus.","我们要去市政厅见负责经办的人。 / 市政府启用了一座新的办公楼。","2","A2","true","true","词典核验：词头/词性/核心义项","Bokmålsordboka","https://ordbokene.no/bm/r%C3%A5dhus","2026-09-24","","true","词头与列出词形匹配","课程候选等级；尚未逐词人工确认","例句/译文尚未人工逐词审校"
"A2","registrere","动词","登记与申请","NorweigenLearn 当前词库","登记；注册；记录；备案","å registrere · registrerer · registrerte · registrert","Du må registrere deg før kurset starter. / Resepsjonisten registrerte navnet mitt.","课程开始前你必须先注册。 / 接待员登记了我的名字。","2","A2","true","true","词典核验：Bokmål词头/词性/核心义项","Bokmålsordboka","https://ordbokene.no/bm/registrere","2026-09-24","","true","词头与列出词形匹配","课程候选等级；尚未逐词人工确认","例句/译文尚未人工逐词审校"
"A2","reisebekreftelse","名词","预订与确认","NorweigenLearn 当前词库","旅行预订确认；行程确认单；预订确认函","en reisebekreftelse · reisebekreftelsen · reisebekreftelser · reisebekreftelsene","Jeg fikk reisebekreftelsen på e-post. / Ta med en utskrift av reisebekreftelsen.","我通过电子邮件收到了旅行预订确认。 / 带一份旅行确认单的打印件。","2","A2","true","true","词典核验：课程词头/词性/英语义项/词形/章节","NTNU NoWiN 第9章词汇表","https://www.ntnu.edu/nowin/9/vocabulary","2026-09-24","","false","透明复合词词形匹配中心词","课程候选等级；尚未逐词人工确认","例句/译文尚未人工逐词审校"
"A2","respons","名词","交流与反馈","NorweigenLearn 当前词库","回应；反馈；反应","en respons · responsen · responser · responsene","Jeg fikk rask respons på e-posten min. / Læreren ga positiv respons på teksten.","我的邮件很快得到了回复。 / 老师对这篇文章给了积极反馈。","2","A2","true","true","词典核验：Bokmål词头/词性/变格/核心义项","Bokmålsordboka","https://ordbokene.no/bm/48288","2026-09-24","","true","词头与列出词形匹配","课程候选等级；尚未逐词人工确认","例句/译文尚未人工逐词审校"
"A2","salsakurs","名词","舞蹈与休闲","NorweigenLearn 当前词库","萨尔萨舞课程；萨尔萨舞班","et salsakurs · salsakurset · salsakurs · salsakursene","Vi meldte oss på et salsakurs i sentrum. / Salsakurset starter på torsdag.","我们报名参加了市中心的一门萨尔萨舞课。 / 萨尔萨舞班周四开课。","2","A2","true","true","词典核验：课程词头/名词性别或词类/英文义项/词形/章节","NTNU NoWiN 词汇表","https://www.ntnu.edu/nowin/info/voc-table-s","2026-09-24","","false","透明复合词词形匹配中心词","课程候选等级；尚未逐词人工确认","例句/译文尚未人工逐词审校"
"A2","seg","代词","反身代词","NorweigenLearn 当前词库","自己；自身（第三人称反身代词）","seg","Barna kler på seg før de går ut. / Hun gleder seg til ferien.","孩子们出门前自己穿好衣服。 / 她期待着假期。","2","A2","true","true","词典核验：词头/词性/核心义项","Bokmålsordboka","https://ordbokene.no/bm/seg","2026-09-24","","true","词头与列出词形匹配","课程候选等级；尚未逐词人工确认","例句/译文尚未人工逐词审校"
"A2","semesteravgift","名词","大学与费用","NorweigenLearn 当前词库","学期费；学生学期注册费","en semesteravgift · semesteravgiften · semesteravgifter · semesteravgiftene","Jeg må betale semesteravgiften før fristen. / Semesteravgiften må være betalt for at du skal få studentkort.","我必须在截止日期前缴纳学期费。 / 要拿到学生卡，必须先缴纳学期费。","2","A2","true","true","词典核验：课程词头/名词性别或词类/英文义项/词形/章节","NTNU NoW 词汇表","https://www.ntnu.edu/now/vocabulary/table-s","2026-09-24","","true","词头与列出词形匹配","课程候选等级；尚未逐词人工确认","例句/译文尚未人工逐词审校"
"A2","semesterkort","名词","大学与费用","NorweigenLearn 当前词库","学期学生证；学生身份卡","et semesterkort · semesterkortet · semesterkort · semesterkortene","Du må vise semesterkortet på bussen. / Studentene lastet ned semesterkortene sine.","你在公交车上必须出示学生证。 / 学生们下载了各自的学期卡。","2","A2","true","true","词典核验：课程词头/名词性别或词类/英文义项/词形/章节","NTNU NoW 词汇表","https://www.ntnu.edu/now/vocabulary/table-s","2026-09-24","","false","透明复合词词形匹配中心词","课程候选等级；尚未逐词人工确认","例句/译文尚未人工逐词审校"
"A2","seminar","名词","大学与学习活动","NorweigenLearn 当前词库","研讨会；专题讨论课","et seminar · seminaret · seminarer · seminarene","Vi skal delta på et seminar om norsk språk. / Seminaret begynner klokka ti.","我们将参加一个关于挪威语的研讨会。 / 研讨课十点开始。","2","A2","true","true","词典核验：Bokmål词头/词性/核心义项","Bokmålsordboka","https://ordbokene.no/bm/seminar","2026-09-24","","true","词头与列出词形匹配","课程候选等级；尚未逐词人工确认","例句/译文尚未人工逐词审校"
"A2","sin","限定词","所有关系","NorweigenLearn 当前词库","他/她/它/他们自己的（与主语同指）","sin · sitt · sine","Hun besøker foreldrene sine hver helg. / Per tok med seg boka si.","她每个周末去看自己的父母。 / 佩尔带上了自己的书。","2","A2","true","true","词典核验：Bokmål词头/词性/核心义项","Bokmålsordboka","https://ordbokene.no/bm/sin","2026-09-24","","true","词头与列出词形匹配","课程候选等级；尚未逐词人工确认","例句/译文尚未人工逐词审校"
"A2","smerte","名词","身体与症状","NorweigenLearn 当前词库","疼痛","en smerte · smerten · smerter · smertene","Hun har smerter i ryggen. / Smerten blir sterkere når jeg går.","她背痛。 / 我走路时疼痛加重。","2","A2","true","true","词典核验：词头/词性/核心义项","Bokmålsordboka","https://ordbokene.no/bm/smerte","2026-09-24","","true","词头与列出词形匹配","课程候选等级；尚未逐词人工确认","例句/译文尚未人工逐词审校"
"A2","som","从属连词","连接与从句","NorweigenLearn 当前词库","如同；像；好像（连接方式/类比从句）","som","Gjør som læreren forklarer. / Det høres ut som om noen banker på.","照老师解释的那样做。 / 听起来好像有人在敲门。","2","A2","true","true","词典核验：词头/词性/核心义项","Bokmålsordboka","https://ordbokene.no/bm/som","2026-09-24","","true","词头与列出词形匹配","课程候选等级；尚未逐词人工确认","例句/译文尚未人工逐词审校"
"A2","søsken","名词","家人和关系","NorweigenLearn 当前词库","兄弟姐妹中的一位","et søsken · søskenet · søsken · søskena / søsknene","Har du søsken? / Søskena mine bor i Kina.","你有兄弟姐妹吗？ / 我的兄弟姐妹住在中国。","2","A2","true","true","词典核验：词头/词性/核心义项","Bokmålsordboka","https://ordbokene.no/bm/s%C3%B8sken","2026-09-24","","true","词头与列出词形匹配","课程候选等级；尚未逐词人工确认","例句/译文尚未人工逐词审校"
"A2","søskenbarn","名词","家人与亲属","NorweigenLearn 当前词库","堂/表兄弟姐妹；堂/表亲（父母的兄弟姐妹的子女）","et søskenbarn · søskenbarnet · søskenbarn · søskenbarna","Søskenbarnet mitt bor i Bergen. / Vi skal besøke søskenbarna våre i ferien.","我的堂 / 表亲住在卑尔根。 / 假期我们要去看望我们的堂 / 表亲们。","2","A2","true","true","词典核验：词头/词性/核心义项","Bokmålsordboka","https://ordbokene.no/bm/s%C3%B8skenbarn","2026-09-24","","true","词头与列出词形匹配","课程候选等级；尚未逐词人工确认","例句/译文尚未人工逐词审校"
"A2","stearinlys","名词","家居与照明","NorweigenLearn 当前词库","蜡烛；硬脂蜡制成的蜡烛","et stearinlys · stearinlyset · stearinlys · stearinlysene","Vi tente stearinlys da strømmen gikk. / Hun kjøpte to stearinlys til stua.","停电时我们点燃了蜡烛。 / 她为客厅买了两支蜡烛。","2","A2","true","true","词典核验：Bokmål词头/词性/核心义项","Bokmålsordboka","https://ordbokene.no/bm/stearinlys","2026-09-24","","true","词头与列出词形匹配","课程候选等级；尚未逐词人工确认","例句/译文尚未人工逐词审校"
"A2","stefar","名词","家人和亲属","NorweigenLearn 当前词库","继父；母亲的丈夫（非本人父亲）","en stefar · stefaren · stefedre · stefedrene","Jeg skal besøke stefaren min i helga. / Guttene kommer godt overens med stefaren sin.","我周末要去看望我的继父。 / 这些男孩和他们的继父相处得很好。","2","A2","true","true","词典核验：课程词头/名词性别或词类/英文义项/词形/章节","NTNU NoW 词汇表","https://www.ntnu.edu/now/vocabulary/table-s","2026-09-24","","true","词头与列出词形匹配","课程候选等级；尚未逐词人工确认","例句/译文尚未人工逐词审校"
"A2","stemning","名词","情绪与氛围","NorweigenLearn 当前词库","气氛；氛围；情绪状态","en stemning · stemningen · stemninger · stemningene","Det var god stemning på festen. / Musikken skapte en rolig stemning.","聚会上气氛很好。 / 音乐营造出一种平静的氛围。","2","A2","true","true","词典核验：Bokmål词头/词性/核心义项","Bokmålsordboka","https://ordbokene.no/bm/stemning","2026-09-24","","true","词头与列出词形匹配","课程候选等级；尚未逐词人工确认","例句/译文尚未人工逐词审校"
"A2","studieplan","名词","大学与学习安排","NorweigenLearn 当前词库","学习计划；课程计划；培养方案","en studieplan · studieplanen · studieplaner · studieplanene","Jeg følger studieplanen for første året. / Studentene laget en studieplan sammen.","我按照第一年的课程计划学习。 / 学生们一起制定了学习计划。","2","A2","true","true","词典核验：Bokmål词头/词性/核心义项","Bokmålsordboka","https://ordbokene.no/bm/studieplan","2026-09-24","","true","词头与列出词形匹配","课程候选等级；尚未逐词人工确认","例句/译文尚未人工逐词审校"
"A2","studium","名词","大学与学习安排","NorweigenLearn 当前词库","大学课程；专业学习；一门学业/学位项目","et studium · studiet · studier · studiene","Hun begynner på et studium i psykologi til høsten. / Studiet varer i tre år.","她今年秋天开始学习心理学专业。 / 这个专业学制为三年。","2","A2","true","true","词典核验：Bokmål词头/词性/核心义项","Bokmålsordboka","https://ordbokene.no/bm/studium","2026-09-24","","true","词头与列出词形匹配","课程候选等级；尚未逐词人工确认","例句/译文尚未人工逐词审校"
"A2","telefonsamtale","名词","电话与联系","NorweigenLearn 当前词库","电话交谈；一次电话通话","en telefonsamtale · telefonsamtalen · telefonsamtaler · telefonsamtalene","Jeg hadde en lang telefonsamtale med legen. / Telefonsamtalen varte i ti minutter.","我和医生进行了一次长时间的电话交谈。 / 这次电话交谈持续了十分钟。","2","A2","true","true","词典核验：课程词头/名词性别或词类/英文义项/词形/章节","NTNU NoW 词汇表","https://www.ntnu.edu/now/vocabulary/table-t","2026-09-24","","true","词头与列出词形匹配","课程候选等级；尚未逐词人工确认","例句/译文尚未人工逐词审校"
"A2","tema","名词","主题与讨论","NorweigenLearn 当前词库","主题；话题；题目","et tema · temaet · temaer · temaene","Vi skal skrive en tekst om et aktuelt tema. / Temaet for seminaret er språk og identitet.","我们要写一篇关于当前话题的文章。 / 研讨会的主题是语言与身份。","2","A2","true","true","词典核验：词头/词性/核心义项","Bokmålsordboka","https://ordbokene.no/bm/tema","2026-09-24","","true","词头与列出词形匹配","课程候选等级；尚未逐词人工确认","例句/译文尚未人工逐词审校"
"A2","total","形容词","描述与数量","NorweigenLearn 当前词库","总的；全部的；完全的；彻底的","total · totalt · totale · mer total · mest total","Kurset varer totalt seks uker. / Den totale prisen står på kvitteringen.","课程总共持续六周。 / 总价写在收据上。","2","A2","true","true","词典核验：Bokmål词头/词性/核心义项","Bokmålsordboka","https://ordbokene.no/bm/total","2026-09-24","","true","基本词形匹配；比较级形式另核","课程候选等级；尚未逐词人工确认","例句/译文尚未人工逐词审校"
"A2","trives","动词","感受与适应","NorweigenLearn 当前词库","过得舒适；适应得好；喜欢某种环境","å trives · trives · trivdes · har trivdes","Barna trives godt i den nye barnehagen. / Jeg har trivdes her helt fra starten.","孩子们在新的幼儿园里适应得很好。 / 我从一开始就在这里过得很自在。","2","A2","true","true","词典核验：Bokmål词头/词性/核心义项","Bokmålsordboka","https://ordbokene.no/bm/trives","2026-09-24","","true","词头与列出词形匹配","课程候选等级；尚未逐词人工确认","例句/译文尚未人工逐词审校"
"A2","utrolig","形容词/副词","程度与评价","NorweigenLearn 当前词库","难以置信的；非常；惊人地","utrolig · utrolig · utrolige","Vi hadde en utrolig fin dag. / Det er utrolig at hun husket alt.","我们度过了非常美好的一天。 / 她竟然把一切都记住了，真令人难以置信。","2","A2","true","true","词典核验：Bokmål词头/词性/核心义项","NTNU LearnNoW 词汇表","https://www.ntnu.edu/learnnow/vocabulary/list","2026-09-24","","true","词头与列出词形匹配","课程候选等级；尚未逐词人工确认","例句/译文尚未人工逐词审校"
"A2","utsette","动词","计划与变更","NorweigenLearn 当前词库","推迟；延期；使……延后","å utsette · utsetter · utsatte · har utsatt","Vi må utsette møtet til neste uke. / De har utsatt reisen på grunn av været.","我们必须把会议推迟到下周。 / 他们因为天气原因推迟了旅行。","2","A2","true","true","词典核验：Bokmål词头/词性/核心义项","Bokmålsordboka","https://ordbokene.no/bm/utsette","2026-09-24","","true","词头与列出词形匹配","课程候选等级；尚未逐词人工确认","例句/译文尚未人工逐词审校"
"A2","vedlegg","名词","邮件与文件","NorweigenLearn 当前词库","附件；附加文件","et vedlegg · vedlegget · vedlegg · vedleggene","Jeg sender CV-en som vedlegg til e-posten. / Husk å åpne vedlegget før møtet.","我把简历作为附件随邮件发送。 / 记得在会议前打开附件。","2","A2","true","true","词典核验：Bokmål词头/词性/核心义项","Bokmålsordboka","https://ordbokene.no/bm/vedlegg","2026-09-24","","true","词头与列出词形匹配","课程候选等级；尚未逐词人工确认","例句/译文尚未人工逐词审校"
"A2","vikingskip","名词","挪威历史与文化","NorweigenLearn 当前词库","维京船；维京时代的船只","et vikingskip · vikingskipet · vikingskip · vikingskipa / vikingskipene","Vi så et vikingskip på museet i Oslo. / Vikingskipene ble brukt til reiser og handel.","我们在奥斯陆的博物馆里看了一艘维京船。 / 维京船曾被用于旅行和贸易。","2","A2","true","true","词典核验：词头/词性/核心义项","Bokmålsordboka","https://ordbokene.no/bm/68279","2026-09-24","","true","词头与列出词形匹配","课程候选等级；尚未逐词人工确认","例句/译文尚未人工逐词审校"
"A2","volleyball","名词","运动与休闲","NorweigenLearn 当前词库","排球；排球运动","en volleyball · volleyballen · volleyballer · volleyballene","Vi spiller volleyball i gymsalen hver tirsdag. / Volleyballen ligger i skapet.","我们每周二在体育馆打排球。 / 排球放在储物柜里。","2","A2","true","true","词典核验：词头/词性/核心义项","Bokmålsordboka","https://ordbokene.no/bm/volleyball","2026-09-24","","true","词头与列出词形匹配","课程候选等级；尚未逐词人工确认","例句/译文尚未人工逐词审校"
"A2","vondt","名词","身体与症状","NorweigenLearn 当前词库","疼痛；痛楚（常见于 ha/gjøre vondt 等表达）","et vondt · vondtet · vondt · vondta / vondtene","Det gjør vondt i halsen når jeg svelger. / Hun har vondt i magen og vil hvile.","我吞咽时喉咙疼。 / 她肚子疼，想休息。","2","A2","true","true","词典核验：Bokmål词头/词性/名词变格/核心义项","Bokmålsordboka","https://ordbokene.no/bm/vondt","2026-09-24","2026-09-24","true","词头与列出词形匹配","课程候选等级；尚未逐词人工确认","例句/译文已人工审校"
