source,lemma,display,unit,pos,level,topic,zh,forms,example,translation,exampleSources,levelBasis,status,reviewFields,reviewSource,reviewSourceUrl,reviewedOn
"NTNU LearnNoW / NoW 初级课程候选","kjøledisk","en kjøledisk","单词","名词","A1","超市购物","冷藏展示柜；商店里陈列冷藏食品的柜台","en kjøledisk · kjøledisken · kjøledisker · kjølediskene","Melka står i kjøledisken ved inngangen. / Butikken har en ny kjøledisk.","牛奶放在入口旁的冷藏柜里。 / 商店有一台新的冷藏柜。","","超市食品购物场景名词；暂标 A1","来源已登记：词头/词性/核心义项","词头/词性/核心义项","Bokmålsordboka","https://ordbokene.no/bm/kjøledisk","2026-09-24"
"NTNU LearnNoW / NoW 初级课程候选","kirke","ei kirke","单词","名词","A1","城市与地点","教堂；基督教礼拜场所（可指建筑或教会）","ei kirke · kirka · kirker · kirkene","Det står ei gammel kirke ved torget. / Kirken ligger nær sentrum.","广场旁边有一座古老的教堂。 / 教堂在市中心附近。","","常见公共建筑名词；暂标 A1","来源已登记：词头/词性/核心义项","词头/词性/核心义项","Bokmålsordboka","https://ordbokene.no/bm/kirke","2026-09-24"
"NTNU NoW Vocabulary list；Bokmålsordboka 阳性名词词形","park","en park","单词","名词","A1","城市与地点","公园；供公众休憩、散步或活动的绿地","en park · parken · parker · parkene","Vi spiste lunsj i parken. / Det finnes flere parker i sentrum.","我们在公园里吃了午饭。 / 市中心有好几个公园。","","城市地点和户外活动基础名词；课程暂列 A1","来源已登记：词头/词性/核心义项","词头/词性/核心义项","Bokmålsordboka","https://ordbokene.no/bm/park","2026-09-24"
"NTNU LearnNoW / NoW 初级课程候选","gate","ei gate","单词","名词","A1","城市与方向","街；街道（城镇中两侧有房屋的通行道路）","ei gate · gata · gater · gatene","Skolen ligger i en rolig gate. / Barna går over gata sammen.","学校在一条安静的街上。 / 孩子们一起过马路。","","基础城市地点名词；暂标 A1","来源已登记：词头/词性/核心义项","词头/词性/核心义项","Bokmålsordboka","https://ordbokene.no/bm/gate","2026-09-24"
"NTNU LearnNoW / NoW 初级课程候选","gågate","ei gågate","单词","名词","A1","城市与方向","步行街（禁止或限制机动车通行的街道）","ei gågate · gågata · gågater · gågatene","Butikkene i gågata stenger klokka seks. / Vi møtes ved inngangen til gågata.","步行街上的商店六点关门。 / 我们在步行街入口见面。","","购物与城市出行复合名词；暂标 A1","来源已登记：词头/词性/核心义项","词头/词性/核心义项","Bokmålsordboka","https://ordbokene.no/bm/g%C3%A5gate","2026-09-24"
"NTNU LearnNoW / NoW 初级课程候选","katedral","en katedral","单词","名词","A1","城市与文化","主教座堂；设有主教席位的主教堂","en katedral · katedralen · katedraler · katedralene","Turistene besøkte katedralen i sentrum. / Nidarosdomen er en kjent katedral i Trondheim.","游客参观了市中心的大教堂。 / 尼达罗斯大教堂是特隆赫姆一座著名的大教堂。","","城市建筑和文化场景名词；暂标 A1","来源已登记：词头/词性/核心义项","词头/词性/核心义项","Bokmålsordboka","https://ordbokene.no/bm/katedral","2026-09-24"
"NTNU LearnNoW / NoW 初级课程候选","katt","en katt","单词","名词","A1","宠物与动物","猫（通常指家猫）","en katt · katten · katter · kattene","Naboen har en svart katt. / Katten sover på sofaen.","邻居养了一只黑猫。 / 猫在沙发上睡觉。","","常见宠物名词；暂标 A1","来源已登记：词头/词性/核心义项","词头/词性/核心义项","Bokmålsordboka","https://ordbokene.no/bm/katt","2026-09-24"
"NTNU LearnNoW / NoW 初级课程候选","bytur","en bytur","单词","名词","A1","出行与活动","进城一趟；到城里逛逛或办事","en bytur · byturen · byturer · byturene","Vi drar på bytur på lørdag. / Byturen tok hele ettermiddagen.","我们星期六进城逛逛。 / 这趟进城逛街花了整个下午。","","城市日常出行复合名词；暂标 A1","来源已登记：词头/词性/核心义项","词头/词性/核心义项","Bokmålsordboka","https://ordbokene.no/bm/bytur","2026-09-24"
"NTNU LearnNoW / NoW 初级课程候选","tur","en tur","单词","名词","A1","出行与活动","一次外出/出行；散步或短途旅行（看搭配）","en tur · turen · turer · turene","Vi går en tur langs elva etter middag. / Barna skal på tur med skolen.","晚饭后我们沿着河边散步。 / 孩子们要和学校一起外出活动。","","日常出行和休闲基础名词；暂标 A1","来源已登记：词头/词性/核心义项","词头/词性/核心义项","Bokmålsordboka","https://ordbokene.no/bm/tur","2026-09-24"
"NTNU NoW Vocabulary list；Bokmålsordboka 阳性名词词形","ovn","en ovn","单词","名词","A1","厨房与家电","炉子；烤炉/烤箱（用于加热、烹煮或烘烤，具体看搭配）","en ovn · ovnen · ovner · ovnene","Sett pizzaen i ovnen på 220 grader. / Det står en gammel vedovn i stua.","把披萨放进烤箱，温度调到220度。 / 客厅里有一台老式柴炉。","","家庭和做饭场景常见物品名词；课程暂列 A1","来源已登记：词头/词性/核心义项","词头/词性/核心义项","Bokmålsordboka","https://ordbokene.no/bm/ovn","2026-09-24"
"NTNU LearnNoW / NoW 初级课程候选","bagett","en bagett","单词","名词","A1","厨房与用餐","法棍；法式长棍面包","en bagett · bagetten · bagetter · bagettene","Jeg kjøper en bagett til lunsj. / Bagettene ligger ved siden av brødet.","我买一条法棍当午餐。 / 法棍放在面包旁边。","","面包与购物基础名词；暂标 A1","来源已登记：词头/词性/核心义项","词头/词性/核心义项","Bokmålsordboka","https://ordbokene.no/bm/bagett","2026-09-24"
"NTNU LearnNoW / NoW 初级课程候选","bolle","ei bolle","单词","名词","A1","厨房与用餐","圆面包；碗（两义由搭配区分）","ei bolle · bolla · boller · bollene","Jeg kjøper en kanelbolle til kaffen. / Hun spiser suppe fra ei bolle.","我买一个肉桂小圆面包配咖啡。 / 她用碗喝汤。","","食物与咖啡馆基础名词；暂标 A1","来源已登记：词头/词性/核心义项","词头/词性/核心义项","Bokmålsordboka","https://ordbokene.no/bm/bolle","2026-09-24"
"vocab-v2-library.js · V2 词条","gaffel","en gaffel","单词","名词","A1","厨房与用餐","叉子；餐叉","en gaffel · gaffelen · gafler · gaflene","Vi trenger en gaffel til. / Gaflene ligger i skuffen.","我们还需要一把叉子。 / 叉子在抽屉里。","","项目内部等级标签，需抽查","来源已登记：词头/词性/核心义项","词头/词性/核心义项","Bokmålsordboka","https://ordbokene.no/bm/gaffel","2026-09-24"
"NTNU LearnNoW / NoW 初级课程候选","glass","et glass","单词","名词","A1","厨房与用餐","玻璃（材料）；玻璃杯；一杯/一份饮料（看搭配）","et glass · glasset · glass · glassene","Kan jeg få et glass vann? / Glasset falt på gulvet, men det knuste ikke.","能给我一杯水吗？ / 玻璃杯掉到地上了，但没有摔碎。","","日常餐桌物品基础名词；暂标 A1","来源已登记：词头/词性/核心义项","词头/词性/核心义项","Bokmålsordboka","https://ordbokene.no/bm/glass","2026-09-24"
"NTNU LearnNoW / NoW 初级课程候选","is","en is","单词","名词","A1","厨房与用餐","冰；冰淇淋/冰棒（看语境）","en is · isen · iser · isene","Barna kjøper en is etter skolen. / Det er glatt fordi det ligger is på veien.","孩子们放学后买一个冰淇淋。 / 路上结冰了，所以很滑。","","食物与天气基础名词；暂标 A1","来源已登记：词头/词性/核心义项","词头/词性/核心义项","Bokmålsordboka","https://ordbokene.no/bm/is","2026-09-24"
"NTNU LearnNoW / NoW 初级课程候选","kake","ei kake","单词","名词","A1","厨房与用餐","蛋糕；糕点（要表达“一块”时常说 et kakestykke）","ei kake · kaka · kaker · kakene","Jeg baker en kake til fødselsdagen. / Kaka står på bordet.","我为生日烤一个蛋糕。 / 蛋糕放在桌子上。","","食物与庆祝主题基础名词；暂标 A1","来源已登记：词头/词性/核心义项","词头/词性/核心义项","Bokmålsordboka","https://ordbokene.no/bm/kake","2026-09-24"
"NTNU LearnNoW / NoW 初级课程候选","kjøkkenbenk","en kjøkkenbenk","单词","名词","A1","厨房与用餐","厨房操作台；厨房台面","en kjøkkenbenk · kjøkkenbenken · kjøkkenbenker · kjøkkenbenkene","Brødet ligger på kjøkkenbenken. / Jeg tørker av kjøkkenbenken etter matlaging.","面包放在厨房台面上。 / 做完饭后我擦厨房台面。","","厨房空间与家居名词；暂标 A1","来源已登记：词头/词性/核心义项","词头/词性/核心义项","Bokmålsordboka","https://ordbokene.no/bm/kj%C3%B8kkenbenk","2026-09-24"
"vocab-v2-library.js · V2 词条","kniv","en kniv","单词","名词","A1","厨房与用餐","刀；餐刀（按厨房或餐桌语境）","en kniv · kniven · kniver · knivene","Kan jeg få en kniv? / Kniven ligger ved siden av tallerkenen.","可以给我一把刀吗？ / 餐刀在盘子旁边。","","项目内部等级标签，需抽查","来源已登记：词头/词性/核心义项","词头/词性/核心义项","Bokmålsordboka","https://ordbokene.no/bm/kniv","2026-09-24"
"NTNU LearnNoW / NoW 初级课程候选","koke","å koke","单词","动词","A1","厨房与用餐","煮；使（水或液体）沸腾；（液体）沸腾","koke · koker · kokte · kokt","Jeg koker egg til frokost. / Vannet kokte etter noen minutter.","我早餐煮鸡蛋。 / 几分钟后水烧开了。","","厨房基础动作；暂标 A1","来源已登记：词头/词性/核心义项","词头/词性/核心义项","Bokmålsordboka","https://ordbokene.no/bm/koke","2026-09-24"
"NTNU LearnNoW / NoW 初级课程候选","komfyr","en komfyr","单词","名词","A1","厨房与用餐","炉灶；厨房做饭用的灶具（常带烤箱）","en komfyr · komfyren · komfyrer · komfyrene","Suppa står på komfyren. / Vi har en ny komfyr på kjøkkenet.","汤在炉灶上。 / 我们厨房里有一台新炉灶。","","厨房家居基础名词；暂标 A1","来源已登记：词头/词性/核心义项","词头/词性/核心义项","Bokmålsordboka","https://ordbokene.no/bm/komfyr","2026-09-24"
"vocab-v2-library.js · V2 词条","kopp","en kopp","单词","名词","A1","厨房与用餐","杯子；一杯（饮料，常见于 kopp + 饮品）","en kopp · koppen · kopper · koppene","Vil du ha en kopp te? / Koppene står i skapet.","你想喝一杯茶吗？ / 杯子在柜子里。","","项目内部等级标签，需抽查","来源已登记：词头/词性/核心义项","词头/词性/核心义项","Bokmålsordboka","https://ordbokene.no/bm/kopp","2026-09-24"
"vocab-v2-library.js · V2 词条","lunsj","en lunsj","单词","名词","A1","厨房与用餐","午餐；午饭（通常指一天中的中午餐）","en lunsj · lunsjen · lunsjer · lunsjene","Vi spiser lunsj klokka tolv. / Lunsjen i dag var god.","我们十二点吃午饭。 / 今天的午餐很好吃。","","项目内部等级标签，需抽查","来源已登记：词头/词性/核心义项","词头/词性/核心义项","Bokmålsordboka","https://ordbokene.no/bm/lunsj","2026-09-24"
"NTNU LearnNoW / NoW 初级课程候选","spisebord","et spisebord","单词","名词","A1","厨房与用餐","餐桌（吃饭用的桌子）","et spisebord · spisebordet · spisebord · spisebordene","Vi dekker spisebordet før middagen. / Hele familien sitter rundt spisebordet.","晚饭前我们摆好餐桌。 / 全家人围坐在餐桌旁。","","厨房与用餐家具名词；暂标 A1","来源已登记：词头/词性/核心义项","词头/词性/核心义项","Bokmålsordboka","https://ordbokene.no/bm/spisebord","2026-09-24"
"vocab-v2-library.js · V2 词条","tallerken","en tallerken","单词","名词","A1","厨房与用餐","盘子；一盘食物（en tallerken + 食物）","en tallerken · tallerkenen · tallerkener · tallerkenene","Jeg setter tallerkenen på bordet. / Vi trenger flere tallerkener.","我把盘子放在桌上。 / 我们还需要几个盘子。","","项目内部等级标签，需抽查","来源已登记：词头/词性/核心义项","词头/词性/核心义项","Bokmålsordboka","https://ordbokene.no/bm/tallerken","2026-09-24"
"A1候选；Bokmålsordboka 不定代词义","en","en","单词","代词","A1","代词与泛指","泛指一个人/人们/你（泛指）","en","En lærer mye av å snakke med folk. / Når en bor i Norge, bruker en ofte buss.","人们能从与他人交谈中学到很多。 / 住在挪威时，人们常常坐公交。","","泛指一般人或“一个人”的常见代词用法，暂标 A1","来源已登记：词头/词性/核心义项","词头/词性/核心义项","Bokmålsordboka","https://ordbokene.no/bm/en","2026-09-24"
"NTNU LearnNoW / NoW 初级课程候选","grav","en grav","单词","名词","A1","地点与生活","坟墓；墓穴；沟/壕（依语境）","en grav · graven · graver · gravene","Familien la blomster på graven. / Graven ligger på kirkegården ved kirka.","家人在墓前放了鲜花。 / 那座墓在教堂旁的墓园里。","","墓地和纪念场景基础名词；暂标 A1","来源已登记：词头/词性/核心义项","词头/词性/核心义项","Bokmålsordboka","https://ordbokene.no/bm/grav","2026-09-24"
"NTNU NoW Basic Norwegian Words；Bokmålsordboka 不规则动词词形核对","falle","å falle","单词","动词","A1","动作与变化","落下；跌倒；下降；（日期、责任等）落在/归于（依搭配）","å falle · faller · falt · falt","Et eple falt ned fra treet. / Hun falt på isen, men slo seg ikke.","一个苹果从树上掉了下来。 / 她在冰上摔倒了，但没有受伤。","","描述跌倒、落下和季节变化的基础动词；项目暂标A1","来源已登记：词头/词性/核心义项","词头/词性/核心义项","Bokmålsordboka","https://ordbokene.no/bm/falle","2026-09-24"
"NTNU NoW Basic Norwegian Words；Bokmålsordboka 多义项与不规则变位核对","slå","å slå","单词","动词","A1","动作与身体","打；击；敲；打败（“打开/关掉”等通常要与 på/av 等小品词搭配）","å slå · slår · slo · slått","Kan du slå på lyset i gangen? / Laget vårt slo motstanderne i finalen.","你能把走廊的灯打开吗？ / 我们的队伍在决赛中击败了对手。","","常用动作动词，具体含义高度依赖搭配；项目暂标A1","来源已登记：词头/词性/核心义项","词头/词性/核心义项","Bokmålsordboka","https://ordbokene.no/bm/slå","2026-09-24"
"NTNU NoW Basic Norwegian Words；Bokmålsordboka 变位核对","dytte","å dytte","单词","动词","A1","动作与移动","推；推一下；把……推给/硬塞给（某人）","å dytte · dytter · dyttet · dyttet","Han dyttet døra forsiktig opp. / Ikke dytt de andre i køen.","他轻轻把门推开了。 / 别在队伍里推别人。","","日常推、挪物品和提醒他人的基础动词；项目暂标A1","来源已登记：词头/词性/核心义项","词头/词性/核心义项","Bokmålsordboka","https://ordbokene.no/bm/dytte","2026-09-24"
"NTNU LearnNoW / NoW 初级课程候选","veikryss","et veikryss","单词","名词","A1","方向与道路","道路交叉口；路口（不一定呈十字形）","et veikryss · veikrysset · veikryss · veikryssene","Ta til venstre i neste veikryss. / Det er et veikryss ved skolen.","在下一个路口左转。 / 学校旁边有一个交叉路口。","","基础方向指路名词；暂标 A1","来源已登记：词头/词性/核心义项","词头/词性/核心义项","Bokmålsordboka","https://ordbokene.no/bm/veikryss","2026-09-24"
"Bokmålsordboka / NTNU LearnNoW 候选","hjem","hjem","单词","副词","A1","方向与位置","回家；到家；回自己的家/家乡（表示方向或目的地）","hjem","Jeg går hjem etter norskkurset. / Når kom dere hjem i går?","挪威语课后我走回家。 / 你们昨天几点到家的？","","回家方向表达的基础副词；暂标 A1","来源已登记：词头/词性/核心义项","词头/词性/核心义项","Bokmålsordboka","https://ordbokene.no/bm/hjem","2026-09-24"
"Bokmålsordboka / NTNU LearnNoW 候选","høyre","høyre","单词","形容词","A1","方向与位置","右边的；右侧的；（政治）右翼的","høyre","Hun skriver med høyre hånd. / Apoteket ligger på høyre side av gata.","她用右手写字。 / 药房在街道右侧。","","基础左右方位形容词；暂标 A1","来源已登记：词头/词性/核心义项","词头/词性/核心义项","Bokmålsordboka","https://ordbokene.no/nob/bm/høyre","2026-09-24"
"NTNU LearnNoW / NoW 初级课程候选","elske","å elske","单词","动词","A1","感受与关系","爱；深爱；非常喜欢（语气通常比 like 强）","elske · elsker · elsket · elsket","De elsker barna sine. / Jeg elsker å gå på ski om vinteren.","他们深爱自己的孩子。 / 我特别喜欢冬天去滑雪。","","表达喜爱和情感的基础动词；暂标 A1","来源已登记：词头/词性/核心义项","词头/词性/核心义项","Bokmålsordboka","https://ordbokene.no/bm/elske","2026-09-24"
"NTNU LearnNoW / NoW 初级课程候选","adresse","ei adresse","单词","名词","A1","个人信息","地址；住址；（电子）联系地址（依语境）","ei adresse · adressa · adresser · adressene","Hva er adressa di? / Jeg skriver adressen på skjemaet.","你的地址是什么？ / 我把地址写在表格上。","","个人信息主题词；暂标 A1","来源已登记：词头/词性/核心义项","词头/词性/核心义项","Bokmålsordboka","https://ordbokene.no/bm/adresse","2026-09-24"
"NTNU LearnNoW / NoW 初级课程候选","bekreftelse","en bekreftelse","单词","名词","A1","个人信息","确认；确认通知或凭据（依语境）","en bekreftelse · bekreftelsen · bekreftelser · bekreftelsene","Jeg fikk en bekreftelse på e-post. / Ta med bekreftelsen til timen.","我通过电子邮件收到了一份确认通知。 / 去预约时把确认凭证带上。","","预约和信息确认常用名词；暂标 A1","来源已登记：词头/词性/核心义项","词头/词性/核心义项","Bokmålsordboka","https://ordbokene.no/bm/bekreftelse","2026-09-24"
"NTNU LearnNoW / NoW 初级课程候选","etternavn","etternavn","单词","名词","A1","个人信息","姓；姓氏（个人全名的最后一部分）","et etternavn · etternavnet · etternavn · etternavnene","Hva er etternavnet ditt? / Skriv fornavn og etternavn her.","你的姓氏是什么？ / 请在这里填写名字和姓氏。","","个人信息主题基础词；暂标 A1","来源已登记：词头/词性/核心义项","词头/词性/核心义项","Bokmålsordboka","https://ordbokene.no/bm/etternavn","2026-09-24"
"NTNU LearnNoW / NoW 初级课程候选","fødselsdag","en fødselsdag","单词","名词","A1","个人信息","生日；每年纪念出生的日子","en fødselsdag · fødselsdagen · fødselsdager · fødselsdagene","Datteren min har fødselsdag i mai. / Vi feiret fødselsdagen hennes hjemme.","我女儿五月过生日。 / 我们在家给她庆祝了生日。","","个人经历与庆祝主题基础词；暂标 A1","来源已登记：词头/词性/核心义项","词头/词性/核心义项","Bokmålsordboka","https://ordbokene.no/bm/fødselsdag","2026-09-24"
"NTNU LearnNoW / NoW 初级课程候选","fødselsdato","en fødselsdato","单词","名词","A1","个人信息","出生日期；出生的具体年月日","en fødselsdato · fødselsdatoen · fødselsdatoer · fødselsdatoene","Du må oppgi fødselsdatoen din i skjemaet. / Fødselsdatoen står på passet.","你必须在表格里填写出生日期。 / 出生日期写在护照上。","","个人信息表格常用词；暂标 A1","来源已登记：词头/词性/核心义项","词头/词性/核心义项","Bokmålsordboka","https://ordbokene.no/bm/f%C3%B8dselsdato","2026-09-24"
"NTNU LearnNoW / NoW 初级课程候选","min","min","单词","限定词","A1","个人信息","我的（阳性/阴性单数名词前；与 min/mitt/mine 配合）","min · mi · mitt · mine","Sønnen min går på skolen. / Jeg finner ikke nøklene mine.","我儿子在上学。 / 我找不到我的钥匙。","","基础物主限定词；暂标 A1","来源已登记：词头/词性/核心义项","词头/词性/核心义项","Bokmålsordboka","https://ordbokene.no/bm/min","2026-09-24"
"NTNU LearnNoW / NoW 初级课程候选","pass","et pass","单词","名词","A1","个人信息","护照；通行证/许可证（依固定搭配）","et pass · passet · pass · passene","Husk å ta med passet ditt. / Hun viser passet i kontrollen.","记得带上你的护照。 / 她在检查处出示护照。","","出行与身份基础词；暂标 A1","来源已登记：词头/词性/核心义项","词头/词性/核心义项","Bokmålsordboka","https://ordbokene.no/bm/pass","2026-09-24"
"NTNU LearnNoW / NoW 初级课程候选","vi","vi","单词","代词","A1","个人信息","我们（主格；宾格用 oss）","vi · oss","Vi bor i en liten by. / Læreren snakker med oss.","我们住在一个小镇上。 / 老师和我们说话。","","基础人称代词；暂标 A1","来源已登记：词头/词性/核心义项","词头/词性/核心义项","Bokmålsordboka","https://ordbokene.no/bm/vi","2026-09-24"
"NTNU LearnNoW / NoW 初级课程候选","nummer","et nummer","单词","名词","A1","个人信息与数字","号码；编号；（序列中的）号/名次；节目的一项（依语境）","et nummer · nummeret · nummer / numre · numrene","Kan jeg få telefonnummeret ditt? / Huset vårt har nummer tolv.","我可以要你的电话号码吗？ / 我们的房子是十二号。","","基础编号和个人信息名词；暂标 A1","来源已登记：词头/词性/核心义项","词头/词性/核心义项","Bokmålsordboka","https://ordbokene.no/bm/nummer","2026-09-24"
"Bokmålsordboka / NTNU LearnNoW 候选","han","han","单词","代词","A1","个人信息与指代","他（主格；宾格 ham；所有格 hans）","han · ham · hans","Han jobber på et sykehus i Oslo. / Jeg snakker med ham etter møtet.","他在奥斯陆的一家医院工作。 / 会议后我和他交谈。","","最基础第三人称代词；暂标 A1","来源已登记：词头/词性/核心义项","词头/词性/核心义项","Bokmålsordboka","https://ordbokene.no/bm/han","2026-09-24"
"Bokmålsordboka / NTNU LearnNoW 候选","hun","hun","单词","代词","A1","个人信息与指代","她（主格；宾格 henne；所有格 hennes）","hun · henne · hennes","Hun besøker moren sin på søndag. / Jeg reiser med henne og sønnen hennes.","她星期天去看望自己的母亲。 / 我和她以及她的儿子一起旅行。","","最基础的第三人称代词；暂标 A1","来源已登记：词头/词性/核心义项","词头/词性/核心义项","Bokmålsordboka","https://ordbokene.no/bm/hun","2026-09-24"
"Bokmålsordboka / NTNU LearnNoW 候选","jeg","jeg","单词","代词","A1","个人信息与指代","我（主格；宾格 meg）","jeg · meg","Jeg lærer norsk sammen med kona mi. / Læreren snakker med meg etter timen.","我和妻子一起学挪威语。 / 老师下课后和我交谈。","","最基础的人称代词；暂标 A1","来源已登记：词头/词性/核心义项","词头/词性/核心义项","Bokmålsordboka","https://ordbokene.no/bm/jeg","2026-09-24"
"NTNU LearnNoW / NoW 初级课程候选","kollega","en kollega","单词","名词","A1","工作与关系","同事；一起工作的同事","en kollega · kollegaen · kollegaer / kolleger · kollegaene / kollegene","En kollega hjalp meg med rapporten. / Jeg spiser lunsj med kollegene mine.","一位同事帮我处理了这份报告。 / 我和同事们一起吃午饭。","","工作关系基础名词；暂标 A1","来源已登记：词头/词性/核心义项","词头/词性/核心义项","Bokmålsordboka","https://ordbokene.no/bm/kollega","2026-09-24"
"NTNU LearnNoW / NoW 初级课程候选","administrasjon","en administrasjon","单词","名词","A1","工作与机构","行政管理；管理工作；行政部门（依语境）","en administrasjon · administrasjonen · administrasjoner · administrasjonene","Hun jobber i administrasjonen på skolen. / Den nye administrasjonen begynner på mandag.","她在学校的行政部门工作。 / 新的管理团队星期一开始履职。","","学校和工作场所机构词汇；暂标 A1","来源已登记：词头/词性/核心义项","词头/词性/核心义项","Bokmålsordboka","https://ordbokene.no/bm/administrasjon","2026-09-24"
"NTNU LearnNoW / NoW 初级课程候选","arbeide","å arbeide","单词","动词","A1","工作与学习","工作；劳动；从事某项工作（语气较正式）","arbeide · arbeider · arbeidet · arbeidet","Hun arbeider som sykepleier på et sykehus. / Vi arbeidet med prosjektet hele dagen.","她在一家医院当护士。 / 我们一整天都在做这个项目。","","工作与学习基础动词；暂标 A1","来源已登记：词头/词性/核心义项","词头/词性/核心义项","Bokmålsordboka","https://ordbokene.no/nno/bm/2467","2026-09-24"
"NTNU LearnNoW / NoW 初级课程候选","barnehage","en barnehage","单词","名词","A1","工作与学习","幼儿园；挪威面向学龄前儿童的日托与教育机构","en barnehage · barnehagen · barnehager · barnehagene","Datteren min går i barnehage. / Barnehagen stenger klokka fem.","我女儿上幼儿园。 / 幼儿园五点关门。","","挪威家庭与教育主题词；暂标 A1","来源已登记：词头/词性/核心义项","词头/词性/核心义项","Bokmålsordboka","https://ordbokene.no/bm/barnehage","2026-09-24"
"NTNU LearnNoW / NoW 初级课程候选","bokhandel","en bokhandel","单词","名词","A1","工作与学习","书店（出售书籍的商店）","en bokhandel · bokhandelen · bokhandler · bokhandlene","Jeg kjøper en norsk ordbok i bokhandelen. / Bokhandelen ligger ved siden av kafeen.","我在书店买一本挪威语词典。 / 书店在咖啡馆旁边。","","购物地点与阅读主题名词；暂标 A1","来源已登记：词头/词性/核心义项","词头/词性/核心义项","Bokmålsordboka","https://ordbokene.no/bm/bokhandel","2026-09-24"
"NTNU LearnNoW / NoW 初级课程候选","forklare","å forklare","单词","动词","A1","工作与学习","解释；说明（使某事更容易理解）","forklare · forklarer · forklarte · forklart","Læreren forklarer grammatikken på en enkel måte. / Kan du forklare meg hvordan appen virker?","老师用简单的方式讲解语法。 / 你能给我解释一下这个应用怎么用吗？","","课堂交流基础动词；暂标 A1","来源已登记：词头/词性/核心义项","词头/词性/核心义项","Bokmålsordboka","https://ordbokene.no/bm/forklare","2026-09-24"
"NTNU LearnNoW / NoW 初级课程候选","gitar","en gitar","单词","名词","A1","工作与学习","吉他（六弦、平底的弹拨乐器）","en gitar · gitaren · gitarer · gitarene","Sønnen min spiller gitar. / Gitaren står ved sofaen. / Han spiller klassisk gitar.","我儿子会弹吉他。 / 吉他放在沙发旁边。 / 他演奏古典吉他。","https://ordbokene.no/bm/gitar","兴趣与日常主题词；暂标 A1","来源已登记：词头/词性/核心义项","词头/词性/核心义项","Bokmålsordboka","https://ordbokene.no/bm/gitar","2026-09-24"
"NTNU LearnNoW / NoW 初级课程候选","instrument","et instrument","单词","名词","A1","工作与学习","乐器；仪器（看语境）","et instrument · instrumentet · instrumenter · instrumentene","Hun spiller et instrument i skolekorpset. / Legen bruker et instrument til undersøkelsen.","她在学校乐队里演奏一种乐器。 / 医生用一种仪器进行检查。","","兴趣和音乐主题基础名词；暂标 A1","来源已登记：词头/词性/核心义项","词头/词性/核心义项","Bokmålsordboka","https://ordbokene.no/bm/instrument","2026-09-24"
"NTNU LearnNoW / NoW 初级课程候选","jus","jus","单词","名词","A1","工作与学习","法学；法律学（学科/专业）","jus · jussen","Hun studerer jus ved universitetet. / Han har jobbet med jus i mange år.","她在大学学习法学。 / 他从事法律工作很多年了。","","学习与专业主题词；暂标 A1","来源已登记：词头/词性/核心义项","词头/词性/核心义项","Bokmålsordboka","https://ordbokene.no/bm/jus","2026-09-24"
"NTNU LearnNoW / NoW 初级课程候选","kamera","et kamera","单词","名词","A1","工作与学习","相机；摄影机（拍摄影像的设备，依功能语境）","et kamera · kameraet · kameraer · kameraene","Jeg tar et bilde med kameraet mitt. / Hun har et lite kamera i veska.","我用自己的相机拍了一张照片。 / 她包里有一台小相机。","","日常物品与媒体主题名词；暂标 A1","来源已登记：词头/词性/核心义项","词头/词性/核心义项","Bokmålsordboka","https://ordbokene.no/bm/kamera","2026-09-24"
"NTNU LearnNoW / NoW 初级课程候选","klasse","en klasse","单词","名词","A1","工作与学习","班级；年级；类别；社会阶层（看语境）","en klasse · klassen · klasser · klassene","Datteren min går i tredje klasse. / Hele klassen skal på tur.","我女儿读三年级。 / 全班要一起去郊游。","","学校生活基础名词；暂标 A1","来源已登记：词头/词性/核心义项","词头/词性/核心义项","Bokmålsordboka","https://ordbokene.no/bm/klasse","2026-09-24"
"NTNU LearnNoW / NoW 初级课程候选","kontor","et kontor","单词","名词","A1","工作与学习","办公室；办公地点/办事处（依语境）","et kontor · kontoret · kontorer · kontorene","Lederen sitter på kontoret sitt. / Kommunen har et kontor i sentrum.","经理在自己的办公室里。 / 市政府在市中心有一个办事处。","","学习和工作场景基础名词；暂标 A1","来源已登记：词头/词性/核心义项","词头/词性/核心义项","Bokmålsordboka","https://ordbokene.no/bm/kontor","2026-09-24"
"NTNU LearnNoW / NoW 初级课程候选","ledig","ledig","单词","形容词","A1","工作与学习","空着的/未占用的；有空的；无工作的（依语境）","ledig · ledig · ledige","Er du ledig på fredag? / Det er en ledig stol her.","你星期五有空吗？ / 这里有一把空椅子。","","工作与日常安排常用词；暂标 A1","来源已登记：词头/词性/核心义项","词头/词性/核心义项","Bokmålsordboka","https://ordbokene.no/bm/ledig","2026-09-24"
"NTNU LearnNoW / NoW 初级课程候选","musikk","en musikk","单词","名词","A1","工作与学习","音乐（通常作不可数名词）","musikk · musikken","Jeg lytter til musikk på bussen. / Musikken fra filmen er veldig fin.","我在公交车上听音乐。 / 电影里的音乐很好听。","","兴趣与日常主题名词；暂标 A1","来源已登记：词头/词性/核心义项","词头/词性/核心义项","Bokmålsordboka","https://ordbokene.no/bm/musikk","2026-09-24"
"NTNU LearnNoW / NoW 初级课程候选","norsk","norsk","单词","形容词","A1","工作与学习","挪威的；挪威语的；挪威人的（按所修饰对象理解）","norsk · norsk · norske","Jeg lærte et nytt norsk ord på kurset. / De bor i et norsk hus.","我在课程上学了一个新的挪威语单词。 / 他们住在一栋挪威式的房子里。","","语言与国籍基础形容词；暂标 A1","来源已登记：词头/词性/核心义项","词头/词性/核心义项","Bokmålsordboka","https://ordbokene.no/bm/norsk","2026-09-24"
"app.js · 核心名词; NTNU LearnNoW / NoW 初级课程词汇候选","jobb","en jobb","单词","名词","A1","工作与学习 / 日常基础","工作；职位；一项工作/任务（依语境）","en jobb · jobben · jobber · jobbene","Hun søker jobb på et sykehus. / Jeg er på jobben til klokka fire. / Jeg går på jobb om morgenen.","她在申请医院的工作。 / 我在工作单位待到四点。 / 我早上去上班。","","工作主题常用词；暂标 A1","来源已登记：词头/词性/核心义项","词头/词性/核心义项","Bokmålsordboka","https://ordbokene.no/bm/jobb","2026-09-24"
"app.js · 核心动词; NTNU LearnNoW / NoW 初级课程词汇候选","slutte","å slutte","单词","动词","A1","工作与学习 / 时间与日常","停止；结束；辞职/退学；戒掉（依宾语和搭配）","slutte · slutter · sluttet · sluttet","Møtet slutter klokka tre. / Han sluttet å jobbe der i fjor. / Jeg slutter klokka fire.","会议三点结束。 / 他去年辞去了那里的工作。","","工作与日常安排词；暂标 A1","来源已登记：词头/词性/核心义项","词头/词性/核心义项","Bokmålsordboka","https://ordbokene.no/bm/slutte","2026-09-24"
"app.js · 核心动词; NTNU LearnNoW / NoW 初级课程词汇候选; Tema: fremtid · 课本专题","jobbe","å jobbe","单词","动词","A1","工作与学习 / 时间与日常 / 未来计划与目标","工作；干活；努力处理某事（依语境）","jobbe · jobber · jobbet · jobbet","Jeg jobber på et sykehus. / Hun jobbet hele dagen i går. / Jeg jobber i Oslo. / Jeg skal jobbe mindre neste år.","我在一家医院工作。 / 她昨天工作了一整天。 / 我明年会少工作一些。","","入门工作主题词；项目暂标 A1，待交叉复核","来源已登记：词头/词性/核心义项","词头/词性/核心义项","Bokmålsordboka","https://ordbokene.no/bm/jobbe","2026-09-24"
"app.js · 核心动词; NTNU LearnNoW / NoW 初级课程词汇候选; Tema: fremtid · 课本专题","lære","å lære","单词","动词","A1","工作与学习 / 时间与日常 / 未来计划与目标","学习；学会；教（由句型区分）","lære · lærer · lærte · lært","Jeg lærer norsk på tirsdager. / Han lærte barna å svømme. / Jeg lærer norsk. / Jeg vil lære et nytt språk.","我星期二学挪威语。 / 他教孩子们游泳。 / 我想学一门新语言。","","学习主题核心词；暂标 A1","来源已登记：词头/词性/核心义项","词头/词性/核心义项","Bokmålsordboka","https://ordbokene.no/bm/l%C3%A6re","2026-09-24"
"NTNU LearnNoW / NoW 初级课程候选","dit","dit","单词","副词","A1","公共交通与方向","到那里；往那个地方（表示朝向远处的目的地）","dit","Hvordan kommer jeg dit fra stasjonen? / Jeg var der i går, men skal dit igjen i morgen.","我从车站怎么去那里？ / 我昨天在那里，明天还要再去。","","基础方向副词；暂标 A1","来源已登记：词头/词性/核心义项","词头/词性/核心义项","Bokmålsordboka","https://ordbokene.no/bm/dit","2026-09-24"
"NTNU LearnNoW / NoW 初级课程候选","fram","fram","单词","副词","A1","公共交通与方向","向前；往前；向前推进/取得进展（依搭配）","fram","Gå litt fram, så ser du skiltet. / Jeg finner fram billettene.","往前走一点，你就能看到标志。 / 我把车票找出来。","","基础方向副词；暂标 A1","来源已登记：词头/词性/核心义项","词头/词性/核心义项","Bokmålsordboka","https://ordbokene.no/bm/fram","2026-09-24"
"vocab-v2-library.js · V2 词条","holdeplass","en holdeplass","单词","名词","A1","公共交通与方向","公交/电车停靠站；出租车候客点","en holdeplass · holdeplassen · holdeplasser · holdeplassene","Bussen stopper ved holdeplassen. / Vi går til bussholdeplassen.","公交车在公交站停靠。 / 我们走去公交站。","","项目内部等级标签，需抽查","来源已登记：词头/词性/核心义项","词头/词性/核心义项","Bokmålsordboka","https://ordbokene.no/bm/holdeplass","2026-09-24"
"NTNU LearnNoW / NoW 初级课程候选","inn","inn","单词","副词","A1","公共交通与方向","进入；向里面；往里（表示朝内移动）","inn","Kom inn, døra er åpen. / Vi flytter inn i den nye leiligheten i juni.","进来吧，门开着。 / 我们六月份搬进新公寓。","","基础方向副词；暂标 A1","来源已登记：词头/词性/核心义项","词头/词性/核心义项","Bokmålsordboka","https://ordbokene.no/bm/inn","2026-09-24"
"NTNU LearnNoW / NoW 初级课程候选","kryss","et kryss","单词","名词","A1","公共交通与方向","交叉处；路口；叉号/勾选标记（看语境）","et kryss · krysset · kryss · kryssene","Ta til høyre i neste kryss. / Sett et kryss ved riktig svar.","在下一个路口右转。 / 在正确答案旁打一个叉号作标记。","","城市道路与方向基础名词；暂标 A1","来源已登记：词头/词性/核心义项","词头/词性/核心义项","Bokmålsordboka","https://ordbokene.no/bm/kryss","2026-09-24"
"NTNU LearnNoW / NoW 初级课程候选","lyskryss","et lyskryss","单词","名词","A1","公共交通与方向","信号灯路口；设有交通信号灯的交叉路口","et lyskryss · lyskrysset · lyskryss · lyskryssene","Gå over gata ved lyskrysset. / Det er kø gjennom lyskrysset.","在红绿灯路口过马路。 / 车流排队通过红绿灯路口。","","城市交通基础名词；暂标 A1","来源已登记：词头/词性/核心义项","词头/词性/核心义项","Bokmålsordboka","https://ordbokene.no/bm/lyskryss","2026-09-24"
"NTNU LearnNoW / NoW 初级课程候选","passkontroll","en passkontroll","单词","名词","A1","公共交通与方向","护照查验；护照检查处/流程","en passkontroll · passkontrollen · passkontroller · passkontrollene","Vi må gå gjennom passkontrollen først. / Det er lang kø ved passkontrollen.","我们得先通过护照检查。 / 护照检查处排了很长的队。","","机场旅行主题基础名词；暂标 A1","来源已登记：词头/词性/核心义项","词头/词性/核心义项","Bokmålsordboka","https://ordbokene.no/bm/passkontroll","2026-09-24"
"NTNU LearnNoW / NoW 初级课程候选","postkontor","et postkontor","单词","名词","A1","公共交通与方向","邮局；办理邮政业务的服务点","et postkontor · postkontoret · postkontorer · postkontorene","Jeg går på postkontoret for å sende en pakke. / Postkontoret stenger klokka fem.","我去邮局寄一个包裹。 / 邮局五点关门。","","邮寄与日常办事主题名词；暂标 A1","来源已登记：词头/词性/核心义项","词头/词性/核心义项","Bokmålsordboka","https://ordbokene.no/bm/postkontor","2026-09-24"
"NTNU LearnNoW / NoW 初级课程候选","retning","en retning","单词","名词","A1","公共交通与方向","方向；发展走向/趋势；思想流派（依语境）","en retning · retningen · retninger · retningene","Gå i retning av sentrum. / Vi må snu og gå i motsatt retning.","朝市中心方向走。 / 我们得掉头，朝相反的方向走。","","问路与位置基础名词；暂标 A1","来源已登记：词头/词性/核心义项","词头/词性/核心义项","Bokmålsordboka","https://ordbokene.no/bm/retning","2026-09-24"
"vocab-v2-library.js · V2 词条","sentrum","et sentrum","单词","名词","A1","公共交通与方向","中心；（城镇的）市中心；活动/关注中心（依语境）","et sentrum · sentrumet · sentrum · sentrumene","Butikken ligger i sentrum. / Vi tar bussen til sentrum.","商店在市中心。 / 我们坐公交去市中心。","","项目内部等级标签，需抽查","来源已登记：词头/词性/核心义项","词头/词性/核心义项","Bokmålsordboka","https://ordbokene.no/bm/51018","2026-09-24"
"vocab-v2-library.js · V2 词条","stasjon","en stasjon","单词","名词","A1","公共交通与方向","车站；站点；工作站/服务机构；广播电视台（依语境）","en stasjon · stasjonen · stasjoner · stasjonene","Vi møtes på stasjonen klokka seks. / Toget går fra spor fire på stasjonen.","我们六点在车站见。 / 火车从车站的四号站台出发。","","项目内部等级标签，需抽查","来源已登记：词头/词性/核心义项","词头/词性/核心义项","Bokmålsordboka","https://ordbokene.no/bm/stasjon","2026-09-24"
"vocab-v2-library.js · V2 词条","til høyre","til høyre","短语","方向短语","A1","公共交通与方向","向右；在右侧（具体看动词和结构）","til høyre","Ta til høyre etter brua. / Bussholdeplassen ligger til høyre for skolen.","过桥后向右转。 / 公交站在学校右边。","","项目内部等级标签，需抽查","来源已登记：词头/词性/核心义项","词头/词性/核心义项","Bokmålsordboka","https://ordbokene.no/bm/høyre","2026-09-24"
"vocab-v2-library.js · V2 词条","til venstre","til venstre","短语","方向短语","A1","公共交通与方向","向左；在左侧（具体看动词和结构）","til venstre","Ta til venstre ved butikken. / Apoteket ligger til venstre for banken.","到商店那里向左转。 / 药房在银行左边。","","项目内部等级标签，需抽查","来源已登记：词头/词性/核心义项","词头/词性/核心义项","Bokmålsordboka","https://ordbokene.no/bm/venstre","2026-09-24"
"vocab-v2-library.js · V2 词条","vei","en vei","单词","名词","A1","公共交通与方向","路；道路；方法/途径（依语境）","en vei · veien · veier · veiene","Vi er på vei til legen. / Denne veien går til sentrum.","我们正在去医生那里的路上。 / 这条路通往市中心。","","项目内部等级标签，需抽查","来源已登记：词头/词性/核心义项","词头/词性/核心义项","Bokmålsordboka","https://ordbokene.no/bm/vei","2026-09-24"
"NTNU LearnNoW / NoW 初级课程候选","bestille","å bestille","单词","动词","A1","购物与服务","预订/订购；点餐；预约（依对象和场景）","bestille · bestiller · bestilte · bestilt","Vi bestiller to kaffe og en kake. / Jeg bestilte time hos legen.","我们点两杯咖啡和一块蛋糕。 / 我预约了医生。","","点餐、预约和购物基础动词；暂标 A1","来源已登记：词头/词性/核心义项","词头/词性/核心义项","Bokmålsordboka","https://ordbokene.no/bm/bestille","2026-09-24"
"NTNU LearnNoW / NoW 初级课程候选；Bokmålsordboka 词形核对","kilo","et kilo","单词","名词","A1","购物与数量","千克；公斤（质量单位；et kilo 表示一公斤）","et kilo · kiloet / kiloa · kilo · kiloene","Jeg kjøper et kilo epler. / Potetene koster tjue kroner kiloen.","我买一公斤苹果。 / 土豆每公斤二十克朗。","","购物和重量单位基础名词；暂标 A1","来源已登记：词头/词性/核心义项","词头/词性/核心义项","Bokmålsordboka","https://ordbokene.no/bm/kilo","2026-09-24"
"NTNU LearnNoW / NoW 初级课程候选","liter","en liter","单词","名词","A1","购物与数量","升（容量单位；一 liter 等于 1000 毫升）","en liter · literen · liter · literne","Jeg drikker nesten en liter vann om dagen. / Vi trenger to liter melk til oppskriften.","我每天喝将近一升水。 / 这个食谱需要两升牛奶。","","购物和容量单位基础名词；暂标 A1","来源已登记：词头/词性/核心义项","词头/词性/核心义项","Bokmålsordboka","https://ordbokene.no/bm/liter","2026-09-24"
"NTNU LearnNoW / NoW 初级课程候选","matbu","ei matbu","单词","名词","A1","购物与用餐","食品摊；售卖食物或简餐的小摊/小店","ei matbu · matbua · matbuer · matbuene","Vi kjøpte pølser i ei matbu på markedet. / Matbua selger kaffe og vafler.","我们在集市的一个食品摊买了热狗。 / 这个食品摊卖咖啡和华夫饼。","","集市与简便餐食场景名词；暂标 A1","来源已登记：词头/词性/核心义项","词头/词性/核心义项","Bokmålsordboka","https://ordbokene.no/bm/matbu","2026-09-24"
"NTNU LearnNoW / NoW 初级课程候选; Tema: fremtid · 课本专题","med","med","单词","介词","A1","关系与工具介词 / 未来计划与目标","和/跟；带有/携带；用/乘坐（依搭配）","med","Jeg reiser med familien min. / Hun skriver navnet med en blå penn. / Jeg skal reise med familien.","我和家人一起旅行。 / 她用一支蓝色钢笔写下名字。 / 我会和家人一起旅行。","","日常陪伴、工具和方式介词；暂标 A1","来源已登记：词头/词性/核心义项","词头/词性/核心义项","Bokmålsordboka","https://ordbokene.no/bm/med","2026-09-24"
"A1候选；Bokmålsordboka 冠词用法核对","ei","ei","单词","限定词","A1","冠词与名词","不定冠词“一/一位”（阴性名词前；也可用 en）","ei","Hun lånte ei bok på biblioteket. / Det står ei jente utenfor døra.","她在图书馆借了一本书。 / 门外站着一个女孩。","","初级名词短语中常见的阴性不定冠词变体，暂标 A1","来源已登记：词头/词性/核心义项","词头/词性/核心义项","Bokmålsordboka","https://ordbokene.no/bm/ei","2026-09-24"
"A1候选；Bokmålsordboka 冠词用法核对","en","en","单词","限定词","A1","冠词与名词","不定冠词“一/一位”（阳性或通性名词前；阴性名词也可用 en）","en","Jeg har en venn i Bergen. / Han kjøpte en ny bil i går.","我在卑尔根有一位朋友。 / 他昨天买了一辆新车。","","初级可数名词短语最常见的不定冠词之一，暂标 A1","来源已登记：词头/词性/核心义项","词头/词性/核心义项","Bokmålsordboka","https://ordbokene.no/bm/12571","2026-09-24"
"NTNU NoW Vocabulary list 10B；课程词汇","småkake","ei småkake","单词","名词","A1","烘焙与甜点","小甜饼；小饼干（常见于咖啡或节庆点心）","ei småkake · småkaka · småkaker · småkakene","Vi baker småkaker til jul. / Vil du ha ei småkake til kaffen?","我们为圣诞节烤小饼干。 / 你想来块小饼干配咖啡吗？","","日常饮食、烘焙和节庆场景常见词；按课程单元暂标 A1","来源已登记：词头/词性/核心义项","词头/词性/核心义项","Bokmålsordboka","https://ordbokene.no/bm/sm%C3%A5kake","2026-09-24"
"app.js · 核心动词; Bokmålsordboka / NTNU LearnNoW 候选","møte","å møte","单词","动词","A1","会面与交流 / 家庭与人物","遇见；会见；迎接；面对（依宾语和搭配）","møte · møter · møtte · møtt","Jeg møter en venn etter jobb. / Alle møtte opp i tide. / Jeg møter læreren.","我下班后和一位朋友见面。 / 所有人都按时到场了。","","基础会面和相遇动词；暂标 A1","来源已登记：词头/词性/核心义项","词头/词性/核心义项","Bokmålsordboka","https://ordbokene.no/bm/møte","2026-09-24"
"vocab-v2-library.js · V2 词条","høst","en høst","单词","名词","A1","季节与天气","秋天；秋季（挪威通常为九月至十一月）","en høst · høsten · høster · høstene","Trærne skifter farge om høsten. / Høsten er fin på fjellet.","树木在秋天变色。 / 秋天的山间很美。","","项目内部等级标签，需抽查","来源已登记：词头/词性/核心义项","词头/词性/核心义项","Bokmålsordboka","https://ordbokene.no/bm/h%C3%B8st","2026-09-24"
"vocab-v2-library.js · V2 词条","regn","regn","单词","名词","A1","季节与天气","雨；降雨（天气现象）","regn · regnet","Det er meldt regn i morgen. / Vi fikk mye regn i helga.","预报说明天有雨。 / 周末下了很多雨。","","项目内部等级标签，需抽查","来源已登记：词头/词性/核心义项","词头/词性/核心义项","Bokmålsordboka","https://ordbokene.no/bm/regn","2026-09-24"
"vocab-v2-library.js · V2 词条","sommer","en sommer","单词","名词","A1","季节与天气","夏天；夏季（挪威通常为六月至八月）","en sommer · sommeren · somre · somrene","Vi reiser ofte bort om sommeren. / Sommeren i Norge kan være varm.","我们夏天经常外出旅行。 / 挪威的夏天可能很暖和。","","项目内部等级标签，需抽查","来源已登记：词头/词性/核心义项","词头/词性/核心义项","Bokmålsordboka","https://ordbokene.no/bm/sommer","2026-09-24"
"vocab-v2-library.js · V2 词条","vind","en vind","单词","名词","A1","季节与天气","风；空气的流动","en vind · vinden · vinder · vindene","Det blåser en kald vind i dag. / Vinden kommer fra nord.","今天刮着冷风。 / 风从北方吹来。","","项目内部等级标签，需抽查","来源已登记：词头/词性/核心义项","词头/词性/核心义项","Bokmålsordboka","https://ordbokene.no/bm/vind","2026-09-24"
"vocab-v2-library.js · V2 词条","vinter","en vinter","单词","名词","A1","季节与天气","冬天；冬季","en vinter · vinteren · vintre · vintrene","Det snør ofte om vinteren. / Vinteren var kald i fjor.","冬天经常下雪。 / 去年的冬天很冷。","","项目内部等级标签，需抽查","来源已登记：词头/词性/核心义项","词头/词性/核心义项","Bokmålsordboka","https://ordbokene.no/bm/vinter","2026-09-24"
"NTNU LearnNoW 05B；Bokmålsordboka词头核验","vær","et vær","单词","名词","A1","季节与天气","天气；某一时段的天气状况","et vær · været","Det blir dårlig vær i morgen. / Hvordan blir været i helga?","明天天气会不好。 / 周末天气怎么样？","","天气是入门阶段高频生活话题，项目暂标 A1","来源已登记：Bokmål词头/词性/核心义项","Bokmål词头/词性/核心义项","Bokmålsordboka","https://ordbokene.no/bm/v%C3%A6r","2026-09-24"
"vocab-v2-library.js · V2 词条","vår","en vår","单词","名词","A1","季节与天气","春天；春季","en vår · våren · vårer · vårene","Det blir lysere om våren. / Våren kommer tidlig i år.","春天白天会变得更长。 / 今年春天来得早。","","项目内部等级标签，需抽查","来源已登记：词头/词性/核心义项","词头/词性/核心义项","Bokmålsordboka","https://ordbokene.no/bm/v%C3%A5r","2026-09-24"
"NTNU LearnNoW / NoW 初级课程候选","inventarliste","ei inventarliste","单词","名词","A1","家居与工作","物品清单；财产/设备目录（依场景）","ei inventarliste · inventarlista · inventarlister · inventarlistene","Vi lager en inventarliste før flyttingen. / Inventarlista viser alt utstyret i rommet.","搬家前我们先做一份物品清单。 / 物品清单列出了房间里的所有设备。","","家庭搬迁、学校和工作场景复合名词；暂标 A1","来源已登记：词头/词性/核心义项","词头/词性/核心义项","Bokmålsordboka","https://ordbokene.no/bm/inventarliste","2026-09-24"
"NTNU LearnNoW / NoW 初级课程候选","interiørbutikk","en interiørbutikk","单词","名词","A1","家居与购物","家居用品店；销售室内家具或装饰用品的商店","en interiørbutikk · interiørbutikken · interiørbutikker · interiørbutikkene","Vi kjøpte nye gardiner i en interiørbutikk. / Interiørbutikken ligger ved siden av kjøpesenteret.","我们在一家家居用品店买了新窗帘。 / 家居用品店在购物中心旁边。","","家居用品和城市购物复合名词；暂标 A1","来源已登记：词头/词性/核心义项","词头/词性/核心义项","Bokmålsordboka","https://ordbokene.no/bm/interi%C3%B8rbutikk","2026-09-24"
"NTNU LearnNoW / NoW 初级课程候选","besøk","et besøk","单词","名词","A1","家人和关系","拜访；来访；一次访问/探访","et besøk · besøket · besøk · besøkene","Vi får besøk av familien på søndag. / Takk for besøket!","星期天家人要来看我们。 / 谢谢你来做客！","","社交与家庭主题常用名词；暂标 A1","来源已登记：词头/词性/核心义项","词头/词性/核心义项","Bokmålsordboka","https://ordbokene.no/bm/besøk","2026-09-24"
"NTNU LearnNoW / NoW 初级课程候选","besøke","å besøke","单词","动词","A1","家人和关系","拜访；探望；参观/访问（人或地点作宾语）","besøke · besøker · besøkte · besøkt","Vi besøker besteforeldrene våre i helga. / De besøkte museet i går.","我们周末去看望祖父母。 / 他们昨天参观了博物馆。","","社交与家庭主题常用动词；暂标 A1","来源已登记：词头/词性/核心义项","词头/词性/核心义项","Bokmålsordboka","https://ordbokene.no/bm/besøke","2026-09-24"
"NTNU LearnNoW / NoW 初级课程候选","bror","en bror","单词","名词","A1","家人和关系","兄弟；哥哥或弟弟（挪威语本身不区分年长年幼）","en bror · broren · brødre · brødrene","Jeg har en bror og ei søster. / Brødrene mine bor i Norge.","我有一个兄弟和一个姐妹。 / 我的兄弟们住在挪威。","","家庭主题核心词；暂标 A1","来源已登记：词头/词性/核心义项","词头/词性/核心义项","Bokmålsordboka","https://ordbokene.no/bm/bror","2026-09-24"
"NTNU LearnNoW / NoW 初级课程候选","dame","ei dame","单词","名词","A1","家人和关系","女士；女性；（特定语境）妻子/女伴","ei dame · dama · damer · damene","Ei dame spør etter bussen til sentrum. / Damene sitter ved vinduet.","一位女士在问去市中心的公交车。 / 几位女士坐在窗边。","","人物主题常用词；项目暂标 A1","来源已登记：词头/词性/核心义项","词头/词性/核心义项","Bokmålsordboka","https://ordbokene.no/bm/dame","2026-09-24"
"vocab-v2-library.js · V2 词条","datter","ei datter","单词","名词","A1","家人和关系","女儿（相对于父母而言）","ei datter · dattera · døtre · døtrene","Dattera mi er fem år. / De har to døtre.","我女儿五岁。 / 他们有两个女儿。","","项目内部等级标签，需抽查","来源已登记：词头/词性/核心义项","词头/词性/核心义项","Bokmålsordboka","https://ordbokene.no/bm/datter","2026-09-24"
"vocab-v2-library.js · V2 词条","forelder","en forelder","单词","名词","A1","家人和关系","父母中的一方；父亲或母亲；家长","en forelder · forelderen · foreldre · foreldrene","En forelder må signere skjemaet. / Foreldrene mine bor i Norge.","一位家长必须在表格上签字。 / 我的父母住在挪威。","","项目内部等级标签，需抽查","来源已登记：词头/词性/核心义项","词头/词性/核心义项","Bokmålsordboka","https://ordbokene.no/bm/forelder","2026-09-24"
"NTNU LearnNoW / NoW 初级课程候选","gave","en gave","单词","名词","A1","家人和关系","礼物；赠送的东西","en gave · gaven · gaver · gavene","Jeg kjøpte en gave til mamma. / Barna åpnet gavene etter middagen.","我给妈妈买了一份礼物。 / 孩子们晚饭后打开了礼物。","","礼物与社交场景高频词；暂标 A1","来源已登记：词头/词性/核心义项","词头/词性/核心义项","Bokmålsordboka","https://ordbokene.no/bm/gave","2026-09-24"
"NTNU LearnNoW / NoW 初级课程候选","gift","gift","单词","形容词","A1","家人和关系","已婚的；结了婚的","gift · gift · gifte","Hun er gift med en nordmann. / De har vært gift i ti år.","她和一位挪威人结婚了。 / 他们结婚十年了。","","家庭与关系主题词；暂标 A1","来源已登记：词头/词性/核心义项","词头/词性/核心义项","Bokmålsordboka","https://ordbokene.no/bm/gift","2026-09-24"
"NTNU LearnNoW / NoW 初级课程候选","gjest","en gjest","单词","名词","A1","家人和关系","客人；来访者；住客（依场景）","en gjest · gjesten · gjester · gjestene","Vi får gjester til middag på lørdag. / Gjestene sitter i stua.","星期六会有客人来我们家吃晚饭。 / 客人们坐在客厅里。","","社交主题常用词；暂标 A1","来源已登记：词头/词性/核心义项","词头/词性/核心义项","Bokmålsordboka","https://ordbokene.no/bm/gjest","2026-09-24"
"vocab-v2-library.js · V2 词条","gutt","en gutt","单词","名词","A1","家人和关系","男孩；小伙子（按年龄和语境）","en gutt · gutten · gutter · guttene","Gutten leker i hagen. / To gutter venter på bussen.","男孩在花园里玩。 / 两个男孩在等公交车。","","项目内部等级标签，需抽查","来源已登记：词头/词性/核心义项","词头/词性/核心义项","Bokmålsordboka","https://ordbokene.no/bm/gutt","2026-09-24"
"NTNU LearnNoW / NoW 初级课程候选","invitere","å invitere","单词","动词","A1","家人和关系","邀请；请某人参加或到访","invitere · inviterer · inviterte · invitert","Vi inviterer naboene til middag på lørdag. / Hun inviterte meg hjem på kaffe.","我们邀请邻居星期六来吃晚饭。 / 她邀请我去她家喝咖啡。","","社交与聚会基础动词；暂标 A1","来源已登记：词头/词性/核心义项","词头/词性/核心义项","Bokmålsordboka","https://ordbokene.no/bm/invitere","2026-09-24"
"vocab-v2-library.js · V2 词条","jente","ei jente","单词","名词","A1","家人和关系","女孩；年轻女性（依语境）","ei jente · jenta · jenter · jentene","Jenta går på skolen. / Det står to jenter utenfor.","这个女孩去上学。 / 外面站着两个女孩。","","项目内部等级标签，需抽查","来源已登记：词义/词性/词形/例句/译文","词义/词性/词形/例句/译文","Bokmålsordboka","https://ordbokene.no/bm/jente","2026-09-24"
"NTNU LearnNoW / NoW 初级课程候选","klem","en klem","单词","名词","A1","家人和关系","拥抱；亲昵地贴脸/搂抱；压力或夹紧（依语境）","en klem · klemmen · klemmer · klemmene","Bestemor gir barnebarnet en klem. / Hun fikk en varm klem av venninnen.","奶奶给孙辈一个拥抱。 / 她得到了一位女性朋友的温暖拥抱。","","日常亲密社交表达名词；暂标 A1","来源已登记：词头/词性/核心义项","词头/词性/核心义项","Bokmålsordboka","https://ordbokene.no/bm/klem","2026-09-24"
"NTNU LearnNoW / NoW 初级课程候选","kone","ei kone","单词","名词","A1","家人和关系","妻子；女性配偶；（较旧用法）年长妇女","ei kone · kona · koner · konene","Kona mi jobber på et sykehus. / Han reiser sammen med kona si.","我妻子在一家医院工作。 / 他和妻子一起旅行。","","家庭关系基础名词；暂标 A1","来源已登记：词头/词性/核心义项","词头/词性/核心义项","Bokmålsordboka","https://ordbokene.no/bm/kone","2026-09-24"
"NTNU LearnNoW / NoW 初级课程候选","mamma","en mamma","单词","名词","A1","家人和关系","妈妈；母亲（亲属称呼）","en mamma · mammaen · mammaer · mammaene","Mamma lager middag i dag. / Mammaen min bor i Norge.","妈妈今天做晚饭。 / 我妈妈住在挪威。","","家庭主题高频词；暂标 A1","来源已登记：词头/词性/核心义项","词头/词性/核心义项","Bokmålsordboka","https://ordbokene.no/bm/mamma","2026-09-24"
"NTNU LearnNoW / NoW 初级课程候选","morfar","en morfar","单词","名词","A1","家人和关系","外祖父；母亲的父亲；外公","en morfar · morfaren · morfedre · morfedrene","Vi besøker morfar på søndag. / Morfaren min bor i Trondheim.","我们星期天去看外公。 / 我外公住在特隆赫姆。","","家庭成员基础名词；暂标 A1","来源已登记：词头/词性/核心义项","词头/词性/核心义项","Bokmålsordboka","https://ordbokene.no/bm/morfar","2026-09-24"
"NTNU LearnNoW / NoW 初级课程候选","mormor","ei mormor","单词","名词","A1","家人和关系","外祖母；母亲的母亲；外婆","ei mormor · mormora · mormødre · mormødrene","Mormor baker boller til barna. / Vi besøker mormødrene våre i helgen.","外婆给孩子们烤小圆面包。 / 这个周末我们去看各自的外婆们。","","家庭成员基础名词；暂标 A1","来源已登记：词头/词性/核心义项","词头/词性/核心义项","Bokmålsordboka","https://ordbokene.no/bm/mormor","2026-09-24"
"vocab-v2-library.js · V2 词条","nabo","en nabo","单词","名词","A1","家人和关系","邻居；住在附近的人/家庭","en nabo · naboen · naboer · naboene","Jeg snakker norsk med naboen. / Naboene våre er hyggelige.","我和邻居说挪威语。 / 我们的邻居们很友好。","","项目内部等级标签，需抽查","来源已登记：词头/词性/核心义项","词头/词性/核心义项","Bokmålsordboka","https://ordbokene.no/bm/nabo","2026-09-24"
"NTNU LearnNoW / NoW 初级课程候选","pappa","en pappa","单词","名词","A1","家人和关系","爸爸；父亲（亲属称呼）","en pappa · pappaen · pappaer · pappaene","Pappa lager middag i dag. / Barna besøker pappaen sin i helgen.","爸爸今天做晚饭。 / 孩子们这个周末去看爸爸。","","家庭基础词；暂标 A1","来源已登记：词头/词性/核心义项","词头/词性/核心义项","Bokmålsordboka","https://ordbokene.no/bm/pappa","2026-09-24"
"vocab-v2-library.js · V2 词条","sammen","sammen","单词","副词","A1","家人和关系","一起；共同；合在一起（依句子关系）","sammen","Vi spiser middag sammen. / Hun bor sammen med familien sin.","我们一起吃晚饭。 / 她和家人住在一起。","","项目内部等级标签，需抽查","来源已登记：词头/词性/核心义项","词头/词性/核心义项","Bokmålsordboka","https://ordbokene.no/bm/sammen","2026-09-24"
"NTNU LearnNoW / NoW 初级课程候选","smile","å smile","单词","动词","A1","家人和关系","微笑；露出笑容","smile · smiler · smilte · smilt","Hun smiler til naboen. / Han smilte da han så bildet.","她对邻居微笑。 / 他看到照片时笑了。","","日常表情动作基础动词；暂标 A1","来源已登记：词头/词性/核心义项","词头/词性/核心义项","Bokmålsordboka","https://ordbokene.no/bm/smile","2026-09-24"
"vocab-v2-library.js · V2 词条","sønn","en sønn","单词","名词","A1","家人和关系","儿子；男性子女","en sønn · sønnen · sønner · sønnene","Sønnen min går i barnehagen. / De har tre sønner.","我儿子上幼儿园。 / 他们有三个儿子。","","项目内部等级标签，需抽查","来源已登记：词头/词性/核心义项","词头/词性/核心义项","Bokmålsordboka","https://ordbokene.no/bm/s%C3%B8nn","2026-09-24"
"app.js · 核心名词; NTNU LearnNoW / NoW 初级课程词汇候选","barn","et barn","单词","名词","A1","家人和关系 / 家庭与人物","孩子；儿童；某人的儿女（依语境）","et barn · barnet · barn · barna","De har to barn. / Barna leker ute. / Barnet leser en bok.","他们有两个孩子。 / 孩子们在外面玩。 / 孩子在读一本书。","","家庭主题核心词；暂标 A1","来源已登记：词头/词性/核心义项","词头/词性/核心义项","Bokmålsordboka","https://ordbokene.no/bm/barn","2026-09-24"
"app.js · 核心名词; NTNU LearnNoW / NoW 初级课程词汇候选","far","en far","单词","名词","A1","家人和关系 / 家庭与人物","父亲；爸爸（亲属称呼）","en far · faren · fedre · fedrene","Faren min heter Li. / Fedrene snakker sammen utenfor skolen. / Faren min jobber i Oslo.","我爸爸叫李。 / 几位父亲在学校外面交谈。 / 我爸爸在奥斯陆工作。","","家庭主题常用词；暂标 A1","来源已登记：词头/词性/核心义项","词头/词性/核心义项","Bokmålsordboka","https://ordbokene.no/bm/far","2026-09-24"
"app.js · 核心名词; NTNU LearnNoW / NoW 初级课程词汇候选","kvinne","ei kvinne","单词","名词","A1","家人和关系 / 家庭与人物","女人；成年女性","ei kvinne · kvinna · kvinner · kvinnene","Det står ei kvinne utenfor. / Kvinnene jobber på samme skole. / Kvinnen snakker norsk.","外面站着一位女性。 / 这些女性在同一所学校工作。 / 这位女士说挪威语。","","人物主题常用词；暂标 A1","来源已登记：词头/词性/核心义项","词头/词性/核心义项","Bokmålsordboka","https://ordbokene.no/bm/kvinne","2026-09-24"
"app.js · 核心名词; NTNU LearnNoW / NoW 初级课程词汇候选","mann","en mann","单词","名词","A1","家人和关系 / 家庭与人物","男人；丈夫（关系语境）","en mann · mannen · menn · mennene","En mann venter utenfor. / Mannen min jobber i Oslo. / En mann venter på bussen.","一名男子在外面等。 / 我丈夫在奥斯陆工作。 / 一个男人在等公交车。","","人物主题常用词；暂标 A1","来源已登记：词头/词性/核心义项","词头/词性/核心义项","Bokmålsordboka","https://ordbokene.no/bm/mann","2026-09-24"
"app.js · 核心名词; NTNU LearnNoW / NoW 初级课程词汇候选","mor","ei mor","单词","名词","A1","家人和关系 / 家庭与人物","母亲；妈妈（较中性/正式的亲属称呼）","ei mor · mora · mødre · mødrene","Mora mi bor i Bergen. / Mødrene venter utenfor skolen. / Mora mi lager middag.","我妈妈住在卑尔根。 / 几位母亲在学校外面等。 / 我妈妈做晚饭。","","家庭主题核心词；暂标 A1","来源已登记：词头/词性/核心义项","词头/词性/核心义项","Bokmålsordboka","https://ordbokene.no/bm/mor","2026-09-24"
"app.js · 核心名词; NTNU LearnNoW / NoW 初级课程词汇候选","navn","et navn","单词","名词","A1","家人和关系 / 家庭与人物","名字；名称（人、地点或事物的称呼）","et navn · navnet · navn · navnene","Hva er navnet ditt? / Barna skriver navnene sine på arket.","你叫什么名字？ / 孩子们把自己的名字写在纸上。","","个人信息基础词；暂标 A1","来源已登记：词头/词性/核心义项","词头/词性/核心义项","Bokmålsordboka","https://ordbokene.no/bm/navn","2026-09-24"
"app.js · 核心名词; NTNU LearnNoW / NoW 初级课程词汇候选","venn","en venn","单词","名词","A1","家人和关系 / 家庭与人物","朋友；友人；（某些语境）伴侣/支持者","en venn · vennen · venner · vennene","Hun er en god venn av meg. / Vi møtte vennene våre på kafé. / Jeg snakker med en venn.","她是我的一位好朋友。 / 我们在咖啡馆见到了朋友们。 / 我和一个朋友聊天。","","人物与关系高频词；暂标 A1","来源已登记：词头/词性/核心义项","词头/词性/核心义项","Bokmålsordboka","https://ordbokene.no/bm/venn","2026-09-24"
"app.js · 核心名词; NTNU LearnNoW / NoW 初级课程词汇候选; Tema: fremtid · 课本专题","familie","en familie","单词","名词","A1","家人和关系 / 家庭与人物 / 未来计划与目标","家庭；一家人；家族（依语境）","en familie · familien · familier · familiene","Familien min bor i Norge. / De kommer fra to forskjellige familier. / Jeg vil reise med familien.","我家人住在挪威。 / 他们来自两个不同的家庭。 / 我的家人住在挪威。 / 我想和家人一起旅行。","","入门家庭主题词；项目暂标 A1，待交叉复核","来源已登记：词义/词性/词形/例句/译文","词义/词性/词形/例句/译文","Bokmålsordboka","https://ordbokene.no/bm/familie","2026-09-24"
"NTNU LearnNoW / NoW 初级课程候选","bestefar","en bestefar","单词","名词","A1","家人与关系","祖父或外祖父；爷爷或外公（不区分父系/母系）","en bestefar · bestefaren · bestefedre · bestefedrene","Bestefaren min bor i Bergen. / Barna besøker bestefedrene sine i helga.","我爷爷住在卑尔根。 / 孩子们周末去看望各自的祖父。","","家庭成员基础名词；暂标 A1","来源已登记：词头/词性/核心义项","词头/词性/核心义项","Bokmålsordboka","https://ordbokene.no/bm/bestefar","2026-09-24"
"NTNU LearnNoW / NoW 初级课程候选","bestemor","ei bestemor","单词","名词","A1","家人与关系","祖母或外祖母；奶奶或外婆（不区分父系/母系）","ei bestemor · bestemora · bestemødre · bestemødrene","Bestemora mi lager vafler på søndager. / Bestemødrene kom på besøk i går.","我奶奶/外婆星期天会做华夫饼。 / 几位奶奶/外婆昨天来做客了。","","家庭成员基础名词；暂标 A1","来源已登记：词头/词性/核心义项","词头/词性/核心义项","Bokmålsordboka","https://ordbokene.no/nob/bm/bestemor","2026-09-24"
"NTNU LearnNoW / NoW 初级课程候选","hverandre","hverandre","单词","代词","A1","家人与社交","彼此；互相（表示相互关系）","hverandre","Vi hjelper hverandre med norskleksene. / De kjenner hverandre fra skolen.","我们互相帮忙做挪威语作业。 / 他们在学校时就认识彼此。","","日常互动中高频相互代词；暂标 A1","来源已登记：词头/词性/核心义项","词头/词性/核心义项","Bokmålsordboka","https://ordbokene.no/bm/hverandre","2026-09-24"
"app.js · 核心动词; NTNU LearnNoW / NoW 初级课程候选","treffe","å treffe","单词","动词","A1","家人与社交 / 待归类","遇见；碰到；与某人会面；击中（依宾语）","treffe · treffer · traff · truffet","Jeg treffer en venn på kafé etter jobb. / Vi traff læreren på butikken. / Jeg treffer henne.","我下班后在咖啡馆和一位朋友见面。 / 我们在商店碰见了老师。","","日常会面与相遇动词；暂标 A1","来源已登记：词头/词性/核心义项","词头/词性/核心义项","Bokmålsordboka","https://ordbokene.no/bm/treffe","2026-09-24"
"vocab-v2-library.js · V2 词条","bad","et bad","单词","名词","A1","家中物品与房间","浴室；洗澡/沐浴（依语境）","et bad · badet · bad · badene","Badet ligger ved siden av soverommet. / Barnet liker å ta et bad.","浴室在卧室旁边。 / 孩子喜欢洗澡。","","项目内部等级标签，需抽查","来源已登记：词头/词性/核心义项","词头/词性/核心义项","Bokmålsordboka","https://ordbokene.no/bm/bad","2026-09-24"
"NTNU LearnNoW / NoW 初级课程候选","balkong","en balkong","单词","名词","A1","家中物品与房间","阳台；建筑外墙外伸、可供站立或休憩的平台","en balkong · balkongen · balkonger · balkongene","Vi spiser frokost på balkongen. / Leiligheten har en stor balkong.","我们在阳台上吃早餐。 / 这套公寓有一个大阳台。","","居住主题常用词；暂标 A1","来源已登记：词头/词性/核心义项","词头/词性/核心义项","Bokmålsordboka","https://ordbokene.no/bm/balkong","2026-09-24"
"NTNU LearnNoW / NoW 初级课程候选","benk","en benk","单词","名词","A1","家中物品与房间","长椅；工作台/操作台（依用途）","en benk · benken · benker · benkene","Vi sitter på en benk i parken. / Benken står ved inngangen.","我们坐在公园的一张长椅上。 / 长椅在入口旁边。","","日常物品基础词；暂标 A1","来源已登记：词头/词性/核心义项","词头/词性/核心义项","Bokmålsordboka","https://ordbokene.no/bm/benk","2026-09-24"
"NTNU LearnNoW / NoW 初级课程候选","bilde","et bilde","单词","名词","A1","家中物品与房间","图像；图片；照片（依来源和语境）","et bilde · bildet · bilder · bildene","Kan du ta et bilde av oss? / Bildet henger på veggen.","你能给我们拍张照片吗？ / 那幅画挂在墙上。","","日常生活基础名词；暂标 A1","来源已登记：词头/词性/核心义项","词头/词性/核心义项","Bokmålsordboka","https://ordbokene.no/bm/bilde","2026-09-24"
"NTNU LearnNoW / NoW 初级课程候选","bokhylle","ei bokhylle","单词","名词","A1","家中物品与房间","书架；放书的架子或书柜","ei bokhylle · bokhylla · bokhyller · bokhyllene","Bøkene står i bokhylla. / Vi trenger ei ny bokhylle.","书放在书架上。 / 我们需要一个新书架。","","家居主题复合词；暂标 A1","来源已登记：词头/词性/核心义项","词头/词性/核心义项","Bokmålsordboka","https://ordbokene.no/bm/bokhylle","2026-09-24"
"NTNU LearnNoW / NoW 初级课程候选","dyne","ei dyne","单词","名词","A1","家中物品与房间","被子；盖在身上的被芯（常为羽绒或纤维填充）","ei dyne · dyna · dyner · dynene","Jeg legger et rent dynetrekk på dyna. / Katten ligger under dyna.","我给被子套上干净的被套。 / 猫躺在被子下面。","","卧室与睡眠基础名词；暂标 A1","来源已登记：词头/词性/核心义项","词头/词性/核心义项","Bokmålsordboka","https://ordbokene.no/bm/dyne","2026-09-24"
"NTNU LearnNoW / NoW 初级课程候选","etasje","en etasje","单词","名词","A1","家中物品与房间","楼层；建筑中的一层","en etasje · etasjen · etasjer · etasjene","Leiligheten ligger i tredje etasje. / Huset har to etasjer.","公寓在三楼。 / 这栋房子有两层。","","住房与楼层主题词；暂标 A1","来源已登记：词头/词性/核心义项","词头/词性/核心义项","Bokmålsordboka","https://ordbokene.no/bm/etasje","2026-09-24"
"NTNU LearnNoW / NoW 初级课程候选","gardin","en gardin","单词","名词","A1","家中物品与房间","窗帘；挂在窗前遮挡或装饰的布帘","en gardin · gardinen · gardiner · gardinene","Vi trekker for gardinene om kvelden. / Den blå gardinen passer til rommet.","我们晚上把窗帘拉上。 / 这条蓝色窗帘和房间很搭。","","家居基础名词；暂标 A1","来源已登记：词头/词性/核心义项","词头/词性/核心义项","Bokmålsordboka","https://ordbokene.no/bm/gardin","2026-09-24"
"NTNU LearnNoW / NoW 初级课程候选","genser","en genser","单词","名词","A1","家中物品与房间","套头毛衣；针织上衣（通常无前开襟）","en genser · genseren · gensere · genserne","Ta på deg en varm genser, det er kaldt. / Genseren min er blå.","穿上一件暖和的毛衣，天气很冷。 / 我的毛衣是蓝色的。","","衣物与日常购物基础词；暂标 A1","来源已登记：词头/词性/核心义项","词头/词性/核心义项","Bokmålsordboka","https://ordbokene.no/bm/genser","2026-09-24"
"NTNU LearnNoW / NoW 初级课程候选","hjørne","et hjørne","单词","名词","A1","家中物品与房间","角；拐角；角落（依位置关系）","et hjørne · hjørnet · hjørner · hjørnene","Stolen står i hjørnet av rommet. / Apoteket ligger rundt hjørnet.","椅子放在房间的角落里。 / 药店就在拐角那边。","","空间与家居主题词；暂标 A1","来源已登记：词头/词性/核心义项","词头/词性/核心义项","Bokmålsordboka","https://ordbokene.no/bm/hj%C3%B8rne","2026-09-24"
"NTNU LearnNoW / NoW 初级课程候选","hylle","ei hylle","单词","名词","A1","家中物品与房间","搁板；架子（依结构）","ei hylle · hylla · hyller · hyllene","Bøkene står på hylla. / Vi trenger to hyller til boden.","书放在架子上。 / 储物间还需要两个架子。","","居家收纳基础名词；暂标 A1","来源已登记：词头/词性/核心义项","词头/词性/核心义项","Bokmålsordboka","https://ordbokene.no/bm/hylle","2026-09-24"
"vocab-v2-library.js · V2 词条","kjøleskap","et kjøleskap","单词","名词","A1","家中物品与房间","冰箱；用于冷藏食物等的电器","et kjøleskap · kjøleskapet · kjøleskap · kjøleskapene","Melka står i kjøleskapet. / Vi trenger et nytt kjøleskap.","牛奶在冰箱里。 / 我们需要一台新冰箱。","","项目内部等级标签，需抽查","来源已登记：词头/词性/核心义项","词头/词性/核心义项","Bokmålsordboka","https://ordbokene.no/bm/kj%C3%B8leskap","2026-09-24"
"NTNU LearnNoW / NoW 初级课程候选","klesskap","et klesskap","单词","名词","A1","家中物品与房间","衣柜；存放衣服的柜子","et klesskap · klesskapet · klesskap · klesskapene","Klærne mine ligger i klesskapet. / Vi kjøpte et nytt klesskap til soverommet.","我的衣服放在衣柜里。 / 我们给卧室买了一个新衣柜。","","卧室家居基础名词；暂标 A1","来源已登记：词头/词性/核心义项","词头/词性/核心义项","Bokmålsordboka","https://ordbokene.no/bm/klesskap","2026-09-24"
"NTNU LearnNoW / NoW 初级课程候选","kommode","en kommode","单词","名词","A1","家中物品与房间","抽屉柜；带抽屉的收纳柜","en kommode · kommoden · kommoder · kommodene","Sokkene ligger i kommoden. / Vi trenger en liten kommode på soverommet.","袜子放在抽屉柜里。 / 卧室里需要一个小抽屉柜。","","卧室家具基础名词；暂标 A1","来源已登记：词头/词性/核心义项","词头/词性/核心义项","Bokmålsordboka","https://ordbokene.no/bm/kommode","2026-09-24"
"NTNU LearnNoW / NoW 初级课程候选","lenestol","en lenestol","单词","名词","A1","家中物品与房间","扶手椅；带靠背和扶手的舒适单人椅","en lenestol · lenestolen · lenestoler · lenestolene","Bestefar sitter i lenestolen og leser. / Vi kjøpte to lenestoler til stua.","爷爷坐在扶手椅上看书。 / 我们给客厅买了两把扶手椅。","","客厅家具基础名词；暂标 A1","来源已登记：词头/词性/核心义项","词头/词性/核心义项","Bokmålsordboka","https://ordbokene.no/bm/lenestol","2026-09-24"
"NTNU LearnNoW / NoW 初级课程候选","lomme","ei lomme","单词","名词","A1","家中物品与房间","口袋；衣物或包上的袋状夹层","ei lomme · lomma · lommer · lommene","Nøkkelen ligger i lomma mi. / Jakka har fire lommer.","钥匙在我的口袋里。 / 这件外套有四个口袋。","","衣物与日常物品基础名词；暂标 A1","来源已登记：词头/词性/核心义项","词头/词性/核心义项","Bokmålsordboka","https://ordbokene.no/bm/lomme","2026-09-24"
"NTNU LearnNoW / NoW 初级课程候选","madrass","en madrass","单词","名词","A1","家中物品与房间","床垫；供躺卧的软垫","en madrass · madrassen · madrasser · madrassene","Madrassen er for hard for meg. / Vi kjøpte en ny madrass til gjesterommet.","这张床垫对我来说太硬了。 / 我们给客房买了一张新床垫。","","卧室与睡眠基础名词；暂标 A1","来源已登记：词头/词性/核心义项","词头/词性/核心义项","Bokmålsordboka","https://ordbokene.no/bm/madrass","2026-09-24"
"NTNU LearnNoW / NoW 初级课程候选","møbel","et møbel","单词","名词","A1","家中物品与房间","家具；一件家具（可数）","et møbel · møbelet · møbler · møblene","Vi trenger et nytt møbel til stua. / De selger gamle møbler på nettet.","我们客厅需要添一件新家具。 / 他们在网上卖旧家具。","","居家物品基础名词；暂标 A1","来源已登记：词头/词性/核心义项","词头/词性/核心义项","Bokmålsordboka","https://ordbokene.no/bm/møbel","2026-09-24"
"NTNU LearnNoW / NoW 初级课程候选","salongbord","et salongbord","单词","名词","A1","家中物品与房间","茶几；客厅里的矮桌","et salongbord · salongbordet · salongbord · salongbordene","Fjernkontrollen ligger på salongbordet. / Vi fant et brukt salongbord på nettet.","遥控器放在茶几上。 / 我们在网上找到一张二手茶几。","","客厅家具名词；暂标 A1","来源已登记：词头/词性/核心义项","词头/词性/核心义项","Bokmålsordboka","https://ordbokene.no/bm/salongbord","2026-09-24"
"NTNU LearnNoW / NoW 初级课程候选","skap","et skap","单词","名词","A1","家中物品与房间","柜子；橱柜；衣柜（泛称，依用途）","et skap · skapet · skap · skapene","Glassene står i skapet. / Vi trenger et større skap til klærne.","玻璃杯放在橱柜里。 / 我们需要一个更大的衣柜放衣服。","","居家物品基础名词；暂标 A1","来源已登记：词头/词性/核心义项","词头/词性/核心义项","Bokmålsordboka","https://ordbokene.no/bm/skap","2026-09-24"
"NTNU LearnNoW / NoW 初级课程候选","skjørt","et skjørt","单词","名词","A1","家中物品与房间","裙子；半身裙","et skjørt · skjørtet · skjørt · skjørtene","Hun har på seg et svart skjørt. / Skjørtene henger i skapet.","她穿着一条黑色裙子。 / 那些裙子挂在衣柜里。","","衣物基础名词；暂标 A1","来源已登记：词头/词性/核心义项","词头/词性/核心义项","Bokmålsordboka","https://ordbokene.no/bm/skjørt","2026-09-24"
"NTNU LearnNoW / NoW 初级课程候选","skrivebord","et skrivebord","单词","名词","A1","家中物品与房间","书桌；写字/办公用的桌子","et skrivebord · skrivebordet · skrivebord · skrivebordene","Leksene ligger på skrivebordet. / Jeg kjøpte et nytt skrivebord til hjemmekontoret.","作业放在书桌上。 / 我给家庭办公室买了一张新书桌。","","家庭和学习环境基础名词；暂标 A1","来源已登记：词头/词性/核心义项","词头/词性/核心义项","Bokmålsordboka","https://ordbokene.no/bm/skrivebord","2026-09-24"
"NTNU LearnNoW / NoW 初级课程候选","sofa","en sofa","单词","名词","A1","家中物品与房间","沙发；供多人坐的软垫家具","en sofa · sofaen · sofaer · sofaene","Katten sover på sofaen. / Vi kjøpte en ny sofa til stua.","猫在沙发上睡觉。 / 我们给客厅买了一张新沙发。","","客厅家具基础名词；暂标 A1","来源已登记：词头/词性/核心义项","词头/词性/核心义项","Bokmålsordboka","https://ordbokene.no/bm/sofa","2026-09-24"
"NTNU LearnNoW / NoW 初级课程候选","soverom","et soverom","单词","名词","A1","家中物品与房间","卧室；供睡觉的房间","et soverom · soverommet · soverom · soverommene","Barna har hvert sitt soverom. / Det står en seng på soverommet.","孩子们各自有自己的卧室。 / 卧室里有一张床。","","住房与房间基础名词；暂标 A1","来源已登记：词头/词性/核心义项","词头/词性/核心义项","Bokmålsordboka","https://ordbokene.no/bm/soverom","2026-09-24"
"NTNU LearnNoW / NoW 初级课程候选","speil","et speil","单词","名词","A1","家中物品与房间","镜子；能反射影像的表面或器具","et speil · speilet · speil · speilene","Hun ser seg i speilet før hun går. / Vi henger et speil i gangen.","她出门前照了照镜子。 / 我们在走廊里挂了一面镜子。","","家居物品基础名词；暂标 A1","来源已登记：词头/词性/核心义项","词头/词性/核心义项","Bokmålsordboka","https://ordbokene.no/bm/speil","2026-09-24"
"NTNU LearnNoW / NoW 初级课程候选","stue","ei stue","单词","名词","A1","家中物品与房间","客厅；起居室","ei stue · stua · stuer · stuene","Vi sitter i stua og ser på TV. / Leiligheten har ei lys stue.","我们坐在客厅里看电视。 / 这套公寓有一个明亮的客厅。","","住房与房间基础名词；暂标 A1","来源已登记：词头/词性/核心义项","词头/词性/核心义项","Bokmålsordboka","https://ordbokene.no/bm/stue","2026-09-24"
"NTNU LearnNoW / NoW 初级课程候选","trapp","ei trapp","单词","名词","A1","家中物品与房间","楼梯；一段台阶；门前台阶（依语境）","ei trapp · trappa · trapper · trappene","Han går opp trappa til andre etasje. / Barna sitter i trappa.","他走楼梯上到二楼。 / 孩子们坐在楼梯上。","","居家空间基础名词；暂标 A1","来源已登记：词头/词性/核心义项","词头/词性/核心义项","Bokmålsordboka","https://ordbokene.no/bm/trapp","2026-09-24"
"NTNU LearnNoW / NoW 初级课程候选","undertøy","et undertøy","单词","名词","A1","家中物品与房间","内衣；贴身衣物（集合称呼）","undertøy · undertøyet","Jeg pakker undertøy til helgeturen. / Undertøyet ligger i den øverste skuffen.","我在为周末旅行收拾内衣。 / 内衣放在最上面的抽屉里。","","衣物基础名词；暂标 A1","来源已登记：词头/词性/核心义项","词头/词性/核心义项","Bokmålsordboka","https://ordbokene.no/bm/undert%C3%B8y","2026-09-24"
"NTNU LearnNoW / NoW 初级课程候选","vegg","en vegg","单词","名词","A1","家中物品与房间","墙；墙壁（房间或建筑的竖直围护面）","en vegg · veggen · vegger · veggene","Bildet henger på veggen. / Vi maler veggene hvite.","画挂在墙上。 / 我们把墙刷成白色。","","房间与家居基础名词；暂标 A1","来源已登记：词头/词性/核心义项","词头/词性/核心义项","Bokmålsordboka","https://ordbokene.no/bm/vegg","2026-09-24"
"vocab-v2-library.js · V2 词条","vindu","et vindu","单词","名词","A1","家中物品与房间","窗；窗户（也可指窗玻璃/窗口，依语境）","et vindu · vinduet · vinduer · vinduene","Kan du åpne vinduet? / Leiligheten har store vinduer.","你能把窗户打开吗？ / 公寓有大窗户。","","项目内部等级标签，需抽查","来源已登记：词头/词性/核心义项","词头/词性/核心义项","Bokmålsordboka","https://ordbokene.no/bm/vindu","2026-09-24"
"app.js · 核心名词; NTNU LearnNoW / NoW 初级课程词汇候选","bord","et bord","单词","名词","A1","家中物品与房间 / 家与房间","桌子；桌面；一桌饭菜（依语境）","et bord · bordet · bord · bordene","Bøkene ligger på bordet. / Vi kjøpte to små bord. / Boka ligger på bordet.","书在桌子上。 / 我们买了两张小桌子。","","家居主题常用词；暂标 A1","来源已登记：词头/词性/核心义项","词头/词性/核心义项","Bokmålsordboka","https://ordbokene.no/bm/bord","2026-09-24"
"app.js · 核心名词; NTNU LearnNoW / NoW 初级课程词汇候选","dør","ei dør","单词","名词","A1","家中物品与房间 / 家与房间","门；出入口的门扇/门口（依语境）","ei dør · døra · dører · dørene","Kan du lukke døra? / Det er tre dører i gangen. / Lukk døra, takk.","你能把门关上吗？ / 走廊里有三扇门。 / 请把门关上。","","家居主题常用词；暂标 A1","来源已登记：词头/词性/核心义项","词头/词性/核心义项","Bokmålsordboka","https://ordbokene.no/bm/d%C3%B8r","2026-09-24"
"app.js · 核心名词; NTNU LearnNoW / NoW 初级课程词汇候选","hus","et hus","单词","名词","A1","家中物品与房间 / 家与房间","房子；住宅；建筑物（依语境）","et hus · huset · hus · husene","De bor i et rødt hus. / Husene ligger nær sjøen. / De bor i et stort hus.","他们住在一栋红色的房子里。 / 那些房子靠近海边。 / 他们住在一栋大房子里。","","居住主题常用词；暂标 A1","来源已登记：词头/词性/核心义项","词头/词性/核心义项","Bokmålsordboka","https://ordbokene.no/bm/hus","2026-09-24"
"app.js · 核心名词; NTNU LearnNoW / NoW 初级课程词汇候选","kjøkken","et kjøkken","单词","名词","A1","家中物品与房间 / 家与房间","厨房；做饭和备餐的房间/空间","et kjøkken · kjøkkenet · kjøkken · kjøkkenene","Mamma lager mat på kjøkkenet. / Leiligheten har to kjøkken. / Kjøkkenet er lite.","妈妈在厨房做饭。 / 这套公寓有两个厨房。 / 厨房很小。","","居住主题常用词；暂标 A1","来源已登记：词头/词性/核心义项","词头/词性/核心义项","Bokmålsordboka","https://ordbokene.no/bm/kj%C3%B8kken","2026-09-24"
"app.js · 核心名词; NTNU LearnNoW / NoW 初级课程词汇候选","leilighet","en leilighet","单词","名词","A1","家中物品与房间 / 家与房间","公寓；住宅楼中的一套住房","en leilighet · leiligheten · leiligheter · leilighetene","Vi leier en leilighet i Oslo. / Leiligheten har to soverom. / Vi har ei lita leilighet.","我们在奥斯陆租了一套公寓。 / 这套公寓有两间卧室。 / 我们有一套小公寓。","","居住主题常用词；暂标 A1","来源已登记：词头/词性/核心义项","词头/词性/核心义项","Bokmålsordboka","https://ordbokene.no/bm/leilighet","2026-09-24"
"app.js · 核心名词; NTNU LearnNoW / NoW 初级课程词汇候选","rom","et rom","单词","名词","A1","家中物品与房间 / 家与房间","房间；空间；（旅馆等的）客房（依语境）","et rom · rommet · rom · rommene","Barna deler et rom. / Rommene er lyse og store. / Barnet er på rommet sitt.","孩子们共用一间房。 / 这些房间明亮又宽敞。 / 孩子在自己的房间里。","","居住主题常用词；暂标 A1","来源已登记：词头/词性/核心义项","词头/词性/核心义项","Bokmålsordboka","https://ordbokene.no/bm/rom","2026-09-24"
"app.js · 核心名词; NTNU LearnNoW / NoW 初级课程词汇候选","seng","ei seng","单词","名词","A1","家中物品与房间 / 家与房间","床；供睡觉或躺卧的家具/地方","ei seng · senga · senger · sengene","Barnet sover i senga si. / Vi trenger to nye senger. / Senga står på soverommet.","孩子睡在自己的床上。 / 我们需要两张新床。 / 床在卧室里。","","居住主题常用词；暂标 A1","来源已登记：词头/词性/核心义项","词头/词性/核心义项","Bokmålsordboka","https://ordbokene.no/bm/seng","2026-09-24"
"app.js · 核心名词; NTNU LearnNoW / NoW 初级课程词汇候选","stol","en stol","单词","名词","A1","家中物品与房间 / 家与房间","椅子；单人座椅；（机构中的）席位/职位（依语境）","en stol · stolen · stoler · stolene","Det står en stol ved bordet. / Stolene er nye. / Jeg sitter på en stol.","桌子旁边有一把椅子。 / 这些椅子是新的。 / 我坐在椅子上。","","家居主题常用词；暂标 A1","来源已登记：词头/词性/核心义项","词头/词性/核心义项","Bokmålsordboka","https://ordbokene.no/bm/stol","2026-09-24"
"NTNU LearnNoW / NoW 初级课程候选","dyr","dyr","单词","形容词","A1","价格与描述","贵的；价格高的；（代价、后果）惨重的；珍贵的（较少见，依语境）","dyr · dyrt · dyre · dyre","Denne jakka er for dyr for meg. / Det er dyrt å bo i Oslo. / Det ble en dyr lærepenge for meg.","这件夹克对我来说太贵了。 / 在奥斯陆生活很贵。 / 这对我来说是一次代价惨重的教训。","https://ordbokene.no/nob/bm/11376","日常购物中高频形容词；暂标 A1","来源已登记：词头/词性/核心义项","词头/词性/核心义项","Bokmålsordboka","https://ordbokene.no/bm/dyr","2026-09-24"
"NTNU LearnNoW / NoW 初级课程候选","helseforsikring","ei helseforsikring","单词","名词","A1","健康与保险","健康保险；医疗保险","ei helseforsikring · helseforsikringa · helseforsikringer · helseforsikringene","Arbeidsgiveren tilbyr privat helseforsikring. / Hun undersøker hva helseforsikringen dekker.","雇主提供私人医疗保险。 / 她在查询医疗保险的保障范围。","","日常就医和保险事务复合名词；暂标 A1","来源已登记：词头/词性/核心义项","词头/词性/核心义项","Bokmålsordboka","https://ordbokene.no/bm/helseforsikring","2026-09-24"
"NTNU LearnNoW / NoW 初级课程候选","ja","ja","单词","感叹词/副词","A1","交流与回应","是；对；好（肯定回应；具体语气看上下文）","ja","Ja, jeg kommer på møtet. / Ja, det var faktisk en lang tur.","好，我会来参加会议。 / 是啊，那确实是一次很长的旅行。","","基础肯定回应词；暂标 A1","来源已登记：词头/词性/核心义项","词头/词性/核心义项","Bokmålsordboka","https://ordbokene.no/bm/ja","2026-09-24"
"NTNU LearnNoW / NoW 初级课程候选","nei","nei","单词","感叹词/副词","A1","交流与回应","不；不是；不，谢谢（否定、拒绝或反对）","nei","Nei takk, jeg vil bare ha vann. / Nei, bussen går ikke før klokka åtte. / Nei takk!","不用了，谢谢，我只想要水。 / 不是，公交车要到八点才发车。 / 不用了，谢谢！","https://ordbokene.no/bm/nei","基础否定回应词；暂标 A1","来源已登记：词头/词性/核心义项","词头/词性/核心义项","Bokmålsordboka","https://ordbokene.no/bm/nei","2026-09-24"
"NTNU LearnNoW / NoW 初级课程候选","hm","hm","单词","感叹词","A1","交流与语气","嗯；唔（表示思考、迟疑或不确定）","hm","Hm, jeg må sjekke kalenderen først. / Hm? Kan du si det en gang til?","嗯，我得先查一下日历。 / 嗯？你能再说一遍吗？","","口语回应和思考感叹词；暂标 A1","来源已登记：词头/词性/核心义项","词头/词性/核心义项","Bokmålsordboka","https://ordbokene.no/bm/hm","2026-09-24"
"NTNU LearnNoW / NoW 初级课程候选","vel","vel","单词","副词","A1","交流与语气","大概；想必；吧（表示推测、确认期待或缓和语气）","vel","Du kommer vel på festen i morgen? / Det er vel best å ringe først.","你明天应该会来参加聚会吧？ / 最好还是先打个电话吧。","","口语常见语气副词；暂标 A1","来源已登记：词头/词性/核心义项","词头/词性/核心义项","Bokmålsordboka","https://ordbokene.no/bm/vel","2026-09-24"
"NTNU LearnNoW / NoW 初级课程候选","av","av","单词","介词","A1","交流与语言","从/由；……的；因；用……制成（由搭配决定）","av","Dette bordet er laget av tre. / Hun er en av vennene mine.","这张桌子是木头做的。 / 她是我的一位朋友。","","基础来源/所属介词；暂标 A1","来源已登记：词头/词性/核心义项","词头/词性/核心义项","Bokmålsordboka","https://ordbokene.no/bm/av","2026-09-24"
"NTNU LearnNoW / NoW 初级课程候选","bare","bare","单词","副词","A1","交流与语言","只；仅仅；不过；就（限制或弱化语气，依语境）","bare","Jeg har bare fem minutter. / Hun vil bare hjelpe.","我只有五分钟。 / 她只是想帮忙。","","高频限定副词；暂标 A1","来源已登记：词头/词性/核心义项","词头/词性/核心义项","Bokmålsordboka","https://ordbokene.no/bm/bare","2026-09-24"
"NTNU LearnNoW / NoW 初级课程候选","brev","et brev","单词","名词","A1","交流与语言","信；信件；书面函件","et brev · brevet · brev · brevene","Jeg skriver et brev til bestemor. / Brevet kom i posten i går.","我给外婆写一封信。 / 这封信昨天邮寄到了。","","日常通信基础名词；暂标 A1","来源已登记：词头/词性/核心义项","词头/词性/核心义项","Bokmålsordboka","https://ordbokene.no/bm/brev","2026-09-24"
"NTNU LearnNoW / NoW 初级课程候选","de","de","单词","代词","A1","交流与语言","他们/她们/它们（主格）；大写 De 可敬称“您”（较正式）","de · dem","De bor i Trondheim. / Jeg snakker med dem hver uke.","他们住在特隆赫姆。 / 我每周都和他们交谈。","","人称代词基础词；项目暂标 A1","来源已登记：词头/词性/核心义项","词头/词性/核心义项","Bokmålsordboka","https://ordbokene.no/bm/de","2026-09-24"
"NTNU LearnNoW / NoW 初级课程候选","dere","dere","单词","代词","A1","交流与语言","你们（第二人称复数；主格和宾格同形）","dere","Dere kan komme inn nå. / Jeg venter på dere utenfor.","你们现在可以进来了。 / 我在外面等你们。","","人称代词基础词；项目暂标 A1","来源已登记：词头/词性/核心义项","词头/词性/核心义项","Bokmålsordboka","https://ordbokene.no/bm/dere","2026-09-24"
"NTNU LearnNoW / NoW 初级课程候选","derfor","derfor","单词","副词","A1","交流与语言","因此；所以；因为这个原因","derfor","Det regner, og derfor tar vi bussen. / Derfor kommer hun litt senere.","下雨了，所以我们坐公交车。 / 因此她会晚一点来。","","基础因果连接副词；暂标 A1","来源已登记：词头/词性/核心义项","词头/词性/核心义项","Bokmålsordboka","https://ordbokene.no/bm/derfor","2026-09-24"
"NTNU LearnNoW / NoW 初级课程候选","dessuten","dessuten","单词","副词","A1","交流与语言","此外；而且；除此之外","dessuten","Leiligheten er billig, og dessuten ligger den nær jobben. / Dessuten har vi ikke nok tid. / Det er sent, og dessuten er jeg trøtt.","这套公寓便宜，而且离工作地点近。 / 此外，我们时间也不够。 / 时间很晚了，而且我也累了。","https://ordbokene.no/bm/dessuten","补充信息连接副词；暂标 A1","来源已登记：词头/词性/核心义项","词头/词性/核心义项","Bokmålsordboka","https://ordbokene.no/bm/dessuten","2026-09-24"
"NTNU LearnNoW / NoW 初级课程候选","diskutere","å diskutere","单词","动词","A1","交流与语言","讨论；就某事交换意见/进行辩论","diskutere · diskuterer · diskuterte · diskutert","Vi diskuterer planen med læreren. / De diskuterte hvor de skulle reise.","我们和老师讨论这个计划。 / 他们讨论了要去哪里旅行。","","学习和日常交流基础动词；暂标 A1","来源已登记：词头/词性/核心义项","词头/词性/核心义项","Bokmålsordboka","https://ordbokene.no/bm/diskutere","2026-09-24"
"NTNU LearnNoW / NoW 初级课程候选","du","du","单词","代词","A1","交流与语言","你（第二人称单数；日常称呼）","du · deg","Hvor bor du nå? / Jeg ringer deg etter kurset. / Hvis jeg var deg, ville jeg ha ringt først.","你现在住在哪里？ / 课程结束后我给你打电话。 / 如果我是你，我会先打电话。","https://ordbokene.no/bm/du","人称代词基础词；项目暂标 A1","来源已登记：词头/词性/核心义项","词头/词性/核心义项","Bokmålsordboka","https://ordbokene.no/bm/du","2026-09-24"
"NTNU LearnNoW / NoW 初级课程候选","for","for","单词","介词","A1","交流与语言","为；给；对；适合/用于；相对于（具体看结构）","for","Denne meldingen er for deg. / Denne boka er for nye elever.","这条消息是给你的。 / 这本书是给新生用的。","","基础对象/用途介词；暂标 A1","来源已登记：词头/词性/核心义项","词头/词性/核心义项","Bokmålsordboka","https://ordbokene.no/bm/for","2026-09-24"
"NTNU LearnNoW / NoW 初级课程候选","forresten","forresten","单词","副词","A1","交流与语言","顺便说一下；对了（插入补充或转换话题）","forresten","Forresten, har du sett nøklene mine? / Jeg må forresten ringe legen i morgen.","对了，你看到我的钥匙了吗？ / 对了，我明天还得给医生打电话。","","日常话语衔接副词；暂标 A1","来源已登记：词头/词性/核心义项","词头/词性/核心义项","Bokmålsordboka","https://ordbokene.no/bm/forresten","2026-09-24"
"NTNU LearnNoW / NoW 初级课程候选","fransk","fransk","单词","形容词","A1","交流与语言","法国的；法语的；（作语言名称）法语","fransk · franske","Hun snakker fransk med naboen. / Vi spiste på en fransk restaurant.","她用法语和邻居交谈。 / 我们在一家法国餐厅吃饭。","","语言主题基础形容词；暂标 A1","来源已登记：词头/词性/核心义项","词头/词性/核心义项","Bokmålsordboka","https://ordbokene.no/bm/fransk","2026-09-24"
"NTNU LearnNoW / NoW 初级课程候选","frimerke","et frimerke","单词","名词","A1","交流与语言","邮票；（体育）盯防对方球员的人/战术","et frimerke · frimerket · frimerker · frimerkene","Jeg setter et frimerke på konvolutten. / Frimerkene er til julekortene. / Hun setter et frimerke på konvolutten.","我在信封上贴一张邮票。 / 这些邮票是给圣诞贺卡用的。 / 她在信封上贴一张邮票。","https://ordbokene.no/bm/18059","邮寄与通信场景基础名词；暂标 A1","来源已登记：词头/词性/核心义项","词头/词性/核心义项","Bokmålsordboka","https://ordbokene.no/bm/frimerke","2026-09-24"
"NTNU LearnNoW / NoW 初级课程候选","gjerne","gjerne","单词","副词","A1","交流与语言","愿意；乐意；很想；通常/往往（依语境）","gjerne · heller · helst","Vil du ha kaffe? – Ja, gjerne. / Jeg vil gjerne lære mer norsk. / Jeg vil gjerne se på den boka.","你想喝咖啡吗？——好啊，乐意。 / 我很想多学一些挪威语。 / 我很想看看那本书。","https://ordbokene.no/bm/gjerne","礼貌表达高频副词；暂标 A1","来源已登记：词头/词性/核心义项","词头/词性/核心义项","Bokmålsordboka","https://ordbokene.no/bm/gjerne","2026-09-24"
"NTNU LearnNoW / NoW 初级课程候选","hallo","hallo","单词","感叹词","A1","交流与语言","你好；喂（打招呼或引起注意）","hallo","Hallo, det er Anna. / Han sa hallo til naboen. / Hallo, hvordan går det?","喂，我是安娜。 / 他向邻居打了招呼。 / 你好，最近怎么样？","https://ordbokene.no/nob/bm/hallo","问候用语；项目暂标 A1","来源已登记：词头/词性/核心义项","词头/词性/核心义项","Bokmålsordboka","https://ordbokene.no/bm/hallo","2026-09-24"
"NTNU LearnNoW / NoW 初级课程候选","hei","hei","单词","感叹词","A1","交流与语言","你好；嗨（见面问候；也可作简短告别）","hei","Hei! Hvordan går det? / Jeg må gå nå. Hei så lenge!","嗨！最近怎么样？ / 我现在得走了，回头见！","","基础问候语；项目暂标 A1","来源已登记：词头/词性/核心义项","词头/词性/核心义项","Bokmålsordboka","https://ordbokene.no/bm/hei","2026-09-24"
"NTNU LearnNoW / NoW 初级课程候选","hete","å hete","单词","动词","A1","交流与语言","名叫；名字是","hete · heter · het · hett","Jeg heter Mei. / Hva heter søsteren din?","我叫梅。 / 你妹妹/姐姐叫什么名字？","","自我介绍基础动词；项目暂标 A1","来源已登记：词义/词性/词形/例句/译文","词义/词性/词形/例句/译文","Bokmålsordboka","https://ordbokene.no/bm/hete","2026-09-24"
"NTNU LearnNoW / NoW 初级课程候选","hilse","å hilse","单词","动词","A1","交流与语言","问候；打招呼；代为向某人问好","hilse · hilser · hilste · hilst","Jeg hilser på læreren hver morgen. / Hils familien din fra meg.","我每天早上向老师问好。 / 替我向你家人问好。","","社交交流常用动词；项目暂标 A1","来源已登记：词义/词性/词形/例句/译文","词义/词性/词形/例句/译文","Bokmålsordboka","https://ordbokene.no/bm/hilse","2026-09-24"
"NTNU LearnNoW / NoW 初级课程候选","hjelp","hjelp","单词","名词","A1","交流与语言","帮助；援助；帮忙；救命！（呼救时）","hjelp · hjelpa · hjelpen","Kan du hjelpe meg? Jeg trenger hjelp. / Takk for hjelpen!","你能帮帮我吗？我需要帮助。 / 谢谢你的帮助！","","日常求助基础词；暂标 A1","来源已登记：词头/词性/核心义项","词头/词性/核心义项","Bokmålsordboka","https://ordbokene.no/bm/hjelp","2026-09-24"
"NTNU LearnNoW / NoW 初级课程候选","hos","hos","单词","介词","A1","交流与语言","在某人那里/家里；在某位专业人士或机构处","hos","Vi spiser middag hos foreldrene mine. / Jeg har time hos tannlegen klokka to.","我们在我父母家吃晚饭。 / 我两点有牙医预约。","","日常地点与拜访表达基础介词；暂标 A1","来源已登记：词头/词性/核心义项","词头/词性/核心义项","Bokmålsordboka","https://ordbokene.no/bm/hos","2026-09-24"
"NTNU LearnNoW / NoW 初级课程候选","hva","hva","单词","代词","A1","交流与语言","什么；什么东西/事情；……的内容（依句型）","hva","Hva skal vi spise i kveld? / Hun spør hva klokka er.","我们今晚吃什么？ / 她问现在几点。","","疑问词基础项；项目暂标 A1","来源已登记：词头/词性/核心义项","词头/词性/核心义项","Bokmålsordboka","https://ordbokene.no/bm/hva","2026-09-24"
"NTNU LearnNoW / NoW 初级课程候选","hvilken","hvilken","单词","限定词","A1","交流与语言","哪一个/哪一种（修饰名词；词形随名词变化）","hvilken · hvilket · hvilke","Hvilken buss går til sentrum? / Hvilket språk snakker de?","哪路公交车去市中心？ / 他们说哪种语言？","","基础疑问限定词；暂标 A1","来源已登记：词头/词性/核心义项","词头/词性/核心义项","Bokmålsordboka","https://ordbokene.no/bm/hvilken","2026-09-24"
"NTNU LearnNoW / NoW 初级课程候选","hvor","hvor","单词","副词","A1","交流与语言","哪里；多么/多（与形容词或副词连用）","hvor","Hvor ligger apoteket? / Hvor langt er det til sentrum?","药店在哪里？ / 到市中心有多远？","","疑问副词基础项；项目暂标 A1","来源已登记：词头/词性/核心义项","词头/词性/核心义项","Bokmålsordboka","https://ordbokene.no/bm/hvor","2026-09-24"
"NTNU LearnNoW / NoW 初级课程候选","hvordan","hvordan","单词","副词","A1","交流与语言","怎样；如何；怎么样（询问方式或状况）","hvordan","Hvordan kommer jeg til togstasjonen? / Hvordan har du det i dag? / Hun spør hvordan han er.","我怎么去火车站？ / 你今天怎么样？ / 她在问他怎么样。","https://ordbokene.no/bm/hvordan","疑问副词基础项；项目暂标 A1","来源已登记：词头/词性/核心义项","词头/词性/核心义项","Bokmålsordboka","https://ordbokene.no/bm/hvordan","2026-09-24"
"NTNU LearnNoW / NoW 初级课程候选","ingen","ingen","单词","限定词","A1","交流与语言","没有一个；没有任何（修饰名词；形式随名词性数变化）","ingen · intet · ingen","Jeg har ingen bil. / Det er ingen elever i klasserommet.","我没有车。 / 教室里一个学生也没有。","","否定限定词基础项；暂标 A1","来源已登记：词头/词性/核心义项","词头/词性/核心义项","Bokmålsordboka","https://ordbokene.no/bm/ingen","2026-09-24"
"NTNU LearnNoW / NoW 初级课程候选","ingenting","ingenting","单词","限定词","A1","交流与语言","什么也没有；没有任何东西/事情","ingenting","Jeg forstår ingenting av denne beskjeden. / Det er ingenting å bekymre seg for. / Det gjør ingenting.","这条通知我一点也看不懂。 / 没什么可担心的。 / 没关系。/这没什么。","https://ordbokene.no/bm/ingenting","基础否定限定词；暂标 A1","来源已登记：词头/词性/核心义项","词头/词性/核心义项","Bokmålsordboka","https://ordbokene.no/bm/ingenting","2026-09-24"
"NTNU LearnNoW / NoW 初级课程候选","kalle","å kalle","单词","动词","A1","交流与语言","叫；召唤；叫作/给……取名；称……为；（贬义）辱骂","kalle · kaller · kalte · kalt","De kaller datteren sin Emma. / Han kalte meg en god venn. / De kalte inn til møte.","他们给女儿取名艾玛。 / 他称我为一位好朋友。 / 他们召集开会。","https://ordbokene.no/bm/kalle","姓名与称呼基础动词；暂标 A1","来源已登记：词头/词性/核心义项","词头/词性/核心义项","Bokmålsordboka","https://ordbokene.no/bm/kalle","2026-09-24"
"NTNU LearnNoW / NoW 初级课程候选","måte","en måte","单词","名词","A1","交流与语言","方式；做法；方法；适度/限度（依搭配）","en måte · måten · måter · måtene","Kan du vise meg en annen måte å gjøre det på? / På denne måten lærer vi nye ord. / Kan du si det på en enklere måte?","你能给我演示另一种做法吗？ / 这样我们就能学新词。 / 你能用更简单的方式说吗？","https://ordbokene.no/bm/m%C3%A5te","基础交际名词；暂标 A1","来源已登记：词头/词性/核心义项","词头/词性/核心义项","Bokmålsordboka","https://ordbokene.no/bm/måte","2026-09-24"
"NTNU LearnNoW / NoW 初级课程候选","også","også","单词","副词","A1","交流与语言","也；还；同样；（语气表达中）竟然/真是","også","Mannen min lærer også norsk. / Hun liker kaffe, og hun liker også te. / Nei, kommer du også?","我丈夫也在学挪威语。 / 她喜欢咖啡，也喜欢茶。 / 咦，你也来吗？","https://ordbokene.no/bm/ogs%C3%A5","基础添加副词；暂标 A1","来源已登记：词头/词性/核心义项","词头/词性/核心义项","Bokmålsordboka","https://ordbokene.no/bm/ogs%C3%A5","2026-09-24"
"NTNU LearnNoW / NoW 初级课程候选","ringe","å ringe","单词","动词","A1","交流与语言","响铃；按铃/门铃；打电话给","ringe · ringer · ringte · ringt","Jeg ringer til legen etter lunsj. / Det ringte på døra mens jeg lagde mat. / Telefonen ringer.","我午饭后给医生打电话。 / 我做饭时有人按门铃了。 / 电话响了。","https://ordbokene.no/bm/ringe","电话与日常沟通常用动词；暂标 A1","来源已登记：词头/词性/核心义项","词头/词性/核心义项","Bokmålsordboka","https://ordbokene.no/bm/ringe","2026-09-24"
"NTNU LearnNoW / NoW 初级课程候选","sende","å sende","单词","动词","A1","交流与语言","发送；寄送；派遣；递给；投掷/发射；发出/播送（依语境）","sende · sender · sendte · sendt","Jeg sender deg adressen på SMS. / Hun sendte pakken i går. / Kan du sende meg en melding når du er framme?","我用短信把地址发给你。 / 她昨天把包裹寄出去了。 / 你到达后能给我发条消息吗？","https://ordbokene.no/bm/sende","日常通信与传递基础动词；暂标 A1","来源已登记：词头/词性/核心义项","词头/词性/核心义项","Bokmålsordboka","https://ordbokene.no/bm/sende","2026-09-24"
"NTNU LearnNoW / NoW 初级课程候选","takk","en takk","单词","名词","A1","交流与语言","感谢；谢意；道谢的话；礼貌地接受或拒绝","en takk · takken · takker · takkene","Tusen takk for hjelpen. / Hun sa takk og gikk. / Takk, nå er jeg forsynt.","非常感谢你的帮助。 / 她道了谢就走了。 / 谢谢，我已经够了。","https://ordbokene.no/bm/takk","高频礼貌表达；暂标 A1","来源已登记：词头/词性/核心义项","词头/词性/核心义项","Bokmålsordboka","https://ordbokene.no/bm/takk","2026-09-24"
"NTNU LearnNoW / NoW 初级课程候选","takke","å takke","单词","动词","A1","交流与语言","感谢；道谢；接受（takke ja）；谢绝（takke nei）；归因于/归功于（依结构）","takke · takker · takket · takket","Jeg vil takke deg for hjelpen. / Hun takket nei til invitasjonen. / Han takket henne for gaven.","我想感谢你的帮助。 / 她谢绝了邀请。 / 他感谢她送的礼物。","https://ordbokene.no/nno/bm/takke","日常礼貌交流动词；暂标 A1","来源已登记：词头/词性/核心义项","词头/词性/核心义项","Bokmålsordboka","https://ordbokene.no/bm/takke","2026-09-24"
"NTNU LearnNoW / NoW 初级课程候选","unnskyld","unnskyld","单词","感叹词","A1","交流与语言","对不起/抱歉；劳驾/请问（礼貌地引起注意）","unnskyld","Unnskyld, jeg kom for sent. / Unnskyld, hvor er nærmeste bussholdeplass? / Unnskyld, kan du si meg veien til byen? / Unnskyld, kan du si meg veien til byen?","对不起，我来晚了。 / 请问，最近的公交站在哪里？ / 劳驾，能告诉我去市中心的路怎么走吗？ / 打扰一下，你能告诉我去市中心的路吗？","https://ordbokene.no/bm/unnskyld / https://ordbokene.no/nob/bm/unnskyld","基础礼貌表达；暂标 A1","来源已登记：词头/词性/核心义项","词头/词性/核心义项","Bokmålsordboka","https://ordbokene.no/bm/unnskyld","2026-09-24"
"NTNU LearnNoW / NoW 初级课程候选","vise","å vise","单词","动词","A1","交流与语言","给……看；展示；指路；显示/表明；转交或引介（依结构）","vise · viser · viste · vist","Kan du vise meg veien til stasjonen? / Hun viste oss bildene fra ferien. / Hun viste meg arbeidsplassen sin.","你能给我指一下去车站的路吗？ / 她给我们看了度假时拍的照片。 / 她带我看了她的工作场所。","https://ordbokene.no/bm/vise","日常展示、指路和说明基础动词；暂标 A1","来源已登记：词头/词性/核心义项","词头/词性/核心义项","Bokmålsordboka","https://ordbokene.no/bm/vise","2026-09-24"
"app.js · 核心动词; NTNU LearnNoW / NoW 初级课程候选","høre","å høre","单词","动词","A1","交流与语言 / 待归类","听见；听到；听取；听说；（事物）属于/归于（依搭配）","høre · hører · hørte · hørt","Jeg hører på norsk radio hver morgen. / Har du hørt om den nye kafeen? / Har du hørt denne sangen før? / Jeg hører deg.","我每天早上听挪威语广播。 / 你听说那家新咖啡馆了吗？ / 你以前听过这首歌吗？","https://ordbokene.no/nob/bm/h%C3%B8re","听觉与交流基础动词；暂标 A1","来源已登记：词头/词性/核心义项","词头/词性/核心义项","Bokmålsordboka","https://ordbokene.no/bm/h%C3%B8re","2026-09-24"
"app.js · 核心动词; NTNU LearnNoW / NoW 初级课程候选","mene","å mene","单词","动词","A1","交流与语言 / 待归类","认为；觉得；意思是；指的是","mene · mener · mente · ment","Jeg mener at vi bør ta bussen. / Hva mener du med dette ordet? / Jeg mener det. / Jeg skjønner ikke hva du mener.","我认为我们应该坐公交车。 / 你说这个词是什么意思？ / 我不明白你的意思。","https://ordbokene.no/bm/mene","表达看法与含义基础动词；暂标 A1","来源已登记：词头/词性/核心义项","词头/词性/核心义项","Bokmålsordboka","https://ordbokene.no/bm/mene","2026-09-24"
"app.js · 核心动词; NTNU LearnNoW / NoW 初级课程候选; Tema: fremtid · 课本专题","skulle","å skulle","单词","动词","A1","交流与语言 / 待归类 / 未来计划与目标","将要；应该；过去曾打算/需要（依语境）","skulle · skal · skulle · skullet","Jeg skal besøke søsteren min i morgen. / Hun sa at hun skulle ringe. / Jeg skal jobbe. / Vi skal reise i morgen. / Vi skal besøke familien i helgen.","我明天要去看望妹妹。 / 她说她会打电话。 / 我们明天要出发。 / 我们周末要去看家人。","https://ordbokene.no/nob/bm/skulle","高频情态动词；暂标 A1","来源已登记：词头/词性/核心义项","词头/词性/核心义项","Bokmålsordboka","https://ordbokene.no/bm/skulle","2026-09-24"
"app.js · 核心动词; NTNU LearnNoW / NoW 初级课程候选; Tema: fremtid · 课本专题","ville","å ville","单词","动词","A1","交流与语言 / 待归类 / 未来计划与目标","想要；愿意；将会/会（依语境）","ville · vil · ville · villet","Jeg vil gjerne snakke bedre norsk. / Vi ville kjøpe bil, men ventet. / Jeg vil lære norsk. / Vil dere ha litt kaffe? / Jeg vil lære et nytt språk.","我很想把挪威语说得更好。 / 我们当时想买车，但后来等了等。 / 你们想来点咖啡吗？ / 我想学一门新语言。","https://ordbokene.no/bm/ville","高频情态动词；暂标 A1","来源已登记：词头/词性/核心义项","词头/词性/核心义项","Bokmålsordboka","https://ordbokene.no/bm/ville","2026-09-24"
"app.js · 核心动词; NTNU LearnNoW / NoW 初级课程词汇候选","fortelle","å fortelle","单词","动词","A1","交流与语言 / 家庭与人物","讲述；告诉","fortelle · forteller · fortalte · fortalt","Kan du fortelle meg hva som skjedde? / Bestefar fortalte en morsom historie. / Jeg forteller meg det. / Fortell mer!","你能告诉我发生了什么吗？ / 爷爷讲了一个有趣的故事。 / 再多讲一些！","https://ordbokene.no/bm/fortelle","交流主题常用动词；暂标 A1","来源已登记：词头/词性/核心义项","词头/词性/核心义项","Bokmålsordboka","https://ordbokene.no/bm/fortelle","2026-09-24"
"app.js · 核心动词; NTNU LearnNoW / NoW 初级课程词汇候选","snakke","å snakke","单词","动词","A1","交流与语言 / 家庭与人物","说话；交谈；讲某种语言","snakke · snakker · snakket · snakket","Jeg snakker norsk med læreren. / Vi snakket sammen etter kurset. / Jeg snakker med naboen. / Vi har aldri snakket om det.","我和老师说挪威语。 / 课程结束后我们聊了一会儿。 / 我们从来没有谈过这件事。","https://ordbokene.no/bm/snakke","语言学习核心词；暂标 A1","来源已登记：词头/词性/核心义项","词头/词性/核心义项","Bokmålsordboka","https://ordbokene.no/bm/snakke","2026-09-24"
"app.js · 核心动词; NTNU LearnNoW / NoW 初级课程词汇候选","spørre","å spørre","单词","动词","A1","交流与语言 / 家庭与人物","问；询问","spørre · spør · spurte · spurt","Jeg vil spørre læreren om leksene. / Hun spurte etter veien til stasjonen. / Jeg spør læreren. / Hun spurte om veien.","我想问老师作业的事。 / 她打听去车站的路。 / 她问了路。","https://ordbokene.no/nob/bm/sp%C3%B8rre","交流主题核心词；暂标 A1","来源已登记：词头/词性/核心义项","词头/词性/核心义项","Bokmålsordboka","https://ordbokene.no/bm/sp%C3%B8rre","2026-09-24"
"app.js · 核心动词; NTNU LearnNoW / NoW 初级课程候选","si","å si","单词","动词","A1","交流与语言 / 健康与看医生","说；告诉；表达（说出内容）","si · sier · sa · sagt","Kan du si navnet ditt en gang til? / Hun sa fra at hun ble forsinket. / Jeg sier det. / Hun sier at det regner.","你能再说一遍你的名字吗？ / 她通知说自己会迟到。 / 她说正在下雨。","https://ordbokene.no/bm/si","基础言语动词；暂标 A1","来源已登记：词头/词性/核心义项","词头/词性/核心义项","Bokmålsordboka","https://ordbokene.no/bm/si","2026-09-24"
"NTNU LearnNoW / NoW 初级课程候选; Tema: fremtid · 课本专题","til","til","单词","介词","A1","交流与语言 / 未来计划与目标","到/向；给；用于/供；直到；属于/关于（依结构）","til","Vi reiser til Bergen på fredag. / Jeg ga nøkkelen til naboen. / Er den virkelig til meg? / Det kommer til å regne.","我们星期五去卑尔根。 / 我把钥匙给了邻居。 / 它真的是给我的吗？ / 这将会下雨。","https://ordbokene.no/bm/til","基础介词；暂标 A1","来源已登记：词头/词性/核心义项","词头/词性/核心义项","Bokmålsordboka","https://ordbokene.no/bm/til","2026-09-24"
"app.js · 核心动词; NTNU LearnNoW / NoW 初级课程候选","forstå","å forstå","单词","动词","A1","交流与语言 / 学习与工作","理解；听懂；明白","forstå · forstår · forsto · forstått","Jeg forstår ikke spørsmålet. / Nå forstår jeg hva du mener. / Jeg forstår litt norsk. / Jeg forstår deg.","我不明白这个问题。 / 现在我明白你的意思了。 / 我理解你。","https://ordbokene.no/bm/forst%C3%A5","理解与交流核心动词；暂标 A1","来源已登记：词头/词性/核心义项","词头/词性/核心义项","Bokmålsordboka","https://ordbokene.no/bm/forst%C3%A5","2026-09-24"
"NTNU LearnNoW / NoW 初级课程候选","bagasje","bagasje","单词","名词","A1","交通与出行","行李；旅行时携带的物品（通常作集合名词）","bagasje · bagasjen","Har du bare håndbagasje? / Bagasjen kommer snart på båndet. / Vi reiser med lite bagasje.","你只有随身行李吗？ / 行李很快会出现在传送带上。 / 我们轻装出行。","https://ordbokene.no/bm%2Cnn/bagasje","旅行主题基础词；暂标 A1","来源已登记：词头/词性/核心义项","词头/词性/核心义项","Bokmålsordboka","https://ordbokene.no/bm/bagasje","2026-09-24"
"NTNU LearnNoW / NoW 初级课程候选","bensinstasjon","en bensinstasjon","单词","名词","A1","交通与出行","加油站；为机动车加注燃料的场所","en bensinstasjon · bensinstasjonen · bensinstasjoner · bensinstasjonene","Vi stopper på bensinstasjonen for å fylle bensin. / Det ligger en bensinstasjon ved motorveien.","我们在加油站停下来加油。 / 高速公路旁有一家加油站。","","出行生活主题词；项目暂标 A1","来源已登记：词义/词性/词形/例句/译文","词义/词性/词形/例句/译文","Bokmålsordboka","https://ordbokene.no/bm%2Cnn/bensinstasjon","2026-09-24"
"app.js · 核心名词; NTNU LearnNoW / NoW 初级课程词汇候选","bil","en bil","单词","名词","A1","交通与出行","汽车；机动车（通常指轿车）","en bil · bilen · biler · bilene","Vi har en liten bil. / Bilen står utenfor huset. / Vi kjører bil til byen.","我们有一辆小汽车。 / 那辆车停在房子外面。 / 我们开车去城里。","","入门生活主题词；项目暂标 A1，待交叉复核","来源已登记：词义/词性/词形/例句/译文","词义/词性/词形/例句/译文","Bokmålsordboka","https://ordbokene.no/bm/bil","2026-09-24"
"app.js · 核心名词; NTNU LearnNoW / NoW 初级课程词汇候选","billett","en billett","单词","名词","A1","交通与出行","票；车票；入场券（凭票乘车或进入活动/场所）","en billett · billetten · billetter · billettene","Jeg kjøper en billett til Oslo. / Hvor er billettene våre? / Jeg kjøper billetter til en teaterforestilling. / Jeg kjøper en billett.","我买一张去奥斯陆的车票。 / 我们的票在哪里？ / 我买了戏剧演出的门票。 / 我买一张票。","https://ordbokene.no/bm/billett","交通主题常用词；暂标 A1","来源已登记：词头/词性/核心义项","词头/词性/核心义项","Bokmålsordboka","https://ordbokene.no/bm/billett","2026-09-24"
"app.js · 核心名词; NTNU LearnNoW / NoW 初级课程词汇候选","buss","en buss","单词","名词","A1","交通与出行","公共汽车；公交车","en buss · bussen · busser · bussene","Vi tar bussen til sentrum. / Bussen kommer om fem minutter. / Jeg tar bussen til jobb.","我们坐公交去市中心。 / 公交车五分钟后到。 / 我坐公交去上班。","","交通主题常用词；暂标 A1","来源已登记：词头/词性/核心义项","词头/词性/核心义项","Bokmålsordboka","https://ordbokene.no/bm/buss","2026-09-24"
"NTNU LearnNoW / NoW 初级课程候选","bussjåfør","en bussjåfør","单词","名词","A1","交通与出行","公交车司机；驾驶公共汽车的人","en bussjåfør · bussjåføren · bussjåfører · bussjåførene","Bussjåføren åpner døra. / Jeg spør bussjåføren om holdeplassen.","公交车司机打开了车门。 / 我向公交车司机打听下车站点。","","公共交通主题词；暂标 A1","来源已登记：词头/词性/核心义项","词头/词性/核心义项","Bokmålsordboka","https://ordbokene.no/bm/bussj%C3%A5f%C3%B8r","2026-09-24"
"NTNU LearnNoW / NoW 初级课程候选","bussrute","ei bussrute","单词","名词","A1","交通与出行","公交线路；公交车固定行驶的路线","ei bussrute · bussruta · bussruter · bussrutene","Hvilken bussrute går til sentrum? / Bussruta endres i helgene. / Den nye bussruten gir folk et bedre kollektivtilbud.","哪条公交线路去市中心？ / 公交线路在周末会调整。 / 新公交线路为人们提供了更好的公共交通服务。","https://ordbokene.no/bm/bussrute","公共交通主题词；暂标 A1","来源已登记：词头/词性/核心义项","词头/词性/核心义项","Bokmålsordboka","https://ordbokene.no/bm/bussrute","2026-09-24"
"NTNU LearnNoW / NoW 初级课程候选","busstur","en busstur","单词","名词","A1","交通与出行","一趟公交车程；乘公交的一次行程","en busstur · bussturen · bussturer · bussturene","Det er en lang busstur til hytta. / Barna liker bussturer.","坐公交去小木屋要很久。 / 孩子们喜欢坐公交出行。","","出行主题复合词；暂标 A1","来源已登记：词头/词性/核心义项","词头/词性/核心义项","Bokmålsordboka","https://ordbokene.no/bm/110965","2026-09-24"
"app.js · 核心名词; NTNU LearnNoW / NoW 初级课程词汇候选","by","en by","单词","名词","A1","交通与出行","城市；市镇；（定指 byen 依语境可指）城里/市中心","en by · byen · byer · byene","Bergen er en vakker by. / Vi går en tur i byen. / Det går en bussrute inn til byen hvert kvarter. / Oslo er en stor by.","卑尔根是一座美丽的城市。 / 我们在城里散步。 / 每十五分钟就有一班公交开进城里。 / 奥斯陆是一座大城市。","https://ordbokene.no/bm/by","入门生活主题词；项目暂标 A1，待交叉复核","来源已登记：词义/词性/词形/例句/译文","词义/词性/词形/例句/译文","Bokmålsordboka","https://ordbokene.no/bm/8262","2026-09-24"
"NTNU LearnNoW / NoW 初级课程候选","bytte","å bytte","单词","动词","A1","交通与出行","更换；交换；换乘（依宾语和结构）","bytte · bytter · byttet · byttet","Du må bytte buss på stasjonen. / Jeg byttet den for store jakka. / Vi bytter tog i Hamburg.","你需要在车站换乘公交车。 / 我把那件太大的夹克换掉了。 / 我们在汉堡换乘火车。","https://ordbokene.no/bm/bytte","出行与日常动作常用词；暂标 A1","来源已登记：词头/词性/核心义项","词头/词性/核心义项","Bokmålsordboka","https://ordbokene.no/bm/bytte","2026-09-24"
"NTNU LearnNoW / NoW 初级课程候选","båt","en båt","单词","名词","A1","交通与出行","船；船只（常见水上交通工具）","en båt · båten · båter · båtene","De tar båt til øya. / Båten ligger ved brygga.","他们乘船去岛上。 / 船停在码头边。","","交通与自然生活主题词；项目暂标 A1","来源已登记：词头/词性/核心义项","词头/词性/核心义项","Bokmålsordboka","https://ordbokene.no/bm/b%C3%A5t","2026-09-24"
"NTNU LearnNoW / NoW 初级课程候选","dra","å dra","单词","动词","A1","交通与出行","去；出发/前往；拉、拽（依结构和语境）","dra · drar · dro · dratt","Vi drar til legen etter lunsj. / Hun dro hjem tidlig. / Vi drar en tur til Bergen i helga.","我们午饭后去看医生。 / 她很早就回家了。 / 我们周末去卑尔根一趟。","https://ordbokene.no/bm/dra","出行主题常用动词；项目暂标 A1","来源已登记：词头/词性/核心义项","词头/词性/核心义项","Bokmålsordboka","https://ordbokene.no/bm/dra","2026-09-24"
"NTNU LearnNoW / NoW 初级课程候选","fly","et fly","单词","名词","A1","交通与出行","飞机；（依语境）航班/班机","et fly · flyet · fly · flyene","Vi tar et fly til Bergen. / Flyene er forsinket på grunn av været. / Tar du tog eller fly?","我们乘飞机去卑尔根。 / 由于天气原因，航班延误了。 / 你坐火车还是乘飞机？","https://ordbokene.no/bm/15542","出行主题基础词；项目暂标 A1","来源已登记：词头/词性/核心义项","词头/词性/核心义项","Bokmålsordboka","https://ordbokene.no/bm/fly","2026-09-24"
"NTNU LearnNoW / NoW 初级课程候选","flybuss","en flybuss","单词","名词","A1","交通与出行","机场巴士；往返机场与市区等地点的巴士","en flybuss · flybussen · flybusser · flybussene","Vi tar flybussen til sentrum. / Flybussen stopper utenfor terminalen.","我们坐机场巴士去市中心。 / 机场巴士在航站楼外停靠。","","机场交通主题词；暂标 A1","来源已登记：词头/词性/核心义项","词头/词性/核心义项","Ordliste.no","https://www.ordlista.no/ord/flybuss","2026-09-24"
"NTNU LearnNoW / NoW 初级课程候选","fra","fra","单词","介词","A1","交通与出行","从；来自；自……起（表示地点、来源或时间起点）","fra","Jeg kommer fra Kina. / Butikken er åpen fra ni til fem.","我来自中国。 / 商店从九点开到五点。","","基础介词；项目暂标 A1","来源已登记：词头/词性/核心义项","词头/词性/核心义项","Bokmålsordboka","https://ordbokene.no/bm/fra","2026-09-24"
"NTNU LearnNoW / NoW 初级课程候选","jernbanestasjon","en jernbanestasjon","单词","名词","A1","交通与出行","铁路车站；火车站","en jernbanestasjon · jernbanestasjonen · jernbanestasjoner · jernbanestasjonene","Vi møtes foran jernbanestasjonen. / Toget går fra jernbanestasjonen klokka seks.","我们在火车站前面见。 / 火车六点从火车站发车。","","铁路与出行基础名词；暂标 A1","来源已登记：词头/词性/核心义项","词头/词性/核心义项","Bokmålsordboka","https://ordbokene.no/bm/jernbanestasjon","2026-09-24"
"NTNU LearnNoW / NoW 初级课程候选","kart","et kart","单词","名词","A1","交通与出行","地图；图表/菜单等以图示或列表呈现的内容（依语境）","et kart · kartet · kart · kartene","Kan du vise meg det på kartet? / Vi trenger et kart over byen. / Vi leser kartet før vi går videre.","你能在地图上指给我看吗？ / 我们需要一张城市地图。 / 我们继续走之前先看地图。","https://ordbokene.no/nob/bm/kart","出行主题常用词；项目暂标 A1","来源已登记：词头/词性/核心义项","词头/词性/核心义项","Bokmålsordboka","https://ordbokene.no/bm/kart","2026-09-24"
"NTNU LearnNoW / NoW 初级课程候选","kilometer","en kilometer","单词","名词","A1","交通与出行","公里；千米（长度单位，1 公里 = 1,000 米）","en kilometer · kilometeren · kilometer · kilometerne","Det er tre kilometer til skolen. / Butikken ligger én kilometer unna.","到学校有三公里。 / 商店在一公里外。","","距离单位基础词；项目暂标 A1","来源已登记：词头/词性/核心义项","词头/词性/核心义项","Bokmålsordboka","https://ordbokene.no/bm/kilometer","2026-09-24"
"app.js · 核心动词; NTNU LearnNoW / NoW 初级课程词汇候选","kjøre","å kjøre","单词","动词","A1","交通与出行","驾驶；开车；乘车行驶；开车运送（依句型）","kjøre · kjører · kjørte · kjørt","Hun kjører barna til skolen. / Vi kjørte hjem etter besøket. / Kan du kjøre meg hjem? / Jeg kjører til Oslo.","她开车送孩子们去学校。 / 探访结束后我们开车回家了。 / 你能开车送我回家吗？","https://ordbokene.no/bm/kj%C3%B8re","交通主题常用词；暂标 A1","来源已登记：词头/词性/核心义项","词头/词性/核心义项","Bokmålsordboka","https://ordbokene.no/bm/kjøre","2026-09-24"
"NTNU LearnNoW / NoW 初级课程候选","koffert","en koffert","单词","名词","A1","交通与出行","行李箱；旅行箱","en koffert · kofferten · kofferter · koffertene","Jeg pakker kofferten i kveld. / Koffertene står ved døra.","我今晚收拾行李箱。 / 行李箱放在门边。","","旅行主题常用词；暂标 A1","来源已登记：词头/词性/核心义项","词头/词性/核心义项","Bokmålsordboka","https://ordbokene.no/bm/koffert","2026-09-24"
"NTNU LearnNoW / NoW 初级课程候选","kontrollere","å kontrollere","单词","动词","A1","交通与出行","检查；核对；控制（依对象和语境）","kontrollere · kontrollerer · kontrollerte · kontrollert","De kontrollerer passene ved grensa. / Jeg kontrollerte tidspunktet en gang til.","他们在边境检查护照。 / 我又核对了一遍时间。","","旅行与日常手续主题词；暂标 A1","来源已登记：词头/词性/核心义项","词头/词性/核心义项","Bokmålsordboka","https://ordbokene.no/bm/31481","2026-09-24"
"NTNU LearnNoW / NoW 初级课程候选","lastebil","en lastebil","单词","名词","A1","交通与出行","卡车；货车（用于载运货物的较大型汽车）","en lastebil · lastebilen · lastebiler · lastebilene","Lastebilen leverer møbler til butikken. / Onkelen min kjører lastebil.","卡车把家具送到商店。 / 我叔叔开卡车。","","交通工具基础名词；暂标 A1","来源已登记：词头/词性/核心义项","词头/词性/核心义项","Bokmålsordboka","https://ordbokene.no/bm/lastebil","2026-09-24"
"NTNU LearnNoW / NoW 初级课程候选","lufthavn","ei lufthavn","单词","名词","A1","交通与出行","机场；航空港（较正式说法）","ei lufthavn · lufthavna · lufthavner · lufthavnene","Vi kommer til lufthavna to timer før flyet går. / Lufthavnen ligger utenfor byen.","我们在飞机起飞前两小时到机场。 / 机场位于城外。","","旅行主题常用词；暂标 A1","来源已登记：词头/词性/核心义项","词头/词性/核心义项","Bokmålsordboka","https://ordbokene.no/bm/35933","2026-09-24"
"NTNU LearnNoW / NoW 初级课程候选","sjåfør","en sjåfør","单词","名词","A1","交通与出行","司机；驾驶员","en sjåfør · sjåføren · sjåfører · sjåførene","Sjåføren åpner døra for passasjerene. / Jeg spør sjåføren hvor bussen stopper.","司机为乘客打开车门。 / 我问司机公交车在哪里停。","","交通出行基础名词；暂标 A1","来源已登记：词头/词性/核心义项","词头/词性/核心义项","Bokmålsordboka","https://ordbokene.no/bm/sj%C3%A5f%C3%B8r","2026-09-24"
"app.js · 核心名词; NTNU LearnNoW / NoW 初级课程词汇候选","tog","et tog","单词","名词","A1","交通与出行","火车；列车；（固定表达中）游行队伍/队列","et tog · toget · tog · togene","Vi tar toget til Trondheim. / Togene går hver time. / Når går toget ditt? / Toget kommer klokka åtte.","我们坐火车去特隆赫姆。 / 火车每小时一班。 / 你的火车几点开？ / 火车八点到。","https://ordbokene.no/bm/tog","交通主题常用词；暂标 A1","来源已登记：词头/词性/核心义项","词头/词性/核心义项","Bokmålsordboka","https://ordbokene.no/bm/tog","2026-09-24"
"app.js · 核心动词; NTNU LearnNoW / NoW 初级课程词汇候选; Tema: fremtid · 课本专题","reise","å reise","单词","动词","A1","交通与出行 / 未来计划与目标","旅行；出行；乘坐交通工具出行","reise · reiser · reiste · reist","Vi reiser til Tromsø i sommer. / Han reiste med tog til Bergen. / De reiste med både buss, tog og båt. / Jeg reiser til Sverige. / Vi skal reise til et nytt land. / Jeg drar på en reise til Paris.","我们今年夏天去特罗姆瑟。 / 他坐火车去了卑尔根。 / 他们乘公交、火车和船出行。 / 我们要去一个新的国家旅行。 / 我要去巴黎旅行。","https://ordbokene.no/bm/reise","旅行主题常用词；暂标 A1","来源已登记：词头/词性/核心义项","词头/词性/核心义项","Bokmålsordboka","https://ordbokene.no/bm/reise","2026-09-24"
"Bokmålsordboka / NTNU LearnNoW 候选","sykehus","et sykehus","单词","名词","A1","就医与健康","医院；收治病人并提供诊疗的医疗机构","et sykehus · sykehuset · sykehus · sykehusene","Bestefaren min er på sykehus. / Vi kjørte henne til sykehuset. / Hun ble lagt inn på sykehus.","我祖父在住院。 / 我们开车送她去了医院。 / 她住院了。","https://ordbokene.no/bm/sykehus","基础医疗场所名词；暂标 A1","来源已登记：词头/词性/核心义项","词头/词性/核心义项","Bokmålsordboka","https://ordbokene.no/bm/sykehus","2026-09-24"
"NTNU NoW Basic Norwegian Words；Bokmålsordboka 变位与搭配核对","lukke","å lukke","单词","动词","A1","开与关","关上；关闭；合上（门、窗、眼睛等）","å lukke · lukker · lukket · lukket","Husk å lukke vinduet før du går. / Han lukket øynene og prøvde å sove. / Hun lukket bøkene for kvelden.","走之前记得把窗户关上。 / 他闭上眼睛，试着睡觉。 / 她今晚不再看书了。","https://ordbokene.no/bm/lukke","关闭门窗、眼睛和容器等日常基础动词；项目暂标A1","来源已登记：词头/词性/核心义项","词头/词性/核心义项","Bokmålsordboka","https://ordbokene.no/bm/lukke","2026-09-24"
"vocab-v2-library.js · V2 词条","møte","et møte","单词","名词","A1","课程与工作","会议；会面/见面（一次聚会或约见）","et møte · møtet · møter · møtene","Jeg har et møte klokka ni. / Møtet begynner snart.","我九点有个会议。 / 会议很快开始。","","项目内部等级标签，需抽查","来源已登记：词头/词性/核心义项","词头/词性/核心义项","Bokmålsordboka","https://ordbokene.no/bm/møte","2026-09-24"
"vocab-v2-library.js · V2 词条","oppgave","ei oppgave","单词","名词","A1","课程与工作","任务；作业；练习题/题目；职责（依语境）","ei oppgave · oppgaven · oppgaver · oppgavene","Jeg gjør oppgavene etter kurset. / Læreren gir oss ei ny oppgave. / Det er din oppgave å ta gulvvasken.","我在课程结束后做作业。 / 老师给我们一项新任务。 / 打扫地板是你的任务。","https://ordbokene.no/bm/oppgave","项目内部等级标签，需抽查","来源已登记：词头/词性/核心义项","词头/词性/核心义项","Bokmålsordboka","https://ordbokene.no/bm/oppgave","2026-09-24"
"vocab-v2-library.js · V2 词条","pause","en pause","单词","名词","A1","课程与工作","休息；暂停；休息时间；（体育）中场休息","en pause · pausen · pauser · pausene","Vi tar en pause etter timen. / Pausen varer i ti minutter. / Taleren gjorde en pause.","下课后我们休息一下。 / 休息时间持续十分钟。 / 演讲者停顿了一下。","https://ordbokene.no/nno/bm/pause","项目内部等级标签，需抽查","来源已登记：词头/词性/核心义项","词头/词性/核心义项","Bokmålsordboka","https://ordbokene.no/bm/pause","2026-09-24"
"NTNU LearnNoW / NoW 初级课程候选","oi","oi","单词","感叹词","A1","口语回应与感叹","哎呀；哦；哇（表示突然注意到、惊讶或轻微担心，依语调）","oi","Oi, jeg glemte nøklene hjemme! / Oi, så stor hund du har! / Oi, her blir det vanskelig å velge!","哎呀，我把钥匙忘在家里了！ / 哇，你的狗真大！ / 哎呀，这下很难选了！","https://ordbokene.no/bm/oi","日常口语惊讶感叹词；暂标 A1","来源已登记：词头/词性/核心义项","词头/词性/核心义项","Bokmålsordboka","https://ordbokene.no/bm/oi","2026-09-24"
"Bokmålsordboka / NTNU LearnNoW 候选","at","at","单词","从属连词","A1","连接词与句子","（从属连词）引出“……这件事/……的话”等从句；也用于结果、比较等结构","at","Jeg vet at hun bor i Bergen. / Læreren sier at prøven begynner klokka ni. / Hun sier at det snør.","我知道她住在卑尔根。 / 老师说考试九点开始。 / 她说正在下雪。","https://ordbokene.no/nno/bm%2Cnn/at","基础从属连词；暂标 A1","来源已登记：词头/词性/核心义项","词头/词性/核心义项","Bokmålsordboka","https://ordbokene.no/bm/at","2026-09-24"
"Bokmålsordboka / NTNU LearnNoW 候选","men","men","单词","并列连词","A1","连接词与句子","但是；可是；不过；（纠正前项）而是","men","Jeg liker kaffe, men kona mi drikker te. / Han er ikke fra Oslo, men fra Bergen. / Jeg kunne ha gjort det, men jeg ville ikke.","我喜欢咖啡，但我妻子喝茶。 / 他不是来自奥斯陆，而是来自卑尔根。 / 我本来可以做，但我不愿意。","https://ordbokene.no/bm/men","最常用对比并列连词；暂标 A1","来源已登记：词头/词性/核心义项","词头/词性/核心义项","Bokmålsordboka","https://ordbokene.no/bm/men","2026-09-24"
"Bokmålsordboka / NTNU LearnNoW 候选","mens","mens","单词","从属连词","A1","连接词与句子","当……时；与此同时；而/然而（表示对比）","mens","Jeg hører på radio mens jeg lager middag. / Hun liker byen, mens broren hennes trives best på landet. / Hun liker å sy, mens søsteren foretrekker å lese.","我做晚饭时听着广播。 / 她喜欢城市，而她的兄弟最喜欢乡下生活。 / 她喜欢缝纫，而她的姐妹更喜欢读书。","https://ordbokene.no/bm/mens","常用时间从属连词；暂标 A1","来源已登记：词头/词性/核心义项","词头/词性/核心义项","Bokmålsordboka","https://ordbokene.no/bm/mens","2026-09-24"
"Bokmålsordboka / NTNU LearnNoW 候选","og","og","单词","并列连词","A1","连接词与句子","和；并且；而且（连接同等成分或分句）","og","Vi kjøper brød og melk på butikken. / Jeg lager middag, og barna dekker bordet. / De sang og spilte.","我们在商店买面包和牛奶。 / 我做晚饭，孩子们摆桌子。 / 他们唱歌并演奏。","https://ordbokene.no/nob/bm%2Cnn/og","最基础并列连接词；暂标 A1","来源已登记：词头/词性/核心义项","词头/词性/核心义项","Bokmålsordboka","https://ordbokene.no/bm/og","2026-09-24"
"Bokmålsordboka / NTNU LearnNoW 候选","eller","eller","单词","并列连词","A1","连接词与选择","或者；还是（选择问句中）；或类似的","eller","Vil du ha te eller kaffe? / Vi kan gå, eller vi kan ta bussen. / Bruk en knapp eller lignende.","你想喝茶还是咖啡？ / 我们可以走路，或者坐公交。 / 使用一个按钮或类似的东西。","https://ordbokene.no/bm/eller","最基础选择并列连词；暂标 A1","来源已登记：词头/词性/核心义项","词头/词性/核心义项","Bokmålsordboka","https://ordbokene.no/bm/eller","2026-09-24"
"NTNU NoW Vocabulary list 03K；中性名词词形列核对","mobilnummer","et mobilnummer","单词","名词","A1","联系方式","手机号码；手机号","et mobilnummer · mobilnummeret · mobilnummer · mobilnumrene","Hva er mobilnummeret ditt?","你的手机号是多少？","","交换联系方式时常用的复合名词；课程暂列 A1","来源已登记：词头/词性/核心义项","词头/词性/核心义项","Bokmålsordboka","https://ordbokene.no/bm/mobilnummer","2026-09-24"
"NTNU LearnNoW / NoW 初级课程候选","guide","en guide","单词","名词","A1","旅行与参观","导游；指南/使用指南（依指人还是资料）","en guide · guiden · guider · guidene","Guiden viser oss rundt i museet. / Jeg bruker en guide til norsk grammatikk.","导游带我们参观博物馆。 / 我用一本挪威语语法指南。","","旅游和介绍信息场景基础名词；暂标 A1","来源已登记：词头/词性/核心义项","词头/词性/核心义项","Bokmålsordboka","https://ordbokene.no/bm/guide","2026-09-24"
"app.js · 核心动词; NTNU NoW Basic Norwegian Words；Bokmålsordboka 不规则动词词形核对","selge","å selge","单词","动词","A1","买卖与付款 / 待归类","卖；出售；销售；推销/争取支持（固定结构中）","å selge · selger · solgte · solgt","Butikken selger ferskt brød hver morgen. / Vi solgte den gamle sofaen på nettet. / De selger gården sin til naboen. / Jeg selger bilen.","这家商店每天早上卖新鲜面包。 / 我们在网上卖掉了那张旧沙发。 / 他们把自己的农场卖给邻居。","https://ordbokene.no/bm/selge","购物、交易和工作中的基础动词；项目暂标A1","来源已登记：词头/词性/核心义项","词头/词性/核心义项","Bokmålsordboka","https://ordbokene.no/bm/selge","2026-09-24"
"NTNU LearnNoW / NoW 初级课程候选","avis","ei avis","单词","名词","A1","媒体与阅读","报纸；报刊；（转指）报社或报社所在地","ei avis · avisa · aviser · avisene","Bestefar leser avisa hver morgen. / Jeg kjøpte to aviser på stasjonen. / Det stod i avisen i går.","爷爷每天早上看报。 / 我在车站买了两份报纸。 / 这件事昨天刊登在报纸上了。","https://ordbokene.no/bm/avis","日常媒体主题词；项目暂标 A1","来源已登记：词义/词性/词形/例句/译文","词义/词性/词形/例句/译文","Bokmålsordboka","https://ordbokene.no/nob/bm/avis","2026-09-24"
"NTNU NoW Vocabulary list 05M；Bokmålsordboka 阳性名词词形","lås","en lås","单词","名词","A1","门锁与安全","锁；锁具；锁住/上锁的状态（名词）","en lås · låsen · låser · låsene","Låsen på ytterdøra virker ikke. / Vi må skifte lås før vi flytter inn. / Bilen har elektronisk lås.","外门的锁坏了。 / 搬进去之前我们得换一把锁。 / 这辆车有电子锁。","https://ordbokene.no/bm/l%C3%A5s","家庭和日常安全场景基础名词；课程暂列 A1","来源已登记：词头/词性/核心义项","词头/词性/核心义项","Bokmålsordboka","https://ordbokene.no/bm/l%C3%A5s","2026-09-24"
"NTNU NoW Vocabulary list 05M；Bokmålsordboka 动词词形","låse","å låse","单词","动词","A1","门锁与安全","锁上；锁住；用锁固定；（låse seg）卡住/僵住","å låse · låser · låste · låst","Husk å låse døra når du går. / Han låste sykkelen fast til stativet. / Hun låser alltid sykkelen.","你走的时候记得锁门。 / 他把自行车锁在车架上了。 / 她总是把自行车锁好。","https://ordbokene.no/bm/l%C3%A5se","锁门、锁车和确保安全的基础动词；课程暂列 A1","来源已登记：词头/词性/核心义项","词头/词性/核心义项","Bokmålsordboka","https://ordbokene.no/bm/l%C3%A5se","2026-09-24"
"NTNU LearnNoW / NoW 初级课程候选","loff","en loff","单词","名词","A1","面包与食物","白面包；白面包条（用精白小麦粉烤制）","en loff · loffen · loffer · loffene","spise reker med loff og majones","吃虾时配白面包和蛋黄酱","https://ordbokene.no/nob/bm/loff","挪威日常面包名称；暂标 A1","来源已登记：词头/词性/核心义项","词头/词性/核心义项","Bokmålsordboka","https://ordbokene.no/bm/loff","2026-09-24"
"NTNU LearnNoW / NoW 初级课程候选","forskjellig","forskjellig","单词","形容词","A1","描述与比较","不同的；各不相同的；多种多样的（形容词，也可作副词）","forskjellig · forskjellig · forskjellige · forskjellige","De to søstrene er svært forskjellige.","这两姐妹非常不同。","https://ordbokene.no/bm/16844","基础描述形容词；暂标 A1","来源已登记：词头/词性/核心义项","词头/词性/核心义项","Bokmålsordboka","https://ordbokene.no/bm/forskjellig","2026-09-24"
"NTNU LearnNoW / NoW 初级课程候选","alene","alene","单词","副词","A1","描述与感受","独自；一个人；单是/仅仅（依句法）","alene","Hun bor alene i en leilighet. / Du er ikke alene om å mene det.","她一个人住在一套公寓里。 / 不只有你这么认为。","https://ordbokene.no/bm/alene","基础状态副词；暂标 A1","来源已登记：词头/词性/核心义项","词头/词性/核心义项","Bokmålsordboka","https://ordbokene.no/bm/alene","2026-09-24"
"NTNU LearnNoW / NoW 初级课程候选","billig","billig","单词","形容词","A1","描述与感受","便宜的；价格低的；（评价、胜利等）不光彩/廉价的（依搭配）","billig · billig · billige · billigere · billigst","Det var utrolig billig. / Han fikk en billig seier.","这便宜得惊人。 / 他赢得了一场不光彩的胜利。","https://ordbokene.no/nob/bm/billig","购物常用形容词；暂标 A1","来源已登记：词头/词性/核心义项","词头/词性/核心义项","Bokmålsordboka","https://ordbokene.no/bm/billig","2026-09-24"
"NTNU LearnNoW / NoW 初级课程候选","blå","blå","单词","形容词","A1","描述与感受","蓝色的；蓝的；（政治）保守派/右翼的；（天气/路况）寒冷结冰的","blå · blått · blå · blåere · blåest","blå himmel og blått hav","蓝色的天空和蓝色的海。","https://ordbokene.no/nno/bm/bl%C3%A5","颜色基础形容词；暂标 A1","来源已登记：词头/词性/核心义项","词头/词性/核心义项","Bokmålsordboka","https://ordbokene.no/bm/bl%C3%A5","2026-09-24"
"NTNU LearnNoW / NoW 初级课程候选","bra","bra","单词","形容词","A1","描述与感受","好；不错；令人满意/有用；（健康）恢复正常；相当、挺（依语境）","bra · bedre · best","Det gikk bra med henne.","她一切顺利。","https://ordbokene.no/nno/bm/bra","基础评价词；项目暂标 A1","来源已登记：词头/词性/核心义项","词头/词性/核心义项","Bokmålsordboka","https://ordbokene.no/bm/bra","2026-09-24"
"NTNU LearnNoW / NoW 初级课程候选","brun","brun","单词","形容词","A1","描述与感受","棕色的；褐色的；晒黑的（依语境）","brun · brunt · brune · brunere · brunest","ha brunt hår og brune øyne","有棕色头发和棕色眼睛。","https://ordbokene.no/search?dict=bm&page=7&q=farge&scope=eif","基础颜色形容词；暂标 A1","来源已登记：词头/词性/核心义项","词头/词性/核心义项","Bokmålsordboka","https://ordbokene.no/bm/brun","2026-09-24"
"NTNU LearnNoW / NoW 初级课程候选","dessverre","dessverre","单词","副词","A1","描述与感受","遗憾的是；很遗憾；可惜；不幸的是","dessverre","Jeg kan dessverre ikke komme.","很遗憾，我来不了。","https://ordbokene.no/nob/search?dict=bm%2Cnn&q=dessverre&scope=eif","日常表达常用副词；暂标 A1","来源已登记：词头/词性/核心义项","词头/词性/核心义项","Bokmålsordboka","https://ordbokene.no/nno/bm/DESSVERRE","2026-09-24"
"NTNU LearnNoW / NoW 初级课程候选","fin","fin","单词","形容词","A1","描述与感受","好；不错；漂亮的；令人愉快的；细的/精细的；体贴得体的（依语境）","fin · fint · fine · finere · finest","Det går fint.","一切顺利。/没问题。","https://ordbokene.no/nob/bm/fin","基础描述形容词；暂标 A1","来源已登记：词头/词性/核心义项","词头/词性/核心义项","Bokmålsordboka","https://ordbokene.no/bm/fin","2026-09-24"
"NTNU LearnNoW / NoW 初级课程候选","fornøyd","fornøyd","单词","形容词","A1","描述与感受","满意的；感到满足的；（口语）受够了、不想再继续的（依语境）","fornøyd · fornøyd · fornøyde","Si seg fornøyd med resultatet.","表示对结果满意。","https://ordbokene.no/nob/bm/forn%C3%B8yd","情绪与评价基础形容词；暂标 A1","来源已登记：词头/词性/核心义项","词头/词性/核心义项","Bokmålsordboka","https://ordbokene.no/bm/forn%C3%B8yd","2026-09-24"
"NTNU LearnNoW / NoW 初级课程候选","fotball","en fotball","单词","名词","A1","描述与感受","足球；足球运动（可指球，也可指这项运动）","en fotball · fotballen · fotballer · fotballene","Mange følger med på norsk fotball.","很多人关注挪威足球。","https://ordbokene.no/bm/fotball","运动与休闲基础名词；暂标 A1","来源已登记：词头/词性/核心义项","词头/词性/核心义项","Bokmålsordboka","https://ordbokene.no/bm/fotball","2026-09-24"
"NTNU LearnNoW / NoW 初级课程候选","fæl","fæl","单词","形容词","A1","描述与感受","可怕的；糟透的；令人不舒服/厌恶的；（程度）非常、厉害（依语境）","fæl · fælt · fæle · fælere · fælest","Et fælt syn.","一幅可怕/令人不忍直视的景象。","https://ordbokene.no/bm/f%C3%A6l","基础评价形容词；暂标 A1","来源已登记：词头/词性/核心义项","词头/词性/核心义项","Bokmålsordboka","https://ordbokene.no/bm/f%C3%A6l","2026-09-24"
"vocab-v2-library.js · V2 词条","gammel","gammel","单词","形容词","A1","描述与感受","年老的；旧的；年代久的；原来的；有经验的；……岁（依语境）","gammel · gammelt · gamle · eldre · eldst","Hvor gammel er du?","你多大了？","https://ordbokene.no/bm/gammel","项目内部等级标签，需抽查","来源已登记：词头/词性/核心义项","词头/词性/核心义项","Bokmålsordboka","https://ordbokene.no/bm/gammel","2026-09-24"
"NTNU LearnNoW / NoW 初级课程候选","ganske","ganske","单词","副词","A1","描述与感受","相当；挺；比较；完全、根本（依语境和搭配）","ganske","Hun er ganske flink.","她挺能干的。","https://ordbokene.no/bm/ganske","基础程度副词；暂标 A1","来源已登记：词头/词性/核心义项","词头/词性/核心义项","Bokmålsordboka","https://ordbokene.no/bm/ganske","2026-09-24"
"NTNU LearnNoW / NoW 初级课程候选","grei","grei","单词","形容词","A1","描述与感受","清楚易懂的；好相处的、通情达理的；没问题的；方便实用的（依语境）","grei · greit · greie · greiere · greiest","Han svarte greit på alle spørsmålene.","他把所有问题都回答得很清楚。","https://ordbokene.no/bm/grei","口语评价形容词；暂标 A1","来源已登记：词头/词性/核心义项","词头/词性/核心义项","Bokmålsordboka","https://ordbokene.no/bm/grei","2026-09-24"
"NTNU LearnNoW / NoW 初级课程候选","grønn","grønn","单词","形容词","A1","描述与感受","绿色的；（人）缺乏经验的；未成熟的；环保的（依语境）","grønn · grønt · grønne · grønnere · grønnest","Han er fortsatt grønn på området.","他在这个领域仍然缺乏经验。","https://ordbokene.no/nob/bm/gr%C3%B8nn","颜色与外观基础形容词；暂标 A1","来源已登记：词头/词性/核心义项","词头/词性/核心义项","Bokmålsordboka","https://ordbokene.no/bm/gr%C3%B8nn","2026-09-24"
"NTNU LearnNoW / NoW 初级课程候选","grå","grå","单词","形容词","A1","描述与感受","灰色的；（天气）阴沉/多云的；（人）面色灰白或头发花白的；乏味单调的；灰色地带的（依语境）","grå · grått · grå · gråere · gråest","Det var grått vær.","天气阴沉多云。","https://ordbokene.no/bm/gr%C3%A5","颜色与天气描述基础形容词；暂标 A1","来源已登记：词头/词性/核心义项","词头/词性/核心义项","Bokmålsordboka","https://ordbokene.no/bm/gr%C3%A5","2026-09-24"
"NTNU LearnNoW / NoW 初级课程候选","gøy","gøy","单词","形容词","A1","描述与感受","有趣的；好玩的；令人开心的（形容词）","gøy · gøye · gøyere · gøyest","Dette var gøy.","这真好玩。","https://ordbokene.no/bm/g%C3%B8y","口语评价形容词；暂标 A1","来源已登记：词头/词性/核心义项","词头/词性/核心义项","Bokmålsordboka","https://ordbokene.no/bm/g%C3%B8y","2026-09-24"
"NTNU LearnNoW / NoW 初级课程候选","heldigvis","heldigvis","单词","副词","A1","描述与感受","幸好；幸亏；幸运的是","heldigvis","Det gikk heldigvis bra.","幸好事情进展顺利。","https://ordbokene.no/bm%2Cnn/heldigvis","日常评价副词；暂标 A1","来源已登记：词头/词性/核心义项","词头/词性/核心义项","Bokmålsordboka","https://ordbokene.no/bm/heldigvis","2026-09-24"
"NTNU LearnNoW / NoW 初级课程候选","hemmelig","hemmelig","单词","形容词","A1","描述与感受","秘密的；保密的；未公开的；暗自怀有的（依语境）","hemmelig · hemmelig · hemmelige · hemmelige","Jeg er hemmelig forelsket i henne.","我暗恋着她。","https://ordbokene.no/bm/hemmelig","基础描述形容词；暂标 A1","来源已登记：词头/词性/核心义项","词头/词性/核心义项","Bokmålsordboka","https://ordbokene.no/bm/hemmelig","2026-09-24"
"NTNU LearnNoW / NoW 初级课程词汇候选","hyggelig","hyggelig","单词","形容词","A1","描述与感受","令人愉快的；温馨舒适的；友善亲切的（依语境）","hyggelig · hyggelig · hyggelige · hyggeligere · hyggeligst","Takk for en hyggelig kveld.","谢谢你带来一个愉快的夜晚。","https://ordbokene.no/bm/hyggelig","日常描述高频词；暂标 A1","来源已登记：词头/词性/核心义项","词头/词性/核心义项","Bokmålsordboka","https://ordbokene.no/bm/hyggelig","2026-09-24"
"NTNU LearnNoW / NoW 初级课程候选","ikke","ikke","单词","副词","A1","描述与感受","不；没有；并非（否定动词、形容词或句子成分；具体否定范围看语序）","ikke","Han kjører ikke bil.","他不开车。","https://ordbokene.no/bm/ikke","基础否定副词；项目暂标 A1","来源已登记：词头/词性/核心义项","词头/词性/核心义项","Bokmålsordboka","https://ordbokene.no/bm/ikke","2026-09-24"
"NTNU LearnNoW / NoW 初级课程候选","interessant","interessant","单词","形容词","A1","描述与感受","有趣的；引人关注的；令人感兴趣的","interessant · interessant · interessante · mer interessant · mest interessant","En interessant artikkel.","一篇有意思、值得读的文章。","https://ordbokene.no/bm/interessant","基础评价形容词；暂标 A1","来源已登记：词头/词性/核心义项","词头/词性/核心义项","Bokmålsordboka","https://ordbokene.no/bm/interessant","2026-09-24"
"vocab-v2-library.js · V2 词条","kald","kald","单词","形容词","A1","描述与感受","冷的；寒冷的；（态度/眼神）冷淡无情的；（比赛中）沉着冷静的（依语境）","kald · kaldt · kalde · kaldere · kaldest","I dag er det kaldt ute.","今天外面很冷。","https://ordbokene.no/bm/kald","项目内部等级标签，需抽查","来源已登记：词头/词性/核心义项","词头/词性/核心义项","Bokmålsordboka","https://ordbokene.no/bm/kald","2026-09-24"
"NTNU LearnNoW / NoW 初级课程候选","kjempebra","kjempebra","单词","形容词","A1","描述与感受","特别好；棒极了；进展非常顺利（口语强化）","kjempebra","Dette gikk kjempebra!","这件事进展得特别顺利！","https://ordbokene.no/bm/kjempebra","口语高频强化评价词；暂标 A1","来源已登记：词头/词性/核心义项","词头/词性/核心义项","Bokmålsordboka","https://ordbokene.no/bm/kjempebra","2026-09-24"
"NTNU LearnNoW / NoW 初级课程候选","kjempefin","kjempefin","单词","形容词","A1","描述与感受","特别好；非常漂亮/愉快的（口语强化，具体随 fin 的搭配）","kjempefin · kjempefint · kjempefine","En kjempefin opplevelse.","一次特别棒的体验。","https://ordbokene.no/bm/kjempefin","口语强化评价形容词；暂标 A1","来源已登记：词头/词性/核心义项","词头/词性/核心义项","Bokmålsordboka","https://ordbokene.no/bm/kjempefin","2026-09-24"
"NTNU LearnNoW / NoW 初级课程候选","kjempeflink","kjempeflink","单词","形容词","A1","描述与感受","特别能干的；非常擅长的；表现特别出色的（口语强化）","kjempeflink · kjempeflinkt · kjempeflinke","Hun er kjempeflink til å snakke for seg.","她特别善于表达自己。","https://ordbokene.no/bm/flink","口语评价形容词；暂标 A1","来源已登记：词头/词性/核心义项","词头/词性/核心义项","Bokmålsordboka","https://ordbokene.no/bm/flink","2026-09-24"
"NTNU LearnNoW / NoW 初级课程候选","kjenne","å kjenne","单词","动词","A1","描述与感受","认识；熟悉；感受到；察觉到；触摸/检查（依宾语和搭配）","kjenne · kjenner · kjente · kjent","Politiet kjenner til saken.","警方了解这件事。","https://ordbokene.no/bm/kjenne","基础感知/熟悉动词；暂标 A1","来源已登记：词头/词性/核心义项","词头/词性/核心义项","Bokmålsordboka","https://ordbokene.no/bm/kjenne","2026-09-24"
"NTNU LearnNoW / NoW 初级课程候选","koselig","koselig","单词","形容词","A1","描述与感受","温馨舒适的；令人愉快的；讨人喜欢、亲切的（依语境）","koselig · koselig · koselige · koseligere · koseligst","Et koselig hjem.","一个温馨舒适的家。","https://ordbokene.no/nob/bm/koselig","挪威日常评价高频形容词；暂标 A1","来源已登记：词头/词性/核心义项","词头/词性/核心义项","Bokmålsordboka","https://ordbokene.no/bm/koselig","2026-09-24"
"NTNU LearnNoW / NoW 初级课程候选","lang","lang","单词","形容词","A1","描述与感受","长的；（人）个子高的；持续时间长的；（裤子/裙子）长款的（依语境）","lang · langt · lange · lengre · lengst","Hun har langt hår.","她留着长头发。","https://ordbokene.no/bm/lang","基础描述形容词；暂标 A1","来源已登记：词头/词性/核心义项","词头/词性/核心义项","Bokmålsordboka","https://ordbokene.no/bm/lang","2026-09-24"
"NTNU LearnNoW / NoW 初级课程候选","le","å le","单词","动词","A1","描述与感受","笑；发笑；嘲笑/取笑（依搭配和语气）","le · ler · lo · ledd","Folk smiler og ler til hverandre.","人们相视微笑、大笑。","https://ordbokene.no/bm/le","日常交流与情绪动作基础动词；暂标 A1","来源已登记：词头/词性/核心义项","词头/词性/核心义项","Bokmålsordboka","https://ordbokene.no/bm/le","2026-09-24"
"vocab-v2-library.js · V2 词条","liten","liten","单词","形容词","A1","描述与感受","小的；年幼的；幼小的；（尺寸/份量）少的（依语境）","liten · lite · små · mindre · minst","Hun har et lite barn.","她有一个年幼的孩子。","https://ordbokene.no/bm/liten","项目内部等级标签，需抽查","来源已登记：词头/词性/核心义项","词头/词性/核心义项","Bokmålsordboka","https://ordbokene.no/bm/liten","2026-09-24"
"NTNU LearnNoW / NoW 初级课程候选","morsom","morsom","单词","形容词","A1","描述与感受","好笑的；有趣的；令人愉快的（依语境）","morsom · morsomt · morsomme · morsommere · morsomst","Det er morsomt å seile.","帆船运动很好玩。","https://ordbokene.no/bm/morsom","基础描述形容词；暂标 A1","来源已登记：词头/词性/核心义项","词头/词性/核心义项","Bokmålsordboka","https://ordbokene.no/bm/morsom","2026-09-24"
"vocab-v2-library.js · V2 词条","ny","ny","单词","形容词","A1","描述与感受","新的；刚来的/刚加入的；新出现的；重新开始的（依语境）","ny · nytt · nye · nyere · nyest","Bilen er flunkende ny.","这辆车崭新。","https://ordbokene.no/bm/ny","项目内部等级标签，需抽查","来源已登记：词头/词性/核心义项","词头/词性/核心义项","Bokmålsordboka","https://ordbokene.no/bm/ny","2026-09-24"
"NTNU LearnNoW / NoW 初级课程候选","nysgjerrig","nysgjerrig","单词","形容词","A1","描述与感受","好奇的；很想知道/了解的","nysgjerrig · nysgjerrig · nysgjerrige · nysgjerrige","De er nysgjerrige på alt nytt.","他们对所有新事物都很好奇。","https://ordbokene.no/bm/nysgjerrig","日常表达兴趣和好奇的基础形容词；暂标 A1","来源已登记：词头/词性/核心义项","词头/词性/核心义项","Bokmålsordboka","https://ordbokene.no/bm/nysgjerrig","2026-09-24"
"NTNU LearnNoW / NoW 初级课程候选","rett","rett","单词","形容词","A1","描述与感受","直的；正确的；合适的；正当的；径直/恰好（副词用法，依语境）","rett · rett · rette · rettere · rettest","Finne det rette ordet.","找到合适/正确的那个词。","https://ordbokene.no/bm/rett","基础评价与位置形容词；暂标 A1","来源已登记：词头/词性/核心义项","词头/词性/核心义项","Bokmålsordboka","https://ordbokene.no/bm/rett","2026-09-24"
"NTNU LearnNoW / NoW 初级课程候选","riktig","riktig","单词","形容词","A1","描述与感受","正确的；合乎事实/规则的；恰当的；（副词）很、正好、确实（依搭配）","riktig · riktig · riktige · riktigere · riktigst","Alt gikk riktig for seg.","一切都按正确的方式进行。","https://ordbokene.no/bm/riktig","基础评价形容词；暂标 A1","来源已登记：词头/词性/核心义项","词头/词性/核心义项","Bokmålsordboka","https://ordbokene.no/bm/riktig","2026-09-24"
"NTNU LearnNoW / NoW 初级课程候选","sann","sann","单词","形容词","A1","描述与感受","真实的；符合事实的；真诚的；真正的（依语境）","sann · sant · sanne · sannere · sannest","En sann historie.","一个真实的故事。","https://ordbokene.no/bm/sann","基础判断形容词；暂标 A1","来源已登记：词头/词性/核心义项","词头/词性/核心义项","Bokmålsordboka","https://ordbokene.no/bm/sann","2026-09-24"
"vocab-v2-library.js · V2 词条","stor","stor","单词","形容词","A1","描述与感受","大的；规模大的；重要的；（人）高大的；大量的（依语境）","stor · stort · store · større · størst","Norge har vært en stor eksportør av tørrfisk.","挪威一直是重要的鳕鱼干出口国。","https://ordbokene.no/bm/stor","项目内部等级标签，需抽查","来源已登记：词头/词性/核心义项","词头/词性/核心义项","Bokmålsordboka","https://ordbokene.no/bm/stor","2026-09-24"
"NTNU Basic Norwegian Words (Swadesh list)","trist","trist","单词","形容词","A1","描述与感受","难过的；悲伤的；令人遗憾的；乏味沉闷的（依语境）","trist · trist · triste · tristere · tristest","Jeg var både trist og redd.","我当时既难过又害怕。","https://ordbokene.no/bm/trist","初级基础词候选；项目暂分 A1，需按多套课程交叉复核","来源已登记：词头/词性/核心义项","词头/词性/核心义项","Bokmålsordboka","https://ordbokene.no/bm/trist","2026-09-24"
"vocab-v2-library.js · V2 词条","trøtt","trøtt","单词","形容词","A1","描述与感受","疲倦的；困倦的；厌倦的；（事物）乏味老套的（依语境）","trøtt · trøtt · trøtte · trøttere · trøttest","Hun er trøtt av det ensformige livet sitt.","她厌倦了自己单调乏味的生活。","https://ordbokene.no/bm/tr%C3%B8tt","项目内部等级标签，需抽查","来源已登记：词头/词性/核心义项","词头/词性/核心义项","Bokmålsordboka","https://ordbokene.no/bm/trøtt","2026-09-24"
"vocab-v2-library.js · V2 词条","varm","varm","单词","形容词","A1","描述与感受","热的；暖和的；温暖亲切的；（颜色/情绪）暖调、热烈的（依语境）","varm · varmt · varme · varmere · varmest","En varm genser.","一件保暖的毛衣。","https://ordbokene.no/bm/varm","项目内部等级标签，需抽查","来源已登记：词头/词性/核心义项","词头/词性/核心义项","Bokmålsordboka","https://ordbokene.no/bm/varm","2026-09-24"
"NTNU LearnNoW / NoW 初级课程候选","våken","våken","单词","形容词","A1","描述与感受","醒着的；清醒的；警觉、留心的（依语境）","våken · våkent · våkne","Er du våken?","你醒着吗？","https://ordbokene.no/bm/v%C3%A5ken","睡眠与状态基础形容词；暂标 A1","来源已登记：词头/词性/核心义项","词头/词性/核心义项","Bokmålsordboka","https://ordbokene.no/bm/v%C3%A5ken","2026-09-24"
"app.js · 核心动词; NTNU LearnNoW / NoW 初级课程候选; Tema: fremtid · 课本专题","tenke","å tenke","单词","动词","A1","描述与感受 / 待归类 / 未来计划与目标","思考；考虑；想象；打算；认为（依结构）","tenke · tenker · tenkte · tenkt","Hva har du tenkt å gjøre? / Jeg tenker på framtida.","你打算做什么？ / 我在思考未来。","https://ordbokene.no/bm/tenke","表达想法与计划的基础动词；暂标 A1","来源已登记：词头/词性/核心义项","词头/词性/核心义项","Bokmålsordboka","https://ordbokene.no/bm/tenke","2026-09-24"
"NTNU LearnNoW / NoW 初级课程候选; Tema: fremtid · 课本专题","flink","flink","单词","形容词","A1","描述与感受 / 未来计划与目标","能干的；擅长的；做得好的（依语境）","flink · flinkt · flinke · flinkere · flinkest","Hun er flink til å snakke for seg. / Hun blir flinkere til å snakke norsk.","她很善于表达自己。 / 她会越来越擅长说挪威语。","https://ordbokene.no/bm/flink","人物描述常用词；项目暂标 A1","来源已登记：词头/词性/核心义项","词头/词性/核心义项","Bokmålsordboka","https://ordbokene.no/bm/flink","2026-09-24"
"NTNU Basic Norwegian Words (Swadesh list); Tema: fremtid · 课本专题","glad","glad","单词","形容词","A1","描述与感受 / 未来计划与目标","高兴的；开心的；喜欢、珍惜（glad i）；令人愉快的（颜色等）","glad · glad · glade · gladere · gladest","De var glad i hverandre. / Barna blir glade når vi reiser.","他们彼此相爱/很喜欢对方。 / 我们旅行时孩子们会很开心。","https://ordbokene.no/bm/glad","初级基础词候选；项目暂分 A1，需按多套课程交叉复核","来源已登记：词头/词性/核心义项","词头/词性/核心义项","Bokmålsordboka","https://ordbokene.no/bm/glad","2026-09-24"
"NTNU LearnNoW / NoW 初级课程候选; Tema: fremtid · 课本专题","god","god","单词","形容词","A1","描述与感受 / 未来计划与目标","好的；优质的；美味/令人舒服的；善良的；擅长的；充足的（依搭配）","god · godt · gode · bedre · best","Hun er god til å danse. / Det blir bedre neste år.","她很擅长跳舞。 / 明年会更好。","https://ordbokene.no/bm/god","基础评价形容词；项目暂标 A1","来源已登记：词头/词性/核心义项","词头/词性/核心义项","Bokmålsordboka","https://ordbokene.no/bm/god","2026-09-24"
"NTNU LearnNoW / NoW 初级课程候选; Tema: fremtid · 课本专题","kanskje","kanskje","单词","副词","A1","描述与感受 / 未来计划与目标","也许；可能；说不定；（句尾问句）难道不是/是吧（依语气）","kanskje","De kommer kanskje i morgen. / Kanskje flytter jeg neste år.","他们也许明天会来。 / 也许我明年会搬家。","https://ordbokene.no/bm/kanskje","日常交流高频副词；项目暂标 A1","来源已登记：词头/词性/核心义项","词头/词性/核心义项","Bokmålsordboka","https://ordbokene.no/bm/kanskje","2026-09-24"
"Bokmålsordboka / NTNU LearnNoW 候选","/ ei / et","en / ei / et","短语","限定词","A1","名词与冠词","一个/一位/一件；阳性名词前用 en、阴性前用 ei 或 en、中性前用 et","en · ei · et","Jeg kjøper en kopp kaffe. / Hun bor i et lite hus.","我买一杯咖啡。 / 她住在一栋小房子里。","","基础不定冠词；暂标 A1","来源已登记：词头/词性/核心义项","词头/词性/核心义项","Bokmålsordboka","https://ordbokene.no/bm/en","2026-09-24"
"NTNU LearnNoW / NoW 初级课程候选; Tema: fremtid · 课本专题","mål","et mål","单词","名词","A1","目标与交流 / 未来计划与目标","目标；目的；球门/进球；度量单位；语言/口语（依语境）","et mål · målet · mål · målene","Hun satte seg et mål om å lære norsk. / Målet mitt er å snakke bedre norsk.","她给自己定下了学习挪威语的目标。 / 我的目标是把挪威语说得更好。","https://ordbokene.no/bm/mål","学习计划和语言交流常见名词；暂标 A1","来源已登记：词头/词性/核心义项","词头/词性/核心义项","Bokmålsordboka","https://ordbokene.no/bm/mål","2026-09-24"
"NTNU NoW Vocabulary list 04P；词形列与 Ordbank 对照","kø","en kø","单词","名词","A1","排队与服务","排队的人/车辆；等候队伍；（台球）球杆（依语境）","en kø · køen · køer · køene","De står i kø.","他们在排队。","https://ordbokene.no/bm/k%C3%B8","商店、诊所和公共服务常见名词；课程暂列 A1","来源已登记：词头/词性/核心义项","词头/词性/核心义项","Bokmålsordboka","https://ordbokene.no/bm/kø","2026-09-24"
"NTNU NoW Vocabulary list 05M；阴性名词词形列核对","oppskrift","ei oppskrift","单词","名词","A1","烹饪与食谱","食谱；制作/操作说明；惯用方法、套路（依语境）","ei oppskrift · oppskrifta · oppskrifter · oppskriftene","Følg oppskriften nøye.","仔细按照食谱/说明操作。","https://ordbokene.no/bm/oppskrift","做饭、阅读说明和分享方法时常见名词；课程暂列 A1","来源已登记：词头/词性/核心义项","词头/词性/核心义项","Bokmålsordboka","https://ordbokene.no/bm/oppskrift","2026-09-24"
"NTNU LearnNoW / NoW 初级课程候选","flott","flott","单词","形容词","A1","评价与感受","漂亮的；出色的；很棒的；顺利地（依搭配）","flott · flott · flotte · flotte","Det gikk flott.","事情进展得很顺利。","https://ordbokene.no/bm/flott","日常评价高频形容词；暂标 A1","来源已登记：词头/词性/核心义项","词头/词性/核心义项","Bokmålsordboka","https://ordbokene.no/bm/flott","2026-09-24"
"NTNU LearnNoW / NoW 初级课程候选","bluse","ei bluse","单词","名词","A1","起床与出门","女式衬衫；女式罩衫（通常较轻薄、宽松）","ei bluse · blusa · bluser · blusene","kle seg i skjørt og bluse","穿上裙子和女式衬衫","https://ordbokene.no/bm/bluse","衣物主题常用词；暂标 A1","来源已登记：词头/词性/核心义项","词头/词性/核心义项","Bokmålsordboka","https://ordbokene.no/bm/bluse","2026-09-24"
"NTNU LearnNoW / NoW 初级课程候选","bukse","ei bukse","单词","名词","A1","起床与出门","裤子；一条裤子（单数名词；常以复数 bukser 指裤装）","ei bukse · buksa · bukser · buksene","et par bukser","一条裤子","https://ordbokene.no/bm/bukse","衣物主题常用词；暂标 A1","来源已登记：词头/词性/核心义项","词头/词性/核心义项","Bokmålsordboka","https://ordbokene.no/bm/bukse","2026-09-24"
"vocab-v2-library.js · V2 词条","jakke","ei jakke","单词","名词","A1","起床与出门","夹克；外套（穿在衬衫、罩衫或毛衣外面的长袖上衣）","ei jakke · jakka · jakker · jakkene","gå i bukse og jakke","穿着裤子和外套","https://ordbokene.no/bm/jakke","项目内部等级标签，需抽查","来源已登记：词头/词性/核心义项","词头/词性/核心义项","Bokmålsordboka","https://ordbokene.no/bm/jakke","2026-09-24"
"vocab-v2-library.js · V2 词条","klær","klær","单词","名词（复数）","A1","起床与出门","衣服；衣物；一身衣着（集合性复数名词）","klær · klærne","kjøpe seg nye klær","给自己买新衣服","https://ordbokene.no/bm/kl%C3%A6r","项目内部等级标签，需抽查","来源已登记：词头/词性/核心义项","词头/词性/核心义项","Bokmålsordboka","https://ordbokene.no/bm/kl%C3%A6r","2026-09-24"
"vocab-v2-library.js · V2 词条","nøkkel","en nøkkel","单词","名词","A1","起床与出门","钥匙；扳手；关键、解决办法（依语境）","en nøkkel · nøkkelen · nøkler · nøklene","Nøkkelen står i døra.","钥匙插在门上。","https://ordbokene.no/bm/n%C3%B8kkel","项目内部等级标签，需抽查","来源已登记：词头/词性/核心义项","词头/词性/核心义项","Bokmålsordboka","https://ordbokene.no/bm/n%C3%B8kkel","2026-09-24"
"vocab-v2-library.js · V2 词条","sko","en sko","单词","名词","A1","起床与出门","鞋；鞋子（通常指不高过脚踝的鞋）","en sko · skoen · sko · skoene","ta på seg skoene","把鞋穿上","https://ordbokene.no/bm/SKO","项目内部等级标签，需抽查","来源已登记：词头/词性/核心义项","词头/词性/核心义项","Bokmålsordboka","https://ordbokene.no/bm/sko","2026-09-24"
"vocab-v2-library.js · V2 词条","telefon","en telefon","单词","名词","A1","起床与出门","电话机；电话通话；来电/电话联系（依语境）","en telefon · telefonen · telefoner · telefonene","Telefonen ringer.","电话响了。","https://ordbokene.no/bm/telefon","项目内部等级标签，需抽查","来源已登记：词头/词性/核心义项","词头/词性/核心义项","Bokmålsordboka","https://ordbokene.no/bm/telefon","2026-09-24"
"vocab-v2-library.js · V2 词条","vekkerklokke","en vekkerklokke","单词","名词","A1","起床与出门","闹钟；可以设定时间响铃的时钟","en vekkerklokke · vekkerklokka · vekkerklokker · vekkerklokkene","stille vekkerklokka på klokka halv sju","把闹钟设在六点半","https://ordbokene.no/bm/vekkerklokke","项目内部等级标签，需抽查","来源已登记：词头/词性/核心义项","词头/词性/核心义项","Bokmålsordboka","https://ordbokene.no/bm/vekkerklokke","2026-09-24"
"NTNU LearnNoW / NoW 初级课程候选","humør","et humør","单词","名词","A1","情绪与感受","心情；情绪状态；性情、脾气（依搭配）","et humør · humøret · humør · humørene","Humøret var på topp.","心情好极了。","https://ordbokene.no/bm/hum%C3%B8r","日常情绪表达基础名词；暂标 A1","来源已登记：词头/词性/核心义项","词头/词性/核心义项","Bokmålsordboka","https://ordbokene.no/bm/humør","2026-09-24"
"NTNU LearnNoW / NoW 初级课程候选","fattig","fattig","单词","形容词","A1","人物与生活状况","贫困的；贫乏的；缺少某种资源/内容的（依语境）","fattig · fattig · fattige · fattige","fattige mennesker som tigger på gata","在街头乞讨的贫困人群","https://ordbokene.no/bm/fattig","描述经济状况的基础形容词；暂标 A1","来源已登记：词头/词性/核心义项","词头/词性/核心义项","Bokmålsordboka","https://ordbokene.no/bm/fattig","2026-09-24"
"NTNU LearnNoW / NoW 初级课程候选","bestemme","å bestemme","单词","动词","A1","日常动作","决定；确定/规定；判定、辨认（依宾语）","bestemme · bestemmer · bestemte · bestemt","Vi har bestemt oss for å reise i morgen.","我们已经决定明天出发。","https://ordbokene.no/bm/bestemme","日常决定与安排动词；暂标 A1","来源已登记：词头/词性/核心义项","词头/词性/核心义项","Bokmålsordboka","https://ordbokene.no/bm/bestemme","2026-09-24"
"NTNU LearnNoW / NoW 初级课程候选","bety","å bety","单词","动词","A1","日常动作","意思是；表示；意味着、导致；重要、有影响（依语境）","bety · betyr · betydde · betydd","Hva betyr dette skiltet?","这个标志是什么意思？","https://ordbokene.no/bm/bety","入门常用动词；暂标 A1","来源已登记：词头/词性/核心义项","词头/词性/核心义项","Bokmålsordboka","https://ordbokene.no/bm/bety","2026-09-24"
"NTNU LearnNoW / NoW 初级课程候选","brenne","å brenne","单词","动词","A1","日常动作","燃烧；着火；烧/烤/焚烧；灼痛；热切投入（依主语和宾语）","brenne · brenner · brant · brent","Låven brenner. / Hun brant for faget sitt.","谷仓着火了。 / 她对自己的专业充满热情。","https://ordbokene.no/bm/brenne","常见家居、烹饪和受伤场景动词；暂标 A1","来源已登记：词头/词性/核心义项","词头/词性/核心义项","Bokmålsordboka","https://ordbokene.no/nob/bm/brenne","2026-09-24"
"NTNU LearnNoW / NoW 初级课程候选","dele","å dele","单词","动词","A1","日常动作","分开；切分；分配；分享；共同拥有（依结构）","dele · deler · delte · delt","Hun delte eplet i små biter.","她把苹果切成小块。","https://ordbokene.no/bm/dele","日常动作常用动词；暂标 A1","来源已登记：词头/词性/核心义项","词头/词性/核心义项","Bokmålsordboka","https://ordbokene.no/bm/dele","2026-09-24"
"NTNU LearnNoW / NoW 初级课程候选","dusje","å dusje","单词","动词","A1","日常动作","洗淋浴；给……淋浴；（水等）喷洒/洒落（依主语）","dusje · dusjer · dusjet · dusjet","dusje etter treningen","训练后洗淋浴","https://ordbokene.no/bm/dusje","日常卫生动作；暂标 A1","来源已登记：词头/词性/核心义项","词头/词性/核心义项","Bokmålsordboka","https://ordbokene.no/bm/dusje","2026-09-24"
"Bokmålsordboka / NTNU LearnNoW 候选","fortsette","å fortsette","单词","动词","A1","日常动作","继续；接着做；持续、继续存在（依主语）","fortsette · fortsetter · fortsatte · fortsatt","Vi kan fortsette samtalen en annen gang.","我们可以改天继续谈话。","https://ordbokene.no/bm/%C3%A5%20fortsette","常见学习和日常动作动词；暂标 A1","来源已登记：词头/词性/核心义项","词头/词性/核心义项","Bokmålsordboka","https://ordbokene.no/bm/fortsette","2026-09-24"
"NTNU LearnNoW / NoW 初级课程候选","hente","å hente","单词","动词","A1","日常动作","去取回；去接（人）；取来；获得/获取（抽象资源）","hente · henter · hentet · hentet","Jeg henter deg på stasjonen.","我去车站接你。","https://ordbokene.no/bm/hente","家庭与日常安排常用动词；暂标 A1","来源已登记：词头/词性/核心义项","词头/词性/核心义项","Bokmålsordboka","https://ordbokene.no/bm/hente","2026-09-24"
"NTNU LearnNoW / NoW 初级课程候选","hoppe","å hoppe","单词","动词","A1","日常动作","跳；跳跃；蹦；跳过/略过；突然弹动（依结构）","hoppe · hopper · hoppet · hoppet","Du kan hoppe over dette spørsmålet og gå videre til neste.","你可以跳过这道题，继续做下一题。","https://ordbokene.no/bm/hoppe%20over","动作基础动词；暂标 A1","来源已登记：词头/词性/核心义项","词头/词性/核心义项","Bokmålsordboka","https://ordbokene.no/bm/hoppe","2026-09-24"
"NTNU LearnNoW / NoW 初级课程候选","klappe","å klappe","单词","动词","A1","日常动作","鼓掌；轻拍、抚摸；拍合/拍平；（船）靠岸；（心脏）乱跳（依语境）","klappe · klapper · klappet · klappet","Publikum klappet og klappet.","观众不断鼓掌。","https://ordbokene.no/bm/klappe","基础互动和动作动词；暂标 A1","来源已登记：词头/词性/核心义项","词头/词性/核心义项","Bokmålsordboka","https://ordbokene.no/bm/klappe","2026-09-24"
"Bokmålsordboka / NTNU LearnNoW 候选","løfte","å løfte","单词","动词","A1","日常动作","抬起；举起；提起；提高/提升；举杯祝酒（依宾语）","løfte · løfter · løftet · løftet","Heisekrana løfter flere tonn.","起重机能吊起好几吨。","https://ordbokene.no/bm/34404","日常拿取和身体动作基础动词；暂标 A1","来源已登记：词头/词性/核心义项","词头/词性/核心义项","Bokmålsordboka","https://ordbokene.no/bm/l%C3%B8fte","2026-09-24"
"NTNU LearnNoW / NoW 初级课程候选","rope","å rope","单词","动词","A1","日常动作","喊；大声呼喊；呼唤；要求/索要（rope på noe）（依结构）","rope · roper · ropte · ropt","De ropte raskt om hjelp.","他们赶紧大声呼救。","https://ordbokene.no/bm/rope","基础交流动作；暂标 A1","来源已登记：词头/词性/核心义项","词头/词性/核心义项","Bokmålsordboka","https://ordbokene.no/bm/rope","2026-09-24"
"NTNU LearnNoW / NoW 初级课程候选","stoppe","å stoppe","单词","动词","A1","日常动作","停下；停止；使……停下；塞住/填塞；织补（依搭配）","stoppe · stopper · stoppet · stoppet","Bussen stoppet med et rykk. / Kan du stoppe motoren?","公交车猛地停了下来。 / 你能把发动机停下来吗？","https://ordbokene.no/bm/stoppe","基础动作动词；暂标 A1","来源已登记：词头/词性/核心义项","词头/词性/核心义项","Bokmålsordboka","https://ordbokene.no/bm/stoppe","2026-09-24"
"NTNU LearnNoW / NoW 初级课程候选","synge","å synge","单词","动词","A1","日常动作","唱；唱歌；（鸟、流水等）发出悦耳声；叮当作响（依主语）","synge · synger · sang · sunget","De synger i et kor.","他们在合唱团里唱歌。","https://ordbokene.no/bm/synge","日常兴趣动词；暂标 A1","来源已登记：词头/词性/核心义项","词头/词性/核心义项","Bokmålsordboka","https://ordbokene.no/bm/synge","2026-09-24"
"NTNU LearnNoW / NoW 初级课程候选","våkne","å våkne","单词","动词","A1","日常动作","醒来；醒过来；（兴趣、自然等）开始活跃/苏醒（依主语）","våkne · våkner · våknet · våknet","våkne ved den minste lyd","一有一点声音就醒来","https://ordbokene.no/bm/v%C3%A5kne","起床与睡眠基础动词；暂标 A1","来源已登记：词头/词性/核心义项","词头/词性/核心义项","Bokmålsordboka","https://ordbokene.no/bm/v%C3%A5kne","2026-09-24"
"NTNU LearnNoW / NoW 初级课程候选","åpne","å åpne","单词","动词","A1","日常动作","打开；开启；开放/开始营业；发起、开场；使……成为可能（依搭配）","åpne · åpner · åpnet · åpnet","Han åpnet døra forsiktig.","他小心地打开了门。","https://ordbokene.no/bm/%C3%A5pne","基础日常动作；暂标 A1","来源已登记：词头/词性/核心义项","词头/词性/核心义项","Bokmålsordboka","https://ordbokene.no/bm/%C3%A5pne","2026-09-24"
"app.js · 核心动词; NTNU LearnNoW / NoW 初级课程候选","bruke","å bruke","单词","动词","A1","日常动作 / 待归类","使用；利用；消耗/花费；习惯于、通常（依结构）","bruke · bruker · brukte · brukt","Hun brukte lang tid på leksene. / Jeg bruker mobilen.","她做作业花了很长时间。","https://ordbokene.no/bm/%C3%A5%20bruke","入门常用动词；暂标 A1","来源已登记：词头/词性/核心义项","词头/词性/核心义项","Bokmålsordboka","https://ordbokene.no/bm/bruke","2026-09-24"
"app.js · 核心动词; NTNU LearnNoW / NoW 初级课程候选","bære","å bære","单词","动词","A1","日常动作 / 待归类","拿/提/搬；背负、承受；穿戴；支撑、承载（依宾语）","bære · bærer · bar · båret","Han bar en koffert. / Jeg bærer denne.","他提着一只行李箱。","https://ordbokene.no/bm/b%C3%A6re","日常动作常用动词；暂标 A1","来源已登记：词头/词性/核心义项","词头/词性/核心义项","Bokmålsordboka","https://ordbokene.no/bm/b%C3%A6re","2026-09-24"
"app.js · 核心动词; NTNU LearnNoW / NoW 初级课程候选","gi","å gi","单词","动词","A1","日常动作 / 待归类","给；递给；提供；给予（依宾语和结构）","gi · gir · ga · gitt","Gi meg avisen. / Jeg gir ham boka.","把报纸递给我。","https://ordbokene.no/bm/%C3%A5%20gi","基础给予/传递动词；暂标 A1","来源已登记：词头/词性/核心义项","词头/词性/核心义项","Bokmålsordboka","https://ordbokene.no/bm/gi","2026-09-24"
"app.js · 核心动词; Bokmålsordboka / NTNU LearnNoW 候选","holde","å holde","单词","动词","A1","日常动作 / 待归类","拿着；握住；保持；遵守；举行/举办；容纳、支撑（依结构）","holde · holder · holdt · holdt","Han holdt barnet i armene. / Jeg holder døra.","他把孩子抱在怀里。","https://ordbokene.no/bm/holde","多义高频基础动词；暂标 A1","来源已登记：词头/词性/核心义项","词头/词性/核心义项","Bokmålsordboka","https://ordbokene.no/bm/holde","2026-09-24"
"app.js · 核心动词; NTNU LearnNoW / NoW 初级课程候选","kunne","å kunne","单词","动词","A1","日常动作 / 待归类","会；能；可以；可能（依语境）","kunne · kan · kunne · kunnet","Hun kan sykle. / Jeg kan snakke norsk.","她会骑自行车。","https://ordbokene.no/bm/%C3%A5%20kunne","核心情态动词；暂标 A1","来源已登记：词头/词性/核心义项","词头/词性/核心义项","Bokmålsordboka","https://ordbokene.no/bm/kunne","2026-09-24"
"app.js · 核心动词; NTNU LearnNoW / NoW 初级课程候选","løpe","å løpe","单词","动词","A1","日常动作 / 待归类","跑；奔跑；快速移动；（时间、期限等）流逝/到期（依主语）","løpe · løper · løp · løpt","De løper om kapp. / Jeg løper hjem.","他们在赛跑。","https://ordbokene.no/nob/bm/l%C3%B8pe","日常运动基础动词；暂标 A1","来源已登记：词头/词性/核心义项","词头/词性/核心义项","Bokmålsordboka","https://ordbokene.no/bm/l%C3%B8pe","2026-09-24"
"app.js · 核心动词; NTNU LearnNoW / NoW 初级课程候选","måtte","å måtte","单词","动词","A1","日常动作 / 待归类","必须；不得不；可以/获准（较少见）；推测上必定（依语境）","måtte · må · måtte · måttet","Jeg må gå nå. / Jeg må øve.","我现在必须走了。","https://ordbokene.no/nno/bm/m%C3%A5ttet%7Cm%C3%A5tte","基础情态动词；暂标 A1","来源已登记：词头/词性/核心义项","词头/词性/核心义项","Bokmålsordboka","https://ordbokene.no/bm/m%C3%A5tte","2026-09-24"
"app.js · 核心动词; NTNU LearnNoW / NoW 初级课程词汇候选","hjelpe","å hjelpe","单词","动词","A1","日常动作 / 家庭与人物","帮助；帮忙；（措施、药物等）起作用、有效（依语境）","hjelpe · hjelper · hjalp · hjulpet","De hjelper hverandre. / Jeg hjelper meg.","他们互相帮助。","https://ordbokene.no/bm/23710","入门核心动词；项目暂标 A1，待交叉复核","来源已登记：词头/词性/核心义项","词头/词性/核心义项","Bokmålsordboka","https://ordbokene.no/bm/hjelpe","2026-09-24"
"app.js · 核心动词; NTNU LearnNoW / NoW 初级课程词汇候选","se","å se","单词","动词","A1","日常动作 / 家庭与人物","看见；看、观看；理解/看出；经历、发现；认为（依结构）","se · ser · så · sett","Han så en film. / Jeg ser filmen.","他看了一部电影。","https://ordbokene.no/bm/50315","入门核心动词；暂标 A1","来源已登记：词头/词性/核心义项","词头/词性/核心义项","Bokmålsordboka","https://ordbokene.no/bm/se","2026-09-24"
"app.js · 核心动词; NTNU LearnNoW / NoW 初级课程词汇候选","ligge","å ligge","单词","动词","A1","日常动作 / 家与房间","躺；平放、静置；位于；处于某种状态/水平（依主语）","ligge · ligger · lå · ligget","Boka ligger på bordet. / Jeg ligger i Norge.","书在桌子上。","https://ordbokene.no/nob/bm/ligger%7Cligge","入门位置表达；暂标 A1","来源已登记：词头/词性/核心义项","词头/词性/核心义项","Bokmålsordboka","https://ordbokene.no/bm/ligge","2026-09-24"
"app.js · 核心动词; NTNU LearnNoW / NoW 初级课程词汇候选","sette","å sette","单词","动词","A1","日常动作 / 家与房间","放置；摆放；使进入某种位置/状态；设置、安排；投入/种植（依宾语）","sette · setter · satte · satt","De setter skoene i gangen. / Jeg setter seg ned.","他们把鞋放在走廊里。","https://ordbokene.no/bm%2Cnn/sette","入门位置表达；暂标 A1","来源已登记：词头/词性/核心义项","词头/词性/核心义项","Bokmålsordboka","https://ordbokene.no/bm/sette","2026-09-24"
"app.js · 核心动词; NTNU LearnNoW / NoW 初级课程词汇候选","sitte","å sitte","单词","动词","A1","日常动作 / 家与房间","坐；坐着；就座；停留/位于；牢固嵌在某处；任职（依主语和搭配）","sitte · sitter · satt · sittet","Gjestene satt i sofaen. / Jeg sitter på en kafé.","客人们坐在沙发上。","https://ordbokene.no/nno/bm/sitte","入门核心动词；暂标 A1","来源已登记：词头/词性/核心义项","词头/词性/核心义项","Bokmålsordboka","https://ordbokene.no/bm/sitte","2026-09-24"
"app.js · 核心动词; NTNU LearnNoW / NoW 初级课程词汇候选","stå","å stå","单词","动词","A1","日常动作 / 家与房间","站；竖立；放置/位于；处于某种状态；保持不动（依主语）","stå · står · stod · stått","Bøkene står i hylla. / Jeg står utenfor.","书在书架上。","https://ordbokene.no/bm/%C3%A5%20st%C3%A5","入门核心动词；暂标 A1","来源已登记：词头/词性/核心义项","词头/词性/核心义项","Bokmålsordboka","https://ordbokene.no/bm/st%C3%A5","2026-09-24"
"app.js · 核心动词; NTNU LearnNoW / NoW 初级课程词汇候选","finne","å finne","单词","动词","A1","日常动作 / 交通与出行","找到；发现；想出/得出；认为、觉得（finne noen/noe + 形容词）（依结构）","finne · finner · fant · funnet","Jeg fant hammeren i boden. / Jeg finner en løsning.","我在储物间找到了锤子。","https://ordbokene.no/nno/bm/finne","入门核心动词；项目暂标 A1，待交叉复核","来源已登记：词头/词性/核心义项","词头/词性/核心义项","Bokmålsordboka","https://ordbokene.no/bm/finne","2026-09-24"
"app.js · 核心动词; NTNU LearnNoW / NoW 初级课程词汇候选","få","å få","单词","动词","A1","日常动作 / 日常基础","得到；收到；获得；有机会/获准；使、让（få noen til å gjøre noe）；不得不/可以（依结构）","få · får · fikk · fått","Han får svar i morgen. / Jeg får hjelp.","他明天会收到答复。","https://ordbokene.no/bm%2Cnn/%C3%A5%20f%C3%A5","入门核心动词；项目暂标 A1，待交叉复核","来源已登记：词头/词性/核心义项","词头/词性/核心义项","Bokmålsordboka","https://ordbokene.no/bm/f%C3%A5","2026-09-24"
"app.js · 核心动词; NTNU LearnNoW / NoW 初级课程词汇候选","gå","å gå","单词","动词","A1","日常动作 / 日常基础","走；步行；去/前往；运转、进行；变得/结果（依主语和搭配）","gå · går · gikk · gått","De gikk seg en tur rundt vannet. / Jeg går til jobben.","他们绕着湖散了一会儿步。","https://ordbokene.no/nob/bm/%C3%A5%20g%C3%A5","入门核心动词；项目暂标 A1，待交叉复核","来源已登记：词头/词性/核心义项","词头/词性/核心义项","Bokmålsordboka","https://ordbokene.no/bm/g%C3%A5","2026-09-24"
"app.js · 核心动词; NTNU LearnNoW / NoW 初级课程词汇候选","ha","å ha","单词","动词","A1","日常动作 / 日常基础","有；拥有；带着/具有；经历、患有；安排/进行；作助动词（依搭配）","ha · har · hadde · hatt","Hvordan har du det? / Jeg har tid.","你最近怎么样？","https://ordbokene.no/bm/ha","课程早期出现；项目暂标 A1，待交叉复核","来源已登记：词义/词性/词形/例句/译文","词义/词性/词形/例句/译文","Bokmålsordboka","https://ordbokene.no/bm/ha","2026-09-24"
"app.js · 核心动词; NTNU LearnNoW / NoW 初级课程词汇候选","komme","å komme","单词","动词","A1","日常动作 / 日常基础","来；到达；出现/传来；进入某种状态；来自；将会（komme til å）（依结构）","komme · kommer · kom · kommet","Der kommer bussen. / Jeg kommer snart.","公交车来了。","https://ordbokene.no/bm/KOMME","课程早期出现；项目暂标 A1，待交叉复核","来源已登记：词头/词性/核心义项","词头/词性/核心义项","Bokmålsordboka","https://ordbokene.no/bm/komme","2026-09-24"
"app.js · 核心动词; NTNU LearnNoW / NoW 初级课程词汇候选","ta","å ta","单词","动词","A1","日常动作 / 日常基础","拿；取；带走/乘坐；接受/服用；花费/占用；承担（依搭配）","ta · tar · tok · tatt","Ta tauet! / Jeg tar bussen.","把绳子拿住！","https://ordbokene.no/bm%2Cnn/%C3%A5%20ta","入门核心动词；暂标 A1","来源已登记：词头/词性/核心义项","词头/词性/核心义项","Bokmålsordboka","https://ordbokene.no/bm/ta","2026-09-24"
"app.js · 核心动词; NTNU LearnNoW / NoW 初级课程词汇候选","være","å være","单词","动词","A1","日常动作 / 日常基础","是；在/处于；存在；举行/发生；作为助动词构成状态或被动（依结构）","være · er · var · vært","De er i utlandet. / Jeg er hjemme.","他们在国外。","https://ordbokene.no/nob/bm/v%C3%A6re","入门核心动词；项目暂标 A1，待交叉复核","来源已登记：词头/词性/核心义项","词头/词性/核心义项","Bokmålsordboka","https://ordbokene.no/bm/v%C3%A6re","2026-09-24"
"app.js · 核心动词; NTNU LearnNoW / NoW 初级课程词汇候选; Tema: fremtid · 课本专题","bli","å bli","单词","动词","A1","日常动作 / 日常基础 / 未来计划与目标","变成；成为；变得；留下/继续处于；构成被动（依结构）","bli · blir · ble · blitt","Hun ble igjen på hytta. / Jeg blir bedre. / Det blir lettere med øvelse.","她留在了小木屋里。 / 练习会让事情变得更容易。","https://ordbokene.no/bm/6390","课程早期出现；项目暂标 A1，待交叉复核","来源已登记：词头/词性/核心义项","词头/词性/核心义项","Bokmålsordboka","https://ordbokene.no/bm/bli","2026-09-24"
"app.js · 核心动词; NTNU LearnNoW / NoW 初级课程词汇候选; Tema: fremtid · 课本专题","gjøre","å gjøre","单词","动词","A1","日常动作 / 日常基础 / 未来计划与目标","做；进行；完成；使/造成；表现、行事；（代替前文动词）（依结构）","gjøre · gjør · gjorde · gjort","Hun vil gjøre det selv. / Jeg gjør en innsats. / Jeg skal gjøre noen endringer.","她想自己做这件事。 / 我打算做一些改变。","https://ordbokene.no/bm/gj%C3%B8re","课程早期出现；项目暂标 A1，待交叉复核","来源已登记：词义/词性/词形/例句/译文","词义/词性/词形/例句/译文","Bokmålsordboka","https://ordbokene.no/bm/gj%C3%B8re","2026-09-24"
"app.js · 核心动词; NTNU LearnNoW / NoW 初级课程词汇候选","begynne","å begynne","单词","动词","A1","日常动作 / 时间与日常","开始；着手；开始发生/出现（begynne å / begynne på）（依结构）","begynne · begynner · begynte · begynt","Møtet begynner kl. 13. / Jeg begynner å jobbe.","会议下午一点开始。","https://ordbokene.no/bm/begynne","入门核心动词；暂标 A1","来源已登记：词头/词性/核心义项","词头/词性/核心义项","Bokmålsordboka","https://ordbokene.no/bm/begynne","2026-09-24"
"app.js · 核心动词; NTNU LearnNoW / NoW 初级课程词汇候选","glemme","å glemme","单词","动词","A1","日常动作 / 时间与日常","忘记；遗忘；忘带/落下；忘了做、疏忽未做；不再计较（依结构）","glemme · glemmer · glemte · glemt","Jeg har glemt hva han heter. / Jeg glemmer nøklene.","我忘了他叫什么名字。","https://ordbokene.no/nob/bm/glemme","日常交际常用词；暂标 A1","来源已登记：词头/词性/核心义项","词头/词性/核心义项","Bokmålsordboka","https://ordbokene.no/bm/glemme","2026-09-24"
"app.js · 核心动词; NTNU LearnNoW / NoW 初级课程词汇候选","huske","å huske","单词","动词","A1","日常动作 / 时间与日常","记得；记住；想起；记着要做（huske å / huske på）（本词条指记忆义）","huske · husker · husket · husket","Husk å ta med kopp. / Jeg husker det.","记得带上杯子。","https://ordbokene.no/bm/huske","日常交际常用词；暂标 A1","来源已登记：词头/词性/核心义项","词头/词性/核心义项","Bokmålsordboka","https://ordbokene.no/bm/huske","2026-09-24"
"app.js · 核心动词; NTNU LearnNoW / NoW 初级课程词汇候选","vente","å vente","单词","动词","A1","日常动作 / 时间与日常","等；等待；等候；预期、料想；（事情/机会）等待着（依结构）","vente · venter · ventet · ventet","Jeg har ventet ganske lenge nå. / Jeg venter på bussen.","我已经等了挺久了。","https://ordbokene.no/bm/vente","入门生活主题词；暂标 A1","来源已登记：词头/词性/核心义项","词头/词性/核心义项","Bokmålsordboka","https://ordbokene.no/bm/vente","2026-09-24"
"app.js · 核心动词; NTNU LearnNoW / NoW 初级课程词汇候选","like","å like","单词","动词","A1","日常动作 / 食物与购物","喜欢；喜爱；觉得……不错/满意（like noe / like å gjøre noe）","like · liker · likte · likt","Likte du filmen? / Jeg liker å lære norsk.","你喜欢那部电影吗？","https://ordbokene.no/bm/like","入门核心动词；项目暂标 A1，待交叉复核","来源已登记：词头/词性/核心义项","词头/词性/核心义项","Bokmålsordboka","https://ordbokene.no/bm/like","2026-09-24"
"app.js · 核心动词; NTNU LearnNoW / NoW 初级课程词汇候选; Tema: fremtid · 课本专题","prøve","å prøve","单词","动词","A1","日常动作 / 食物与购物 / 未来计划与目标","试；试用、测试；试穿；尝试、试着做；考查（依搭配）","prøve · prøver · prøvde · prøvd","Jeg prøvde å komme tidsnok. / Jeg prøver å snakke norsk. / Jeg skal prøve å spise sunnere.","我试着准时赶到。 / 我会试着吃得更健康。","https://ordbokene.no/nob/bm/pr%C3%B8ve","入门交际常用动词；暂标 A1","来源已登记：词头/词性/核心义项","词头/词性/核心义项","Bokmålsordboka","https://ordbokene.no/bm/pr%C3%B8ve","2026-09-24"
"app.js · 核心名词","mat","mat","单词","名词","A1","日常基础","食物；饭菜；一顿饭/用餐（依语境）；食物、营养（较少见）","mat · maten · — · —","Han liker å lage mat.","他喜欢做饭。","https://ordbokene.no/nob/bm/MAT","按当前主题等级暂分，待复核","已有词形与例句·待核","","","",""
"NTNU LearnNoW / NoW 初级课程候选","dusj","en dusj","单词","名词","A1","日常家务","淋浴；一阵细密喷洒；淋浴喷头/设备；淋浴间（依语境）","en dusj · dusjen · dusjer · dusjene","Jeg tar en dusj før jobb.","我上班前冲个澡。","https://ordbokene.no/bm/dusj","日常卫生主题基础词；暂标 A1","来源已登记：词头/词性/核心义项","词头/词性/核心义项","Bokmålsordboka","https://ordbokene.no/bm/dusj","2026-09-24"
"NTNU LearnNoW / NoW 初级课程候选","oppvaskmaskin","en oppvaskmaskin","单词","名词","A1","日常家务","洗碗机；用于清洗餐具的机器","en oppvaskmaskin · oppvaskmaskinen · oppvaskmaskiner · oppvaskmaskinene","På kjøkkenet er det en benk med komfyr og oppvaskmaskin. / Etter middagen satte vi alt i oppvaskmaskinen.","厨房里有一个台面，上面有炉灶和洗碗机。 / 晚饭后，我们把所有餐具都放进了洗碗机。","https://www.hf.ntnu.no/now/learnnow/misc/LearnNoWTextbook.pdf / https://preply.com/en/blog/kitchen-items-in-norwegian/","家务与厨房基础名词；暂标 A1","来源已登记：词头/词性/核心义项","词头/词性/核心义项","Bokmålsordboka","https://ordbokene.no/bm/oppvaskmaskin","2026-09-24"
"NTNU LearnNoW / NoW 初级课程候选；Bokmålsordboka 词形核对","orden","en orden","单词","名词","A1","日常家务","秩序；整齐、有条理；顺序；（i orden）正常、妥当、没问题","en orden · ordenen · ordener · ordenene","Navnene står i alfabetisk orden. / Er alt i orden?","名字按字母顺序排列。 / 一切都正常吗？","https://ordbokene.no/bm/orden","日常表达常用名词；暂标 A1","来源已登记：词头/词性/核心义项","词头/词性/核心义项","Bokmålsordboka","https://ordbokene.no/bm/orden","2026-09-24"
"NTNU LearnNoW / NoW 初级课程候选","ordne","å ordne","单词","动词","A1","日常家务","整理；安排；处理；解决；（ordne seg）自行解决、好转","ordne · ordner · ordnet · ordnet","Det ordner seg. / Den saken skal jeg ordne.","事情会解决的；会好起来的。 / 那件事我会处理好。","https://ordbokene.no/bm/43268","日常安排与整理动词；暂标 A1","来源已登记：词头/词性/核心义项","词头/词性/核心义项","Bokmålsordboka","https://ordbokene.no/bm/ordne","2026-09-24"
"NTNU LearnNoW / NoW 初级课程候选","vaskemaskin","en vaskemaskin","单词","名词","A1","日常家务","洗衣机；用于洗涤衣物的机器","en vaskemaskin · vaskemaskinen · vaskemaskiner · vaskemaskinene","Jeg bruker vaskemaskinen for å holde klærne rene.","我用洗衣机把衣服洗干净。","https://www.norwegianclass101.com/norwegian-vocabulary-lists/talking-about-doing-the-laundry","家务与家居基础名词；暂标 A1","来源已登记：词头/词性/核心义项","词头/词性/核心义项","Bokmålsordboka","https://ordbokene.no/bm/vaskemaskin","2026-09-24"
"app.js · 核心动词; NTNU LearnNoW / NoW 初级课程词汇候选","legge","å legge","单词","动词","A1","日常家务 / 家与房间","放置；把……放下/摆好；铺设；制定/安排；（legge seg）躺下、上床","legge · legger · la · lagt","Hun legger hånden på skulderen hans. / Han er trøtt og legger seg for å sove. / Jeg legger seg ned.","她把手放在他的肩膀上。 / 他累了，躺下准备睡觉。","https://ordbokene.no/nob/bm/%C3%A5%20legge","日常动作常用词；暂标 A1","来源已登记：词头/词性/核心义项","词头/词性/核心义项","Bokmålsordboka","https://ordbokene.no/bm/legge","2026-09-24"
"app.js · 核心动词; NTNU LearnNoW / NoW 初级课程词汇候选","vaske","å vaske","单词","动词","A1","日常家务 / 家与房间","洗；清洗；擦洗/打扫；（vaske opp）洗碗","vaske · vasker · vasket · vasket","Hun vasker hendene. / Hjelpe til med å vaske opp. / Jeg vasker klær.","她在洗手。 / 帮忙洗碗。","https://ordbokene.no/nob/bm/vaske","日常家务常用词；暂标 A1","来源已登记：词头/词性/核心义项","词头/词性/核心义项","Bokmålsordboka","https://ordbokene.no/bm/vaske","2026-09-24"
"NTNU LearnNoW / NoW 初级课程候选","vekke","å vekke","单词","动词","A1","日常作息","叫醒；唤醒；引起/唤起（兴趣、反应等）","vekke · vekker · vekket · vekket","Vekk meg klokka sju! / Hun vekker studentenes interesse.","七点叫醒我！ / 她引起了学生们的兴趣。","https://ordbokene.no/nob/bm/vekke","日常起床场景基础动词；暂标 A1","来源已登记：词头/词性/核心义项","词头/词性/核心义项","Bokmålsordboka","https://ordbokene.no/bm/vekke","2026-09-24"
"NTNU LearnNoW / NoW 初级课程候选","konge","en konge","单词","名词","A1","社会与文化","国王；君主；（口语形容用法 konge）很棒、极好","en konge · kongen · konger · kongene","Kongen og dronningen. / Løven er dyrenes konge.","国王和王后。 / 狮子是百兽之王。","https://ordbokene.no/bm/konge","基础社会和文化词汇；暂标 A1","来源已登记：词头/词性/核心义项","词头/词性/核心义项","Bokmålsordboka","https://ordbokene.no/bm/konge","2026-09-24"
"NTNU NoW Basic Norwegian Words；Bokmålsordboka 中性名词不规则复数","kne","et kne","单词","名词","A1","身体部位","膝盖；膝关节；（på kne）跪着","et kne · kneet · knær · knærne","Ha smerter i kneet. / Hun sank i kne.","膝盖疼。 / 她跪倒了。","https://ordbokene.no/nno/bm/kne","身体基础词；NoW基础词表收录，项目暂标A1","来源已登记：词头/词性/核心义项","词头/词性/核心义项","Bokmålsordboka","https://ordbokene.no/bm/kne","2026-09-24"
"NTNU NoW Basic Norwegian Words；Bokmålsordboka 词头与中性名词四形","lår","et lår","单词","名词","A1","身体部位","大腿；髋部至膝盖之间的腿部","et lår · låret · lår · lårene","Slå seg på lårene og le.","拍着大腿大笑。","https://ordbokene.no/bm/l%C3%A5r","身体基础词；NoW基础词表收录，项目暂标A1","来源已登记：词头/词性/核心义项","词头/词性/核心义项","Bokmålsordboka","https://ordbokene.no/bm/lår","2026-09-24"
"NTNU NoW Basic Norwegian Words；Bokmålsordboka 性别变体核对","nakke","en nakke","单词","名词","A1","身体部位","后颈；颈部后侧；（依语境）上背部","en nakke · nakken · nakker · nakkene","Være stiv i nakken og skuldrene. / De gikk med bøyd nakke og sa ingenting.","脖子后侧和肩膀僵硬。 / 他们低着头，一句话也没说。","https://ordbokene.no/bm/nakke","身体基础词；NoW基础词表收录，项目暂标A1","来源已登记：词头/词性/核心义项","词头/词性/核心义项","Bokmålsordboka","https://ordbokene.no/bm/nakke","2026-09-24"
"NTNU NoW Basic Norwegian Words；Bokmålsordboka 名词义与词形核对","tunge","ei tunge","单词","名词","A1","身体部位","舌头；（较书面）语言；动物舌头（作食物）","ei tunge · tunga · tunger · tungene","Kjenne etter med tunga. / Et smørbrød med tunge. / En fremmed tunge.","用舌头感觉一下。 / 一份舌肉三明治。 / 一种外语。","https://ordbokene.no/nob/bm/tunge","身体基础词；NoW基础词表收录，项目暂标A1","来源已登记：词头/词性/核心义项","词头/词性/核心义项","Bokmålsordboka","https://ordbokene.no/bm/tunge","2026-09-24"
"NTNU NoW Basic Norwegian Words；Bokmålsordboka 中性名词义与词形核对","øre","et øre","单词","名词","A1","身体部位","耳朵；听觉/听力；欧尔（挪威克朗的百分之一，现主要见于金额表达）","et øre · øret · ører · ørene","Ha ringer i ørene. / I 1972 kostet en liter bensin en krone og femti øre. / Ha øre for musikk.","戴着耳环。 / 1972年一升汽油的价格是一克朗五十欧尔。 / 有音乐鉴赏力/乐感。","https://ordbokene.no/nno/bm/%C3%98RE","身体基础词；NoW基础词表收录，项目暂标A1","来源已登记：词头/词性/核心义项","词头/词性/核心义项","Bokmålsordboka","https://ordbokene.no/bm/øre","2026-09-24"
"NTNU NoW Basic Norwegian Words；Bokmålsordboka 不规则复数核对","øye","et øye","单词","名词","A1","身体部位","眼睛；视力/视觉；目光、看法；（依搭配）孔眼/开口","et øye · øyet · øyne · øynene","Ha vondt i øyet. / Hun hadde store, brune øyne. / Få øye på.","眼睛疼。 / 她有一双又大又棕的眼睛。 / 看见；发现。","https://ordbokene.no/bm/%C3%98YE","身体基础词；NoW基础词表收录，项目暂标A1","来源已登记：词头/词性/核心义项","词头/词性/核心义项","Bokmålsordboka","https://ordbokene.no/bm/øye","2026-09-24"
"NTNU Basic Norwegian Words (Swadesh list)","blod","et blod","单词","名词（通常不可数）","A1","身体与健康","血；血液；（引申）血统、生命力或性情","et blod · blodet · blod · blodene","Gi blod. / Ha hett blod i årene.","献血。 / 血液里流着热血；性情热烈。","https://ordbokene.no/nno/bm/blod","初级基础词候选；词形已对照 Bokmålsordboka，等级仍需多套课程交叉复核","来源已登记：词头/词性/核心义项","词头/词性/核心义项","Bokmålsordboka","https://ordbokene.no/bm/blod","2026-09-24"
"NTNU Basic Norwegian Words (Swadesh list)","hjerte","et hjerte","单词","名词","A1","身体与健康","心脏；心（情感、内心或象征图案）；中心/核心（依语境）","et hjerte · hjertet · hjerter · hjertene","Hjertet hamret i brystet på meg. / Gjøre noe med lett hjerte.","我的心在胸腔里怦怦直跳。 / 心情轻松地做某事。","https://ordbokene.no/bm%2Cnn/hjerte%7Chjarta","初级基础词候选；项目暂分 A1，需按多套课程交叉复核","来源已登记：词头/词性/核心义项","词头/词性/核心义项","Bokmålsordboka","https://ordbokene.no/bm/hjerte","2026-09-24"
"NTNU Basic Norwegian Words (Swadesh list)","hånd","ei/en hånd","单词","名词","A1","身体与健康","手；手掌及手指所在的手部；（引申/固定搭配）帮助、掌控、亲手","hånd · hånda · hånden · hender · hendene","Vaske hendene. / Ta noen i hånden. / Skrive for hånd.","洗手。 / 握某人的手。 / 手写。","https://ordbokene.no/bm/hand","初级基础词候选；词形已对照 Bokmålsordboka，等级仍需多套课程交叉复核","来源已登记：词头/词性/核心义项","词头/词性/核心义项","Bokmålsordboka","https://ordbokene.no/bm/h%C3%A5nd","2026-09-24"
"NTNU LearnNoW / NoW 初级课程候选","hår","et hår","单词","名词","A1","身体与健康","头发；毛发；一根头发/毛（可数时）","et hår · håret · hår · hårene","Ha langt hår. / Miste hår.","留着长头发。 / 掉头发。","https://ordbokene.no/nob/bm/25500","身体与外貌基础词；暂标 A1","来源已登记：词头/词性/核心义项","词头/词性/核心义项","Bokmålsordboka","https://ordbokene.no/bm/h%C3%A5r","2026-09-24"
"NTNU Basic Norwegian Words (Swadesh list)","nese","en nese","单词","名词","A1","身体与健康","鼻子；嗅觉；（引申）发现线索的敏锐度；物体尖端/前端","en nese · nesen · neser · nesene","Være tett i nesa. / Hunden har en veldig skarp nese.","鼻子不通气。 / 这只狗的嗅觉非常灵敏。","https://ordbokene.no/nob/bm/nese","初级基础词候选；项目暂分 A1，需按多套课程交叉复核","来源已登记：词头/词性/核心义项","词头/词性/核心义项","Bokmålsordboka","https://ordbokene.no/bm/nese","2026-09-24"
"NTNU LearnNoW / NoW 初级课程候选","sminke","en sminke","单词","名词","A1","身体与健康","化妆品；妆；（动词 sminke seg）化妆","en sminke · sminken · sminker · sminkene","Skuespilleren tok av seg sminken. / Ha tykt med sminke i ansiktet.","演员卸了妆。 / 脸上涂了厚厚的妆。","https://ordbokene.no/bm/54826","日常护理用品名词；暂标 A1","来源已登记：词头/词性/核心义项","词头/词性/核心义项","Bokmålsordboka","https://ordbokene.no/bm/sminke","2026-09-24"
"NTNU LearnNoW / NoW 初级课程候选","ansikt","et ansikt","单词","名词","A1","身体与外貌","脸；面部；（转指）人物/面孔；（固定表达）颜面、面子","et ansikt · ansiktet · ansikter · ansiktene","Jeg ser det på ansiktet ditt. / Norsk idrett trenger nye ansikter.","我从你的脸上看出来了。 / 挪威体育界需要新面孔。","https://ordbokene.no/nob/bm/ANSIKT","身体部位基础名词；暂标 A1","来源已登记：词头/词性/核心义项","词头/词性/核心义项","Bokmålsordboka","https://ordbokene.no/bm/ansikt","2026-09-24"
"vocab-v2-library.js · V2 词条","feber","feber","单词","名词","A1","身体与症状","发烧；发热；（复合词中）热潮、狂热","feber · feberen","Ha 39 i feber. / Ligge i feber.","发烧到39度。 / 发着烧卧床。","https://ordbokene.no/bm/feber","项目内部等级标签，需抽查","来源已登记：词头/词性/核心义项","词头/词性/核心义项","Bokmålsordboka","https://ordbokene.no/bm/14085","2026-09-24"
"vocab-v2-library.js · V2 词条","kropp","en kropp","单词","名词","A1","身体与症状","身体；躯体；（技术）主体/机身；（口语）家伙、人","en kropp · kroppen · kropper · kroppene","Han svettet over hele kroppen. / Få litt mat i kroppen.","他浑身都出汗了。 / 吃点东西补充体力。","https://ordbokene.no/bm/32315","项目内部等级标签，需抽查","来源已登记：词头/词性/核心义项","词头/词性/核心义项","Bokmålsordboka","https://ordbokene.no/bm/kropp","2026-09-24"
"NTNU NoW Basic Norwegian Words；Bokmålsordboka 变位核对","leve","å leve","单词","动词","A1","生活与状态","生活；活着、生存；居住；以……为生；过……样的生活；（记忆、作品等）延续","å leve · lever · levde · levd","De lever i utlandet nå. / Jeg må leve på diett.","他们现在住在国外。 / 我得按规定饮食；我必须控制饮食。","https://ordbokene.no/bm/leva%7Cleve","描述生活、居住和生存状态的基础动词；项目暂标A1","来源已登记：词头/词性/核心义项","词头/词性/核心义项","Bokmålsordboka","https://ordbokene.no/bm/leve","2026-09-24"
"NTNU LearnNoW / NoW 初级课程候选","dø","å dø","单词","动词","A1","生命与健康","死亡；去世；（声音、记忆、物种等）消失、终止","dø · dør · døde · dødd","Planten døde fordi jeg glemte å vanne den. / Dyrearten dør ut.","我忘了给植物浇水，所以它枯死了。 / 这个物种正在灭绝。","https://ordbokene.no/bm/d%C3%B8","基础生命过程动词；暂标 A1","来源已登记：词头/词性/核心义项","词头/词性/核心义项","Bokmålsordboka","https://ordbokene.no/bm/d%C3%B8","2026-09-24"
"NTNU LearnNoW / NoW 初级课程候选","endelig","endelig","单词","形容词","A1","时间与感受","终于；总算；最终/确定的；（强调）偏要、非要（依句法和语气）","endelig · endelig · endelige · endelige","Endelig kom de. / Saken er endelig avgjort. / Hvis du endelig vil, så.","他们终于来了。 / 此事已作出最终裁决。 / 如果你非要这样的话，那就……","https://ordbokene.no/bm/endelig","基础时间副词/评价词；暂标 A1","来源已登记：词头/词性/核心义项","词头/词性/核心义项","Bokmålsordboka","https://ordbokene.no/bm/endelig","2026-09-24"
"NTNU LearnNoW / NoW 初级课程候选","om","om","单词","介词/从属连词","A1","时间与关系介词","关于；围绕；再过……（时间）；在……期间/每逢；如果；是否（依句法结构）","om","Snakke om noe. / Om en uke. / Bli med om du har lyst. / Hun lurte på om noen hadde ringt.","谈论某事。 / 一周后。 / 如果你愿意，就一起去吧。 / 她想知道有没有人打过电话。","https://ordbokene.no/bm/om","基础时间、主题和条件介词；暂标 A1","来源已登记：词头/词性/核心义项","词头/词性/核心义项","Bokmålsordboka","https://ordbokene.no/bm/om","2026-09-24"
"NTNU LearnNoW / NoW 初级课程候选","da","da","单词","副词","A1","时间与句子连接","那时；当时；接着/于是；那么、那样的话；（语气词）倒、还、嘛（依语境）","da","Da var Norge i union med Danmark. / Da kom de til et hus. / Det gikk da bra.","那时挪威与丹麦处于联合王国关系中。 / 接着他们来到一座房子。 / 事情倒还挺顺利。","https://ordbokene.no/bm/DA","基础过去时间和语篇副词；暂标 A1","来源已登记：词头/词性/核心义项","词头/词性/核心义项","Bokmålsordboka","https://ordbokene.no/bm/da","2026-09-24"
"NTNU LearnNoW / NoW 初级课程候选","så","så","单词","副词","A1","时间与句子连接","然后；接着；于是/因此；那么、如此；（连接语篇）另外/而且（依句法）","så","Først tok hun på seg jakke, så lue, så skjerf og votter. / Ring meg når du er på vei, så skal jeg sette på middagen.","她先穿上夹克，然后戴上帽子、围上围巾、戴上手套。 / 你出发后给我打电话，我就开始准备晚饭。","https://ordbokene.no/nob/bm/59446","日常顺序、结果和程度副词；暂标 A1","来源已登记：词头/词性/核心义项","词头/词性/核心义项","Bokmålsordboka","https://ordbokene.no/bm/så","2026-09-24"
"NTNU LearnNoW / NoW 初级课程候选","ettermiddag","en ettermiddag","单词","名词","A1","时间与日程","下午；午后（大致从中午到傍晚）","en ettermiddag · ettermiddagen · ettermiddager · ettermiddagene","I ettermiddag tar jeg fri. / De pleier å ta en lur om ettermiddagen.","我今天下午休息。 / 他们通常下午会小睡一会儿。","https://ordbokene.no/bm/ettermiddag","时间主题基础词；暂标 A1","来源已登记：词头/词性/核心义项","词头/词性/核心义项","Bokmålsordboka","https://ordbokene.no/bm/ettermiddag","2026-09-24"
"NTNU LearnNoW / NoW 初级课程候选","formiddag","en formiddag","单词","名词","A1","时间与日程","上午；中午以前的一段时间","en formiddag · formiddagen · formiddager · formiddagene","i morgen formiddag / søndag formiddag","明天上午 / 星期日上午","https://ordbokene.no/bm/formiddag","时间主题常用词；暂标 A1","来源已登记：词头/词性/核心义项","词头/词性/核心义项","Bokmålsordboka","https://ordbokene.no/bm/formiddag","2026-09-24"
"NTNU LearnNoW / NoW 初级课程候选","forrige","forrige","单词","形容词","A1","时间与日程","前一个的；最近过去的；上一个的（需依时间参照判断）","forrige","i forrige uke / forrige gang","上周 / 上一次","https://ordbokene.no/nob/bm/forrige","表达近期过去的高频时间词；暂标 A1","来源已登记：词头/词性/核心义项","词头/词性/核心义项","Bokmålsordboka","https://ordbokene.no/bm/forrige","2026-09-24"
"NTNU LearnNoW / NoW 初级课程候选","først","først","单词","副词","A1","时间与日程","首先；最先；直到……才（依语序和语境）","først","Først må vi vaske opp. / Vi reiser først i overmorgen.","我们得先洗碗。 / 我们要到后天才出发。","https://ordbokene.no/nno/bm/f%C3%B8rst","基础顺序副词；暂标 A1","来源已登记：词头/词性/核心义项","词头/词性/核心义项","Bokmålsordboka","https://ordbokene.no/bm/først","2026-09-24"
"NTNU LearnNoW / NoW 初级课程候选","første","første","单词","形容词","A1","时间与日程","第一的；最先的；（引申）首要的、最重要的","første","første kapittel / for første gang","第一章 / 第一次","https://ordbokene.no/nno/bm/fyrste%7Cf%C3%B8rste","序数词基础项；暂标 A1","来源已登记：词头/词性/核心义项","词头/词性/核心义项","Bokmålsordboka","https://ordbokene.no/bm/f%C3%B8rste","2026-09-24"
"NTNU LearnNoW / NoW 初级课程候选","gang","en gang","单词","名词","A1","时间与日程","次；回；次数；走廊/通道；（事情的）进程（依搭配）","en gang · gangen · ganger · gangene","Hvor mange ganger må jeg si det? / Læreren sendte eleven på gangen.","这话我得说多少遍？ / 老师把学生请到了走廊上。","https://ordbokene.no/bm/gang","时间与频率基础名词；暂标 A1","来源已登记：词头/词性/核心义项","词头/词性/核心义项","Bokmålsordboka","https://ordbokene.no/bm/gang","2026-09-24"
"NTNU LearnNoW / NoW 初级课程候选","halv","halv","单词","形容词","A1","时间与日程","半的；一半的；（报时）差半小时到某整点","halv · halvt · halve","Klokka er halv ti. / De delte og fikk et halvt brød hver.","现在是九点半。 / 他们把面包分了，每人拿到半个。","https://ordbokene.no/bm/halv","时间和数量基础形容词；暂标 A1","来源已登记：词头/词性/核心义项","词头/词性/核心义项","Bokmålsordboka","https://ordbokene.no/bm/halv","2026-09-24"
"NTNU LearnNoW / NoW 初级课程候选","klokke","ei klokke","单词","名词","A1","时间与日程","钟；表；时间/钟点；铃（依语境）","ei klokke · klokka · klokker · klokkene","Hvor mye er klokka? / Det hang en klokke på veggen.","现在几点？ / 墙上挂着一只钟。","https://ordbokene.no/bm/30187","日常时间主题基础名词；暂标 A1","来源已登记：词头/词性/核心义项","词头/词性/核心义项","Bokmålsordboka","https://ordbokene.no/bm/klokke","2026-09-24"
"Bokmålsordboka / NTNU LearnNoW 候选","kvart","kvart","单词","数词/副词","A1","时间与日程","四分之一；一刻钟；（报时）差一刻/过一刻","kvart","Klokka kvart over ett. / Vi må gå kvart på fire.","一点一刻。 / 我们得三点四十五分走。","https://ordbokene.no/bm/kvart","报时和四分之一表达；暂标 A1","来源已登记：词头/词性/核心义项","词头/词性/核心义项","Bokmålsordboka","https://ordbokene.no/bm/kvart","2026-09-24"
"NTNU LearnNoW / NoW 初级课程候选","kvarter","et kvarter","单词","名词","A1","时间与日程","一刻钟（15分钟）；街区/城区；驻地、住处（依语境）","et kvarter · kvarteret · kvarter · kvarterene","Bussen går hvert kvarter. / Et kvarters tid.","公交车每15分钟一班。 / 一刻钟左右。","https://ordbokene.no/bm/33037","报时和日常时长核心名词；暂标 A1","来源已登记：词头/词性/核心义项","词头/词性/核心义项","Bokmålsordboka","https://ordbokene.no/bm/kvarter","2026-09-24"
"NTNU LearnNoW / NoW 初级课程候选","meter","en meter","单词","名词","A1","时间与日程","米；长度单位（符号 m）","en meter · meteren · meter · meterne","Huset er ti meter langt. / Tøyet koster 80 kr meteren.","这栋房子长十米。 / 这种布每米80克朗。","https://ordbokene.no/bm/meter","基础长度单位名词；暂标 A1","来源已登记：词头/词性/核心义项","词头/词性/核心义项","Bokmålsordboka","https://ordbokene.no/bm/meter","2026-09-24"
"NTNU LearnNoW / NoW 初级课程候选","minutt","et minutt","单词","名词","A1","时间与日程","分钟；片刻；（角度单位）分","et minutt · minuttet · minutter · minuttene","Det er gjort på noen minutter. / Bussen går sju minutter over hver hel og halv time.","这几分钟就做完了。 / 公交车每逢整点和半点过七分钟发车。","https://ordbokene.no/bm/minutt","时间安排基础名词；暂标 A1","来源已登记：词头/词性/核心义项","词头/词性/核心义项","Bokmålsordboka","https://ordbokene.no/bm/minutt","2026-09-24"
"NTNU LearnNoW / NoW 初级课程候选","nå","nå","单词","副词","A1","时间与日程","现在；此刻；如今；（语气副词）倒、嘛、到底等（依重音和上下文）","nå","Nå drar vi. / En roman om Cuba før og nå.","我们现在出发。 / 一部讲述古巴过去与现状的小说。","https://ordbokene.no/bm/n%C3%A5","基础时间副词；暂标 A1","来源已登记：词头/词性/核心义项","词头/词性/核心义项","Bokmålsordboka","https://ordbokene.no/bm/nå","2026-09-24"
"NTNU LearnNoW / NoW 初级课程候选","siden","siden","单词","副词","A1","时间与日程","后来；此后；……以前（for + 时间段 + siden）；从那时起（依结构）","siden","For to år siden. / Siden har jeg ikke prøvd.","两年前。 / 此后我就没再试过。","https://ordbokene.no/bm/siden","基础时间副词；暂标 A1","来源已登记：词头/词性/核心义项","词头/词性/核心义项","Bokmålsordboka","https://ordbokene.no/bm/siden","2026-09-24"
"NTNU LearnNoW / NoW 初级课程候选","sju","sju","单词","限定词","A1","时间与日程","七（基数词/数量限定词；也可写 syv）","sju","Klokka slår sju. / Fylle sju år.","钟敲七下。 / 满七岁。","https://ordbokene.no/bm/sju","基础数字；暂标 A1","来源已登记：词头/词性/核心义项","词头/词性/核心义项","Bokmålsordboka","https://ordbokene.no/bm/sju","2026-09-24"
"NTNU LearnNoW / NoW 初级课程候选","snart","snart","单词","副词","A1","时间与日程","很快；不久；快要；几乎/差不多（依语境）","snart","Nå er det snart slutt på pengene. / La oss komme oss vekk så snart som mulig.","现在钱快花完了。 / 我们尽可能快点离开这里吧。","https://ordbokene.no/bm/55055","基础时间副词；暂标 A1","来源已登记：词头/词性/核心义项","词头/词性/核心义项","Bokmålsordboka","https://ordbokene.no/bm/snart","2026-09-24"
"NTNU LearnNoW / NoW 初级课程候选","straks","straks","单词","副词","A1","时间与日程","马上；立刻；即将/快要；几乎（依语境）","straks","Klokka er straks ti. / Gå i gang straks.","快十点了。 / 马上开始。","https://ordbokene.no/nob/bm/straks","常见时间副词；暂标 A1","来源已登记：词头/词性/核心义项","词头/词性/核心义项","Bokmålsordboka","https://ordbokene.no/bm/straks","2026-09-24"
"NTNU LearnNoW / NoW 初级课程候选","time","en time","单词","名词","A1","时间与日程","小时；课时/一节课；预约时段（依语境）","en time · timen · timer · timene","Jeg har time hos legen klokka to. / Han reiser om noen timer.","我约了两点看医生。 / 他几小时后出发。","https://ordbokene.no/bm/time","时间安排高频名词；暂标 A1","来源已登记：词头/词性/核心义项","词头/词性/核心义项","Bokmålsordboka","https://ordbokene.no/bm/time","2026-09-24"
"app.js · 核心名词; NTNU LearnNoW / NoW 初级课程词汇候选","dag","en dag","单词","名词","A1","时间与日程 / 日常基础","白天；一天/日期；工作日；（问候语中）一天（依语境）","en dag · dagen · dager · dagene","God dag! / For tre dager siden. / Hver dag lærer jeg litt norsk.","你好！/日安！ / 三天前。 / 每天我学一点挪威语。","https://ordbokene.no/bm/dag","入门时间主题词；项目暂标 A1，待交叉复核","来源已登记：词义/词性/词形/例句/译文","词义/词性/词形/例句/译文","Bokmålsordboka","https://ordbokene.no/bm/DAG","2026-09-24"
"app.js · 核心名词; NTNU LearnNoW / NoW 初级课程词汇候选","tid","ei tid","单词","名词","A1","时间与日程 / 日常基础","时间；时刻；时期/时代；（语法）时态（依语境）","ei tid · tida · tider · tidene","Det tar sin tid. / Alt til sin tid. / Jeg har tid i dag.","这需要一些时间。 / 凡事都有合适的时候。 / 我今天有时间。","https://ordbokene.no/bm/TID","时间主题核心词；暂标 A1","来源已登记：词头/词性/核心义项","词头/词性/核心义项","Bokmålsordboka","https://ordbokene.no/bm/tid","2026-09-24"
"app.js · 核心名词; NTNU LearnNoW / NoW 初级课程词汇候选","kveld","en kveld","单词","名词","A1","时间与日程 / 时间与日常","傍晚；晚上；晚间（大致从天黑到午夜）","en kveld · kvelden · kvelder · kveldene","Butikkene var stengt for kvelden. / Klokka ni om kvelden. / Vi leser om kvelden.","商店当天晚上已经关门了。 / 晚上九点。 / 我们晚上读书。","https://ordbokene.no/nno/bm/kveld","时间主题常用词；暂标 A1","来源已登记：词头/词性/核心义项","词头/词性/核心义项","Bokmålsordboka","https://ordbokene.no/bm/kveld","2026-09-24"
"app.js · 核心名词; NTNU LearnNoW / NoW 初级课程词汇候选","morgen","en morgen","单词","名词","A1","时间与日程 / 时间与日常","早晨；上午较早时段；（问候语中）早上好","en morgen · morgenen · morgener · morgenene","God morgen! / Klokka sju om morgenen. / Om morgenen drikker jeg kaffe.","早上好！ / 早上七点。 / 早晨我喝咖啡。","https://ordbokene.no/nob/bm/morgen","时间主题常用词；暂标 A1","来源已登记：词头/词性/核心义项","词头/词性/核心义项","Bokmålsordboka","https://ordbokene.no/bm/morgen","2026-09-24"
"app.js · 核心名词; NTNU LearnNoW / NoW 初级课程词汇候选","uke","ei uke","单词","名词","A1","时间与日程 / 时间与日常","星期；一周（七天）","ei uke · uka · uker · ukene","Jeg jobber tre dager i uka. / Vi skal reise om to uker. / Jeg lærer norsk hver uke.","我每周工作三天。 / 我们两周后要出行。 / 我每周学挪威语。","","时间主题核心词；暂标 A1","来源已登记：词头/词性/核心义项","词头/词性/核心义项","Bokmålsordboka","https://ordbokene.no/bm/uke","2026-09-24"
"app.js · 核心名词; NTNU LearnNoW / NoW 初级课程词汇候选","år","et år","单词","名词","A1","时间与日程 / 时间与日常","年；一年","et år · året · år · årene","Sønnen min er fem år. / Vi flyttet hit for tre år siden. / Jeg har bodd her i fem år.","我儿子五岁。 / 我们三年前搬到这里。 / 我在这里住了五年。","","入门时间主题词；项目暂标 A1，待交叉复核","来源已登记：词头/词性/核心义项","词头/词性/核心义项","Bokmålsordboka","https://ordbokene.no/bm/år","2026-09-24"
"NTNU Basic Norwegian Words (Swadesh list)","natt","ei natt","单词","名词","A1","时间与昼夜","夜；夜晚（通常指睡觉的一段夜间时间）","ei natt · natta/natten · netter · nettene","Jeg sov dårlig i natt. / Det var tre kalde netter på rad.","我昨晚没睡好。 / 连续有三个寒冷的夜晚。","","初级基础词候选；项目暂分 A1，需按多套课程交叉复核","来源已登记：词头/词性/核心义项","词头/词性/核心义项","Bokmålsordboka","https://ordbokene.no/bm/natt","2026-09-24"
"NTNU LearnNoW / NoW 初级课程候选","sein","sein","单词","形容词","A1","时间与状态","晚的；迟的；晚到的（较常见书面/部分地区形式）","sein · seint · seine · seinere · seinest","Vi kom litt seint til møtet. / Hun tok en sein buss hjem.","我们开会稍微迟到了一点。 / 她坐了一班较晚的公交回家。","","描述时间和迟到情景的基础形容词；暂标 A1","来源已登记：词头/词性/核心义项","词头/词性/核心义项","Bokmålsordboka","https://ordbokene.no/bm/sein","2026-09-24"
"NTNU LearnNoW / NoW 初级课程候选","fisk","en fisk","单词","名词","A1","食物与动物","鱼；鱼肉（依语境）","en fisk · fisken · fisker · fiskene","Vi spiser fisk til middag på fredager. / Det er mange fisker i innsjøen.","我们星期五晚饭吃鱼。 / 湖里有很多鱼。","","基础食品和动物名词；暂标 A1","来源已登记：词头/词性/核心义项","词头/词性/核心义项","Bokmålsordboka","https://ordbokene.no/bm/fisk","2026-09-24"
"NTNU LearnNoW / NoW 初级课程候选","bakeri","et bakeri","单词","名词","A1","食物与购物","面包店；烘焙坊","et bakeri · bakeriet · bakerier · bakeriene","Vi kjøper rundstykker på bakeriet. / Det åpner et nytt bakeri i gata.","我们在面包店买小圆面包。 / 街上要开一家新面包店。","","购物地点基础名词；暂标 A1","来源已登记：词头/词性/核心义项","词头/词性/核心义项","Bokmålsordboka","https://ordbokene.no/bm/bakeri","2026-09-24"
"NTNU LearnNoW / NoW 初级课程候选","brødhylle","ei brødhylle","单词","名词","A1","食物与购物","面包货架；放面包的架子","ei brødhylle · brødhylla · brødhyller · brødhyllene","Det står ferske rundstykker på brødhylla. / Jeg fant grovbrød på den nederste brødhylla.","面包架上放着新鲜的小圆面包。 / 我在最下面的面包架上找到了全麦面包。","","超市购物主题透明合成词；暂标 A1","来源已登记：词头/词性/核心义项","词头/词性/核心义项","Bokmålsordboka (hylle; transparent compound)","https://ordbokene.no/nno/bm/24952","2026-09-24"
"vocab-v2-library.js · V2 词条","egg","et egg","单词","名词","A1","食物与购物","鸡蛋","et egg · egget · egg · eggene","Jeg koker et egg til frokost. / Eggene er ferdige.","我早餐煮一个鸡蛋。 / 鸡蛋做好了。","","项目内部等级标签，需抽查","来源已登记：词头/词性/核心义项","词头/词性/核心义项","Bokmålsordboka","https://ordbokene.no/bm/egg","2026-09-24"
"NTNU LearnNoW / NoW 初级课程候选","ekspeditør","en ekspeditør","单词","名词","A1","食物与购物","售货员；店员；柜台服务人员","en ekspeditør · ekspeditøren · ekspeditører · ekspeditørene","Jeg spør ekspeditøren hvor kaffen står. / En ekspeditør hjalp oss med å finne riktig størrelse.","我问店员咖啡放在哪里。 / 一位店员帮我们找到了合适的尺码。","","购物与服务场景名词；暂标 A1","来源已登记：词头/词性/核心义项","词头/词性/核心义项","Det Norske Akademis ordbok","https://naob.no/ordbok/ekspedit%C3%B8r","2026-09-24"
"vocab-v2-library.js · V2 词条","eple","et eple","单词","名词","A1","食物与购物","苹果","et eple · eplet · epler · eplene","Barnet spiser et eple. / Eplene ligger i kjøleskapet.","孩子在吃一个苹果。 / 苹果在冰箱里。","","项目内部等级标签，需抽查","来源已登记：词头/词性/核心义项","词头/词性/核心义项","Bokmålsordboka","https://ordbokene.no/bm/eple","2026-09-24"
"NTNU LearnNoW / NoW 初级课程候选","gebyr","et gebyr","单词","名词","A1","食物与购物","手续费；服务费；费用","et gebyr · gebyret · gebyrer · gebyrene","Det koster et gebyr på femti kroner. / Banken tok et gebyr for overføringen.","需支付五十克朗手续费。 / 银行为这笔转账收取了手续费。","","付款与日常服务场景名词；暂标 A1","来源已登记：词头/词性/核心义项","词头/词性/核心义项","Bokmålsordboka","https://ordbokene.no/bm/gebyr","2026-09-24"
"NTNU LearnNoW / NoW 初级课程候选","handle","å handle","单词","动词","A1","食物与购物","购物；买东西；处理/经营（依语境）","handle · handler · handlet · handlet","Jeg handler mat i butikken etter jobb. / Vi handlet alt til festen i går.","我下班后在商店买食物。 / 我们昨天买齐了聚会需要的东西。","","购物与日常活动高频动词；暂标 A1","来源已登记：词头/词性/核心义项","词头/词性/核心义项","Bokmålsordboka","https://ordbokene.no/bm/handle","2026-09-24"
"NTNU LearnNoW / NoW 初级课程候选","handlekurv","en handlekurv","单词","名词","A1","食物与购物","购物篮；手提购物篮","en handlekurv · handlekurven · handlekurver · handlekurvene","Jeg legger brød og melk i handlekurven. / Butikken har små handlekurver ved inngangen.","我把面包和牛奶放进购物篮。 / 商店入口处有小购物篮。","","购物场景名词；暂标 A1","来源已登记：词头/词性/核心义项","词头/词性/核心义项","Bokmålsordboka","https://ordbokene.no/bm/handlekurv","2026-09-24"
"vocab-v2-library.js · V2 词条","handleliste","ei handleliste","单词","名词","A1","食物与购物","购物清单","ei handleliste · handlelista · handlelister · handlelistene","Jeg skriver ei handleliste før jeg går til butikken. / Handlelista ligger på kjøkkenbordet.","我去商店前先写一份购物清单。 / 购物清单在厨房桌上。","","项目内部等级标签，需抽查","来源已登记：词头/词性/核心义项","词头/词性/核心义项","Bokmålsordboka","https://ordbokene.no/bm/handleliste","2026-09-24"
"NTNU LearnNoW / NoW 初级课程候选","handlevogn","ei handlevogn","单词","名词","A1","食物与购物","购物车；超市推车","ei handlevogn · handlevogna · handlevogner · handlevognene","Vi tar en handlevogn fordi vi skal kjøpe mye. / Handlevogna står ved kassa.","我们拿一辆购物车，因为要买很多东西。 / 购物车停在收银台旁边。","","超市购物场景名词；暂标 A1","来源已登记：词头/词性/核心义项","词头/词性/核心义项","Bokmålsordboka","https://ordbokene.no/bm/handlevogn","2026-09-24"
"NTNU LearnNoW / NoW 初级课程候选","kasse","ei kasse","单词","名词","A1","食物与购物","箱子；收银台/收银处；一箱（依语境）","ei kasse · kassa · kasser · kassene","Jeg betaler i kassa. / Eplene ligger i ei kasse.","我在收银台付款。 / 苹果装在一个箱子里。","","购物和容器场景基础名词；暂标 A1","来源已登记：词头/词性/核心义项","词头/词性/核心义项","Bokmålsordboka","https://ordbokene.no/bm/kasse","2026-09-24"
"NTNU LearnNoW / NoW 初级课程候选","kjøtt","kjøtt","单词","名词","A1","食物与购物","肉；肉类（通常不可数）","kjøtt · kjøttet","Vi spiser ikke kjøtt hver dag. / Kjøttet er ferdig stekt.","我们不是每天都吃肉。 / 肉已经煎熟了。","","饮食基础不可数名词；暂标 A1","来源已登记：词头/词性/核心义项","词头/词性/核心义项","Bokmålsordboka","https://ordbokene.no/bm/kj%C3%B8tt","2026-09-24"
"NTNU LearnNoW / NoW 初级课程候选","klesbutikk","en klesbutikk","单词","名词","A1","食物与购物","服装店；卖衣服的商店","en klesbutikk · klesbutikken · klesbutikker · klesbutikkene","Jeg fant en varm jakke i klesbutikken. / Det ligger flere klesbutikker i sentrum.","我在服装店找到一件暖和的外套。 / 市中心有好几家服装店。","","购物地点基础名词；暂标 A1","来源已登记：词头/词性/核心义项","词头/词性/核心义项","Bokmålsordboka","https://ordbokene.no/bm/klesbutikk","2026-09-24"
"NTNU LearnNoW / NoW 初级课程候选","kylling","en kylling","单词","名词","A1","食物与购物","鸡；小鸡；鸡肉（食物语境）","en kylling · kyllingen · kyllinger · kyllingene","Vi skal ha kylling med ris til middag. / Kyllingene går sammen med høna.","我们晚饭要吃鸡肉配米饭。 / 小鸡们跟着母鸡一起走。","","常见食材与动物名词；暂标 A1","来源已登记：词头/词性/核心义项","词头/词性/核心义项","Bokmålsordboka","https://ordbokene.no/bm/kylling","2026-09-24"
"NTNU LearnNoW / NoW 初级课程候选","laks","en laks","单词","名词","A1","食物与购物","鲑鱼；三文鱼（鱼类或食材）","en laks · laksen · lakser · laksene","Vi spiser laks med poteter i dag. / Laksen svømmer opp elva.","我们今天吃三文鱼配土豆。 / 鲑鱼沿河向上游游。","","常见鱼类与食材名词；暂标 A1","来源已登记：词头/词性/核心义项","词头/词性/核心义项","Bokmålsordboka","https://ordbokene.no/bm/laks","2026-09-24"
"app.js · 核心名词","melk","melk","单词","名词","A1","食物与购物","牛奶","melk · melken · — · —","Barnet drikker melk.","孩子喝牛奶。","","按当前主题等级暂分，待复核","已有词形与例句·待核","","","",""
"NTNU LearnNoW / NoW 初级课程候选","ost","en ost","单词","名词","A1","食物与购物","奶酪；乳酪","en ost · osten · oster · ostene","Jeg spiser brød med ost til frokost. / Denne osten kommer fra en gård i nærheten.","我早餐吃夹奶酪的面包。 / 这款奶酪来自附近的一个农场。","","常见乳制品名词；暂标 A1","来源已登记：词头/词性/核心义项","词头/词性/核心义项","Bokmålsordboka","https://ordbokene.no/bm/ost","2026-09-24"
"NTNU LearnNoW / NoW 初级课程候选","pakke","en pakke","单词","名词","A1","食物与购物","包裹；一包/一盒东西；包装（名词义）","en pakke · pakken · pakker · pakkene","Jeg henter en pakke på postkontoret. / Pakken kom i posten i dag.","我去邮局取一个包裹。 / 包裹今天邮寄到了。","","购物与邮寄基础名词；暂标 A1","来源已登记：词头/词性/核心义项","词头/词性/核心义项","Bokmålsordboka","https://ordbokene.no/bm/pakke","2026-09-24"
"app.js · 核心名词; NTNU LearnNoW / NoW 初级课程候选","penge","en penge","单词","名词","A1","食物与购物","钱币；钱（泛指金钱时常用复数 penger）","en penge · pengen · penger · pengene","Jeg sparer penger til en sykkel. / Vi sparer penger til en ny bil. / Jeg har ikke nok penger til billetten.","我在攒钱买一辆自行车。 / 我们在攒钱买一辆新车。 / 我的钱不够买这张票。","","按当前主题等级暂分，待复核","来源已登记：词义/词性/词形/例句/译文","词义/词性/词形/例句/译文","Bokmålsordboka","https://ordbokene.no/nob/bm/penge","2026-09-24"
"vocab-v2-library.js · V2 词条","pose","en pose","单词","名词","A1","食物与购物","袋子；购物袋","en pose · posen · poser · posene","Vil du ha en pose? / Jeg legger varene i posen.","你要一个袋子吗？ / 我把商品放进袋子里。","","项目内部等级标签，需抽查","来源已登记：词头/词性/核心义项","词头/词性/核心义项","Bokmålsordboka","https://ordbokene.no/bm/pose","2026-09-24"
"vocab-v2-library.js · V2 词条","pris","en pris","单词","名词","A1","食物与购物","价格","en pris · prisen · priser · prisene","Hva er prisen på denne jakka? / Prisene har gått opp.","这件外套多少钱？ / 价格上涨了。","","项目内部等级标签，需抽查","来源已登记：词头/词性/核心义项","词头/词性/核心义项","Bokmålsordboka","https://ordbokene.no/bm/pris","2026-09-24"
"NTNU NoW Vocabulary list；阴性名词词形列核对","pølse","ei pølse","单词","名词","A1","食物与购物","香肠；热狗肠","ei pølse · pølsa · pølser · pølsene","Barna spiste pølser med brød etter turen. / Jeg kjøpte ei pølse på bensinstasjonen.","徒步后孩子们吃了香肠和面包。 / 我在加油站买了一根香肠。","","超市、餐饮和野餐场景常见名词；课程暂列 A1","来源已登记：词头/词性/核心义项","词头/词性/核心义项","Bokmålsordboka","https://ordbokene.no/bm/p%C3%B8lse","2026-09-24"
"vocab-v2-library.js · V2 词条","sulten","sulten","单词","形容词","A1","食物与购物","饿的","sulten · sultent · sultne · sultnere · sultnest","Er du sulten? Maten er klar. / Barna er sultne etter turen.","你饿了吗？饭做好了。 / 孩子们散步后饿了。","","项目内部等级标签，需抽查","来源已登记：词头/词性/核心义项","词头/词性/核心义项","Bokmålsordboka","https://ordbokene.no/bm/sulten","2026-09-24"
"vocab-v2-library.js · V2 词条","tørst","tørst","单词","形容词","A1","食物与购物","渴的","tørst · tørst · tørste","Jeg er tørst. Kan jeg få vann? / De er tørste etter treningen.","我渴了。可以给我水吗？ / 他们锻炼后口渴。","","项目内部等级标签，需抽查","来源已登记：词头/词性/核心义项","词头/词性/核心义项","Bokmålsordboka","https://ordbokene.no/bm/t%C3%B8rst","2026-09-24"
"NTNU LearnNoW / NoW 初级课程候选","fersk","fersk","单词","形容词","A1","食物与描述","新鲜的；刚做/刚到的；最新的（依语境）","fersk · ferskt · ferske · ferskere · ferskest / ferskeste","Vi kjøper fersk fisk på markedet. / Jeg baker ferskt brød hver søndag.","我们在市场买新鲜鱼。 / 我每个星期天都烤新鲜面包。","","食品和日常状态基础形容词；暂标 A1","来源已登记：词头/词性/核心义项","词头/词性/核心义项","Bokmålsordboka","https://ordbokene.no/bm/fersk","2026-09-24"
"NTNU LearnNoW / NoW 初级课程候选","grov","grov","单词","形容词","A1","食物与描述","粗的；粗糙的；粗粒/全谷物的（食物语境）","grov · grovt · grove · grove","Jeg kjøper grovt brød til frokost. / Mange foretrekker grovt brød framfor loff.","我买全谷物面包当早餐。 / 很多人更喜欢全谷物面包，而不是白面包。","","面包和食物描述基础形容词；暂标 A1","来源已登记：词头/词性/核心义项","词头/词性/核心义项","Bokmålsordboka","https://ordbokene.no/bm/grov","2026-09-24"
"NTNU LearnNoW / NoW 初级课程候选","kjempegod","kjempegod","单词","形容词","A1","食物与描述","特别好吃的；特别好的；极棒的","kjempegod · kjempegodt · kjempegode · kjempegode","Suppa var kjempegod. / Vi spiste et kjempegodt måltid sammen.","汤特别好喝。 / 我们一起吃了一顿特别美味的饭。","","口语高频评价形容词；暂标 A1","来源已登记：词头/词性/核心义项","词头/词性/核心义项","Bokmålsordboka","https://ordbokene.no/bm/god","2026-09-24"
"NTNU NoW Vocabulary list 10B；Bokmålsordboka 名词","saus","en saus","单词","名词","A1","食物与烹饪","酱汁；调味汁；肉汁（依语境）","en saus · sausen · sauser · sausene","Kan du lage en saus til fisken? / Sausen står i en liten bolle på bordet.","你能给鱼做个酱汁吗？ / 酱汁放在桌上的小碗里。","","常见饮食和做饭词汇；按课程单元暂标 A1","来源已登记：词头/词性/核心义项","词头/词性/核心义项","Bokmålsordboka","https://ordbokene.no/bm/saus","2026-09-24"
"NTNU LearnNoW / NoW 初级课程候选","grønnsak","en grønnsak","单词","名词","A1","蔬菜与食物","蔬菜；一种蔬菜","en grønnsak · grønnsaken · grønnsaker · grønnsakene","Barn bør spise frukt og grønnsaker hver dag. / Gulrota er en rotgrønnsak.","孩子应该每天吃水果和蔬菜。 / 胡萝卜是一种根茎类蔬菜。","","饮食基础类别名词；暂标 A1","来源已登记：词头/词性/核心义项","词头/词性/核心义项","Bokmålsordboka","https://ordbokene.no/bm/grønnsak","2026-09-24"
"NTNU LearnNoW / NoW 初级课程候选","gulrot","ei gulrot","单词","名词","A1","蔬菜与食物","胡萝卜；红萝卜（橙色根菜）","ei gulrot · gulrota · gulrøtter · gulrøttene","Jeg skreller ei gulrot til suppa. / Gulrøttene ligger i kjøleskapet.","我削一根胡萝卜放进汤里。 / 那些胡萝卜放在冰箱里。","","常见蔬菜基础名词；暂标 A1","来源已登记：词头/词性/核心义项","词头/词性/核心义项","Bokmålsordboka","https://ordbokene.no/bm/gulrot","2026-09-24"
"NTNU LearnNoW / NoW 初级课程候选","paprika","en paprika","单词","名词","A1","蔬菜与食物","甜椒；彩椒；灯笼椒（蔬菜）","en paprika · paprikaen · paprikaer · paprikaene","Jeg skjærer en rød paprika i små biter. / Paprikaen passer godt i salaten.","我把一个红甜椒切成小块。 / 甜椒很适合放进沙拉里。","","常见蔬菜名词；暂标 A1","来源已登记：词头/词性/核心义项","词头/词性/核心义项","Bokmålsordboka","https://ordbokene.no/bm/paprika","2026-09-24"
"NTNU LearnNoW / NoW 初级课程候选","potet","en potet","单词","名词","A1","蔬菜与食物","土豆；马铃薯","en potet · poteten · poteter · potetene","Vi koker poteter til fisken. / Potetene er klare nå.","我们煮土豆配鱼吃。 / 土豆现在做好了。","","日常主食蔬菜名词；暂标 A1","来源已登记：词头/词性/核心义项","词头/词性/核心义项","Bokmålsordboka","https://ordbokene.no/bm/potet","2026-09-24"
"NTNU LearnNoW / NoW 初级课程候选","litt","litt","单词","限定词/副词","A1","数量与程度","一点；少量；稍微；有点儿","litt","Kan jeg få litt melk i kaffen? / Jeg forstår litt norsk, men jeg snakker sakte.","能在咖啡里给我加一点牛奶吗？ / 我懂一点挪威语，但我说得很慢。","","基础少量/程度词；暂标 A1","来源已登记：词头/词性/核心义项","词头/词性/核心义项","Bokmålsordboka","https://ordbokene.no/bm/litt","2026-09-24"
"NTNU LearnNoW / NoW 初级课程候选","mange","mange","单词","限定词","A1","数量与程度","许多；很多（修饰可数复数名词）","mange","Det bor mange mennesker i byen. / Vi har besøkt Oslo mange ganger.","这座城市住着很多人。 / 我们去过奥斯陆很多次。","","基础可数数量词；暂标 A1","来源已登记：词头/词性/核心义项","词头/词性/核心义项","Bokmålsordboka","https://ordbokene.no/bm/mange","2026-09-24"
"NTNU LearnNoW / NoW 初级课程候选","mer","mer","单词","副词/限定词","A1","数量与程度","更多；再一些；更（用于不可数数量或程度）","mer","Vil du ha mer kaffe? / Jeg vil gjerne lære mer norsk.","你还想要些咖啡吗？ / 我很想再多学一些挪威语。","","基础比较和数量词；暂标 A1","来源已登记：词头/词性/核心义项","词头/词性/核心义项","Bokmålsordboka","https://ordbokene.no/bm/mer","2026-09-24"
"NTNU LearnNoW / NoW 初级课程候选; A2候选；Bokmålsordboka 词性与屈折核对","hel","hel","单词","形容词","A1","数量与整体 / 描述物品与数量","整个的；完整的；全……的","hel · helt · hele · hele","Vi ventet en hel time på bussen. / Hele familien spiser middag sammen. / Glasset falt i gulvet, men det er helt.","我们等公交整整等了一个小时。 / 全家人一起吃晚饭。 / 玻璃杯掉在地上了，但没有摔坏。","","日常表达整体和完整程度的形容词；暂标 A1","来源已登记：词头/词性/核心义项","词头/词性/核心义项","Bokmålsordboka","https://ordbokene.no/bm/hel","2026-09-24"
"Bokmålsordboka / NTNU LearnNoW：限定词词性和性数变化","all","all","单词","限定词/代词","A1","数量与指代","所有的；全部的；整个；大家/一切（依性数与句法）","all · alt · alle","Alle barna kom tidlig til skolen. / Alt vannet i flasken er kaldt.","所有孩子都很早来到学校。 / 瓶子里的水全是凉的。","","基础全称限定词及代词用法；暂标 A1","来源已登记：Bokmål词头/词性/核心义项","Bokmål词头/词性/核心义项","Bokmålsordboka","https://ordbokene.no/bm/all","2026-09-24"
"Bokmålsordboka / NTNU LearnNoW 候选","annen","annen","单词","限定词/形容词","A1","数量与指代","另一个；其他的；不同的；第二个（依语境）","annen · annet · andre","Kan vi møtes en annen dag? / Har du noe annet å spise?","我们能改天见面吗？ / 你还有别的东西吃吗？","","日常指代和选择的基础词；暂标 A1","来源已登记：词头/词性/核心义项","词头/词性/核心义项","Bokmålsordboka","https://ordbokene.no/bm/annen","2026-09-24"
"NTNU LearnNoW / NoW 初级课程候选","noen","noen","单词","限定词","A1","数量与指代","一些；几个；某些；有人/某人（依句法）","noen · noe · noen","Har du noen spørsmål? / Jeg trenger noe varmt å drikke.","你有什么问题吗？ / 我需要一些热饮。","","日常数量和代词表达基础词；暂标 A1","来源已登记：词头/词性/核心义项","词头/词性/核心义项","Bokmålsordboka","https://ordbokene.no/bm/noen","2026-09-24"
"NTNU LearnNoW / NoW 初级课程候选","atten","atten","单词","限定词","A1","数字与数量","十八；18","atten","Datteren min er atten år gammel. / Vi venter atten minutter på bussen.","我女儿十八岁。 / 我们等公交车十八分钟。","","基础数字；暂标 A1","来源已登记：词头/词性/核心义项","词头/词性/核心义项","Bokmålsordboka","https://ordbokene.no/bm/atten","2026-09-24"
"NTNU LearnNoW / NoW 初级课程候选","ca.","ca.","单词","缩写","A1","数字与数量","约；大约（拉丁语 circa 的缩写）","ca.","Turen tar ca. tjue minutter. / Det bor ca. tusen mennesker i bygda.","这段路大约需要二十分钟。 / 这个村大约有一千人。","","时间、价格和近似数量中的常见缩写；暂标 A1","来源已登记：词头/词性/核心义项","词头/词性/核心义项","Bokmålsordboka","https://ordbokene.no/bm/cirka","2026-09-24"
"NTNU LearnNoW / NoW 初级课程候选","én","én","单词","数词","A1","数字与数量","一个；一位；一（强调数量时，阳性形式）","én / éi / ett","Det er bare én person igjen i rommet. / Jeg har én bror og to søstre.","房间里只剩一个人。 / 我有一个兄弟和两个姐妹。","","强调数量一的基础数词；暂标 A1","来源已登记：词头/词性/核心义项","词头/词性/核心义项","Bokmålsordboka","https://ordbokene.no/bm/én","2026-09-24"
"NTNU LearnNoW / NoW 初级课程候选","fem","fem","单词","限定词","A1","数字与数量","五；5","fem","Toget går klokka fem. / Vi venter i fem minutter.","火车五点发车。 / 我们等五分钟。","","基础数字；暂标 A1","来源已登记：词头/词性/核心义项","词头/词性/核心义项","Bokmålsordboka","https://ordbokene.no/bm/fem","2026-09-24"
"NTNU LearnNoW / NoW 初级课程候选","fire","fire","单词","数词","A1","数字与数量","四；第四（口语/序数结构按语境）","fire","Bussen går klokka fire. / Vi har fire stoler rundt bordet.","公交车四点发车。 / 桌子周围有四把椅子。","","基础数字；暂标 A1","来源已登记：词头/词性/核心义项","词头/词性/核心义项","Bokmålsordboka","https://ordbokene.no/bm/fire","2026-09-24"
"NTNU LearnNoW / NoW 初级课程候选","fjorten","fjorten","单词","限定词","A1","数字与数量","十四；14","fjorten","Kurset varer i fjorten dager. / Hun er fjorten år gammel.","课程持续十四天。 / 她十四岁。","","基础数字；暂标 A1","来源已登记：词头/词性/核心义项","词头/词性/核心义项","Bokmålsordboka","https://ordbokene.no/bm/fjorten","2026-09-24"
"NTNU LearnNoW / NoW 初级课程候选","førti","førti","单词","限定词","A1","数字与数量","四十；40","førti","Bestefar er førti år eldre enn pappa. / Billetten koster førti kroner.","我爷爷（或外公）比我爸爸年长四十岁。 / 票价四十克朗。","","基础整十数字；暂标 A1","来源已登记：词头/词性/核心义项","词头/词性/核心义项","Bokmålsordboka","https://ordbokene.no/bm/førti","2026-09-24"
"NTNU LearnNoW / NoW 初级课程候选","hundre","hundre","单词","数词","A1","数字与数量","一百；百；一百个/单位","hundre","Boka koster hundre kroner. / Det var over hundre mennesker på konserten.","这本书一百克朗。 / 音乐会上有一百多人。","","基础整百数字；暂标 A1","来源已登记：词头/词性/核心义项","词头/词性/核心义项","Bokmålsordboka","https://ordbokene.no/bm/hundre","2026-09-24"
"A2候选词性与等级已修正；Bokmålsordboka 基数词义","ni","ni","单词","限定词","A1","数字与数量","九；9","ni","Bussen går klokka ni. / Kurset varer i ni uker.","公交车九点发车。 / 课程持续九周。","","基础个位数；项目调为 A1，逐词 CEFR 待审","来源已登记：词头/词性/核心义项","词头/词性/核心义项","Bokmålsordboka","https://ordbokene.no/bm/ni","2026-09-24"
"NTNU LearnNoW / NoW 初级课程候选","niende","niende","单词","形容词","A1","数字与数量","第九；第九个/位/次","niende","Vi flytter inn den niende mai. / Dette er den niende gangen jeg prøver.","我们五月九日搬进去。 / 这是我第九次尝试。","","基础序数词；暂标 A1","来源已登记：词头/词性/核心义项","词头/词性/核心义项","Bokmålsordboka","https://ordbokene.no/bm/niende","2026-09-24"
"NTNU LearnNoW / NoW 初级课程候选","seks","seks","单词","限定词","A1","数字与数量","六；6","seks","Jeg står opp klokka seks på hverdager. / Vi bestilte seks billetter.","工作日我六点起床。 / 我们订了六张票。","","基础数字；暂标 A1","来源已登记：词头/词性/核心义项","词头/词性/核心义项","Bokmålsordboka","https://ordbokene.no/bm/seks","2026-09-24"
"NTNU NoW Basic Norwegian Words；Bokmålsordboka 动词词形核对","telle","å telle","单词","动词","A1","数字与数量","数；计数；清点；算作/有……意义（依语境）","å telle · teller · telte · telt","Kan du telle hvor mange kopper vi har? / Han telte til ti før han svarte.","你能数一下我们有多少个杯子吗？ / 他数到十才回答。","","数数、清点和计数的基础动词；项目暂标A1","来源已登记：词头/词性/核心义项","词头/词性/核心义项","Bokmålsordboka","https://ordbokene.no/bm/telle","2026-09-24"
"NTNU LearnNoW / NoW 初级课程候选","ti","ti","单词","限定词","A1","数字与数量","十；10","ti","Legen har en ledig time klokka ti. / Bussen er ti minutter forsinket.","医生十点有一个空档。 / 公交车晚点十分钟。","","最基础数字；暂标 A1","来源已登记：词头/词性/核心义项","词头/词性/核心义项","Bokmålsordboka","https://ordbokene.no/bm/ti","2026-09-24"
"NTNU LearnNoW / NoW 初级课程候选","tiende","tiende","单词","限定词","A1","数字与数量","第十；第十个/位/次","tiende","Boka skal leveres innen den tiende juni. / Han kom på tiende plass i løpet.","这本书必须在六月十日前交还。 / 他在比赛中获得第十名。","","基础序数词；暂标 A1","来源已登记：词头/词性/核心义项","词头/词性/核心义项","Bokmålsordboka","https://ordbokene.no/bm/tiende","2026-09-24"
"NTNU LearnNoW / NoW 初级课程候选","to","to","单词","限定词","A1","数字与数量","二；两个；2","to","Vi har to barn. / Møtet begynner klokka to.","我们有两个孩子。 / 会议两点开始。","","最基础数字；暂标 A1","来源已登记：词头/词性/核心义项","词头/词性/核心义项","Bokmålsordboka","https://ordbokene.no/bm/to","2026-09-24"
"NTNU LearnNoW / NoW 初级课程候选","tre","tre","单词","限定词","A1","数字与数量","三；三个；3","tre","Kurset begynner om tre dager. / Hun kjøpte tre epler på butikken.","课程三天后开始。 / 她在商店买了三个苹果。","","基础数字；暂标 A1","来源已登记：词头/词性/核心义项","词头/词性/核心义项","Bokmålsordboka","https://ordbokene.no/bm/tre","2026-09-24"
"NTNU LearnNoW / NoW 初级课程候选","trettiåtte","trettiåtte","单词","数词","A1","数字与数量","三十八；38","trettiåtte","Bestefar fylte trettiåtte år i går. / Leiligheten ligger i nummer trettiåtte.","爷爷/外公昨天满三十八岁。 / 这套公寓在三十八号。","","基础复合数字；暂标 A1","来源已登记：词头/词性/核心义项","词头/词性/核心义项","Bokmålsordboka","https://ordbokene.no/bm/tretti%C3%A5tte","2026-09-24"
"Bokmålsordboka / NTNU LearnNoW 候选","tusen","et tusen","单词","名词","A1","数字与数量","一千；千这个数量；也可作数词修饰名词","et tusen · tusenet · tusen · tusena / tusenene","Det gamle huset kostet et tusen kroner. / Tusen mennesker besøkte festivalen.","那栋老房子花了一千克朗。 / 一千人参加了这个节日活动。","","基础数量概念；暂标 A1","来源已登记：词头/词性/核心义项","词头/词性/核心义项","Bokmålsordboka","https://ordbokene.no/bm/tusen","2026-09-24"
"NTNU LearnNoW / NoW 初级课程候选","åtte","åtte","单词","限定词","A1","数字与数量","八；8","åtte","Skolen begynner klokka åtte. / Vi blir i Norge i åtte dager.","学校八点开始上课。 / 我们会在挪威待八天。","","基础数字；暂标 A1","来源已登记：词头/词性/核心义项","词头/词性/核心义项","Bokmålsordboka","https://ordbokene.no/bm/åtte","2026-09-24"
"NTNU LearnNoW / NoW 初级课程候选","fruktdisk","en fruktdisk","单词","名词","A1","水果与购物","水果柜台；水果展示区","en fruktdisk · fruktdisken · fruktdisker · fruktdiskene","Eplene ligger i fruktdisken ved inngangen. / Butikken har en stor fruktdisk.","苹果放在入口旁的水果柜台。 / 这家商店有一个很大的水果柜台。","","超市购物场景复合名词；暂标 A1","来源已登记：词头/词性/核心义项","词头/词性/核心义项","Bokmålsordboka","https://ordbokene.no/bm/fruktdisk","2026-09-24"
"NTNU LearnNoW / NoW 初级课程候选","appelsin","en appelsin","单词","名词","A1","水果与食物","橙子；甜橙（水果）","en appelsin · appelsinen · appelsiner · appelsinene","Jeg spiser en appelsin til frokost. / Appelsinene ligger i kjøleskapet.","我早餐吃一个橙子。 / 那些橙子放在冰箱里。","","常见水果名词；暂标 A1","来源已登记：词头/词性/核心义项","词头/词性/核心义项","Bokmålsordboka","https://ordbokene.no/bm/appelsin","2026-09-24"
"NTNU LearnNoW / NoW 初级课程候选","frukt","en frukt","单词","名词","A1","水果与食物","水果；一种水果","en frukt · frukten · frukter · fruktene","Barnet får frukt etter barnehagen. / Eplet er en frukt.","孩子从幼儿园回来后会吃水果。 / 苹果是一种水果。","","基础饮食类别名词；暂标 A1","来源已登记：词头/词性/核心义项","词头/词性/核心义项","Bokmålsordboka","https://ordbokene.no/bm/frukt","2026-09-24"
"NTNU NoW Vocabulary list；阴性名词词形列核对","pære","ei pære","单词","名词","A1","水果与食物","梨；（灯具）灯泡/梨形灯","ei pære · pæra · pærer · pærene","Jeg spiser ei pære på vei hjem. / Lampa virker ikke, så vi må skifte pære.","我在回家的路上吃一个梨。 / 灯不亮了，所以我们得换灯泡。","","食物和购物基础词；课程暂列 A1","来源已登记：词头/词性/核心义项","词头/词性/核心义项","Bokmålsordboka","https://ordbokene.no/bm/p%C3%A6re","2026-09-24"
"NTNU NoW Vocabulary list 04K；Bokmålsordboka 词形","lommebok","ei lommebok","单词","名词","A1","随身物品","钱包；钱夹","ei/en lommebok · lommeboka / lommeboken · lommebøker · lommebøkene","Jeg finner ikke lommeboka mi. / Hun la bankkortet tilbake i lommeboken.","我找不到我的钱包了。 / 她把银行卡放回了钱包里。","","日常随身物品基础名词；课程暂列 A1","来源已登记：词头/词性/核心义项","词头/词性/核心义项","Bokmålsordboka","https://ordbokene.no/bm/lommebok","2026-09-24"
"NTNU LearnNoW / NoW 初级课程候选","din","din","单词","限定词","A1","所有关系与指代","你的；你们的（与被拥有名词性数一致）","din · di · ditt · dine","Hvor er nøkkelen din? / Jeg liker de nye skoene dine.","你的钥匙在哪里？ / 我喜欢你的新鞋。","","基础第二人称所有格限定词；暂标 A1","来源已登记：词头/词性/核心义项","词头/词性/核心义项","Bokmålsordboka","https://ordbokene.no/bm/din","2026-09-24"
"Bokmålsordboka / NTNU LearnNoW 候选","hans","hans","单词","限定词","A1","所有关系与指代","他的；属于他的","hans","Han bor sammen med familien sin, ikke med familien hans. / Jeg møtte broren hans på stasjonen.","他和自己的家人住在一起，不是和另一个男人的家人住在一起。 / 我在车站遇到了他的兄弟。","","基础所有格限定词；暂标 A1","来源已登记：词头/词性/核心义项","词头/词性/核心义项","Bokmålsordboka","https://ordbokene.no/bm/hans","2026-09-24"
"NTNU LearnNoW / NoW 初级课程候选","kakestykke","et kakestykke","单词","名词","A1","甜点与用餐","一块蛋糕；一份切下来的蛋糕","et kakestykke · kakestykket · kakestykker · kakestykkene","Vil du ha et kakestykke til kaffen? / Kakestykkene står på kjøkkenbordet.","你想来一块蛋糕配咖啡吗？ / 那些蛋糕块放在厨房桌上。","","咖啡、聚会和点心场景复合名词；暂标 A1","来源已登记：词头/词性/核心义项","词头/词性/核心义项","Bokmålsordboka","https://ordbokene.no/bm%2Cnn/kakestykke","2026-09-24"
"NTNU LearnNoW / NoW 初级课程候选","lag","et lag","单词","名词","A1","团队与社交","队；团队；小组（也有“层、层次”等义）","et lag · laget · lag · lagene","Sønnen min spiller på et fotballag. / Vi jobber godt i lag.","我儿子在一支足球队踢球。 / 我们合作得很好。","","运动和团队交流常见名词；暂标 A1","来源已登记：词头/词性/核心义项","词头/词性/核心义项","Bokmålsordboka","https://ordbokene.no/bm/lag","2026-09-24"
"NTNU LearnNoW / NoW 初级课程候选","mot","mot","单词","介词","A1","位置与关系","朝向；朝着；对着；反对；靠着（依语境）","mot","Vi går mot busstasjonen nå. / Hun lente sykkelen mot veggen.","我们现在朝公交车站走。 / 她把自行车靠在墙边。","","基础方向和关系介词；暂标 A1","来源已登记：词头/词性/核心义项","词头/词性/核心义项","Bokmålsordboka","https://ordbokene.no/bm/mot","2026-09-24"
"NTNU LearnNoW / NoW 初级课程候选","nærhet","en nærhet","单词","名词","A1","位置与关系","附近；接近；亲近（常见于固定搭配）","en nærhet · nærheten · nærheter · nærhetene","Det ligger en matbutikk i nærheten av huset. / Vi bor i nærheten, så jeg kan gå dit.","房子附近有一家食品店。 / 我们住得很近，所以我可以走过去。","","表达距离和关系的基础抽象名词；暂标 A1","来源已登记：词头/词性/核心义项","词头/词性/核心义项","Bokmålsordboka","https://ordbokene.no/bm/nærhet","2026-09-24"
"NTNU LearnNoW 05A；Bokmålsordboka词头核验","ute","ute","单词","副词","A1","位置与日常活动","在外面；户外；不在家/不在场（依语境）","ute","Barna leker ute etter skolen. / Sjefen er ute og handler.","孩子们放学后在外面玩。 / 老板出去购物了。","","高频地点/活动副词，属于初级日常交际核心；项目暂标 A1","来源已登记：Bokmål词头/词性/核心义项","Bokmål词头/词性/核心义项","Bokmålsordboka","https://ordbokene.no/bm/ute","2026-09-24"
"NTNU LearnNoW / NoW 初级课程候选","borte","borte","单词","副词","A1","位置与指示","不在；离开；（东西）不见了","borte","Sjefen er borte i dag. / Nøklene mine er blitt borte.","老板今天不在。 / 我的钥匙不见了。","","基础地点副词；暂标 A1","来源已登记：词头/词性/核心义项","词头/词性/核心义项","Bokmålsordboka","https://ordbokene.no/bm/borte","2026-09-24"
"NTNU LearnNoW / NoW 初级课程候选","den","den","单词","代词","A1","位置与指示","那个；这/那（阳性或阴性名词前）；它/那一个","den","Den røde bilen er min. / Jeg liker den best.","那辆红色汽车是我的。 / 我最喜欢那一个。","","指示词基础项；项目暂标 A1","来源已登记：词头/词性/核心义项","词头/词性/核心义项","Bokmålsordboka","https://ordbokene.no/bm/den","2026-09-24"
"NTNU LearnNoW / NoW 初级课程候选","der","der","单词","副词","A1","位置与指示","那里；在那里；（句式中）有","der","Bussen stopper der borte. / Det står en stol der.","公交车在那边停靠。 / 那里有一把椅子。","","地点指示基础词；项目暂标 A1","来源已登记：词头/词性/核心义项","词头/词性/核心义项","Bokmålsordboka","https://ordbokene.no/bm/der","2026-09-24"
"NTNU LearnNoW / NoW 初级课程候选","det","det","单词","代词","A1","位置与指示","它；那个；（中性名词前）那个；形式主语 it","det","Det er kaldt ute i dag. / Huset er fint. Det er også stort.","今天外面很冷。 / 这房子很漂亮，而且也很大。","","指示词与形式主语基础项；项目暂标 A1","来源已登记：词头/词性/核心义项","词头/词性/核心义项","Bokmålsordboka","https://ordbokene.no/bm/det","2026-09-24"
"NTNU LearnNoW / NoW 初级课程候选","etter","etter","单词","介词","A1","位置与指示","在……之后；在……后面；寻找（依搭配）","etter","Vi går en tur etter middag. / Hun spør etter legen.","我们晚饭后去散步。 / 她在找医生/询问医生在哪里。","","时间与顺序基础介词；暂标 A1","来源已登记：词头/词性/核心义项","词头/词性/核心义项","Bokmålsordboka","https://ordbokene.no/bm/etter","2026-09-24"
"NTNU LearnNoW / NoW 初级课程候选","foran","foran","单词","介词","A1","位置与指示","在……前面；位于……前方","foran","Bilen står foran huset. / Hun sitter foran meg på bussen.","汽车停在房子前面。 / 她在公交车上坐在我前面。","","空间位置基础词；暂标 A1","来源已登记：词头/词性/核心义项","词头/词性/核心义项","Bokmålsordboka","https://ordbokene.no/bm/foran","2026-09-24"
"NTNU LearnNoW / NoW 初级课程候选","forbi","forbi","单词","介词","A1","位置与指示","经过；从……旁边经过；过了（时间点）","forbi","Bussen kjører forbi skolen. / Vi gikk forbi uten å se ham.","公交车从学校旁边开过。 / 我们经过时没有看见他。","","位置与路线基础词；暂标 A1","来源已登记：词头/词性/核心义项","词头/词性/核心义项","Bokmålsordboka","https://ordbokene.no/bm/forbi","2026-09-24"
"NTNU LearnNoW / NoW 初级课程候选","gjennom","gjennom","单词","介词","A1","位置与指示","穿过；通过；贯穿","gjennom","Vi går gjennom parken. / Hun leser gjennom e-posten før hun sender den.","我们穿过公园。 / 她发送邮件前通读了一遍。","","路线与空间基础词；暂标 A1","来源已登记：词头/词性/核心义项","词头/词性/核心义项","Bokmålsordboka","https://ordbokene.no/bm/gjennom","2026-09-24"
"NTNU LearnNoW / NoW 初级课程候选","her","her","单词","副词","A1","位置与指示","这里；在这里；此处","her","Vi bor her i Oslo. / Kan du vente her litt?","我们就住在奥斯陆这里。 / 你能在这里等一会儿吗？","","地点指示基础词；项目暂标 A1","来源已登记：词头/词性/核心义项","词头/词性/核心义项","Bokmålsordboka","https://ordbokene.no/bm/her","2026-09-24"
"NTNU LearnNoW / NoW 初级课程候选","i","i","单词","介词","A1","位置与指示","在……里；在……（地点、时间或范围）","i","Barna leker i hagen. / Vi skal møtes i morgen.","孩子们在花园里玩。 / 我们明天要见面。","","基础地点介词；暂标 A1","来源已登记：词头/词性/核心义项","词头/词性/核心义项","Bokmålsordboka","https://ordbokene.no/bm/i","2026-09-24"
"NTNU LearnNoW / NoW 初级课程候选","inne","inne","单词","副词","A1","位置与指示","在里面；在室内","inne","Det er varmt inne. / Barna leker inne når det regner.","室内很暖和。 / 下雨时孩子们在室内玩。","","地点副词基础词；暂标 A1","来源已登记：词头/词性/核心义项","词头/词性/核心义项","Bokmålsordboka","https://ordbokene.no/bm/inne","2026-09-24"
"NTNU LearnNoW / NoW 初级课程候选","mellom","mellom","单词","介词","A1","位置与指示","在……之间；……中间","mellom","Apoteket ligger mellom banken og butikken. / Jeg jobber mellom klokka åtte og fire.","药店在银行和商店之间。 / 我八点到四点之间工作。","","基础位置介词；暂标 A1","来源已登记：词头/词性/核心义项","词头/词性/核心义项","Bokmålsordboka","https://ordbokene.no/bm/mellom","2026-09-24"
"NTNU LearnNoW / NoW 初级课程候选","nær","nær","单词","形容词","A1","位置与指示","近的；靠近的；亲近的","nær · nært · nære · nærmere · nærmest","Butikken ligger nær skolen. / Det nærmeste apoteket er fem minutter unna.","商店在学校附近。 / 最近的药房在五分钟路程外。","","距离与位置基础形容词；暂标 A1","来源已登记：词头/词性/核心义项","词头/词性/核心义项","Bokmålsordboka","https://ordbokene.no/bm/n%C3%A6r","2026-09-24"
"NTNU LearnNoW / NoW 初级课程候选","opp","opp","单词","副词","A1","位置与指示","向上；上去；起来","opp","Jeg står opp klokka seks. / Gå opp trappa, så finner du kontoret.","我六点起床。 / 上楼梯，然后你就能找到办公室。","","基础方向副词；暂标 A1","来源已登记：词头/词性/核心义项","词头/词性/核心义项","Bokmålsordboka","https://ordbokene.no/bm/opp","2026-09-24"
"NTNU LearnNoW / NoW 初级课程候选","over","over","单词","介词","A1","位置与指示","在……上方；越过；穿过；超过（依语境）","over","Vi går over gata ved fotgjengerfeltet. / Lampa henger over bordet.","我们在人行横道处过马路。 / 灯挂在桌子上方。","","基础位置介词；暂标 A1","来源已登记：词头/词性/核心义项","词头/词性/核心义项","Bokmålsordboka","https://ordbokene.no/bm/over","2026-09-24"
"NTNU LearnNoW / NoW 初级课程候选","rundt","rundt","单词","介词","A1","位置与指示","围绕；在……周围；大约","rundt","Vi går rundt innsjøen. / Hun kommer rundt klokka seks.","我们沿着湖边走。 / 她大约六点来。","","基础方位介词；暂标 A1","来源已登记：词头/词性/核心义项","词头/词性/核心义项","Bokmålsordboka","https://ordbokene.no/bm/rundt","2026-09-24"
"NTNU LearnNoW / NoW 初级课程候选","ut","ut","单词","副词","A1","位置与指示","出去；向外；外面（方向）","ut","Barna går ut for å leke. / Kan du ta søpla ut?","孩子们出去玩。 / 你能把垃圾拿出去吗？","","基础方向副词；暂标 A1","来源已登记：词头/词性/核心义项","词头/词性/核心义项","Bokmålsordboka","https://ordbokene.no/bm/ut","2026-09-24"
"NTNU LearnNoW / NoW 初级课程候选","utenfor","utenfor","单词","介词","A1","位置与指示","在……外面；在……之外","utenfor","Det står en sykkel utenfor døra. / Vi venter utenfor legekontoret.","门外有一辆自行车。 / 我们在医生诊所外面等。","","基础地点介词；暂标 A1","来源已登记：词头/词性/核心义项","词头/词性/核心义项","Bokmålsordboka","https://ordbokene.no/bm/utenfor","2026-09-24"
"NTNU LearnNoW / NoW 初级课程候选","ved","ved","单词","介词","A1","位置与指示","在……旁边；靠近；在……处；通过/借助（依搭配）","ved","Vi møtes ved inngangen. / Hun lærte norsk ved hjelp av en app.","我们在入口处碰面。 / 她借助一个应用学习挪威语。","","基础地点介词；暂标 A1","来源已登记：词头/词性/核心义项","词头/词性/核心义项","Bokmålsordboka","https://ordbokene.no/bm/ved","2026-09-24"
"NTNU LearnNoW / NoW 初级课程候选; Tema: fremtid · 课本专题","på","på","单词","介词","A1","位置与指示 / 未来计划与目标","在……上；在/去某些地点；乘坐/从事（依搭配）","på","Nøklene ligger på bordet. / Hun er på jobb i dag. / Hun søker på en ny jobb.","钥匙在桌子上。 / 她今天在上班。 / 她在申请一份新工作。","","基础介词；项目暂标 A1","来源已登记：词头/词性/核心义项","词头/词性/核心义项","Bokmålsordboka","https://ordbokene.no/bm/på","2026-09-24"
"NTNU NoW Vocabulary list 10A；Bokmålsordboka 不规则中性名词词形","museum","et museum","单词","名词","A1","文化与地点","博物馆；展览馆","et museum · museet · museer · museene","Vi besøkte et museum i Bergen i helga. / Museet stenger klokka fem.","我们周末参观了卑尔根的一家博物馆。 / 博物馆五点关门。","","文化、旅行和城市生活常见地点名词；课程暂列 A1","来源已登记：词头/词性/核心义项","词头/词性/核心义项","Bokmålsordboka","https://ordbokene.no/bm/museum","2026-09-24"
"NTNU LearnNoW / NoW 初级课程候选","kjær","kjær","单词","形容词","A1","问候与关系","亲爱的；珍爱的；心爱的（常见于固定称呼）","kjær · kjært · kjære · kjære","Kjære Maria, takk for brevet ditt. / Han mistet en kjær venn i fjor.","亲爱的玛丽亚，谢谢你的来信。 / 他去年失去了一位挚友。","","书信称呼和亲密关系表达；暂标 A1","来源已登记：词头/词性/核心义项","词头/词性/核心义项","Bokmålsordboka","https://ordbokene.no/bm/kj%C3%A6r","2026-09-24"
"NTNU LearnNoW / NoW 初级课程候选","velkommen","velkommen","单词","形容词/感叹词","A1","问候与社交","欢迎的；欢迎！（迎接某人时）","velkommen · velkomment · velkomne","Velkommen til norskkurset! / Barna følte seg velkomne på skolen.","欢迎来上挪威语课！ / 孩子们在学校感到受欢迎。","","基础迎接和问候表达；暂标 A1","来源已登记：词头/词性/核心义项","词头/词性/核心义项","Bokmålsordboka","https://ordbokene.no/bm/velkommen","2026-09-24"
"Bokmålsordboka / NTNU LearnNoW 候选","greie","å greie","单词","动词","A1","问题与日常动作","设法做到；应付；处理好；理解（依搭配）","greie · greier · greide · greid","Jeg greier ikke å åpne denne døra. / Hvordan greide du deg på prøven?","我打不开这扇门。 / 你考试考得怎么样？","","高频口语动词；暂标 A1","来源已登记：词头/词性/核心义项","词头/词性/核心义项","Bokmålsordboka","https://ordbokene.no/bm/greie","2026-09-24"
"NTNU NoW Vocabulary list；阴性名词词形列核对","pute","ei pute","单词","名词","A1","卧室与床上用品","枕头；靠垫","ei pute · puta · puter · putene","Jeg trenger ei ekstra pute til gjesterommet. / Katten ligger på puta i sofaen.","客房还需要一个备用枕头。 / 猫躺在沙发上的靠垫上。","","居家物品基础名词；课程暂列 A1","来源已登记：词头/词性/核心义项","词头/词性/核心义项","Bokmålsordboka","https://ordbokene.no/bm/pute","2026-09-24"
"NTNU Basic Norwegian Words (Swadesh list)","aldri","aldri","单词","副词","A1","习惯与频率","从不；从来没有","aldri","Jeg kommer aldri for sent på jobb. / Han har aldri vært i Bergen.","我上班从不迟到。 / 他从来没有去过卑尔根。","","初级基础词候选；项目暂分 A1，需按多套课程交叉复核","来源已登记：词头/词性/核心义项","词头/词性/核心义项","Bokmålsordboka","https://ordbokene.no/bm/aldri","2026-09-24"
"NTNU LearnNoW / NoW 初级课程候选","allerede","allerede","单词","副词","A1","习惯与频率","已经；早已","allerede","Jeg har allerede spist frokost. / Er klokka allerede åtte?","我已经吃过早饭了。 / 已经八点了吗？","","时间与完成状态基础副词；暂标 A1","来源已登记：词头/词性/核心义项","词头/词性/核心义项","Bokmålsordboka","https://ordbokene.no/bm/allerede","2026-09-24"
"NTNU Basic Norwegian Words (Swadesh list)","alltid","alltid","单词","副词","A1","习惯与频率","总是；一直","alltid","Jeg drikker alltid kaffe om morgenen. / Hun er alltid presis.","我早上总是喝咖啡。 / 她总是很准时。","","初级基础词候选；项目暂分 A1，需按多套课程交叉复核","来源已登记：词头/词性/核心义项","词头/词性/核心义项","Bokmålsordboka","https://ordbokene.no/bm/alltid","2026-09-24"
"NTNU LearnNoW / NoW 初级课程候选","ennå","ennå","单词","副词","A1","习惯与频率","还；仍然；尚未（常与否定连用）","ennå","Bussen har ennå ikke kommet. / Bor foreldrene dine ennå i Oslo?","公交车还没来。 / 你父母还住在奥斯陆吗？","","时间状态副词；暂标 A1","来源已登记：词头/词性/核心义项","词头/词性/核心义项","Bokmålsordboka","https://ordbokene.no/bm/enn%C3%A5","2026-09-24"
"NTNU Basic Norwegian Words (Swadesh list)","etterpå","etterpå","单词","副词","A1","习惯与频率","之后；过一会儿；后来","etterpå","Vi spiser først, og så går vi en tur etterpå. / Jeg ringer deg etterpå.","我们先吃饭，然后再去散步。 / 我过一会儿给你打电话。","","初级基础词候选；项目暂分 A1，需按多套课程交叉复核","来源已登记：词头/词性/核心义项","词头/词性/核心义项","Bokmålsordboka","https://ordbokene.no/bm/etterpå","2026-09-24"
"NTNU LearnNoW / NoW 初级课程候选","hver","hver","单词","限定词","A1","习惯与频率","每个；每一；任何一个（单数逐一指称）","hver · hvert","Jeg øver norsk hver dag. / Vi besøker familien hvert år.","我每天练习挪威语。 / 我们每年都去看家人。","","日常频率限定词；暂标 A1","来源已登记：词头/词性/核心义项","词头/词性/核心义项","Bokmålsordboka","https://ordbokene.no/bm/hver","2026-09-24"
"NTNU LearnNoW / NoW 初级课程候选","igjen","igjen","单词","副词","A1","习惯与频率","又；再；回来；剩下","igjen","Kan du si navnet ditt igjen? / Det er bare én kopp igjen.","你能再说一遍你的名字吗？ / 只剩一个杯子了。","","基础频率副词；暂标 A1","来源已登记：词头/词性/核心义项","词头/词性/核心义项","Bokmålsordboka","https://ordbokene.no/bm/igjen","2026-09-24"
"NTNU LearnNoW / NoW 初级课程候选","sist","sist","单词","形容词","A1","习惯与频率","上一次的；上周/上次的；最后（依结构）","sist · siste","Jeg snakket med henne sist uke. / Sist kom bussen for sent.","我上周和她聊过。 / 上次公交车来晚了。","","过去时间与顺序词；暂标 A1","来源已登记：词头/词性/核心义项","词头/词性/核心义项","Bokmålsordboka","https://ordbokene.no/bm/sist","2026-09-24"
"vocab-v2-library.js · V2 词条","tidlig","tidlig","单词","副词/形容词","A1","习惯与频率","早；早的","tidlig · tidlig · tidlig · tidlige · tidligere · tidligst","Jeg står opp tidlig på hverdager. / Vi kom tidligere enn planlagt.","我工作日早起。 / 我们比计划更早到了。","","项目内部等级标签，需抽查","来源已登记：词头/词性/核心义项","词头/词性/核心义项","Bokmålsordboka","https://ordbokene.no/bm/tidlig","2026-09-24"
"vocab-v2-library.js · V2 词条","vanligvis","vanligvis","单词","副词","A1","习惯与频率","通常；一般来说","vanligvis","Jeg jobber vanligvis hjemme på fredager. / Vanligvis går toget hvert kvarter.","我通常周五在家工作。 / 通常火车每十五分钟一班。","","项目内部等级标签，需抽查","来源已登记：词头/词性/核心义项","词头/词性/核心义项","Bokmålsordboka","https://ordbokene.no/bm/vanligvis","2026-09-24"
"vocab-v2-library.js · V2 词条; Tema: fremtid · 课本专题","ofte","ofte","单词","副词","A1","习惯与频率 / 未来计划与目标","经常；常常","ofte · oftere · oftest","Jeg tar ofte bussen til jobb. / Vi besøker familien oftere om sommeren. / Jeg skal besøke familien oftere.","我经常坐公交上班。 / 夏天我们更常去看家人。 / 我会更经常去看家人。","","项目内部等级标签，需抽查","来源已登记：词头/词性/核心义项","词头/词性/核心义项","Bokmålsordboka","https://ordbokene.no/bm/ofte","2026-09-24"
"NTNU LearnNoW / NoW 初级课程候选","august","august","单词","名词","A1","星期与安排","八月","august","Skolen begynner igjen i august. / Vi skal reise til Bergen i august.","学校八月份重新开学。 / 我们八月份要去卑尔根。","","月份与日期基础名词；暂标 A1","来源已登记：词头/词性/核心义项","词头/词性/核心义项","Bokmålsordboka","https://ordbokene.no/bm/august","2026-09-24"
"vocab-v2-library.js · V2 词条","helg","ei helg","单词","名词","A1","星期与安排","周末","ei helg · helga · helger · helgene","Hva skal du gjøre i helga? / Vi har fri denne helga.","你这个周末打算做什么？ / 这个周末我们休息。","","项目内部等级标签，需抽查","来源已登记：词头/词性/核心义项","词头/词性/核心义项","Bokmålsordboka","https://ordbokene.no/bm/helg","2026-09-24"
"NTNU LearnNoW / NoW 初级课程候选","mandag","en mandag","单词","名词","A1","星期与安排","星期一；一个星期一","en mandag · mandagen · mandager · mandagene","Kurset begynner på mandag. / Jeg jobber hjemme på mandager.","课程星期一开始。 / 我每周一在家工作。","","星期基础词；暂标 A1","来源已登记：词头/词性/核心义项","词头/词性/核心义项","Bokmålsordboka","https://ordbokene.no/bm/mandag","2026-09-24"
"NTNU LearnNoW / NoW 初级课程候选","onsdag","en onsdag","单词","名词","A1","星期与安排","星期三；一个星期三","en onsdag · onsdagen · onsdager · onsdagene","Jeg har time hos legen på onsdag. / Vi trener sammen på onsdager.","我星期三有医生预约。 / 我们每周三一起锻炼。","","星期基础词；暂标 A1","来源已登记：词头/词性/核心义项","词头/词性/核心义项","Bokmålsordboka","https://ordbokene.no/bm/onsdag","2026-09-24"
"NTNU LearnNoW / NoW 初级课程候选","tirsdag","en tirsdag","单词","名词","A1","星期与安排","星期二；一个星期二","en tirsdag · tirsdagen · tirsdager · tirsdagene","Vi har norskkurs på tirsdag. / Hun trener på tirsdager.","我们星期二有挪威语课。 / 她每周二锻炼。","","星期基础词；暂标 A1","来源已登记：词头/词性/核心义项","词头/词性/核心义项","Bokmålsordboka","https://ordbokene.no/bm/tirsdag","2026-09-24"
"Bokmålsordboka / NTNU LearnNoW 候选","spille","å spille","单词","动词","A1","休闲与兴趣","玩（游戏）；踢/打（球类）；演奏；播放","spille · spiller · spilte · spilt","Barna spiller fotball etter skolen. / Hun spilte piano på konserten.","孩子们放学后踢足球。 / 她在音乐会上演奏了钢琴。","","基础休闲活动动词；暂标 A1","来源已登记：词头/词性/核心义项","词头/词性/核心义项","Bokmålsordboka","https://ordbokene.no/bm/spille","2026-09-24"
"NTNU LearnNoW / NoW 初级课程候选","tegne","å tegne","单词","动词","A1","休闲与兴趣","画；绘制（线条、图画或设计草图）","tegne · tegner · tegnet · tegnet","Barnet tegner et hus med en rød blyant. / Han tegnet et kart til oss.","孩子用一支红铅笔画一栋房子。 / 他给我们画了一张地图。","","基础创作活动动词；暂标 A1","来源已登记：词头/词性/核心义项","词头/词性/核心义项","Bokmålsordboka","https://ordbokene.no/bm/tegne","2026-09-24"
"A1 候选课程单元 01A；Bokmålsordboka 词头与义项核对","antropologi","en antropologi","单词","名词","A1","学习领域与专业","人类学（研究人类的文化、社会与作为物种的学科）","en antropologi · antropologien · antropologier · antropologiene","Hun studerer antropologi ved universitetet. / Antropologi handler om mennesker og samfunn.","她在大学学习人类学。 / 人类学研究人类与社会。","","个人信息话题中可用于介绍所学专业；词本身偏学术，等级暂标 A1/A2 交界","来源已登记：词头/词性/核心义项","词头/词性/核心义项","Det Norske Akademis ordbok","https://naob.no/ordbok/antropologi","2026-09-24"
"A1 候选课程单元 01A；Bokmålsordboka 词头、四形与义项核对","arkitektur","en arkitektur","单词","名词","A1","学习领域与专业","建筑学；建筑设计；建筑风格","en arkitektur · arkitekturen · arkitekturer · arkitekturene","Broren min studerer arkitektur i Oslo. / Vi liker den moderne arkitekturen i byen.","我哥哥在奥斯陆学习建筑学。 / 我们喜欢这座城市的现代建筑风格。","","个人信息与职业学习话题中的专业名词；词义可由场景理解，等级暂标 A1/A2 交界","来源已登记：词头/词性/核心义项","词头/词性/核心义项","Bokmålsordboka","https://ordbokene.no/bm/2670","2026-09-24"
"NTNU NoW Vocabulary list 04M；阴性名词词形列核对","notatbok","ei notatbok","单词","名词","A1","学习用品","笔记本；记事本","ei notatbok · notatboka · notatbøker · notatbøkene","Jeg skriver nye ord i notatboka mi. / Studentene tok fram notatbøkene sine.","我把新单词记在我的笔记本里。 / 学生们拿出了各自的笔记本。","","学习和记事场景常见物品名词；课程暂列 A1","来源已登记：词头/词性/核心义项","词头/词性/核心义项","Bokmålsordboka","https://ordbokene.no/bm/notatbok","2026-09-24"
"NTNU NoW Vocabulary list；Bokmålsordboka 阳性名词词形","penn","en penn","单词","名词","A1","学习用品","笔；钢笔；圆珠笔（广义书写工具）","en penn · pennen · penner · pennene","Har du en penn jeg kan låne? / Pennen ligger ved siden av boka.","你有一支笔可以借我吗？ / 笔在书旁边。","","书写和学习场景最基础的物品名词；课程暂列 A1","来源已登记：词头/词性/核心义项","词头/词性/核心义项","Bokmålsordboka","https://ordbokene.no/bm/penn","2026-09-24"
"NTNU NoW Vocabulary list 04M；阴性名词词形列核对","ordbok","ei ordbok","单词","名词","A1","学习用品与工具","词典；字典","ei ordbok · ordboka · ordbøker · ordbøkene","Jeg slår opp nye ord i ordboka. / Har du ei norsk-kinesisk ordbok?","我在词典里查新单词。 / 你有一本挪汉词典吗？","","阅读、查词和学习基础名词；课程暂列 A1","来源已登记：词头/词性/核心义项","词头/词性/核心义项","Bokmålsordboka","https://ordbokene.no/bm/ordbok","2026-09-24"
"NTNU LearnNoW / NoW 初级课程候选","ungdomsskole","en ungdomsskole","单词","名词","A1","学校与学习","初中；挪威 8—10 年级的学校阶段/学校","en ungdomsskole · ungdomsskolen · ungdomsskoler · ungdomsskolene","Datteren min begynner på ungdomsskolen til høsten. / Ungdomsskolen ligger ved siden av biblioteket.","我女儿今年秋天开始上初中。 / 初中在图书馆旁边。","","挪威基础教育场景核心名词；暂标 A1","来源已登记：词头/词性/核心义项","词头/词性/核心义项","Bokmålsordboka","https://ordbokene.no/bm/ungdomsskole","2026-09-24"
"app.js · 核心名词; NTNU LearnNoW / NoW 初级课程候选","skole","en skole","单词","名词","A1","学校与学习 / 学习与工作","学校；上学/学校教育（依搭配）","en skole · skolen · skoler · skolene","Barna går på skole i nærheten av huset. / Skolen begynner klokka åtte. / Barnet går på skolen.","孩子们在房子附近的学校上学。 / 学校八点开始上课。 / 孩子去上学。","","教育和日常活动基础名词；暂标 A1","来源已登记：词头/词性/核心义项","词头/词性/核心义项","Bokmålsordboka","https://ordbokene.no/bm/skole","2026-09-24"
"NTNU LearnNoW / NoW 初级课程候选","kantine","ei kantine","单词","名词","A1","学校与用餐","食堂；餐厅（学校、公司或机构内）","ei kantine · kantina · kantiner · kantinene","Vi spiser lunsj i kantina på jobben. / Skolen har ei ny kantine.","我们在单位食堂吃午饭。 / 学校有一个新食堂。","","学校和工作场所常见名词；暂标 A1","来源已登记：词头/词性/核心义项","词头/词性/核心义项","Bokmålsordboka","https://ordbokene.no/bm/kantine","2026-09-24"
"NTNU LearnNoW / NoW 初级课程候选","farge","en farge","单词","名词","A1","颜色与描述","颜色；色彩；染料（依语境）","en farge · fargen · farger · fargene","Hvilken farge har bilen din? / Butikken har mange fine farger.","你的车是什么颜色？ / 这家店有很多漂亮的颜色。","","颜色和外观基础名词；暂标 A1","来源已登记：词头/词性/核心义项","词头/词性/核心义项","Bokmålsordboka","https://ordbokene.no/bm/farge","2026-09-24"
"NTNU LearnNoW / NoW 初级课程候选","gul","gul","单词","形容词","A1","颜色与描述","黄色的；黄的","gul · gult · gule · gule","Hun har en gul regnjakke. / Bladene blir gule om høsten.","她有一件黄色雨衣。 / 树叶在秋天会变黄。","","基础颜色形容词；暂标 A1","来源已登记：词头/词性/核心义项","词头/词性/核心义项","Bokmålsordboka","https://ordbokene.no/bm/gul","2026-09-24"
"Bokmålsordboka / NTNU LearnNoW 候选","lyst","ei lyst","单词","名词","A1","意愿与感受","愿望；兴趣；想做某事的意愿；欲望（依语境）","ei lyst · lysta · lyster · lystene","Jeg har lyst til å lære mer norsk. / Har du lyst på kaffe?","我想再多学一些挪威语。 / 你想喝咖啡吗？","","表达意愿和喜好的高频名词；暂标 A1","来源已登记：词头/词性/核心义项","词头/词性/核心义项","Bokmålsordboka","https://ordbokene.no/bm/lyst","2026-09-24"
"NTNU LearnNoW / NoW 初级课程候选","banan","en banan","单词","名词","A1","饮食与购物","香蕉","en banan · bananen · bananer · bananene","Jeg spiser en banan etter trening. / Bananene er modne nå.","我训练后吃一根香蕉。 / 香蕉现在熟了。","","食物与购物基础名词；暂标 A1","来源已登记：词头/词性/核心义项","词头/词性/核心义项","Bokmålsordboka","https://ordbokene.no/bm/banan","2026-09-24"
"NTNU LearnNoW / NoW 初级课程候选","brus","brus","单词","名词","A1","饮食与购物","汽水；碳酸软饮料；口语中也可指一份/一瓶汽水","en brus · brusen · brus · brusene","Barna får brus på lørdager. / Kan jeg få en brus uten sukker?","孩子们星期六可以喝汽水。 / 可以给我一瓶无糖汽水吗？","","饮食主题常用词；项目暂标 A1","来源已登记：词义/词性/词形/例句/译文","词义/词性/词形/例句/译文","Bokmålsordboka","https://ordbokene.no/bm/brus","2026-09-24"
"NTNU LearnNoW / NoW 初级课程候选","brødskive","ei brødskive","单词","名词","A1","饮食与购物","一片面包；一片切片面包","ei brødskive · brødskiva · brødskiver · brødskivene","Jeg spiser ei brødskive med ost. / Barna lager brødskiver til turen.","我吃一片加奶酪的面包。 / 孩子们为出游准备三明治。","","早餐与饮食主题词；暂标 A1","来源已登记：词头/词性/核心义项","词头/词性/核心义项","Bokmålsordboka","https://ordbokene.no/bm/br%C3%B8dskive","2026-09-24"
"NTNU LearnNoW / NoW 初级课程候选","kafé","en kafé","单词","名词","A1","饮食与购物","咖啡馆；小餐馆（通常可买饮料和简餐）","en kafé · kaféen · kafeer · kafeene","Vi møtes på en kafé etter kurset. / Kaféen åpner klokka åtte.","我们下课后在一家咖啡馆见面。 / 咖啡馆八点开门。","","饮食与城市生活主题词；暂标 A1","来源已登记：词头/词性/核心义项","词头/词性/核心义项","Bokmålsordboka","https://ordbokene.no/bm/kaf%C3%A9","2026-09-24"
"NTNU LearnNoW / NoW 初级课程候选","kjempesulten","kjempesulten","单词","形容词","A1","饮食与购物","特别饿的；饿极了（口语）","kjempesulten · kjempesultent · kjempesultne","Barna er kjempesultne etter svømmetreningen. / Jeg ble kjempesulten på vei hjem.","孩子们游泳训练后饿极了。 / 我回家路上饿得不行。","","饮食与身体感受口语词；暂标 A1","来源已登记：词头/词性/核心义项","词头/词性/核心义项","Bokmålsordboka","https://ordbokene.no/bm/sulten","2026-09-24"
"NTNU LearnNoW / NoW 初级课程候选","kjøpesenter","et kjøpesenter","单词","名词","A1","饮食与购物","购物中心；商场","et kjøpesenter · kjøpesenteret · kjøpesentre · kjøpesentrene","Vi handler på kjøpesenteret på lørdag. / Byen har to kjøpesentre.","我们星期六去商场购物。 / 这座城市有两个购物中心。","","购物主题词；暂标 A1","来源已登记：词头/词性/核心义项","词头/词性/核心义项","Bokmålsordboka","https://ordbokene.no/bm/kj%C3%B8pesenter","2026-09-24"
"NTNU LearnNoW / NoW 初级课程候选","kort","et kort","单词","名词","A1","饮食与购物","卡片；银行卡；短笺/贺卡（依语境）","et kort · kortet · kort · kortene","Kan jeg betale med kort? / Hun sender et kort til bestemor.","我可以刷卡吗？ / 她给奶奶寄了一张卡片。","","购物主题常用名词；暂标 A1","来源已登记：词头/词性/核心义项","词头/词性/核心义项","Bokmålsordboka","https://ordbokene.no/bm/kort","2026-09-24"
"NTNU LearnNoW / NoW 初级课程候选","koste","å koste","单词","动词","A1","饮食与购物","花费；价格为；（另一义）扫/掸","koste · koster · kostet · kostet","Hvor mye koster denne jakka? / Billetten kostet 250 kroner.","这件夹克多少钱？ / 这张票花了250克朗。","","购物主题常用动词；项目暂标 A1","来源已登记：词头/词性/核心义项","词头/词性/核心义项","Bokmålsordboka","https://ordbokene.no/bm/koste","2026-09-24"
"NTNU LearnNoW / NoW 初级课程候选","krone","ei krone","单词","名词","A1","饮食与购物","克朗；皇冠（依语境）","ei krone · krona · kroner · kronene","Kaffen koster 35 kroner. / Jeg fant ei krone på gulvet.","咖啡要35克朗。 / 我在地上发现了一枚克朗硬币。","","购物与货币主题基础词；项目暂标 A1","来源已登记：词头/词性/核心义项","词头/词性/核心义项","Bokmålsordboka","https://ordbokene.no/bm/krone","2026-09-24"
"NTNU LearnNoW / NoW 初级课程词汇候选","mat","mat","单词","名词（常作不可数）","A1","饮食与购物","食物；饭菜；一顿饭/用餐（依语境）；食物、营养（较少见）","mat · maten","Han liker å lage mat.","他喜欢做饭。","https://ordbokene.no/nob/bm/MAT","饮食基础词；暂标 A1","来源已登记：词头/词性/核心义项","词头/词性/核心义项","Bokmålsordboka","https://ordbokene.no/bm/mat","2026-09-24"
"NTNU LearnNoW / NoW 初级课程词汇候选","melk","melk","单词","名词（通常不可数）","A1","饮食与购物","牛奶；奶","melk · melka · melken","Barnet drikker melk til frokost. / Melka står i kjøleskapet.","孩子早餐喝牛奶。 / 牛奶在冰箱里。","","饮食基础词；暂标 A1","来源已登记：词头/词性/核心义项","词头/词性/核心义项","Bokmålsordboka","https://ordbokene.no/bm/melk","2026-09-24"
"app.js · 核心名词; NTNU LearnNoW / NoW 初级课程词汇候选","vann","et vann","单词","名词","A1","饮食与购物 / 日常基础","水；湖泊（按语境）","et vann · vannet · vann · vannene","Kan jeg få et glass vann? / Det ligger et lite vann bak huset. / Jeg drikker vann hver dag.","可以给我一杯水吗？ / 房子后面有一个小湖。 / 我每天喝水。","","饮食与日常基础词；暂标 A1","来源已登记：词头/词性/核心义项","词头/词性/核心义项","Bokmålsordboka","https://ordbokene.no/bm/vann","2026-09-24"
"app.js · 核心动词; NTNU LearnNoW / NoW 初级课程词汇候选","betale","å betale","单词","动词","A1","饮食与购物 / 食物与购物","支付；付款","betale · betaler · betalte · betalt","Kan jeg betale med kort? / Han betalte regningen i går. / Jeg betaler regningen.","我可以刷卡吗？ / 他昨天付了账单。","","入门生活主题词；项目暂标 A1，待交叉复核","来源已登记：词头/词性/核心义项","词头/词性/核心义项","Bokmålsordboka","https://ordbokene.no/bm/betale","2026-09-24"
"app.js · 核心名词; NTNU LearnNoW / NoW 初级课程词汇候选","brød","et brød","单词","名词","A1","饮食与购物 / 食物与购物","面包；一条/一个面包","et brød · brødet · brød · brødene","Jeg kjøper et brød på vei hjem. / Barna spiser brød til frokost. / Jeg kjøper brød på butikken.","我回家路上买一条面包。 / 孩子们早餐吃面包。 / 我在商店买面包。","","饮食主题常用词；暂标 A1","来源已登记：词头/词性/核心义项","词头/词性/核心义项","Bokmålsordboka","https://ordbokene.no/bm/br%C3%B8d","2026-09-24"
"app.js · 核心名词; NTNU LearnNoW / NoW 初级课程词汇候选","butikk","en butikk","单词","名词","A1","饮食与购物 / 食物与购物","商店；店铺","en butikk · butikken · butikker · butikkene","Jeg går på butikken etter jobb. / Butikken stenger klokka åtte. / Jeg går til butikken.","我下班后去商店。 / 商店八点关门。 / 我去商店。","","购物主题常用词；暂标 A1","来源已登记：词头/词性/核心义项","词头/词性/核心义项","Bokmålsordboka","https://ordbokene.no/bm/butikk","2026-09-24"
"app.js · 核心动词; NTNU LearnNoW / NoW 初级课程词汇候选","drikke","å drikke","单词","动词","A1","饮食与购物 / 食物与购物","喝；饮用","drikke · drikker · drakk · drukket","Hun drikker et glass vann. / Vi drakk kaffe etter maten. / Jeg drikker kaffe.","她喝一杯水。 / 我们饭后喝了咖啡。","","入门生活主题词；项目暂标 A1，待交叉复核","来源已登记：词头/词性/核心义项","词头/词性/核心义项","Bokmålsordboka","https://ordbokene.no/bm/drikke","2026-09-24"
"app.js · 核心名词; NTNU LearnNoW / NoW 初级课程词汇候选","frokost","en frokost","单词","名词","A1","饮食与购物 / 食物与购物","早餐","en frokost · frokosten · frokoster · frokostene","Vi spiser frokost klokka sju. / Frokosten står på bordet.","我们七点吃早餐。 / 早餐已经摆在桌上了。","","饮食主题常用词；暂标 A1","来源已登记：词头/词性/核心义项","词头/词性/核心义项","Bokmålsordboka","https://ordbokene.no/bm/frokost","2026-09-24"
"app.js · 核心名词; NTNU LearnNoW / NoW 初级课程词汇候选","kaffe","en kaffe","单词","名词","A1","饮食与购物 / 食物与购物","咖啡；一杯咖啡（点单语境）","en kaffe · kaffen · kaffer · kaffene","Jeg drikker kaffe om morgenen. / Kan jeg få en kaffe, takk? / Vil du ha en kopp kaffe?","我早上喝咖啡。 / 请给我一杯咖啡好吗？ / 你想喝一杯咖啡吗？","","饮食主题常用词；暂标 A1","来源已登记：词头/词性/核心义项","词头/词性/核心义项","Bokmålsordboka","https://ordbokene.no/bm/kaffe","2026-09-24"
"app.js · 核心动词; NTNU LearnNoW / NoW 初级课程词汇候选","kjøpe","å kjøpe","单词","动词","A1","饮食与购物 / 食物与购物","买；购买","kjøpe · kjøper · kjøpte · kjøpt","Jeg kjøper melk på butikken. / De kjøpte en brukt bil i fjor. / Jeg kjøper mat.","我在商店买牛奶。 / 他们去年买了一辆二手车。","","购物主题常用词；暂标 A1","来源已登记：词头/词性/核心义项","词头/词性/核心义项","Bokmålsordboka","https://ordbokene.no/bm/kj%C3%B8pe","2026-09-24"
"app.js · 核心动词; NTNU LearnNoW / NoW 初级课程词汇候选","lage","å lage","单词","动词","A1","饮食与购物 / 食物与购物","制作；做（饭）；创造","lage · lager · laget · laget","Vi lager middag sammen. / Hun laget en kake til festen. / Jeg lager middag.","我们一起做晚饭。 / 她为聚会做了一个蛋糕。","","日常生活高频动词；暂标 A1","来源已登记：词头/词性/核心义项","词头/词性/核心义项","Bokmålsordboka","https://ordbokene.no/bm/lage","2026-09-24"
"app.js · 核心动词; NTNU LearnNoW / NoW 初级课程词汇候选; Tema: fremtid · 课本专题","spise","å spise","单词","动词","A1","饮食与购物 / 食物与购物 / 未来计划与目标","吃；用餐","spise · spiser · spiste · spist","Vi spiser middag klokka fem. / Han spiste opp all maten. / Jeg spiser frokost. / Jeg vil spise sunnere.","我们五点吃晚饭。 / 他把所有食物都吃完了。 / 我想吃得更健康。","","饮食主题核心词；暂标 A1","来源已登记：词头/词性/核心义项","词头/词性/核心义项","Bokmålsordboka","https://ordbokene.no/bm/spise","2026-09-24"
"NTNU LearnNoW / NoW 初级课程候选","mett","mett","单词","形容词","A1","用餐与感受","饱的；吃饱了的","mett · mett · mette · mette","Takk, jeg er mett nå. / Barna ble mette etter middagen.","谢谢，我现在吃饱了。 / 孩子们晚饭后吃饱了。","","餐桌场景基础状态形容词；暂标 A1","来源已登记：词头/词性/核心义项","词头/词性/核心义项","Bokmålsordboka","https://ordbokene.no/bm/mett","2026-09-24"
"NTNU LearnNoW / NoW 初级课程候选","middag","en middag","单词","名词","A1","用餐与时间","正餐（通常是午餐或晚餐，视时间和语境而定）","en middag · middagen · middager · middagene","Vi spiser middag klokka fem. / Middagen står på bordet.","我们五点吃正餐。 / 晚餐已经摆在桌上了。","","日常用餐时间和餐食基础名词；暂标 A1","来源已登记：词头/词性/核心义项","词头/词性/核心义项","Bokmålsordboka","https://ordbokene.no/bm/middag","2026-09-24"
"NTNU NoW Vocabulary list；中性名词词形列核对","postkort","et postkort","单词","名词","A1","邮件与明信片","明信片","et postkort · postkortet · postkort · postkortene","Jeg sendte et postkort fra Tromsø til familien. / Hun skrev adressen på baksiden av postkortet.","我从特罗姆瑟寄了一张明信片给家人。 / 她把地址写在明信片背面。","","旅行、问候和邮寄场景基础名词；课程暂列 A1","来源已登记：词头/词性/核心义项","词头/词性/核心义项","Bokmålsordboka","https://ordbokene.no/bm/postkort","2026-09-24"
"NTNU LearnNoW / NoW 初级课程候选","fiskemarked","et fiskemarked","单词","名词","A1","鱼类与购物","鱼市场；鱼类市场；海鲜市场","et fiskemarked · fiskemarkedet · fiskemarkeder · fiskemarkedene","Vi kjøpte fersk torsk på fiskemarkedet. / Fiskemarkedet åpner tidlig om morgenen.","我们在鱼市场买了新鲜鳕鱼。 / 鱼市场清晨开门。","","海鲜购物和城市市场复合名词；暂标 A1","来源已登记：词头/词性/核心义项","词头/词性/核心义项","Bokmålsordboka","https://ordbokene.no/bm/fiskemarked","2026-09-24"
"NTNU LearnNoW / NoW 初级课程候选; Bokmålsordboka：形容词词头；同形副词功能按语境区分","faktisk","faktisk","单词","副词/形容词","A1","语气与表达 / 连接与语气","实际上；事实上；确实（强调或修正预期）","faktisk · faktisk · faktiske · faktisk","Det var faktisk lettere enn jeg trodde. / Jeg visste faktisk ikke at du bodde her. / De faktiske kostnadene ble høyere enn planlagt. / Dette er den faktiske årsaken til forsinkelsen.","这其实比我想的容易。 / 我确实不知道你住在这里。 / 实际费用比计划的高。 / 这是延误的实际原因。","","常见口语强调副词；暂标 A1","来源已登记：词头/词性/核心义项","词头/词性/核心义项","Bokmålsordboka","https://ordbokene.no/bm/faktisk","2026-09-24"
"Bokmålsordboka / NTNU LearnNoW 候选","engelsk","engelsk","单词","名词/形容词","A1","语言与国籍","英语；英国/英格兰的；英文的（依语境）","engelsk · engelsk · engelske","Kan du forklare dette på engelsk? / Hun leser en engelsk bok på toget.","你能用英语解释这个吗？ / 她在火车上读一本英文书。","","常见语言名和国籍形容词；暂标 A1","来源已登记：词头/词性/核心义项","词头/词性/核心义项","Bokmålsordboka","https://ordbokene.no/bm/engelsk","2026-09-24"
"Bokmålsordboka / NTNU LearnNoW 候选","italiener","en italiener","单词","名词","A1","语言与国籍","意大利人；来自意大利的人","en italiener · italieneren · italienere · italienerne","En italiener i klassen min snakker fire språk. / Italienerne spiser ofte sent på kvelden.","我班上有一位意大利人会说四种语言。 / 意大利人晚上常常吃饭比较晚。","","国籍与个人介绍基础名词；暂标 A1","来源已登记：词头/词性/核心义项","词头/词性/核心义项","Bokmålsordboka","https://ordbokene.no/bm/italiener","2026-09-24"
"NTNU LearnNoW / NoW 初级课程候选","italiensk","italiensk","单词","形容词/语言名词","A1","语言与国籍","意大利的；意大利人/意大利语的；意大利语（依语境）","italiensk · italiensk · italienske","Vi spiser italiensk mat på lørdag. / Hun snakker italiensk med familien sin.","我们星期六吃意大利菜。 / 她用意大利语和家人交谈。","","国籍、语言和饮食话题基础词；暂标 A1","来源已登记：词头/词性/核心义项","词头/词性/核心义项","Bokmålsordboka","https://ordbokene.no/bm/italiensk","2026-09-24"
"NTNU LearnNoW / NoW 初级课程候选","brosjyre","en brosjyre","单词","名词","A1","阅读与信息","宣传册；说明手册；小册子","en brosjyre · brosjyren · brosjyrer · brosjyrene","Jeg fant en brosjyre om norskkurs på biblioteket. / Brosjyren ligger på bordet.","我在图书馆找到一本挪威语课程介绍册。 / 那本宣传册在桌子上。","","日常信息材料基础名词；暂标 A1","来源已登记：词头/词性/核心义项","词头/词性/核心义项","Bokmålsordboka","https://ordbokene.no/bm/brosjyre","2026-09-24"
"NTNU LearnNoW / NoW 初级课程候选","historie","ei historie","单词","名词","A1","阅读与叙事","故事；经历；历史（依搭配）","ei historie · historia · historier · historiene","Bestefar forteller en historie fra barndommen. / Vi lærer om norsk historie på skolen.","祖父讲了一个童年故事。 / 我们在学校学习挪威历史。","","阅读和叙事基础名词；暂标 A1","来源已登记：词头/词性/核心义项","词头/词性/核心义项","Bokmålsordboka","https://ordbokene.no/bm/historie","2026-09-24"
"app.js · 核心动词; Bokmålsordboka / NTNU LearnNoW 候选","lese","å lese","单词","动词","A1","阅读与学习 / 学习与工作","读；阅读；学习某门学科；朗读（依结构）","lese · leser · leste · lest","Jeg leser en norsk bok før jeg legger meg. / Hun leste til eksamen hele helga. / Jeg leser ei bok.","我睡前读一本挪威语书。 / 她整个周末都在为考试学习。","","学习和日常阅读核心动词；暂标 A1","来源已登记：词头/词性/核心义项","词头/词性/核心义项","Bokmålsordboka","https://ordbokene.no/bm/lese","2026-09-24"
"app.js · 核心名词; NTNU LearnNoW / NoW 初级课程候选","bok","ei bok","单词","名词","A1","阅读与语言 / 学习与工作","书；书籍","ei bok · boka · bøker · bøkene","Jeg leser ei bok på norsk hver kveld. / Bøkene ligger på bordet. / Jeg leser ei bok på norsk.","我每天晚上读一本挪威语书。 / 那些书放在桌子上。 / 我读一本挪威语书。","","基础阅读和学习名词；暂标 A1","来源已登记：词头/词性/核心义项","词头/词性/核心义项","Bokmålsordboka","https://ordbokene.no/bm/bok","2026-09-24"
"NTNU LearnNoW / NoW 初级课程候选","fotballspiller","en fotballspiller","单词","名词","A1","运动与人物","足球运动员；踢足球的人","en fotballspiller · fotballspilleren · fotballspillere · fotballspillerne","Broren min er fotballspiller i en lokal klubb. / Fotballspillerne trener tre ganger i uka.","我兄弟是当地俱乐部的足球运动员。 / 足球运动员们每周训练三次。","","休闲运动话题复合名词；暂标 A1","来源已登记：词头/词性/核心义项","词头/词性/核心义项","Bokmålsordboka","https://ordbokene.no/bm/fotballspiller","2026-09-24"
"NTNU LearnNoW / NoW 初级课程候选","pålegg","et pålegg","单词","名词","A1","早餐与食物","面包配料；抹面包/夹面包吃的冷食（如奶酪、火腿）","et pålegg · pålegget · pålegg · påleggene","Barna velger pålegg til matpakka. / Pålegget står i kjøleskapet.","孩子们为午餐盒里的面包选择配料。 / 面包配料放在冰箱里。","","挪威早餐常用饮食名词；暂标 A1","来源已登记：词头/词性/核心义项","词头/词性/核心义项","Bokmålsordboka","https://ordbokene.no/bm/pålegg","2026-09-24"
"NTNU LearnNoW / NoW 初级课程候选","fotoautomat","en fotoautomat","单词","名词","A1","证件与服务","自助照相亭；证件照自动拍摄机","en fotoautomat · fotoautomaten · fotoautomater · fotoautomatene","Jeg tok passfoto i en fotoautomat på stasjonen. / Fotoautomaten tar både kort og kontanter.","我在车站的自助照相亭拍了护照照片。 / 这台自助照相亭既收银行卡也收现金。","","办理证件和拍照服务复合名词；暂标 A1","来源已登记：词头/词性/核心义项","词头/词性/核心义项","Bokmålsordboka","https://ordbokene.no/bm/fotoautomat","2026-09-24"
"Bokmålsordboka；A1候选 dette 原标动词，按 DET 词性修正","dette","dette","单词","限定词","A1","指示与限定","这个；这件事/这个东西（中性形式）","dette","Dette barnet går i barnehagen. / Hva synes du om dette?","这个孩子上幼儿园。 / 你觉得这件事怎么样？","","指示近处事物、介绍对象和提问时的基础限定词/代词，项目暂标 A1","来源已登记：词头/词性/核心义项","词头/词性/核心义项","Bokmålsordboka","https://ordbokene.no/nno/bm/dette","2026-09-24"
"Bokmålsordboka；A1候选 disse 原标动词，按 DET 词性修正","disse","disse","单词","限定词","A1","指示与限定","这些；这些人/这些东西","disse","Disse skoene er veldig gode å gå i. / En av disse bussene går til sentrum.","这双鞋穿着走路很舒服。 / 这些公交车中有一辆去市中心。","","指示多个已知人物或物品的基础限定词/代词，项目暂标 A1","来源已登记：词头/词性/核心义项","词头/词性/核心义项","Bokmålsordboka","https://ordbokene.no/bm/10320","2026-09-24"
"Bokmålsordboka / NTNU LearnNoW 候选","denne","denne","单词","限定词","A1","指示与指代","这个；这位；这件（近指单数）","denne · dette · disse","Denne uka jobber jeg hjemme. / Disse bøkene er fra biblioteket.","这周我在家工作。 / 这些书是从图书馆借来的。","","基础近指限定词；暂标 A1","来源已登记：词头/词性/核心义项","词头/词性/核心义项","Bokmålsordboka","https://ordbokene.no/bm/denne","2026-09-24"
"Bokmålsordboka / NTNU LearnNoW 候选","samme","samme","单词","限定词","A1","指示与指代","同一个；同样的；共同的","samme","Vi tar den samme bussen hver morgen. / Barna går på samme skole.","我们每天早上都坐同一班公交车。 / 孩子们在同一所学校上学。","","日常同一性和共同关系表达；暂标 A1","来源已登记：词头/词性/核心义项","词头/词性/核心义项","Bokmålsordboka","https://ordbokene.no/bm/samme","2026-09-24"
"NTNU LearnNoW / NoW 初级课程候选","bygge","å bygge","单词","动词","A1","住房与建造","建造；修建；建设；搭建","bygge · bygger · bygde / bygget · bygd / bygget","De bygger et nytt hus utenfor byen. / Bestefaren min bygde huset selv.","他们正在城外建一栋新房子。 / 我祖父自己建了这栋房子。","","日常建造与住房基础动词；暂标 A1","来源已登记：词头/词性/核心义项","词头/词性/核心义项","Bokmålsordboka","https://ordbokene.no/nno/bm/8305","2026-09-24"
"NTNU LearnNoW / NoW 初级课程候选","banke","å banke","单词","动词","A1","住房与居住","敲；叩；敲打","banke · banker · banket · banket","Det banker på døra. / Hun banket forsiktig på vinduet.","有人在敲门。 / 她轻轻敲了敲窗户。","","家居日常动作动词；暂标 A1","来源已登记：词头/词性/核心义项","词头/词性/核心义项","Bokmålsordboka","https://ordbokene.no/bm/banke","2026-09-24"
"NTNU LearnNoW / NoW 初级课程候选","bygning","en bygning","单词","名词","A1","住房与居住","建筑物；楼房","en bygning · bygningen · bygninger · bygningene","Det står en gammel bygning ved torget. / Bygningen er fra 1800-tallet.","广场旁边有一栋老建筑。 / 这栋建筑建于19世纪。","","城市与居住主题词；暂标 A1","来源已登记：词头/词性/核心义项","词头/词性/核心义项","Bokmålsordboka","https://ordbokene.no/bm/bygning","2026-09-24"
"NTNU LearnNoW / NoW 初级课程候选","flytte","å flytte","单词","动词","A1","住房与居住","搬家；搬动；移动","flytte · flytter · flyttet · flyttet","Vi flytter til en større leilighet i juni. / Han flyttet sofaen nærmere vinduet.","我们六月搬到一套更大的公寓。 / 他把沙发挪得更靠近窗户。","","居住主题常用动词；暂标 A1","来源已登记：词头/词性/核心义项","词头/词性/核心义项","Bokmålsordboka","https://ordbokene.no/bm/flytte","2026-09-24"
"NTNU LearnNoW / NoW 初级课程候选","flyttebil","en flyttebil","单词","名词","A1","住房与居住","搬家货车；搬家用的卡车","en flyttebil · flyttebilen · flyttebiler · flyttebilene","Vi leier en flyttebil på lørdag. / Flyttebilen står utenfor det nye huset.","我们星期六租一辆搬家货车。 / 搬家货车停在新房子外面。","","搬家生活场景名词；暂标 A1","来源已登记：词头/词性/核心义项","词头/词性/核心义项","Bokmålsordboka","https://ordbokene.no/bm/flyttebil","2026-09-24"
"NTNU LearnNoW / NoW 初级课程候选","flyttebyrå","et flyttebyrå","单词","名词","A1","住房与居住","搬家公司；搬家服务机构","et flyttebyrå · flyttebyrået · flyttebyråer · flyttebyråene","Vi bestilte et flyttebyrå til mandag. / Flyttebyrået bar sofaen opp trappa.","我们预约了一家搬家公司星期一来。 / 搬家公司的人把沙发抬上了楼梯。","","搬家服务主题名词；暂标 A1","来源已登记：词头/词性/核心义项","词头/词性/核心义项","Bokmålsordboka","https://ordbokene.no/bm/flyttebyr%C3%A5","2026-09-24"
"NTNU LearnNoW / NoW 初级课程候选","garasje","en garasje","单词","名词","A1","住房与居住","车库；汽车库","en garasje · garasjen · garasjer · garasjene","Bilen står i garasjen. / Huset har en liten garasje.","汽车停在车库里。 / 这栋房子有一个小车库。","","居住主题常用词；暂标 A1","来源已登记：词头/词性/核心义项","词头/词性/核心义项","Bokmålsordboka","https://ordbokene.no/bm/garasje","2026-09-24"
"NTNU LearnNoW / NoW 初级课程候选","hjemme","hjemme","单词","副词","A1","住房与居住","在家；在自己的家里","hjemme","Barna er hjemme i dag. / Jeg jobber hjemme på fredager.","孩子们今天在家。 / 我周五在家工作。","","地点副词基础词；暂标 A1","来源已登记：词头/词性/核心义项","词头/词性/核心义项","Bokmålsordboka","https://ordbokene.no/bm/hjemme","2026-09-24"
"NTNU LearnNoW / NoW 初级课程候选","hybel","en hybel","单词","名词","A1","住房与居住","单间出租房；合租房中的独立小住处","en hybel · hybelen · hybler · hyblene","Hun bor på hybel nær universitetet. / Jeg leter etter en billig hybel.","她住在大学附近的一间出租单间里。 / 我在找一间便宜的单间出租房。","","挪威租住生活常用名词；暂标 A1","来源已登记：词头/词性/核心义项","词头/词性/核心义项","Bokmålsordboka","https://ordbokene.no/bm/hybel","2026-09-24"
"NTNU LearnNoW / NoW 初级课程候选","kontrakt","en kontrakt","单词","名词","A1","住房与居住","合同；契约；租约","en kontrakt · kontrakten · kontrakter · kontraktene","Vi leser kontrakten før vi skriver under. / Leiekontrakten gjelder fra første juni.","我们签字前先读合同。 / 租约从六月一日起生效。","","租房与生活事务名词；暂标 A1","来源已登记：词头/词性/核心义项","词头/词性/核心义项","Bokmålsordboka","https://ordbokene.no/bm/kontrakt","2026-09-24"
"NTNU LearnNoW / NoW 初级课程候选","nabohus","et nabohus","单词","名词","A1","住房与居住","邻居家的房子；邻近的房屋","et nabohus · nabohuset · nabohus · nabohusene","Det bor en familie i nabohuset. / Vi kan se fjellet fra nabohuset.","隔壁那栋房子里住着一家人。 / 从附近那栋房子可以看到山。","","邻里与居住主题合成词；暂标 A1","来源已登记：词头/词性/核心义项","词头/词性/核心义项","Bokmålsordboka","https://ordbokene.no/bm/nabohus","2026-09-24"
"NTNU LearnNoW / NoW 初级课程候选","nabolag","et nabolag","单词","名词","A1","住房与居住","社区；街坊邻里；居住周边","et nabolag · nabolaget · nabolag · nabolagene","Det er en fin park i nabolaget. / De bor i et rolig nabolag.","社区里有一个不错的公园。 / 他们住在一个安静的社区。","","社区与居住主题基础名词；暂标 A1","来源已登记：词头/词性/核心义项","词头/词性/核心义项","Bokmålsordboka","https://ordbokene.no/bm/nabolag","2026-09-24"
"NTNU LearnNoW / NoW 初级课程候选","plass","en plass","单词","名词","A1","住房与居住","位置；座位；空间；地方","en plass · plassen · plasser · plassene","Er det plass til en stol her? / Vi fant to ledige plasser på toget.","这里还能放一把椅子吗？ / 我们在火车上找到两个空位。","","位置与空间基础名词；暂标 A1","来源已登记：词头/词性/核心义项","词头/词性/核心义项","Bokmålsordboka","https://ordbokene.no/bm/plass","2026-09-24"
"app.js · 核心动词; NTNU LearnNoW / NoW 初级课程词汇候选","bo","å bo","单词","动词","A1","住房与居住 / 家庭与人物","居住；住","bo · bor · bodde · bodd","De bor i Oslo. / Jeg bodde hos en venn i sommer. / Jeg bor i Norge.","他们住在奥斯陆。 / 今年夏天我住在一位朋友家。","","入门生活主题词；项目暂标 A1，待交叉复核","来源已登记：词义/词性/词形/例句/译文","词义/词性/词形/例句/译文","Bokmålsordboka","https://ordbokene.no/bm/bo","2026-09-24"
"app.js · 核心名词; NTNU LearnNoW / NoW 初级课程词汇候选","hjem","et hjem","单词","名词","A1","住房与居住 / 日常基础","家；住所（强调归属感的家）","et hjem · hjemmet · hjem · hjemmene","Vi ønsker oss et rolig hjem. / Barna kom hjem etter skolen. / Jeg går hjem etter jobb.","我们希望有一个安宁的家。 / 孩子们放学后回家了。 / 下班后我回家。","","入门生活主题词；项目暂标 A1，待交叉复核","来源已登记：词头/词性/核心义项","词头/词性/核心义项","Bokmålsordboka","https://ordbokene.no/bm/hjem","2026-09-24"
"NTNU LearnNoW / NoW 初级课程候选","ferdig","ferdig","单词","形容词","A1","状态与描述","完成的；做完的；准备好的；用完的（依语境）","ferdig · ferdig · ferdige · ferdige","Jeg er ferdig med leksene. / Maten er snart ferdig.","我做完作业了。 / 饭菜很快就做好了。","","高频状态形容词；暂标 A1","来源已登记：词头/词性/核心义项","词头/词性/核心义项","Bokmålsordboka","https://ordbokene.no/bm/ferdig","2026-09-24"
"NTNU LearnNoW / NoW 初级课程候选","klar","klar","单词","形容词","A1","状态与描述","准备好的；清楚的；明显的（依结构）","klar · klart · klare · klare","Er du klar til å gå nå? / Vi er klare for prøven.","你现在准备好出发了吗？ / 我们已经准备好参加考试了。","","日常状态和准备场景高频形容词；暂标 A1","来源已登记：词头/词性/核心义项","词头/词性/核心义项","Bokmålsordboka","https://ordbokene.no/bm/klar","2026-09-24"
"NTNU Basic Norwegian Words (Swadesh list)","blomst","en blomst","单词","名词","A1","自然与动物","花；一朵花","en blomst · blomsten · blomster · blomstene","Hun kjøper en blomst til læreren. / Blomstene trenger vann.","她给老师买了一朵花。 / 这些花需要水。","","初级基础词候选；项目暂分 A1，需按多套课程交叉复核","来源已登记：词头/词性/核心义项","词头/词性/核心义项","Bokmålsordboka","https://ordbokene.no/bm/blomst","2026-09-24"
"NTNU LearnNoW / NoW 初级课程候选","dyr","et dyr","单词","名词","A1","自然与动物","动物（名词义；形容词 dyr 是“贵的”）","et dyr · dyret · dyr · dyrene","Barnet ønsker seg et dyr. / Dyrene får mat hver morgen.","孩子想养一只动物。 / 这些动物每天早上都得到食物。","","动物与家庭生活基础名词；暂标 A1","来源已登记：词头/词性/核心义项","词头/词性/核心义项","Bokmålsordboka","https://ordbokene.no/bm/dyr","2026-09-24"
"NTNU Basic Norwegian Words (Swadesh list)","fugl","en fugl","单词","名词","A1","自然与动物","鸟；一只鸟","en fugl · fuglen · fugler · fuglene","Det sitter en fugl i treet. / Fuglene synger tidlig om morgenen.","树上停着一只鸟。 / 鸟儿一大早就在唱歌。","","初级基础词候选；项目暂分 A1，需按多套课程交叉复核","来源已登记：词头/词性/核心义项","词头/词性/核心义项","Bokmålsordboka","https://ordbokene.no/bm/fugl","2026-09-24"
"NTNU Basic Norwegian Words (Swadesh list)","hav","et hav","单词","名词","A1","自然与动物","海；海洋","et hav · havet · hav · havene","Barna svømmer i havet. / Vi bor nær havet.","孩子们在海里游泳。 / 我们住在海边附近。","","初级基础词候选；项目暂分 A1，需按多套课程交叉复核","来源已登记：词头/词性/核心义项","词头/词性/核心义项","Bokmålsordboka","https://ordbokene.no/bm/hav","2026-09-24"
"NTNU LearnNoW / NoW 初级课程候选","høy","et høy","单词","名词","A1","自然与动物","干草；作动物饲料的干草（名词义）","et høy · høyet · høy · høyene","Hestene spiser høy i stallen. / Bonden tørker høy før vinteren.","马在马厩里吃干草。 / 农夫在冬天前把干草晒干。","","农场与动物主题名词；暂标 A1","来源已登记：词头/词性/核心义项","词头/词性/核心义项","Bokmålsordboka","https://ordbokene.no/bm/h%C3%B8y","2026-09-24"
"NTNU Basic Norwegian Words (Swadesh list)","skog","en skog","单词","名词","A1","自然与动物","森林；树林","en skog · skogen · skoger · skogene","Vi går en tur i skogen etter lunsj. / Det er mange små skoger i området.","午饭后我们去森林里散步。 / 这个地区有许多小片树林。","","初级基础词候选；项目暂分 A1，需按多套课程交叉复核","来源已登记：词头/词性/核心义项","词头/词性/核心义项","Bokmålsordboka","https://ordbokene.no/bm/skog","2026-09-24"
"NTNU Basic Norwegian Words (Swadesh list)","stein","en stein","单词","名词","A1","自然与动物","石头；石块","en stein · steinen · steiner · steinene","Barnet fant en fin stein på stranda. / Steinene ligger ved inngangen.","孩子在海滩上找到一块漂亮的石头。 / 石头放在入口旁边。","","初级基础词候选；项目暂分 A1，需按多套课程交叉复核","来源已登记：词头/词性/核心义项","词头/词性/核心义项","Bokmålsordboka","https://ordbokene.no/bm/stein","2026-09-24"
"NTNU NoW Basic Norwegian Words；Bokmålsordboka 阴阳性词形核对","elv","ei elv","单词","名词","A1","自然与水域","河；河流","ei/en elv · elva / elven · elver · elvene","Det går en sti langs elva. / De krysset ei elv på vei til hytta.","河边有一条小路。 / 他们去小木屋的路上渡过了一条河。","","基础自然地理词；NoW基础词表收录，项目暂标A1","来源已登记：词头/词性/核心义项","词头/词性/核心义项","Bokmålsordboka","https://ordbokene.no/bm/elv","2026-09-24"
"NTNU NoW Basic Norwegian Words；Bokmålsordboka 复合名词词形核对","innsjø","en innsjø","单词","名词","A1","自然与水域","湖；内陆湖（被陆地环绕的水域）","en innsjø · innsjøen · innsjøer · innsjøene","Vi badet i en innsjø nær hytta. / Innsjøen er dekket av is om vinteren.","我们在小木屋附近的一个湖里游泳。 / 这座湖冬天会结冰。","","基础地理自然词；NoW基础词表收录，项目暂标A1","来源已登记：词头/词性/核心义项","词头/词性/核心义项","Bokmålsordboka","https://ordbokene.no/bm/innsjø","2026-09-24"
"NTNU Basic Norwegian Words (Swadesh list)","himmel","en himmel","单词","名词","A1","自然与天气","天空；天；（宗教语境）天堂","en himmel · himmelen · himler · himlene","Himmelen er blå i dag. / Det er en sky på himmelen.","今天天空很蓝。 / 天空中有一朵云。","","初级基础词候选；项目暂分 A1，需按多套课程交叉复核","来源已登记：词头/词性/核心义项","词头/词性/核心义项","Bokmålsordboka","https://ordbokene.no/bm/himmel","2026-09-24"
"NTNU Basic Norwegian Words (Swadesh list)","måne","en måne","单词","名词","A1","自然与天气","月亮；月球","en måne · månen · måner · månene","Månen lyser over fjorden. / Vi så en stor måne på bildet.","月亮照亮了峡湾上空。 / 我们在图片上看到一个很大的月亮。","","初级基础词候选；项目暂分 A1，需按多套课程交叉复核","来源已登记：词头/词性/核心义项","词头/词性/核心义项","Bokmålsordboka","https://ordbokene.no/bm/m%C3%A5ne","2026-09-24"
"NTNU Basic Norwegian Words (Swadesh list)","sky","ei sky","单词","名词","A1","自然与天气","云；一朵云","ei sky · skya · skyer · skyene","Det ligger mørke skyer over byen. / En liten sky dekker sola.","城市上空乌云密布。 / 一小片云遮住了太阳。","","初级基础词候选；项目暂分 A1，需按多套课程交叉复核","来源已登记：词头/词性/核心义项","词头/词性/核心义项","Bokmålsordboka","https://ordbokene.no/bm/sky","2026-09-24"
"NTNU Basic Norwegian Words (Swadesh list)","snø","snø","单词","名词（通常不可数）","A1","自然与天气","雪；降雪","snø · snøen","Det ligger mye snø på bakken. / Snøen smelter om våren.","地上积了很多雪。 / 雪在春天融化。","","初级基础词候选；Bokmålsordboka 收录名词和同形动词，词性须结合句子区分；等级待复核","来源已登记：词头/词性/核心义项","词头/词性/核心义项","Bokmålsordboka","https://ordbokene.no/bm/sn%C3%B8","2026-09-24"
"NTNU Basic Norwegian Words (Swadesh list)","sol","ei sol","单词","名词","A1","自然与天气","太阳；阳光","ei sol · sola · soler · solene","Sola skinner i dag. / Vi sitter i sola på terrassen.","今天阳光明媚。 / 我们坐在露台上晒太阳。","","初级基础词候选；项目暂分 A1，需按多套课程交叉复核","来源已登记：词头/词性/核心义项","词头/词性/核心义项","Bokmålsordboka","https://ordbokene.no/bm/sol","2026-09-24"
"NTNU Basic Norwegian Words (Swadesh list)","stjerne","ei stjerne","单词","名词","A1","自然与天气","星星；恒星；明星","ei stjerne · stjerna · stjerner · stjernene","Vi så mange stjerner på himmelen. / Hun er en kjent norsk stjerne.","我们在天空中看到了许多星星。 / 她是一位知名的挪威明星。","","初级基础词候选；项目暂分 A1，需按多套课程交叉复核","来源已登记：词头/词性/核心义项","词头/词性/核心义项","Bokmålsordboka","https://ordbokene.no/bm/stjerne","2026-09-24"
"NTNU NoW Basic Norwegian Words；Bokmålsordboka 中性名词词头核对","gress","et gress","单词","名词","A1","自然与植物","草；草坪/地面上的草","et gress · gresset · gress · gressene","Barna leker på gresset utenfor huset. / Det vokser høyt gress langs stien.","孩子们在房子外的草地上玩。 / 小路边长着高高的草。","","基础自然词；NoW基础词表收录，项目暂标A1","来源已登记：词头/词性/核心义项","词头/词性/核心义项","Bokmålsordboka","https://ordbokene.no/bm/gress","2026-09-24"
"Bokmålsordboka/Ordbank：形容词性数变化及副词用法","sikker","sikker","单词","形容词","A2","安全与确定","安全的；确定的；有把握的；可靠的；（副词）很可能/稳妥地","sikker · sikkert · sikre · sikrere · sikrest / sikreste","Er du sikker på at bussen går nå? / Hun kommer sikkert litt senere.","你确定公交车现在发车吗？ / 她很可能会晚一点来。","","表达安全、可靠和确定判断的高频形容词，暂标 A2；副词用法作为同词头语境","来源已登记：词头/词性/核心义项","词头/词性/核心义项","Bokmålsordboka","https://ordbokene.no/bm/sikker","2026-09-24"
"A2候选；Bokmålsordboka词形待核","kontroll","en kontroll","单词","名词","A2","办事与检查","检查；核对；控制；复诊（依语境）","en kontroll · kontrollen · kontroller · kontrollene","Jeg skal til kontroll hos tannlegen i morgen. / Det er billettkontroll på toget.","我明天要去牙医那里复查。 / 火车上会查票。","","医疗、交通、质量和日常核查中常见多义名词，暂标 A2","来源已登记：词头/词性/核心义项","词头/词性/核心义项","Bokmålsordboka","https://ordbokene.no/bm/kontroll","2026-09-24"
"A2候选；Bokmålsordboka词形待核","skjema","et skjema","单词","名词","A2","办事与文件","表格；申请表；表单","et skjema · skjemaet · skjemaer · skjemaene","Du må fylle ut dette skjemaet før timen. / Kommunen har lagt ut skjemaene på nettsiden.","你必须在预约时间前填写这张表。 / 市政府已把这些表格放到网站上。","","申请、注册和公共服务办事常见名词，暂标 A2","来源已登记：词头/词性/核心义项","词头/词性/核心义项","Bokmålsordboka","https://ordbokene.no/bm/skjema","2026-09-24"
"Bokmålsordboka/Ordbank：阳性名词词形","sekk","en sekk","单词","名词","A2","包袋与出行","袋子；大袋/麻袋（依材质和用途）；背包（特定语境）","en sekk · sekken · sekker · sekkene","Jeg pakker sekken før fjellturen. / Det står en sekk med poteter i kjelleren.","我在登山前收拾背包。 / 地下室里有一袋土豆。","","上学、购物和户外旅行中常用的物品名词，暂标 A2","来源已登记：词头/词性/核心义项","词头/词性/核心义项","Bokmålsordboka","https://ordbokene.no/bm/sekk","2026-09-24"
"Bokmålsordboka（比较级词条及不规则比较关系）","bedre","bedre","单词","形容词","A2","比较与变化","更好；较好；（身体/情况）好转些；更充分地","bedre","Jeg forstår norsk bedre nå enn i fjor. / Hun føler seg bedre etter at hun hvilte.","我现在比去年更能听懂挪威语了。 / 休息之后她感觉好些了。","","极高频的不规则比较级，暂标 A2","来源已登记：词头/词性/核心义项","词头/词性/核心义项","Bokmålsordboka","https://ordbokene.no/bm/bedre","2026-09-24"
"A2候选；Bokmålsordboka词形待核","enn","enn","单词","从属连词","A2","比较与连接","比；而不是；除了（依结构）","enn","Denne boka er billigere enn den andre. / Han gjør ikke annet enn å klage.","这本书比另一本便宜。 / 他除了抱怨什么也不做。","","比较句、否定比较和固定表达中的常见连接词，暂标 A2","来源已登记：Bokmål词头/词性/核心义项","Bokmål词头/词性/核心义项","Bokmålsordboka","https://ordbokene.no/bm/enn","2026-09-24"
"Bokmålsordboka/Ordbank：动词常用意义和变位","ligne","å ligne","单词","动词","A2","比较与描述","像；与……相似；看起来像","å ligne · ligner · lignet · har lignet","Datteren ligner på moren sin. / De to søstrene ligner hverandre veldig.","女儿长得像她妈妈。 / 这姐妹俩彼此非常相像。","","比较人与事物相似之处的实用动词，暂标 A2","来源已登记：Bokmål词头/词性/核心义项","Bokmål词头/词性/核心义项","Bokmålsordboka","https://ordbokene.no/bm/ligne","2026-09-24"
"A2候选；Bokmålsordboka词形待核","best","best","单词","形容词","A2","比较与评价","最好；最佳；最合适（god 的最高级形式）","best","Dette er den beste løsningen for familien. / Jeg jobber best om morgenen.","这是对全家来说最好的解决方案。 / 我早上工作效率最高。","","常见最高级词形，可表示最好或最合适，暂标 A2","来源已登记：词头/词性/核心义项","词头/词性/核心义项","Bokmålsordboka","https://ordbokene.no/bm/best","2026-09-24"
"A2候选；Bokmålsordboka词形待复核","mindre","mindre","单词","形容词","A2","比较与数量","更小；较少；较不（little 的比较级）","liten · lite · små · mindre · minst","Vi har mindre tid enn vi trodde. / Denne leiligheten er mindre, men billigere.","我们的时间比原先想的少。 / 这套公寓更小，但更便宜。","","常见比较级/数量表达，暂标 A2","已有完整语境·待审定","","","",""
"A2候选；Bokmålsordboka词形待核","minst","minst","单词","形容词","A2","比较与数量","最小的；最少的；最不……（最高级）","minst","Dette rommet er minst av alle. / Hun valgte den minst dyre løsningen.","这个房间是所有房间里最小的。 / 她选择了最不贵的方案。","","常见不规则最高级形式，暂标 A2","已有完整语境·待审定","","","",""
"A2候选；Bokmålsordboka词形待核","størst","størst","单词","形容词","A2","比较与数量","最大；规模最大的；最重要（依语境）","størst","Oslo er den største byen i Norge. / Av alle rommene er stua størst.","奥斯陆是挪威最大的城市。 / 所有房间里，客厅最大。","","常见不规则最高级形式，暂标 A2","来源已登记：词头/词性/核心义项","词头/词性/核心义项","Bokmålsordboka","https://ordbokene.no/bm/stor","2026-09-24"
"NTNU LearnNoW 05B/11A；Bokmålsordboka 词义与词形核对","vinne","å vinne","单词","动词","A2","比赛与结果","赢；获胜；赢得；争取到","å vinne · vinner · vant · vunnet","Laget vårt vant kampen i går. / Hun har vunnet en premie i en konkurranse.","我们的队昨天赢了比赛。 / 她在一场比赛中赢得了奖品。","","课程多个单元出现的基础不规则动词；项目暂标 A2","来源已登记：Bokmål词头/词性/核心义项","Bokmål词头/词性/核心义项","Bokmålsordboka","https://ordbokene.no/bm/vinne","2026-09-24"
"Bokmålsordboka：名词性、释义与常见搭配","forandring","en forandring","单词","名词","A2","变化与计划","变化；改变；变动；改变后的事物","en forandring · forandringen · forandringer · forandringene","Vi må gjøre en liten forandring i planen. / Det har skjedd store forandringer i byen.","我们得对计划做一点小调整。 / 这座城市发生了很大的变化。","","描述计划、日常变化和改进时常见的名词，项目暂标 A2","来源已登记：Bokmål词头/词性/核心义项","Bokmål词头/词性/核心义项","Bokmålsordboka","https://ordbokene.no/bm/forandring","2026-09-24"
"Bokmålsordboka：动词与名词同形，动词义项及变位","skifte","å skifte","单词","动词","A2","变化与日常动作","更换；换衣服；改变；轮换","å skifte · skifter · skiftet · har skiftet","Jeg må skifte klær før vi går ut. / Været skiftet raskt i løpet av dagen.","我们出门前我得换衣服。 / 天气在一天之内很快就变了。","","更换衣物、改变状态和日常安排中的常用动词，暂标 A2","来源已登记：Bokmål词头/词性/核心义项","Bokmål词头/词性/核心义项","Bokmålsordboka","https://ordbokene.no/bm/skifte","2026-09-24"
"Bokmålsordboka/Ordbank：中性名词词形及常用义项","fall","et fall","单词","名词","A2","变化与事件","跌倒；下降；落差；（复合词中）落差/瀑布相关词义","et fall · fallet · fall · fallene","Det var et kraftig fall i temperaturen i natt. / Hun skled på den glatte veien og fikk et stygt fall.","昨夜气温大幅下降。 / 她在湿滑的路面上滑倒，摔得很重。","","描述跌倒、下降和变化时常见的多义名词，暂标 A2","来源已登记：词头/词性/核心义项","词头/词性/核心义项","Bokmålsordboka","https://ordbokene.no/bm/fall","2026-09-24"
"A2候选；Bokmålsordboka词形待核","slik","slik","单词","副词","A2","表达与方式","这样；如此；像这样","slik","Fyll ut skjemaet slik at alle feltene er med. / Hun viste meg hvordan jeg skulle gjøre det, så jeg gjorde det slik hun viste meg.","填写表格时要确保所有栏目都完整填写。 / 她给我示范了怎么做，所以我就照她示范的方式做了。","","书面和口语中说明方式、结果的常用副词，暂标 A2","来源已登记：词头/词性/核心义项","词头/词性/核心义项","Bokmålsordboka","https://ordbokene.no/bm/slik","2026-09-24"
"A2候选；Bokmålsordboka词形待核","sånn","sånn","单词","副词","A2","表达与方式","这样；那样；如此（口语）","sånn","Du kan fylle ut skjemaet sånn. / Sånn, nå er vi ferdige.","你可以这样填写表格。 / 好了，这样我们就完成了。","","口语常用指示方式副词，暂标 A2","来源已登记：词头/词性/核心义项","词头/词性/核心义项","Bokmålsordboka","https://ordbokene.no/bm/s%C3%A5nn","2026-09-24"
"A2候选；Bokmålsordboka词形待核","selvsagt","selvsagt","单词","形容词","A2","表达与强调","当然的；不言而喻的；理所当然的","selvsagt · selvsagt · selvsagte · mer selvsagt · mest selvsagt","Det er selvsagt at alle må få si sin mening. / Hun tok det selvsagte valget og ringte legen.","当然，每个人都应该有机会表达自己的意见。 / 她做出了理所当然的选择，给医生打了电话。","","表示显而易见或理所当然的常用形容词，暂标 A2","来源已登记：词头/词性/核心义项","词头/词性/核心义项","Bokmålsordboka","https://ordbokene.no/bm/selvsagt","2026-09-24"
"A2候选；Bokmålsordboka词形待核","virkelig","virkelig","单词","副词","A2","表达与强调","真的；确实；非常（加强语气）","virkelig · virkelig · virkelige · mer virkelig · mest virkelig","Er du virkelig sikker på at døra er låst? / Jeg er virkelig glad for at du kunne komme.","你真的确定门锁好了吗？ / 你能来我真的很高兴。","","日常口语中用于加强真实性和程度的副词，暂标 A2","来源已登记：词头/词性/核心义项","词头/词性/核心义项","Bokmålsordboka","https://ordbokene.no/bm/virkelig","2026-09-24"
"A2候选；Bokmålsordboka词形待核","stakkars","stakkars","单词","形容词","A2","表达与情绪","可怜的；真不幸；真让人心疼（依语气）","stakkars · stakkars · stakkars","Stakkars deg, du har ventet lenge. / Det stakkars barnet mistet votten sin.","真心疼你，你等了很久。 / 那个可怜的孩子把手套弄丢了。","","表示同情或惋惜的高频表达，暂标 A2","来源已登记：词头/词性/核心义项","词头/词性/核心义项","Bokmålsordboka","https://ordbokene.no/bm/stakkars","2026-09-24"
"A2候选；Bokmålsordboka词形待核","presentasjon","en presentasjon","单词","名词","A2","表达与展示","介绍；展示；演讲；汇报","en presentasjon · presentasjonen · presentasjoner · presentasjonene","Jeg skal holde en presentasjon om norsk arbeidsliv. / Presentasjonen varer i ti minutter.","我要做一个关于挪威职场的介绍。 / 这场汇报持续十分钟。","","学校、工作和会议中常见名词，暂标 A2","来源已登记：词头/词性/核心义项","词头/词性/核心义项","Bokmålsordboka","https://ordbokene.no/bm/presentasjon","2026-09-24"
"A2候选；Bokmålsordboka词形待核","presentere","å presentere","单词","动词","A2","表达与展示","介绍；呈现；展示；作报告","å presentere · presenterer · presenterte · presentert","Hun presenterte forslaget for kollegene. / La meg presentere meg: Jeg heter Anna.","她向同事们介绍了这个提议。 / 请允许我自我介绍：我叫安娜。","","会议、课堂和社交介绍中的常用动词，暂标 A2","来源已登记：词头/词性/核心义项","词头/词性/核心义项","Bokmålsordboka","https://ordbokene.no/bm/presentere","2026-09-24"
"A2候选；Bokmålsordboka词形待核","bomull","bomull","单词","名词","A2","材料与衣物","棉；棉花；棉布","bomull · bomullen","Denne skjorta er laget av bomull. / Bomullen føles myk mot huden.","这件衬衫是棉制的。 / 棉布贴着皮肤感觉很柔软。","","衣物、家居用品和材料说明中的常用名词，暂标 A2","来源已登记：词头/词性/核心义项","词头/词性/核心义项","Bokmålsordboka","https://ordbokene.no/bm/bomull","2026-09-24"
"Bokmålsordboka/Ordbank：阴性名词词形与挪威日常文化义项","matpakke","ei matpakke","单词","名词","A2","餐食与学校","自带便当；自己准备的午餐（常为面包片）","en matpakke · matpakka / matpakken · matpakker · matpakkene","Jeg smører matpakke til barna før skolen. / Hun spiser matpakka si i lunsjpausen.","上学前我给孩子们准备自带午餐。 / 她在午休时吃自己带的午餐。","","挪威学校、工作午餐和日常生活中的高频文化词，暂标 A2","来源已登记：词头/词性/核心义项","词头/词性/核心义项","Bokmålsordboka","https://ordbokene.no/bm/matpakke","2026-09-24"
"A2候选；Bokmålsordboka词形待核","servitør","en servitør","单词","名词","A2","餐饮与服务","服务员；餐厅侍者","en servitør · servitøren · servitører · servitørene","Servitøren kom med menyen og tok bestillingen. / Vi takket servitørene før vi gikk.","服务员拿来菜单并记下了点单。 / 离开前我们向服务员们道了谢。","","餐馆、咖啡馆和服务场景常用职业名词，暂标 A2","来源已登记：词头/词性/核心义项","词头/词性/核心义项","Bokmålsordboka","https://ordbokene.no/bm/servit%C3%B8r","2026-09-24"
"A2候选；Bokmålsordboka词形待核","taktikk","en taktikk","单词","名词","A2","策略与比赛","策略；战术；方法","en taktikk · taktikken · taktikker · taktikkene","Treneren forklarte en ny taktikk før kampen. / Å øve litt hver dag er en god taktikk for å lære språk.","教练在比赛前讲解了一种新战术。 / 每天练习一点是学习语言的好策略。","","讨论计划、体育和解决问题时可用的名词，暂标 A2","来源已登记：词头/词性/核心义项","词头/词性/核心义项","Bokmålsordboka","https://ordbokene.no/bm/taktikk","2026-09-24"
"NTNU NoW Vocabulary list 08B；Bokmålsordboka 复合名词词形","omgangssyke","en omgangssyke","单词","名词","A2","常见疾病","胃肠炎；急性肠胃不适（常见口语统称）","en omgangssyke · omgangssyken · omgangssyker · omgangssykene","Barna må være hjemme fordi de har omgangssyke. / Det går omgangssyke i barnehagen.","孩子们得待在家里，因为他们得了肠胃炎。 / 幼儿园里正在流行肠胃炎。","","日常健康、学校缺勤和看病场景的课程词；按 NoW 章节暂标 A2","来源已登记：Bokmål词头/词性/核心义项","Bokmål词头/词性/核心义项","Bokmålsordboka","https://ordbokene.no/bm/omgangssyke","2026-09-24"
"A2候选；Bokmålsordboka词形待核","naturligvis","naturligvis","单词","副词","A2","常用副词","当然；自然地；理所当然地","naturligvis","Kan jeg låne boka di? – Ja, naturligvis. / Naturligvis må vi bestille bord først.","我能借你的书吗？——当然可以。 / 我们当然得先订位。","","表达同意、预期和常识判断的常用副词，暂标 A2","来源已登记：词头/词性/核心义项","词头/词性/核心义项","Bokmålsordboka","https://ordbokene.no/bm/naturligvis","2026-09-24"
"A2候选；Bokmålsordboka词形待核","bak","bak","单词","介词","A2","常用介词","在……后面；落后于（依语境）","bak","Sykkelen står bak huset. / Det er en lekeplass bak huset.","自行车停在房子后面。 / 房子后面有一个游乐场。","","描述空间位置和先后关系的常用介词，暂标 A2","来源已登记：词头/词性/核心义项","词头/词性/核心义项","Bokmålsordboka","https://ordbokene.no/bm/bak","2026-09-24"
"A2候选；Bokmålsordboka词形待核","under","under","单词","介词","A2","常用介词","在……下面；在……期间；少于","under","Katten ligger under bordet. / Under møtet noterte hun de viktigste punktene.","猫躺在桌子下面。 / 会议期间她记下了重点。","","位置、时间和数量表达中的高频介词，暂标 A2","来源已登记：词头/词性/核心义项","词头/词性/核心义项","Bokmålsordboka","https://ordbokene.no/bm/under","2026-09-24"
"A2候选；Bokmålsordboka词形待核","uten","uten","单词","介词","A2","常用介词","没有；不带；在……之外","uten","Jeg drikker kaffe uten sukker. / Hun gikk uten å si farvel.","我喝不加糖的咖啡。 / 她没有道别就离开了。","","高频基础介词，暂标 A2","来源已登记：词头/词性/核心义项","词头/词性/核心义项","Bokmålsordboka","https://ordbokene.no/bm/uten","2026-09-24"
"A2候选；Bokmålsordboka词形待核","via","via","单词","介词","A2","常用介词","经由；通过；借助","via","Vi reiser til Trondheim via Oslo. / Du kan bestille timen via nettet.","我们经由奥斯陆前往特隆赫姆。 / 你可以通过网络预约时间。","","交通、路线及媒介语境常用介词，暂标 A2","来源已登记：词头/词性/核心义项","词头/词性/核心义项","Bokmålsordboka","https://ordbokene.no/bm/via","2026-09-24"
"A2候选；Bokmålsordboka词形待核","torg","et torg","单词","名词","A2","城市与地点","广场；集市广场","et torg · torget · torg · torgene","Vi møtes på torget klokka seks. / Det er marked på torget hver lørdag.","我们六点在广场见面。 / 广场上每周六都有集市。","","城市空间、市场和约见场景常用名词，暂标 A2","来源已登记：词头/词性/核心义项","词头/词性/核心义项","Bokmålsordboka","https://ordbokene.no/bm/torg","2026-09-24"
"Bokmålsordboka/Ordbank：复合名词词形","hovedgate","en hovedgate","单词","名词","A2","城市与方向","主街；主要街道","en hovedgate · hovedgaten · hovedgater · hovedgatene","Kafeen ligger i hovedgata. / Vi gikk langs hovedgaten for å finne apoteket.","咖啡馆位于主街上。 / 我们沿着主街走去找药房。","","问路、购物和描述城市街区时可用的名词，暂标 A2","来源已登记：词头/词性/核心义项","词头/词性/核心义项","Bokmålsordboka","https://ordbokene.no/bm/hovedgate","2026-09-24"
"Bokmålsordboka/Ordbank：复合名词词形及城市义项","storby","en storby","单词","名词","A2","城市与方向","大城市；人口较多的城市","en storby · storbyen · storbyer · storbyene","Hun flyttet fra en liten by til en storby. / Storbyene har ofte gode kollektivtilbud. / London og Paris er storbyer.","她从小镇搬到了大城市。 / 大城市通常有不错的公共交通。 / 伦敦和巴黎都是大城市。","https://ordbokene.no/bm/storby","城市生活、旅行和居住偏好的常见名词，暂标 A2","来源已登记：Bokmål词头/词性/核心义项","Bokmål词头/词性/核心义项","Bokmålsordboka","https://ordbokene.no/bm/storby","2026-09-24"
"A2候选；Bokmålsordboka词形待核","senter","et senter","单词","名词","A2","城市与购物","中心；购物中心；服务中心（依语境）","et senter · senteret · sentre · sentrene","Vi møtes på senteret etter jobb. / Kommunen har åpnet et nytt helsesenter.","我们下班后在购物中心见。 / 市政府开设了一家新的健康中心。","","描述地点、服务和城市设施的常见名词，暂标 A2","来源已登记：词头/词性/核心义项","词头/词性/核心义项","Bokmålsordboka","https://ordbokene.no/bm/senter","2026-09-24"
"A2候选；Bokmålsordboka词形待核","enda","enda","单词","副词","A2","程度与比较","仍然；还；更加；甚至（依语境）","enda","Det ble enda kaldere om kvelden. / Hun bor enda i samme hus.","晚上天气变得更冷了。 / 她仍然住在同一栋房子里。","","表示仍然、更加或更远程度的常用副词，暂标 A2","来源已登记：词头/词性/核心义项","词头/词性/核心义项","Bokmålsordboka","https://ordbokene.no/bm/enda","2026-09-24"
"A2候选；Bokmålsordboka词形待核","mest","mest","单词","形容词","A2","程度与比较","最多的；最……的；最大程度的","mest","Hun har mest erfaring av oss alle. / Hvem jobbet mest i går?","她是我们所有人中经验最丰富的。 / 昨天谁工作得最多？","","表达最高程度和最大数量的高频形式，暂标 A2","来源已登记：词头/词性/核心义项","词头/词性/核心义项","Bokmålsordboka","https://ordbokene.no/bm/mest","2026-09-24"
"Bokmålsordboka：副词词头及程度义项","altfor","altfor","单词","副词","A2","程度与描述","太；过于；（否定句中）特别/很","altfor","Denne jakka er altfor dyr for meg. / Det gikk ikke altfor bra på prøven.","这件夹克对我来说太贵了。 / 这次测验考得不太好。","","表达超出适度范围的常见程度副词，暂标 A2","来源已登记：Bokmål词头/词性/核心义项","Bokmål词头/词性/核心义项","Bokmålsordboka","https://ordbokene.no/bm/altfor","2026-09-24"
"Bokmålsordboka/Ordbank：形容词词形与用法","gammeldags","gammeldags","单词","形容词","A2","程度与描述","老式的；过时的；传统的","gammeldags · gammeldags · gammeldagse · mer gammeldags · mest gammeldags","Bestefar har et gammeldags kjøkken. / Noen synes at denne regelen virker gammeldags.","爷爷家有一间老式厨房。 / 有些人觉得这条规定显得过时。","","描述风格、观念和物品年代感的常用形容词，暂标 A2","来源已登记：词头/词性/核心义项","词头/词性/核心义项","Bokmålsordboka","https://ordbokene.no/bm/gammeldags","2026-09-24"
"Bokmålsordboka：词头、词性、主要义项","grad","en grad","单词","名词","A2","程度与描述","度；程度；等级","en grad · graden · grader · gradene","Det er fem grader ute i dag. / Hun er i høy grad motivert.","今天室外五度。 / 她积极性很高。","","天气、温度、程度表达中的高频名词，暂标 A2","来源已登记：词头/词性/核心义项","词头/词性/核心义项","Bokmålsordboka","https://ordbokene.no/bm/grad","2026-09-24"
"Bokmålsordboka/Ordbank：形容词性数变化及常见义项","hard","hard","单词","形容词","A2","程度与描述","硬的；困难的；艰苦的；严厉的","hard · hardt · harde · hardere · hardest","Hun jobber hardt for å lære norsk. / Denne stolen er hardere enn sofaen.","她努力学习挪威语。 / 这把椅子比沙发硬。","","描述质地、难度、努力程度和严厉程度的高频形容词，暂标 A2","来源已登记：Bokmål词头/词性/核心义项","Bokmål词头/词性/核心义项","Bokmålsordboka","https://ordbokene.no/bm/hard","2026-09-24"
"Bokmålsordboka/Ordbank：形容词屈折与义项","herlig","herlig","单词","形容词","A2","程度与描述","极好的；惬意的；令人愉快的","herlig · herlig · herlige · herligere · herligst","Det er herlig vær ved sjøen i dag. / Vi hadde en herlig ferie sammen.","今天海边的天气好极了。 / 我们一起度过了愉快的假期。","","日常评价天气、体验和事物的常见形容词，暂标 A2","来源已登记：Bokmål词头/词性/核心义项","Bokmål词头/词性/核心义项","Bokmålsordboka","https://ordbokene.no/bm/herlig","2026-09-24"
"Bokmålsordboka：形容词义项及屈折形式","kjent","kjent","单词","形容词","A2","程度与描述","熟悉的；认识的；知名的","kjent · kjent · kjente · mer kjent · mest kjent","Jeg er godt kjent med området. / Hun er kjent for musikken sin.","我很熟悉这个地区。 / 她因自己的音乐而出名。","","描述熟悉度、知名度的高频形容词，暂标 A2","来源已登记：Bokmål词头/词性/核心义项","Bokmål词头/词性/核心义项","Bokmålsordboka","https://ordbokene.no/bm/kjent","2026-09-24"
"Bokmålsordboka：形容词义项及比较级形式","merkelig","merkelig","单词","形容词","A2","程度与描述","奇怪的；不同寻常的；特别的","merkelig · merkelig · merkelige · merkeligere · merkeligst","Det var en merkelig lyd fra bilen. / Merkelig nok fant vi nøklene med en gang.","汽车发出一种奇怪的声音。 / 说来也怪，我们一下子就找到了钥匙。","","描述异常、奇怪或特别现象的常用形容词，暂标 A2","来源已登记：Bokmål词头/词性/核心义项","Bokmål词头/词性/核心义项","Bokmålsordboka","https://ordbokene.no/bm/merkelig","2026-09-24"
"Bokmålsordboka/Ordbank：形容词词形及常见副词功能","ordentlig","ordentlig","单词","形容词","A2","程度与描述","正经的；像样的；真正的；（副词）好好地/很","ordentlig · ordentlig · ordentlige","Vi må spise en ordentlig middag før reisen. / Jeg sov ikke ordentlig i natt.","出发前我们得好好吃一顿正餐。 / 我昨晚没睡好。","","日常表达“认真、像样、真正”的高频词，暂标 A2","来源已登记：Bokmål词头/词性/核心义项","Bokmål词头/词性/核心义项","Bokmålsordboka","https://ordbokene.no/bm/ordentlig","2026-09-24"
"Bokmålsordboka：形容词主要义项及屈折","rask","rask","单词","形容词","A2","程度与描述","快的；迅速的；利索的","rask · raskt · raske · raskere · raskest","Kan du gi meg et raskt svar? / Hun løper raskere enn meg.","你能尽快给我答复吗？ / 她比我跑得快。","","描述速度、行动快慢的常用形容词，暂标 A2","来源已登记：词头/词性/核心义项","词头/词性/核心义项","Bokmålsordboka","https://ordbokene.no/bm/rask","2026-09-24"
"Bokmålsordboka：形容词义项及屈折形式; Tema: fremtid · 课本专题","sterk","sterk","单词","形容词","A2","程度与描述 / 未来计划与目标","强壮的；强烈的；浓的","sterk · sterkt · sterke · sterkere · sterkest","Denne kaffen er for sterk for meg. / Han er sterk nok til å løfte esken. / Trening gjør kroppen sterkere.","这咖啡对我来说太浓了。 / 他足够强壮，可以把箱子抬起来。 / 锻炼让身体更强壮。","","描述身体、味道和程度的常用形容词，暂标 A2","来源已登记：词头/词性/核心义项","词头/词性/核心义项","Bokmålsordboka","https://ordbokene.no/bm/sterk","2026-09-24"
"A2候选；Bokmålsordboka词形待核","utrolig","utrolig","单词","形容词/副词","A2","程度与评价","难以置信的；非常；惊人地","utrolig · utrolig · utrolige","Vi hadde en utrolig fin dag. / Det er utrolig at hun husket alt.","我们度过了非常美好的一天。 / 她竟然把一切都记住了，真令人难以置信。","","日常口语中常见的程度/评价词，暂标 A2","来源已登记：Bokmål词头/词性/核心义项","Bokmål词头/词性/核心义项","NTNU LearnNoW 词汇表","https://www.ntnu.edu/learnnow/vocabulary/list","2026-09-24"
"Bokmålsordboka/Ordbank：副词词性与程度用法","helt","helt","单词","副词","A2","程度与强调","完全；彻底；非常；整整（依搭配）","helt","Jeg er helt ferdig med oppgaven. / Det var helt fantastisk å se nordlyset.","我已经完全做完作业了。 / 看到北极光真是太棒了。","","加强形容词/副词语气或表示完全程度的高频副词，暂标 A2","来源已登记：词头/词性/核心义项","词头/词性/核心义项","Bokmålsordboka","https://ordbokene.no/bm/helt","2026-09-24"
"A2候选；Bokmålsordboka词形待核","absolutt","absolutt","单词","形容词","A2","程度与确定性","绝对的；完全的；肯定的","absolutt · absolutt · absolutte · mer absolutt · mest absolutt","Det er absolutt nødvendig å bestille time. / Vil du bli med? – Ja, absolutt!","预约是绝对必要的。 / 你想一起去吗？——当然！","","表达确定、程度和绝对性的常见形容词，暂标 A2","来源已登记：词头/词性/核心义项","词头/词性/核心义项","Bokmålsordboka","https://ordbokene.no/bm/absolutt","2026-09-24"
"Bokmålsordboka：副词词头与程度用法","bitte","bitte","单词","副词","A2","程度与数量","稍微；一点点；很（加强语气，依搭配）","bitte","Kan du vente bitte litt? / De hadde bitte små sko på utstillingen.","你能稍微等一下吗？ / 展览上摆着非常小的鞋子。","","口语中表达少量、稍微的常见副词，暂标 A2","来源已登记：词头/词性/核心义项","词头/词性/核心义项","Bokmålsordboka","https://ordbokene.no/bm/bitte","2026-09-24"
"Bokmålsordboka/Ordbank：副词固定形式和语义","nesten","nesten","单词","副词","A2","程度与数量","几乎；差不多；将近","nesten","Jeg er nesten ferdig med rapporten. / Nesten alle kom før klokka ni.","我的报告差不多完成了。 / 几乎所有人都在九点前到了。","","描述接近完成、几乎发生等情形的高频副词，暂标 A2","来源已登记：词头/词性/核心义项","词头/词性/核心义项","Bokmålsordboka","https://ordbokene.no/bm/nesten","2026-09-24"
"A2候选；Bokmålsordboka词形待核","nokså","nokså","单词","副词","A2","程度与语气","相当；颇；比较（程度副词）","nokså","Leiligheten er nokså liten, men lys. / Det var nokså mange på møtet.","这套公寓相当小，不过很明亮。 / 会议上来的人相当多。","","修饰形容词、副词和数量表达的常用程度副词，暂标 A2","来源已登记：词头/词性/核心义项","词头/词性/核心义项","Bokmålsordboka","https://ordbokene.no/bm/noks%C3%A5","2026-09-24"
"A2候选；Bokmålsordboka词形待核","vare","å vare","单词","动词","A2","持续与经营","持续；维持；耐用；保存（依语境）","å vare · varer · varte · har vart","Filmen varer i nesten to timer. / Tilbudet varer bare til fredag.","这部电影持续将近两个小时。 / 优惠只持续到星期五。","","表达持续时长和商品保存/有效时间的动词，暂标 A2","来源已登记：词头/词性/核心义项","词头/词性/核心义项","Bokmålsordboka","https://ordbokene.no/bm/vare","2026-09-24"
"Bokmålsordboka/Ordbank：复合名词词形及旅行义","ryggsekk","en ryggsekk","单词","名词","A2","出行与随身物品","背包；背在背上的包","en ryggsekk · ryggsekken · ryggsekker · ryggsekkene","Jeg pakker ryggsekken før fjellturen. / Ryggsekken min er for tung.","我在登山前收拾背包。 / 我的背包太重了。","","通勤、徒步和旅行中常用的随身物品词，暂标 A2","来源已登记：Bokmål词头/词性/核心义项","Bokmål词头/词性/核心义项","Bokmålsordboka","https://ordbokene.no/bm/ryggsekk","2026-09-24"
"A2候选；Bokmålsordboka词形待核","skjære","skjære","单词","动词","A2","厨房与动作","切；割；切片","å skjære · skjærer · skar · skåret","Kan du skjære brødet i skiver? / Hun skar seg på kniven.","你能把面包切成片吗？ / 她被刀划伤了。","","厨房准备和日常动作常见强变化动词，暂标 A2","来源已登记：词头/词性/核心义项","词头/词性/核心义项","Bokmålsordboka","https://ordbokene.no/bm/skj%C3%A6re","2026-09-24"
"Bokmålsordboka/Ordbank：动词词形和多个常用句法义项","feile","å feile","单词","动词","A2","错误与解决","犯错；做错；失败；（某人）有病/不舒服","å feile · feiler · feilet / feila · feilet / feila","Jeg prøvde flere ganger, men feilet til slutt. / Hva feiler det deg? Har du vondt noe sted?","我试了好几次，但最后还是失败了。 / 你哪里不舒服？身体哪个地方疼吗？","","谈错误、失败和身体不适时常见的动词，暂标 A2","来源已登记：词头/词性/核心义项","词头/词性/核心义项","Bokmålsordboka","https://ordbokene.no/bm/feile","2026-09-24"
"NTNU NoW Vocabulary list 09B；课程复合名词","mastergradsstudent","en mastergradsstudent","单词","名词","A2","大学学习","硕士研究生；攻读硕士学位的学生","en mastergradsstudent · mastergradsstudenten · mastergradsstudenter · mastergradsstudentene","Hun er mastergradsstudent i psykologi. / Mastergradsstudentene skriver oppgave dette semesteret.","她是心理学专业的硕士研究生。 / 硕士研究生们这个学期在写论文。","","介绍研究生阶段的学习身份；按 NoW 章节暂标 A2","来源已登记：课程词头/名词性别或词类/英文义项/词形/章节","课程词头/名词性别或词类/英文义项/词形/章节","NTNU NoW 词汇表","https://www.ntnu.edu/now/vocabulary/table-m","2026-09-24"
"NTNU NoW Vocabulary list 06A；课程词汇","semesteravgift","en semesteravgift","单词","名词","A2","大学与费用","学期费；学生学期注册费","en semesteravgift · semesteravgiften · semesteravgifter · semesteravgiftene","Jeg må betale semesteravgiften før fristen. / Semesteravgiften må være betalt for at du skal få studentkort.","我必须在截止日期前缴纳学期费。 / 要拿到学生卡，必须先缴纳学期费。","","挪威高等教育和学生费用话题实用词；按课程单元暂标 A2","来源已登记：课程词头/名词性别或词类/英文义项/词形/章节","课程词头/名词性别或词类/英文义项/词形/章节","NTNU NoW 词汇表","https://www.ntnu.edu/now/vocabulary/table-s","2026-09-24"
"NTNU NoW Vocabulary list 06A；课程词汇","semesterkort","et semesterkort","单词","名词","A2","大学与费用","学期学生证；学生身份卡","et semesterkort · semesterkortet · semesterkort · semesterkortene","Du må vise semesterkortet på bussen. / Studentene lastet ned semesterkortene sine.","你在公交车上必须出示学生证。 / 学生们下载了各自的学期卡。","","学生身份、校园服务场景词汇；按课程单元暂标 A2","来源已登记：课程词头/名词性别或词类/英文义项/词形/章节","课程词头/名词性别或词类/英文义项/词形/章节","NTNU NoW 词汇表","https://www.ntnu.edu/now/vocabulary/table-s","2026-09-24"
"NTNU NoW Vocabulary list 06B；课程词汇","studieplan","en studieplan","单词","名词","A2","大学与学习安排","学习计划；课程计划；培养方案","en studieplan · studieplanen · studieplaner · studieplanene","Jeg følger studieplanen for første året. / Studentene laget en studieplan sammen.","我按照第一年的课程计划学习。 / 学生们一起制定了学习计划。","","规划课程和学习进度的实用词；按课程单元暂标 A2","来源已登记：Bokmål词头/词性/核心义项","Bokmål词头/词性/核心义项","Bokmålsordboka","https://ordbokene.no/bm/studieplan","2026-09-24"
"NTNU NoW Vocabulary list 06A；课程词汇","studium","et studium","单词","名词","A2","大学与学习安排","大学课程；专业学习；一门学业/学位项目","et studium · studiet · studier · studiene","Hun begynner på et studium i psykologi til høsten. / Studiet varer i tre år.","她今年秋天开始学习心理学专业。 / 这个专业学制为三年。","","高等教育课程与专业学习场景词汇；按课程单元暂标 A2","来源已登记：Bokmål词头/词性/核心义项","Bokmål词头/词性/核心义项","Bokmålsordboka","https://ordbokene.no/bm/studium","2026-09-24"
"NTNU NoW Vocabulary list 09A；课程词汇","seminar","et seminar","单词","名词","A2","大学与学习活动","研讨会；专题讨论课","et seminar · seminaret · seminarer · seminarene","Vi skal delta på et seminar om norsk språk. / Seminaret begynner klokka ti.","我们将参加一个关于挪威语的研讨会。 / 研讨课十点开始。","","课程讨论和学术活动常见名词；按课程单元暂标 A2","来源已登记：Bokmål词头/词性/核心义项","Bokmål词头/词性/核心义项","Bokmålsordboka","https://ordbokene.no/bm/seminar","2026-09-24"
"NTNU NoW Vocabulary list 05M；Bokmålsordboka 中性名词词形","område","et område","单词","名词","A2","地点与范围","地区；区域；范围；领域","et område · området · områder · områdene","Det er mange fine turstier i området. / Hun jobber innen helseområdet.","这一带有很多漂亮的徒步小径。 / 她在卫生健康领域工作。","","描述地点、区域、范围和研究领域的高频名词；课程暂列 A2","来源已登记：Bokmål词头/词性/核心义项","Bokmål词头/词性/核心义项","Bokmålsordboka","https://ordbokene.no/bm/omr%C3%A5de","2026-09-24"
"Bokmålsordboka 词条核验；固定副词","overalt","overalt","单词","副词","A2","地点与方位","到处；处处； everywhere","overalt","Vi lette overalt etter nøklene. / Det ligger snø overalt i hagen.","我们到处找钥匙。 / 花园里到处都是雪。","","日常描述位置和分布的常用副词，暂标 A2","来源已登记：词头/词性/核心义项","词头/词性/核心义项","Bokmålsordboka","https://ordbokene.no/bm/overalt","2026-09-24"
"A2候选；Bokmålsordboka词形待核","sted","et sted","单词","名词","A2","地点与空间","地方；地点；场所","et sted · stedet · steder · stedene","Vi fant et rolig sted å spise lunsj. / Hvor er det beste stedet å parkere?","我们找到一个安静的地方吃午饭。 / 哪里是最适合停车的地方？","","地点、位置和抽象场所表达中的高频名词，暂标 A2","来源已登记：词头/词性/核心义项","词头/词性/核心义项","Bokmålsordboka","https://ordbokene.no/bm/sted","2026-09-24"
"A2候选；Bokmålsordboka词形待核","festning","ei/en festning","单词","名词","A2","地点与历史","堡垒；要塞；城堡式防御工事","en festning · festningen · festninger · festningene","Familien besøkte Akershus festning i Oslo. / Festningen ligger ved havna.","一家人参观了奥斯陆的阿克斯胡斯要塞。 / 要塞位于港口旁。","","挪威历史景点与城市地点词汇，暂标 A2","来源已登记：词头/词性/核心义项","词头/词性/核心义项","Bokmålsordboka","https://ordbokene.no/bm/festning","2026-09-24"
"NTNU NoW Vocabulary list；Bokmålsordboka 动词词形","registrere","å registrere","单词","动词","A2","登记与申请","登记；注册；记录；备案","å registrere · registrerer · registrerte · registrert","Du må registrere deg før kurset starter. / Resepsjonisten registrerte navnet mitt.","课程开始前你必须先注册。 / 接待员登记了我的名字。","","登记信息、注册活动和记录数据时常用动词；课程暂列 A2","来源已登记：Bokmål词头/词性/核心义项","Bokmål词头/词性/核心义项","Bokmålsordboka","https://ordbokene.no/bm/registrere","2026-09-24"
"NTNU NoW Vocabulary list 10B；Bokmålsordboka 复合词构词","telefonsamtale","en telefonsamtale","单词","名词","A2","电话与联系","电话交谈；一次电话通话","en telefonsamtale · telefonsamtalen · telefonsamtaler · telefonsamtalene","Jeg hadde en lang telefonsamtale med legen. / Telefonsamtalen varte i ti minutter.","我和医生进行了一次长时间的电话交谈。 / 这次电话交谈持续了十分钟。","","联系学校、工作单位和家人时常见的沟通名词；按课程单元暂标 A2","来源已登记：课程词头/名词性别或词类/英文义项/词形/章节","课程词头/名词性别或词类/英文义项/词形/章节","NTNU NoW 词汇表","https://www.ntnu.edu/now/vocabulary/table-t","2026-09-24"
"Bokmålsordboka/Ordbank：形容词性数变化及常用名词化搭配","bærbar","bærbar","单词","形容词","A2","电脑与设备","便携的；可携带的；（电脑）笔记本式的","bærbar · bærbart · bærbare · mer bærbar · mest bærbar","Jeg bruker en bærbar PC på skolen. / Hun kjøpte et bærbart batteri.","我在学校用笔记本电脑。 / 她买了一个便携式电池。","","学习、工作和设备场景中的实用形容词，暂标 A2","来源已登记：词头/词性/核心义项","词头/词性/核心义项","Bokmålsordboka","https://ordbokene.no/bm/b%C3%A6rbar","2026-09-24"
"A2候选；Bokmålsordboka完整名词词形","tast","en tast","单词","名词","A2","电脑与设备","键；按键；按钮（键盘或设备上的单个键）","en tast · tasten · taster · tastene","Trykk på en tast for å fortsette. / Backspace-tasten sletter bokstaven til venstre.","按一个键即可继续。 / 退格键会删除左边的字母。","","电脑、手机和设备操作中的实用名词，暂标 A2","来源已登记：词头/词性/核心义项","词头/词性/核心义项","Bokmålsordboka","https://ordbokene.no/bm/tast","2026-09-24"
"Bokmålsordboka/Ordbank：中性复合名词词形","brukernavn","et brukernavn","单词","名词","A2","电脑与网络","用户名；登录用户名","et brukernavn · brukernavnet · brukernavn · brukernavnene","Skriv inn brukernavn og passord for å logge inn. / Jeg har glemt brukernavnet mitt.","请输入用户名和密码以登录。 / 我忘记了自己的用户名。","","登录网站、应用和服务时常见的实用名词，暂标 A2","来源已登记：词头/词性/核心义项","词头/词性/核心义项","Bokmålsordboka","https://ordbokene.no/bm/brukernavn","2026-09-24"
"Bokmålsordboka/Ordbank：阳性名词词形","datamaskin","en datamaskin","单词","名词","A2","电脑与网络","计算机；电脑","en datamaskin · datamaskinen · datamaskiner · datamaskinene","Jeg bruker datamaskinen til å skrive rapporten. / Datamaskinen starter ikke.","我用电脑写报告。 / 电脑启动不了。","","学习、工作和日常数字生活的基础物品名词，暂标 A2","来源已登记：词头/词性/核心义项","词头/词性/核心义项","Bokmålsordboka","https://ordbokene.no/bm/datamaskin","2026-09-24"
"Bokmålsordboka/Ordbank：阳性复合名词词形","snøball","en snøball","单词","名词","A2","冬季活动","雪球","en snøball · snøballen · snøballer · snøballene","Barna laget en stor snøball i hagen. / Han kastet snøballer mot muren.","孩子们在花园里捏了一个大雪球。 / 他朝墙扔雪球。","","冬季户外活动和日常对话中的基础复合名词，暂标 A2","来源已登记：Bokmål词头/词性/核心义项","Bokmål词头/词性/核心义项","Bokmålsordboka","https://ordbokene.no/bm/55278","2026-09-24"
"Bokmålsordboka/Ordbank：阳性复合名词词形","snøballkrig","en snøballkrig","单词","名词","A2","冬季活动","打雪仗；雪球大战","en snøballkrig · snøballkrigen · snøballkriger · snøballkrigene","Barna hadde snøballkrig etter skolen. / Snøballkrigen varte bare noen minutter.","放学后孩子们打了一场雪仗。 / 雪球大战只持续了几分钟。","","冬季游戏和儿童活动中的实用复合名词，暂标 A2","来源已登记：课程词头/词性/英文核心义项/课文单元","课程词头/词性/英文核心义项/课文单元","NTNU LearnNoW 词汇表","https://www.ntnu.edu/learnnow/vocabulary/list","2026-09-24"
"Bokmålsordboka/Ordbank：不规则复合名词词形","snømann","en snømann","单词","名词","A2","冬季活动","雪人","en snømann · snømannen · snømenn · snømennene","Barna lager en snømann i hagen. / Snømennene står fortsatt utenfor huset.","孩子们在花园里堆雪人。 / 那些雪人还站在房子外面。","","冬季户外活动和儿童游戏中的常见复合名词，暂标 A2","来源已登记：Bokmål词头/词性/核心义项","Bokmål词头/词性/核心义项","Bokmålsordboka","https://ordbokene.no/bm/sn%C3%B8mann","2026-09-24"
"A2候选；Bokmålsordboka词形待核","man","en man","单词","名词","A2","动物与自然","（马的）鬃毛","en man · manen · maner · manene","Hesten har en lang, mørk man. / Hun børstet manen før rideturen.","这匹马有一条又长又黑的鬃毛。 / 骑马前她给马梳理了鬃毛。","","马匹外形及动物照料话题名词，暂标 A2","来源已登记：Bokmål词头/词性/核心义项","Bokmål词头/词性/核心义项","Bokmålsordboka","https://ordbokene.no/bm/man","2026-09-24"
"A2候选；Bokmålsordboka词形待核","sjiraff","en sjiraff","单词","名词","A2","动物与自然","长颈鹿","en sjiraff · sjiraffen · sjiraffer · sjiraffene","Sjiraffen spiser blader fra høye trær. / Vi så to sjiraffer i dyreparken.","长颈鹿吃高树上的叶子。 / 我们在动物园看到了两只长颈鹿。","","动物园、儿童读物和自然主题词汇，暂标 A2","来源已登记：词头/词性/核心义项","词头/词性/核心义项","Bokmålsordboka","https://ordbokene.no/bm/sjiraff","2026-09-24"
"A2候选；Bokmålsordboka词形待核","trekke","å trekke","单词","动词","A2","动作与变化","拉；拖；抽出；吸入；扣除；撤回（依语境）","å trekke · trekker · trakk · har trukket","Husk å trekke pusten rolig før du begynner. / Butikken trakk ti kroner fra prisen.","开始前记得平静地吸一口气。 / 商店从价格中减了十克朗。","","常见多义动词，须通过搭配辨义，暂标 A2","来源已登记：词头/词性/核心义项","词头/词性/核心义项","Bokmålsordboka","https://ordbokene.no/bm/trekke","2026-09-24"
"A2候选；Bokmålsordboka词形待核","stikke","å stikke","单词","动词","A2","动作与出行","刺；戳；伸入/放入；（stikke innom/bort）顺道去一下","å stikke · stikker · stakk · har stukket","Jeg stikker innom deg etter jobb. / Han stakk hull på ballongen. / Jeg stikker bort i butikken etter noe.","我下班后顺路去你那儿一下。 / 他把气球戳破了。 / 我去商店买点东西就回来。","https://ordbokene.no/bm/stikke","日常移动、探访和动作表达中的常用强变化动词，暂标 A2","来源已登记：词头/词性/核心义项","词头/词性/核心义项","Bokmålsordboka","https://ordbokene.no/nob/search?dict=bm&q=stikke+i&scope=eif","2026-09-24"
"A2候选；Bokmålsordboka词形待核","stanse","å stanse","单词","动词","A2","动作与交通","停下；使……停止；拦下/拦住","stanse · stanser · stanset · stanset","Bussen stanser ved holdeplassen foran skolen. / Politiet ba sjåføren om å stanse bilen. / Bussen stanset ved holdeplassen.","公交车在学校前面的站点停靠。 / 警察让司机把车停下来。 / 公交车在站点停了下来。","https://ordbokene.no/nob/bm/stanse","日常动作和交通场景常用动词，暂标 A2","来源已登记：词头/词性/核心义项","词头/词性/核心义项","Bokmålsordboka","https://ordbokene.no/search?dict=bm%2Cnn&q=stanse&scope=eif","2026-09-24"
"app.js · 核心动词; Bokmålsordboka/Ordbank：强变化动词及过去式变体","skrive","å skrive","单词","动词","A2","读写与学习 / 学习与工作","写；书写；撰写","å skrive · skriver · skrev · skrevet","Jeg skriver en melding til læreren. / Hun har skrevet ferdig rapporten. / Jeg skriver en melding.","我在给老师写一条消息。 / 她已经写完报告了。","","书写、消息和学习任务中的基础高频动词，暂标 A2","来源已登记：词头/词性/核心义项","词头/词性/核心义项","Bokmålsordboka","https://ordbokene.no/bm/skrive","2026-09-24"
"Bokmålsordboka/Ordbank：动词词形及句法用法","leke","å leke","单词","动词","A2","儿童与活动","玩；玩耍；做游戏","å leke · leker · lekte · lekt","Barna leker ute etter skolen. / Han lekte med søsteren sin hele ettermiddagen.","孩子们放学后在外面玩。 / 他整个下午都和自己的姐妹玩。","","家庭和儿童日常中高频的基础动作动词，暂标 A2","来源已登记：词头/词性/核心义项","词头/词性/核心义项","Bokmålsordboka","https://ordbokene.no/bm/leke","2026-09-24"
"A2候选；Bokmålsordboka/Ordbank 复合词词形","barne-TV","en barne-TV","单词","名词","A2","儿童与媒体","儿童电视节目；少儿节目","en barne-TV · barne-TV-en · barne-TV-er · barne-TV-ene","Barna ser på barne-TV etter barnehagen. / Norsk barne-TV har mange figurer som barna kjenner.","孩子们上完幼儿园后看儿童电视节目。 / 挪威少儿节目里有许多孩子熟悉的角色。","","家庭、儿童节目和媒体话题常见复合名词，暂标 A2","来源已登记：词头/词性/核心义项","词头/词性/核心义项","Bokmålsordboka","https://ordbokene.no/bm/barne-TV","2026-09-24"
"A2候选；Bokmålsordboka词形待核","dokke","ei/en dokke","单词","名词","A2","儿童与玩具","玩偶；娃娃；（口语/方言）木偶","ei/en dokke · dokka/dokken · dokker · dokkene","Lillesøsteren min leker med ei dokke. / Dokka ligger i senga ved siden av bamsen.","我妹妹在玩一个娃娃。 / 娃娃躺在泰迪熊旁边的床上。","","儿童玩具和家庭生活词汇，暂标 A2","来源已登记：词头/词性/核心义项","词头/词性/核心义项","Bokmålsordboka","https://ordbokene.no/bm/dokke","2026-09-24"
"Bokmålsordboka：第三人称反身代词及例句","seg","seg","单词","代词","A2","反身代词","自己；自身（第三人称反身代词）","seg","Barna kler på seg før de går ut. / Hun gleder seg til ferien.","孩子们出门前自己穿好衣服。 / 她期待着假期。","","用于第三人称反身动作和固定动词搭配，项目暂标 A2","来源已登记：词头/词性/核心义项","词头/词性/核心义项","Bokmålsordboka","https://ordbokene.no/bm/seg","2026-09-24"
"Bokmålsordboka/Ordbank：方向副词词头","hjemover","hjemover","单词","副词","A2","方向与出行","朝家/家乡方向；往回家的路上","hjemover","Vi begynner å gå hjemover før det blir mørkt. / Etter besøket kjørte de hjemover. / Vi er på vei hjemover.","天黑前我们开始往家走。 / 拜访结束后，他们开车往家返。 / 我们正在回家的路上。","https://ordbokene.no/bm/hjemover","描述返家方向或回程的实用副词，暂标 A2","来源已登记：Bokmål词头/词性/核心义项","Bokmål词头/词性/核心义项","Bokmålsordboka","https://ordbokene.no/bm/hjemover","2026-09-24"
"Bokmålsordboka：形容词的空间、趋势和比喻义","bratt","bratt","单词","形容词","A2","方向与地形","陡的；陡峭的；（曲线或变化）急剧的","bratt · bratt · bratte · brattere · brattest","Veien opp til hytta er veldig bratt. / Grafen viser et bratt fall i salget. / Veien stiger bratt.","通往小木屋的路很陡。 / 图表显示销量急剧下滑。 / 这条路陡峭地向上延伸。","https://ordbokene.no/bm/bratt","描述挪威山路地形及变化趋势的常见形容词，暂标 A2","来源已登记：词头/词性/核心义项","词头/词性/核心义项","Bokmålsordboka","https://ordbokene.no/bm/bratt","2026-09-24"
"A2候选；Bokmålsordboka词形待核","snu","å snu","单词","动词","A2","方向与动作","转身；转向/掉头；翻转；扭转趋势（依宾语和语境）","snu · snur · snudde · snudd","Jeg snudde meg da noen ropte navnet mitt. / Sjåføren snudde bilen ved neste gate. / Vi måtte snu på grunn av uvær.","有人喊我的名字时，我转过了身。 / 司机在下一条街掉头了。 / 因为天气恶劣，我们不得不掉头。","https://ordbokene.no/bm/snu","表达转身、转向和翻转的常见动词，暂标 A2","来源已登记：词头/词性/核心义项","词头/词性/核心义项","Bokmålsordboka","https://ordbokene.no/bm/snu","2026-09-24"
"A2候选；Bokmålsordboka词形待核","direkte","direkte","单词","形容词","A2","方向与方式","直达的；直接的；直率的；（副词）径直/直接地（依语境）","direkte","Vi tok et direkte fly fra Oslo til Tromsø. / Du kan kontakte legen direkte. / Vi kjører direkte hjem.","我们从奥斯陆乘坐直飞航班去了特罗姆瑟。 / 你可以直接联系医生。 / 我们开车直接回家。","https://ordbokene.no/bm/direkte","描述路线、联系方式和直接程度的常用形容词，暂标 A2","来源已登记：词头/词性/核心义项","词头/词性/核心义项","Bokmålsordboka","https://ordbokene.no/bm/direkte","2026-09-24"
"A2候选；Bokmålsordboka词形待核","bort","bort","单词","副词","A2","方向与位置","到别处去；离开原处；不见/消失（依搭配）","bort","Barna gikk bort til lekeplassen. / Vi reiser bort i helgen. / Jeg skal bort i kveld.","孩子们走到那边的游乐场去了。 / 我们周末要外出。 / 我今晚要出去/去别处。","https://ordbokene.no/bm/bort","方向副词及常用动词短语组成部分，暂标 A2","来源已登记：词头/词性/核心义项","词头/词性/核心义项","Bokmålsordboka","https://ordbokene.no/bm/bort","2026-09-24"
"A2候选；Bokmålsordboka：方向副词义","hit","hit","单词","副词","A2","方向与位置","到这里；朝这里来；（书/分类中）归入这一处/组","hit","Kan du komme hit et øyeblikk? / Jeg flyttet hit for tre år siden.","你能到这儿来一下吗？ / 我三年前搬到这里。","","指向说话者当前位置或当前段落的常见方向副词，暂标 A2","来源已登记：词头/词性/核心义项","词头/词性/核心义项","Bokmålsordboka","https://ordbokene.no/bm/hit","2026-09-24"
"A2候选；Bokmålsordboka词形待核","ned","ned","单词","副词","A2","方向与位置","向下；下来/下去；降低/减少（依搭配）","ned","Barna løp ned trappa. / Prisene går ned i januar. / Vi kom ned fra fjellet.","孩子们跑下了楼梯。 / 价格在一月份下降。 / 我们从山上下来了。","https://ordbokene.no/bm/ned","方向与动作短语中的高频副词，暂标 A2","来源已登记：词头/词性/核心义项","词头/词性/核心义项","Bokmålsordboka","https://ordbokene.no/bm/ned","2026-09-24"
"A2候选；Bokmålsordboka词头核对","tilbake","tilbake","单词","副词","A2","方向与移动","返回原处；回来/回去；向后；（数量/趋势）减少（依语境）","tilbake","Når kommer du tilbake fra jobb? / Jeg fikk pengene tilbake i går. / Vi er snart tilbake.","你什么时候下班回来？ / 我昨天拿回了钱。 / 我们很快就回来。","https://ordbokene.no/bm/tilbake","描述返回、剩余和恢复原状的常用副词，暂标 A2","来源已登记：词头/词性/核心义项","词头/词性/核心义项","Bokmålsordboka","https://ordbokene.no/bm/tilbake","2026-09-24"
"Bokmålsordboka 词条核验；词形按规范范式","hage","en hage","单词","名词","A2","房屋与户外空间","花园；庭院；菜园（依语境）","en hage · hagen · hager · hagene","Barna leker i hagen mens jeg lager middag. / Vi har en liten hage bak huset.","我做晚饭时，孩子们在花园里玩。 / 我们房子后面有一个小花园。","","住房、居住环境常用地点词，暂标 A2","来源已登记：词头/词性/核心义项","词头/词性/核心义项","Bokmålsordboka","https://ordbokene.no/bm/hage","2026-09-24"
"Bokmålsordboka（词头、词性及主要义项）","hull","et hull","单词","名词","A2","房屋与物品状态","洞；孔；缺口；（道路上的）坑","et hull · hullet · hull · hullene","Det er et hull i buksa mi. / Vi må kjøre sakte fordi det er mange hull i veien.","我的裤子上有个洞。 / 路上有很多坑，我们必须慢慢开。","","修理、衣物和物品描述中的常用名词，暂标 A2","来源已登记：词头/词性/核心义项","词头/词性/核心义项","Bokmålsordboka","https://ordbokene.no/bm/hull","2026-09-24"
"A2候选；Bokmålsordboka词形待核","avgift","en avgift","单词","名词","A2","费用与服务","费用；收费；税费","en avgift · avgiften · avgifter · avgiftene","Du må betale en liten avgift for parkering. / Den årlige avgiften blir trukket i januar.","停车需要支付一小笔费用。 / 年度费用会在一月份扣除。","","公共服务、交通与账单常见名词，暂标 A2","来源已登记：词头/词性/核心义项","词头/词性/核心义项","Bokmålsordboka","https://ordbokene.no/bm/avgift","2026-09-24"
"A2候选；Bokmålsordboka词形待核","risikere","å risikere","单词","动词","A2","风险与决定","冒……的风险；有可能遭遇（不好的结果）","å risikere · risikerer · risikerte · har risikert","Hvis vi kjører nå, risikerer vi å komme for sent. / Han risikerte en bot da han parkerte der.","如果我们现在开车，就有可能迟到。 / 他把车停在那里，冒着被罚款的风险。","","日常交流中谈风险和可能后果的常用动词，暂标 A2","来源已登记：词头/词性/核心义项","词头/词性/核心义项","Bokmålsordboka","https://ordbokene.no/bm/risikere","2026-09-24"
"Bokmålsordboka/Ordbank：阳性名词词形及职业义项","frisør","en frisør","单词","名词","A2","服务与日常","理发师；发型师","en frisør · frisøren · frisører · frisørene","Jeg skal til frisøren etter jobb. / Frisøren klippet håret kort.","我下班后要去理发。 / 理发师把头发剪短了。","","预约日常服务、理发和描述职业的实用名词，暂标 A2","来源已登记：词头/词性/核心义项","词头/词性/核心义项","Bokmålsordboka","https://ordbokene.no/bm/fris%C3%B8r","2026-09-24"
"A2候选；Bokmålsordboka：动词词头与用法","bedre","å bedre","单词","动词","A2","改善与变化","改善；使更好；（bedre seg）好转","bedre","Vi jobber for å bedre forholdene på arbeidsplassen. / Etter noen dager bedret helsa hennes seg.","我们努力改善工作场所的条件。 / 几天后她的健康状况好转了。","","表达改进状况、健康或条件的常见动词，暂标 A2","来源已登记：词头/词性/核心义项","词头/词性/核心义项","Bokmålsordboka","https://ordbokene.no/bm/bedre","2026-09-24"
"Bokmålsordboka：动词主要义项及搭配","dufte","å dufte","单词","动词","A2","感官与日常","散发香气；闻起来香","å dufte · dufter · duftet · har duftet","Det dufter kaffe fra kjøkkenet. / Blomstene dufter godt om sommeren.","厨房里飘来咖啡香。 / 这些花夏天闻起来很香。","","描述食物、花草等散发宜人气味的动词，暂标 A2","来源已登记：Bokmål词头/词性/核心义项","Bokmål词头/词性/核心义项","Bokmålsordboka","https://ordbokene.no/bm/dufte","2026-09-24"
"Bokmålsordboka/Ordbank：名词词性和噪声义项","larm","en larm","单词","名词","A2","感官与日常","喧闹声；嘈杂声；轰鸣","en larm · larmen · larmer · larmene","Larmen fra veien gjør det vanskelig å sove. / Vi hørte larm fra byggeplassen.","道路传来的喧闹声让人难以入睡。 / 我们听见建筑工地传来嘈杂声。","","描述环境声音和嘈杂场景的常见名词，暂标 A2","来源已登记：Bokmål词头/词性/核心义项","Bokmål词头/词性/核心义项","Bokmålsordboka","https://ordbokene.no/bm/larm","2026-09-24"
"Bokmålsordboka/Ordbank：动词感官义项及常用结构","lukte","å lukte","单词","动词","A2","感官与日常","闻；闻起来；有气味","å lukte · lukter · luktet · har luktet","Lukter melka surt? / Hunden lukter på skoene ved døra.","牛奶闻起来有酸味吗？ / 狗在闻门边的鞋子。","","描述气味感知、食物状态和嗅闻动作的常用动词，暂标 A2","来源已登记：Bokmål词头/词性/核心义项","Bokmål词头/词性/核心义项","Bokmålsordboka","https://ordbokene.no/bm/lukte","2026-09-24"
"A2候选；Bokmålsordboka词形待核","virke","virke","单词","动词","A2","感受与功能","似乎；显得；起作用；运转","å virke · virker · virket / virka · virket / virka","Han virker litt trøtt i dag. / Telefonen virker ikke etter oppdateringen.","他今天看起来有点累。 / 更新之后手机不能正常用了。","","描述印象、效果和设备运作的常用动词，暂标 A2","来源已登记：词头/词性/核心义项","词头/词性/核心义项","Bokmålsordboka","https://ordbokene.no/bm/virke","2026-09-24"
"A2候选；Bokmålsordboka词形待核","urettferdig","urettferdig","单词","形容词","A2","感受与评价","不公平的；不公正的","urettferdig · urettferdig · urettferdige · mer urettferdig · mest urettferdig","Det føles urettferdig at bare noen får hjelp. / Læreren endret den urettferdige regelen.","只有一些人得到帮助，这让人觉得不公平。 / 老师改掉了那条不公平的规则。","","表达公平判断的常见形容词，暂标 A2","来源已登记：词头/词性/核心义项","词头/词性/核心义项","Bokmålsordboka","https://ordbokene.no/bm/urettferdig","2026-09-24"
"Bokmålsordboka/Ordbank：动词词形及反身结构","føle","å føle","单词","动词","A2","感受与情绪","感觉；感到；感受","å føle · føler · følte · følt","Jeg føler meg bedre i dag. / Hun følte en kald vind mot ansiktet.","我今天感觉好多了。 / 她感到一阵冷风吹在脸上。","","表达身体感觉、情绪和主观体验的高频动词，暂标 A2","来源已登记：词头/词性/核心义项","词头/词性/核心义项","Bokmålsordboka","https://ordbokene.no/bm/f%C3%B8le","2026-09-24"
"Bokmålsordboka（词头、词性及主要义项）","sliten","sliten","单词","形容词","A2","感受与身体状态","累的；疲惫的；磨损的；破旧的（依语境）","sliten · slitent · slitne","Jeg er sliten etter jobb og vil legge meg tidlig. / De kjøpte en brukt, men ikke altfor sliten sofa.","我下班后很累，想早点睡。 / 他们买了一张二手但没太破旧的沙发。","","描述疲劳和物品磨损状态的日常形容词，暂标 A2","来源已登记：Bokmål词头/词性/核心义项","Bokmål词头/词性/核心义项","Bokmålsordboka","https://ordbokene.no/bm/sliten","2026-09-24"
"Bokmålsordboka（词头、词性及主要义项）","overraskelse","en overraskelse","单词","名词","A2","感受与事件","惊讶；意外之事；惊喜（依语境）","en overraskelse · overraskelsen · overraskelser · overraskelsene","Det var en hyggelig overraskelse å få besøk av søsteren min. / Til min overraskelse var toget i rute.","姐姐（或妹妹）来看我，真是个惊喜。 / 令我意外的是，火车准点。","","表达感受与生活事件的常用名词，暂标 A2","来源已登记：词头/词性/核心义项","词头/词性/核心义项","Bokmålsordboka","https://ordbokene.no/bm/overraskelse","2026-09-24"
"NTNU NoW Vocabulary list 06D；动词词形列核对","trives","å trives","单词","动词","A2","感受与适应","过得舒适；适应得好；喜欢某种环境","å trives · trives · trivdes · har trivdes","Barna trives godt i den nye barnehagen. / Jeg har trivdes her helt fra starten.","孩子们在新的幼儿园里适应得很好。 / 我从一开始就在这里过得很自在。","","表达在某地或某种环境中感觉舒适、适应良好的实用动词；按课程单元暂标 A2","来源已登记：Bokmål词头/词性/核心义项","Bokmål词头/词性/核心义项","Bokmålsordboka","https://ordbokene.no/bm/trives","2026-09-24"
"A2候选；Bokmålsordboka词形待核","sur","sur","单词","形容词","A2","感受与味道","酸的；不高兴的；闹情绪的","sur · surt · sure · surere · surest / sureste","Sitronen smaker surt. / Hun så sur ut etter møtet.","柠檬尝起来很酸。 / 会议后她看起来不太高兴。","","描述味道和心情的常用形容词，暂标 A2","来源已登记：词头/词性/核心义项","词头/词性/核心义项","Bokmålsordboka","https://ordbokene.no/bm/sur","2026-09-24"
"Bokmålsordboka：huff 1，名词中性；例句用法","huff","et huff","单词","名词","A2","感叹与反应","一声叹息；一声“唉/哎呀”","et huff · huffet · huff · huffene","Han utstøtte et huff da han så rotet. / Hun sukket og kom med et lite huff.","他看到乱糟糟的情形时叹了口气。 / 她叹了口气，轻轻发出一声“唉”。","","描述叹气、失望或疲惫时可能听到的口语名词；项目暂标 A2","来源已登记：词头/词性/核心义项","词头/词性/核心义项","Bokmålsordboka","https://ordbokene.no/bm/huff","2026-09-24"
"Bokmålsordboka：huff 2，感叹词及固定表达","huff","huff","单词","感叹词","A2","感叹与反应","唉；哎呀；真糟（表达不满、沮丧或不舒服）","huff","Huff, så mye regn det er i dag! / Huff a meg, jeg glemte nøklene.","唉，今天雨真大！ / 哎呀，我忘了钥匙。","","生活对话中的口语感叹词，项目暂标 A2","来源已登记：词头/词性/核心义项","词头/词性/核心义项","Bokmålsordboka","https://ordbokene.no/bm/huff","2026-09-24"
"A2候选；Bokmålsordboka词形待核","merke","å merke","单词","动词","A2","感知与标记","注意到；察觉；标记；感觉到（依结构）","å merke · merker · merket / merka · merket / merka","Jeg merket at barnet var trøtt. / Husk å merke matboksen med navnet ditt.","我注意到孩子累了。 / 记得在饭盒上标上你的名字。","","日常交流中用于察觉和标记的常见多义动词，暂标 A2","来源已登记：词头/词性/核心义项","词头/词性/核心义项","Bokmålsordboka","https://ordbokene.no/bm/merke","2026-09-24"
"A2候选；Bokmålsordboka词形待核","kikke","å kikke","单词","动词","A2","感知与观察","看一看；瞥；探头看；查看","å kikke · kikker · kikket / kikka · kikket / kikka","Kan jeg få kikke på menyen først? / Hun kikket ut av vinduet for å se om bussen kom.","我可以先看一下菜单吗？ / 她朝窗外看了一眼，看看公交车来没来。","","口语中表示看一眼、窥看或查看的常见动词，暂标 A2","来源已登记：词头/词性/核心义项","词头/词性/核心义项","Bokmålsordboka","https://ordbokene.no/bm/kikke","2026-09-24"
"A2候选；Bokmålsordboka词形待核","lav","lav","单词","形容词","A2","高度与程度","低的；矮的；低声的；低廉的","lav · lavt · lave","Vi må holde kostnadene på et lavt nivå. / Hun snakket med lav stemme.","我们必须把成本保持在较低水平。 / 她低声说话。","","描述高度、价格、声音和程度的常用形容词，暂标 A2","来源已登记：词头/词性/核心义项","词头/词性/核心义项","Bokmålsordboka","https://ordbokene.no/bm/lav","2026-09-24"
"A2候选；Bokmålsordboka词形待核","fornavn","et fornavn","单词","名词","A2","个人信息","名字；名（与姓氏相对）","et fornavn · fornavnet · fornavn · fornavnene","Skriv fornavn og etternavn på skjemaet. / Hva er fornavnet ditt?","请在表格上填写名字和姓氏。 / 你的名字是什么？","","填写表格与个人信息交流高频词，暂标 A2","来源已登记：词头/词性/核心义项","词头/词性/核心义项","Bokmålsordboka","https://ordbokene.no/bm/fornavn","2026-09-24"
"Bokmålsordboka/Ordbank：中性复合名词词形","telefonnummer","et telefonnummer","单词","名词","A2","个人信息与联系","电话号码；联系电话","et telefonnummer · telefonnummeret · telefonnumre / telefonnummer · telefonnumrene / telefonnumrene","Kan du skrive telefonnummeret ditt her? / Kontoret har to telefonnumre.","你能把你的电话号码写在这里吗？ / 办公室有两个电话号码。","","预约、联系和填写个人信息时的实用高频词，暂标 A2","来源已登记：词头/词性/核心义项","词头/词性/核心义项","Bokmålsordboka","https://ordbokene.no/bm/telefonnummer","2026-09-24"
"Bokmålsordboka：名词性、义项与搭配","erfaring","en erfaring","单词","名词","A2","工作经历与技能","经验；经历；亲身体验","en erfaring · erfaringen · erfaringer · erfaringene","Hun har lang erfaring med kundeservice. / Vi gjorde oss mange gode erfaringer på kurset.","她有丰富的客户服务经验。 / 我们在课程中获得了许多有益的体验。","","谈工作经历、技能和从实践中获得的认识时常用，项目暂标 A2","来源已登记：Bokmål词头/词性/核心义项","Bokmål词头/词性/核心义项","Bokmålsordboka","https://ordbokene.no/bm/erfaring","2026-09-24"
"A2候选；Bokmålsordboka词形待核","overvåke","å overvåke","单词","动词","A2","工作与安全","监视；监控；持续观察；监督","å overvåke · overvåker · overvåket / overvåka · overvåket / overvåka","Sykehuset overvåker pasienten gjennom natta. / Kameraene overvåker inngangen til bygningen.","医院整夜监测这位患者的情况。 / 摄像头监控着大楼入口。","","描述监控、观察和持续监督的动词，暂标 A2","来源已登记：词头/词性/核心义项","词头/词性/核心义项","Bokmålsordboka","https://ordbokene.no/bm/overv%C3%A5ke","2026-09-24"
"Bokmålsordboka 候选词头及挪威劳动生活语境说明","egenmelding","en egenmelding","单词","名词","A2","工作与病假","自行申报病假；员工自行说明患病缺勤（挪威职场制度语境）","en egenmelding · egenmeldingen · egenmeldinger · egenmeldingene","Jeg er syk i dag og må bruke egenmelding. / Arbeidsgiveren ber henne levere egenmeldingen.","我今天生病了，得使用自行申报病假的方式请病假。 / 雇主请她提交自行申报的病假说明。","","挪威工作场所和短期病假沟通中的重要制度词，暂标 A2","来源已登记：词头/词性/核心义项","词头/词性/核心义项","Bokmålsordboka","https://ordbokene.no/bm/egenmelding","2026-09-24"
"课程候选；透明复合词；firma 的中性词形规则应用，复合词待核","byggfirma","et byggfirma","单词","名词","A2","工作与公司","建筑公司；施工公司","et byggfirma · byggfirmaet · byggfirma · byggfirmaene","Et byggfirma skal reparere taket vårt. / Vi fikk et tilbud fra byggfirmaet.","一家建筑公司要来修我们的屋顶。 / 我们收到了那家施工公司的报价。","","房屋维修、施工和工作场景中的常用公司类型，暂标 A2","来源已登记：词头/词性/核心义项","词头/词性/核心义项","Bokmålsordboka","https://ordbokene.no/bm/byggfirma","2026-09-24"
"Bokmålsordboka/Ordbank：中性复合名词词形","møterom","et møterom","单词","名词","A2","工作与会议","会议室；开会用的房间","et møterom · møterommet · møterom · møterommene","Vi må reservere et møterom til kurset. / Møterommet er opptatt fram til klokka to.","我们得为课程预订一间会议室。 / 会议室两点前都有人在用。","","预约会议、描述办公场所和工作安排的实用名词，暂标 A2","来源已登记：词头/词性/核心义项","词头/词性/核心义项","Bokmålsordboka","https://ordbokene.no/bm/m%C3%B8terom","2026-09-24"
"A2候选；Bokmålsordboka词形待核","konferanse","en konferanse","单词","名词","A2","工作与活动","会议；研讨会；专业大会","en konferanse · konferansen · konferanser · konferansene","Legen deltar på en konferanse i Bergen neste uke. / Konferansen samler lærere fra hele landet.","医生下周会在卑尔根参加一场会议。 / 这场研讨会汇集了来自全国各地的教师。","","工作、学习和专业活动中常见名词，暂标 A2","来源已登记：词头/词性/核心义项","词头/词性/核心义项","Bokmålsordboka","https://ordbokene.no/bm/konferanse","2026-09-24"
"A2候选；Bokmålsordboka词形待核","byggeprosjekt","et byggeprosjekt","单词","名词","A2","工作与建设","建筑项目；建设工程","et byggeprosjekt · byggeprosjektet · byggeprosjekter · byggeprosjektene","Kommunen starter et byggeprosjekt ved skolen. / Byggeprosjektet skal være ferdig neste år.","市政府将在学校附近启动一个建设项目。 / 这项建筑工程预计明年完工。","","住房、城市建设和工作规划中的复合名词，暂标 A2","来源已登记：词头/词性/核心义项","词头/词性/核心义项","Bokmålsordboka","https://ordbokene.no/bm/byggeprosjekt","2026-09-24"
"A2候选；Bokmålsordboka词形待核","bygging","en bygging","单词","名词","A2","工作与建设","建造；建设；施工；建筑物（依语境）","en bygging · byggingen / bygginga · bygginger · byggingene","Den nye skolen er under bygging. / Byggingen av veien tar to år.","新学校正在建设中。 / 这条道路的建设需要两年。","","描述建造活动、施工过程的常见名词，暂标 A2","来源已登记：词头/词性/核心义项","词头/词性/核心义项","Bokmålsordboka","https://ordbokene.no/bm/bygging","2026-09-24"
"A2候选；Bokmålsordboka词形待核","instituttleder","en instituttleder","单词","名词","A2","工作与教育","研究所/系主任；学院部门负责人","en instituttleder · instituttlederen · instituttledere · instituttlederne","Instituttlederen informerte de ansatte om endringene. / Universitetet søker en ny instituttleder.","系主任向员工介绍了这些变动。 / 大学正在招聘一位新的系主任。","","高校组织架构和职业介绍中的复合名词，暂标 A2","来源已登记：词头/词性/核心义项","词头/词性/核心义项","Bokmålsordboka","https://ordbokene.no/bm/instituttleder","2026-09-24"
"Bokmålsordboka/Ordbank：阴性名词词形及薪酬义项","lønn","ei lønn","单词","名词","A2","工作与金钱","工资；薪水；报酬","en lønn · lønna / lønnen · lønner · lønnene","Lønna kommer inn på konto den siste dagen i måneden. / Hun fikk høyere lønn etter forfremmelsen.","工资会在每月最后一天打到账户上。 / 她升职后工资提高了。","","工作、就业和工资话题中的实用名词，暂标 A2","来源已登记：词头/词性/核心义项","词头/词性/核心义项","Bokmålsordboka","https://ordbokene.no/bm/l%C3%B8nn","2026-09-24"
"A2候选；Bokmålsordboka词形待核","intervjue","å intervjue","单词","动词","A2","工作与媒体","采访；面试；访谈","å intervjue · intervjuer · intervjuet / intervjua · intervjuet / intervjua","Journalisten intervjuet ordføreren om den nye planen. / Jeg skal intervjue tre søkere i morgen.","记者就新计划采访了市长。 / 我明天要面试三位申请者。","","媒体、求职和研究场景常用动词，暂标 A2","来源已登记：词头/词性/核心义项","词头/词性/核心义项","Bokmålsordboka","https://ordbokene.no/nno/search?dict=bm%2Cnn&q=intervjuer%7Cintervjue&scope=eif","2026-09-24"
"A2候选；Bokmålsordboka词形待核","profesjonell","profesjonell","单词","形容词","A2","工作与评价","专业的；职业的；专业人员（依语境）","profesjonell · profesjonelt · profesjonelle · mer profesjonell · mest profesjonell","Vi fikk profesjonell hjelp med flyttingen. / Hun opptrådte rolig og profesjonelt på møtet.","我们搬家时得到了专业帮助。 / 她在会议上表现得冷静而专业。","","描述专业能力、职业服务和工作态度的形容词，暂标 A2","来源已登记：词头/词性/核心义项","词头/词性/核心义项","Bokmålsordboka","https://ordbokene.no/bm/profesjonell","2026-09-24"
"A2候选；Bokmålsordboka词形待核","personale","et personale","单词","名词","A2","工作与人员","全体员工；工作人员；职员队伍","et personale · personalet · personaler · personalene","Hotellet har et vennlig personale. / Hele personalet deltok på møtet.","这家酒店的工作人员很友好。 / 全体员工都参加了会议。","","工作场所、学校和服务机构常见集合名词，暂标 A2","来源已登记：词头/词性/核心义项","词头/词性/核心义项","Bokmålsordboka","https://ordbokene.no/bm/personale","2026-09-24"
"Bokmålsordboka/Ordbank：中性名词词形及多义项","arbeid","et arbeid","单词","名词","A2","工作与日常","工作；劳动；作品/学术成果（依语境）","et arbeid · arbeidet · arbeider · arbeidene","Arbeidet tar lengre tid enn vi trodde. / Hun søker arbeid i helsevesenet.","这项工作花的时间比我们想的更长。 / 她正在医疗行业求职。","","工作、劳动和学习任务中的基础高频名词，暂标 A2","来源已登记：词头/词性/核心义项","词头/词性/核心义项","Bokmålsordboka","https://ordbokene.no/bm/arbeid","2026-09-24"
"Bokmålsordboka/Ordbank：阳性复合名词词形","arbeidsdag","en arbeidsdag","单词","名词","A2","工作与日常","工作日；一个工作日/工作班次","en arbeidsdag · arbeidsdagen · arbeidsdager · arbeidsdagene","Jeg har en lang arbeidsdag i morgen. / Jeg har hjemmekontor én arbeidsdag i uka.","我明天要工作很长时间。 / 我每周有一个工作日在家办公。","","描述工作时间、日程安排和工作生活的常用名词，暂标 A2","来源已登记：词头/词性/核心义项","词头/词性/核心义项","Bokmålsordboka","https://ordbokene.no/bm/arbeidsdag","2026-09-24"
"A2候选；Bokmålsordboka词形待核","arbeidsliv","et arbeidsliv","单词","名词","A2","工作与社会","职场生活；劳动生活；就业领域","et arbeidsliv · arbeidslivet · arbeidsliv · arbeidslivene","Det kan være vanskelig å komme inn i arbeidslivet uten erfaring. / Norsk arbeidsliv har mange regler for arbeidstid.","没有工作经验，进入职场可能很困难。 / 挪威职场对工作时间有许多规定。","","工作、职业和社会生活主题常见复合名词，暂标 A2","来源已登记：词头/词性/核心义项","词头/词性/核心义项","Bokmålsordboka","https://ordbokene.no/bm/arbeidsliv","2026-09-24"
"Bokmålsordboka：动词义项与规则变位","levere","å levere","单词","动词","A2","工作与学习","交付；送达；提交；投递","å levere · leverer · leverte · har levert","Jeg må levere oppgaven før fredag. / Posten leverer pakken i morgen.","我必须在周五前交作业。 / 邮政明天送达包裹。","","交付、提交与日常服务场景的常用动词，暂标 A2","来源已登记：词头/词性/核心义项","词头/词性/核心义项","Bokmålsordboka","https://ordbokene.no/bm/levere","2026-09-24"
"A2候选；Bokmålsordboka词形待复核","overtid","en overtid","单词","名词","A2","工作与学习","加班；加班时间；超时","ei/en overtid · overtida/overtiden","Jeg må jobbe overtid denne uka. / Bedriften betaler ekstra for overtid.","我这周得加班。 / 公司会为加班额外付费。","","工作生活中常见的时间/劳动名词，暂标 A2","来源已登记：词头/词性/核心义项","词头/词性/核心义项","Bokmålsordboka","https://ordbokene.no/bm%2Cnn/overtid","2026-09-24"
"A2候选；Bokmålsordboka词形待核","vikar","en vikar","单词","名词","A2","工作与学校","代班人员；临时替班者；代课老师（依语境）","en vikar · vikaren · vikarer · vikarene","Skolen har en vikar for læreren i dag. / Vikaren kjenner ikke alle elevene ennå.","学校今天安排了一位代课老师，替那位老师上课。 / 这位代课老师还不认识所有学生。","","工作、学校和临时替班情境常见名词，暂标 A2","来源已登记：词头/词性/核心义项","词头/词性/核心义项","Bokmålsordboka","https://ordbokene.no/bm/vikar","2026-09-24"
"A2候选；Bokmålsordboka词形待核","vikarbyrå","et vikarbyrå","单词","名词","A2","工作与招聘","临时用工机构；派遣机构；临时替班中介","et vikarbyrå · vikarbyrået · vikarbyråer · vikarbyråene","Hun fikk et vikariat gjennom et vikarbyrå. / Vikarbyrået sendte en person til sykehjemmet.","她通过一家临时用工机构找到了一份临时替班工作。 / 派遣机构给养老院派去了一名员工。","","求职、临时工作和招聘场景常见复合名词，暂标 A2","来源已登记：词头/词性/核心义项","词头/词性/核心义项","Bokmålsordboka","https://ordbokene.no/bm/vikarbyr%C3%A5","2026-09-24"
"A2候选；Bokmålsordboka词形待核","avdelingsleder","en avdelingsleder","单词","名词","A2","工作与职业","部门主管；部门负责人","en avdelingsleder · avdelingslederen · avdelingsledere · avdelingslederne","Jeg må avtale et møte med avdelingslederen. / Den nye avdelingslederen begynner på mandag.","我得和部门主管约一次会。 / 新任部门负责人星期一上班。","","工作场所和组织架构中的复合职位名词，暂标 A2","来源已登记：词头/词性/核心义项","词头/词性/核心义项","Bokmålsordboka","https://ordbokene.no/bm/avdelingsleder","2026-09-24"
"A2候选；Bokmålsordboka词形待核","barnehagelærer","en barnehagelærer","单词","名词","A2","工作与职业","幼儿园教师；学前教育工作者","en barnehagelærer · barnehagelæreren · barnehagelærere · barnehagelærerne","Hun utdanner seg til barnehagelærer i Bergen. / Barnehagelæreren leser en bok for barna.","她正在卑尔根学习成为幼儿园教师。 / 幼儿园老师给孩子们读一本书。","","幼儿教育和职业介绍主题的复合名词，暂标 A2","来源已登记：词头/词性/核心义项","词头/词性/核心义项","Bokmålsordboka","https://ordbokene.no/bm/barnehagel%C3%A6rer","2026-09-24"
"A2候选；Bokmålsordboka词形待核","læreryrke","et læreryrke","单词","名词","A2","工作与职业","教师职业；教书这一行","et læreryrke · læreryrket · læreryrker · læreryrkene","Hun vurderer å velge et læreryrke. / Læreryrket krever både fagkunnskap og tålmodighet.","她在考虑从事教师职业。 / 教师职业既需要专业知识，也需要耐心。","","职业、教育和工作规划主题的复合名词，暂标 A2","来源已登记：词头/词性/核心义项","词头/词性/核心义项","Bokmålsordboka","https://ordbokene.no/bm/l%C3%A6reryrke","2026-09-24"
"A2候选；Bokmålsordboka词形待核","prosjektleder","en prosjektleder","单词","名词","A2","工作与职业","项目经理；项目负责人","en prosjektleder · prosjektlederen · prosjektledere · prosjektlederne","Prosjektlederen inviterte alle til et planleggingsmøte. / De trenger en prosjektleder med erfaring.","项目经理邀请所有人参加计划会议。 / 他们需要一位有经验的项目负责人。","","工作组织、计划和职责话题中的复合名词，暂标 A2","来源已登记：词头/词性/核心义项","词头/词性/核心义项","Bokmålsordboka","https://ordbokene.no/bm/prosjektleder","2026-09-24"
"Bokmålsordboka/Ordbank：中性名词词形及职业义项","yrke","et yrke","单词","名词","A2","工作与职业","职业；行业；专业工作","et yrke · yrket · yrker · yrkene","Hun vil velge et yrke der hun kan hjelpe mennesker. / Lærer er et viktig yrke.","她想选择一份能够帮助他人的职业。 / 教师是一份重要的职业。","","介绍工作、职业计划和专业身份时的常见名词，暂标 A2","来源已登记：词头/词性/核心义项","词头/词性/核心义项","Bokmålsordboka","https://ordbokene.no/bm/yrke","2026-09-24"
"Bokmålsordboka（词头、词性及核心义项）","ekspert","en ekspert","单词","名词","A2","工作与专业","专家；专业人士；行家","en ekspert · eksperten · eksperter · ekspertene","Hun er ekspert på barns språkutvikling. / Ekspertene forklarte hvorfor strømprisen hadde økt.","她是儿童语言发展的专家。 / 专家们解释了电价上涨的原因。","","求助、工作和新闻语境中常见的人物名词，暂标 A2","来源已登记：词头/词性/核心义项","词头/词性/核心义项","Bokmålsordboka","https://ordbokene.no/bm/ekspert","2026-09-24"
"Bokmålsordboka/Ordbank：中性名词词形及企业义项","firma","et firma","单词","名词","A2","工作与组织","公司；企业；事务所","et firma · firmaet · firmaer · firmaene","Hun jobber i et lite firma i Oslo. / Firmaet flyttet til et større kontor.","她在奥斯陆一家小公司工作。 / 这家公司搬进了更大的办公室。","","工作、服务与日常沟通中常见的组织名词，暂标 A2","来源已登记：词头/词性/核心义项","词头/词性/核心义项","Bokmålsordboka","https://ordbokene.no/bm/firma","2026-09-24"
"vocab-v2-library.js · V2 词条","IT-firma","et IT-firma","单词","名词","A2","工作与组织","信息技术公司；IT企业","et IT-firma · IT-firmaet · IT-firmaer · IT-firmaene","Hun jobber i et IT-firma i Oslo. / IT-firmaet utvikler en ny app.","她在奥斯陆一家IT公司工作。 / 这家IT公司正在开发一款新应用。","","项目内部等级标签，需抽查","来源已登记：词头/词性/词义/词形/例句与译文","词头/词性/词义/词形/例句与译文","NTNU NoW 课程词汇表（透明复合词）","https://www.ntnu.edu/now/vocabulary/list","2026-09-24"
"Bokmålsordboka/Ordbank：阳性名词词形与常用义项","sjef","en sjef","单词","名词","A2","工作与组织","老板；主管；负责人","en sjef · sjefen · sjefer · sjefene","Jeg må snakke med sjefen om arbeidstiden. / Hun er sjef for et lite team.","我得和主管谈一下工作时间。 / 她是一个小团队的负责人。","","工作场所和组织关系中的常见人物名词，暂标 A2","来源已登记：词头/词性/核心义项","词头/词性/核心义项","Bokmålsordboka","https://ordbokene.no/bm/sjef","2026-09-24"
"A2候选；Bokmålsordboka词形待核","skranke","en skranke","单词","名词","A2","公共服务与办事","服务台；柜台；接待处","en skranke · skranken · skranker · skrankene","Du kan hente nøkkelen ved skranken i resepsjonen. / Skrankene på biblioteket stenger klokka fire.","你可以在接待处的柜台领取钥匙。 / 图书馆的服务台四点关闭。","","图书馆、诊所和公共机构办事场景实用名词，暂标 A2","来源已登记：词头/词性/核心义项","词头/词性/核心义项","Bokmålsordboka","https://ordbokene.no/search?dict=bm&q=skranke&scope=eif","2026-09-24"
"NTNU NoW Vocabulary list 10A；Bokmålsordboka 名词","nasjonalforsamling","en nasjonalforsamling","单词","名词","A2","公共机构与社会","国民议会；国家立法机关","en nasjonalforsamling · nasjonalforsamlingen · nasjonalforsamlinger · nasjonalforsamlingene","Nasjonalforsamlingen vedtok en ny lov. / Stortinget er Norges nasjonalforsamling.","国民议会通过了一项新法律。 / 挪威议会 Stortinget 是挪威的国民议会。","","了解国家制度和公共机构的话题词汇；按课程单元暂标 A2","来源已登记：Bokmål词头/词性/核心义项","Bokmål词头/词性/核心义项","Bokmålsordboka","https://ordbokene.no/bm/nasjonalforsamling","2026-09-24"
"NTNU NoW Vocabulary list 10A；课程词汇","parlament","et parlament","单词","名词","A2","公共机构与社会","议会；立法机关","et parlament · parlamentet · parlamenter · parlamentene","Parlamentet skal stemme over forslaget i morgen. / Landets parlament består av folkevalgte representanter.","议会明天将对这项提案进行表决。 / 该国议会由民选代表组成。","","国家政治与公共生活话题中的常见机构名词；按课程单元暂标 A2","来源已登记：Bokmål词头/词性/核心义项","Bokmål词头/词性/核心义项","Bokmålsordboka","https://ordbokene.no/bm/parlament","2026-09-24"
"NTNU NoW Vocabulary list 10A；课程词汇","rådhus","et rådhus","单词","名词","A2","公共建筑与地点","市政厅；市政府办公楼","et rådhus · rådhuset · rådhus · rådhusene","Vi skal møte saksbehandleren på rådhuset. / Kommunen har åpnet et nytt rådhus.","我们要去市政厅见负责经办的人。 / 市政府启用了一座新的办公楼。","","城市服务与公共建筑话题词；按课程单元暂标 A2","来源已登记：词头/词性/核心义项","词头/词性/核心义项","Bokmålsordboka","https://ordbokene.no/bm/r%C3%A5dhus","2026-09-24"
"Bokmålsordboka/Ordbank：阳性名词词形及抽象义项","kommunikasjon","en kommunikasjon","单词","名词","A2","沟通与工作","沟通；交流；通信；交通联系（依语境）","en kommunikasjon · kommunikasjonen · kommunikasjoner · kommunikasjonene","God kommunikasjon gjør samarbeidet enklere. / E-post er en viktig kanal for kommunikasjon med kundene.","良好的沟通能让合作更顺畅。 / 电子邮件是与客户沟通的重要渠道。","","描述信息交流、语言和职场合作的常见名词，暂标 A2","来源已登记：词头/词性/核心义项","词头/词性/核心义项","Bokmålsordboka","https://ordbokene.no/bm/kommunikasjon","2026-09-24"
"Bokmålsordboka/Ordbank：阳性名词词形及搭配","kontakt","en kontakt","单词","名词","A2","沟通与联系","联系；联系人；接触","en kontakt · kontakten · kontakter · kontaktene","Ta kontakt med skolen hvis du har spørsmål. / Vi holder kontakten etter kurset.","如果你有问题，请联系学校。 / 课程结束后我们还保持联系。","","工作、服务和日常沟通中的高频名词，暂标 A2","来源已登记：词头/词性/核心义项","词头/词性/核心义项","Bokmålsordboka","https://ordbokene.no/bm/kontakt","2026-09-24"
"Bokmålsordboka/Ordbank：形容词性数变化与比较级","tydelig","tydelig","单词","形容词","A2","沟通与描述","清楚的；明确的；明显的","tydelig · tydelig · tydelige · tydeligere · tydeligst / tydeligste","Kan du snakke litt tydeligere? / Læreren ga en tydelig forklaring.","你能说得再清楚一点吗？ / 老师给出了清楚的解释。","","描述说明、声音和表达是否清楚的常用形容词，暂标 A2","来源已登记：词头/词性/核心义项","词头/词性/核心义项","Bokmålsordboka","https://ordbokene.no/bm/tydelig","2026-09-24"
"课程候选；透明复合词，构词与词形人工复核","lekebutikk","en lekebutikk","单词","名词","A2","购物与儿童生活","玩具店","en lekebutikk · lekebutikken · lekebutikker · lekebutikkene","Vi går innom en lekebutikk før bursdagen. / Lekebutikken ligger ved siden av apoteket.","生日会之前，我们顺路去一家玩具店。 / 玩具店在药房旁边。","","购物、家庭和儿童生活中的常见场所名词，暂标 A2","来源已登记：词头/词性/核心义项","词头/词性/核心义项","Bokmålsordboka","https://ordbokene.no/bm/lekebutikk","2026-09-24"
"Bokmålsordboka/Ordbank：中性复合名词词形","supermarked","et supermarked","单词","名词","A2","购物与服务","大型超市；超级市场","et supermarked · supermarkedet · supermarkeder · supermarkedene","Vi handler mat på supermarkedet etter jobb. / Det ligger et supermarked ved busstasjonen.","我们下班后去超市买食物。 / 公交车站旁边有一家大型超市。","","购物、问路和日常采买场景中的常用地点名词，暂标 A2","来源已登记：词头/词性/核心义项","词头/词性/核心义项","Bokmålsordboka","https://ordbokene.no/bm/supermarked","2026-09-24"
"A2候选；Bokmålsordboka词形待核","tilbud","et tilbud","单词","名词","A2","购物与服务","优惠；特价；提议；服务项目（依语境）","et tilbud · tilbudet · tilbud · tilbudene","Denne uka er kaffen på tilbud. / Takk for tilbudet om å hjelpe.","这周咖啡有特价。 / 谢谢你主动提出帮忙。","","购物促销、服务和提议语境高频名词，暂标 A2","来源已登记：词头/词性/核心义项","词头/词性/核心义项","Bokmålsordboka","https://ordbokene.no/bm/tilbud","2026-09-24"
"Bokmålsordboka/Ordbank：阴性名词词形及收据义项","kvittering","ei kvittering","单词","名词","A2","购物与付款","收据；付款凭证；电子小票","ei kvittering · kvitteringa · kvitteringen · kvitteringer · kvitteringene","Kan jeg få kvitteringen, takk? / Ta vare på kvitteringen hvis du vil bytte varen.","请问可以给我收据吗？ / 如果你想换商品，请保留收据。","","购物、退换货和报销场景中的实用名词，暂标 A2","来源已登记：词头/词性/核心义项","词头/词性/核心义项","Bokmålsordboka","https://ordbokene.no/eng/search?dict=bm%2Cnn&q=kvittering&scope=eif","2026-09-24"
"A2候选；Bokmålsordboka词形待核","rabatt","en rabatt","单词","名词","A2","购物与价格","折扣；优惠","en rabatt · rabatten · rabatter · rabattene","Studenter får rabatt på billettene. / Butikken gir ti prosent rabatt denne uka.","学生买票可以享受折扣。 / 这家商店本周打九折（优惠百分之十）。","","商店、票价与促销常见名词，暂标 A2","来源已登记：词头/词性/核心义项","词头/词性/核心义项","Bokmålsordboka","https://ordbokene.no/bm/rabatt","2026-09-24"
"A2候选；Bokmålsordboka词形待核","salg","et salg","单词","名词","A2","购物与价格","销售；促销；特价销售","et salg · salget · salg · salgene","Vinterjakka er på salg nå. / Salget av billetter starter på mandag.","冬季夹克现在正在促销。 / 门票销售周一开始。","","购物、促销和商业活动常见名词，暂标 A2","来源已登记：词头/词性/核心义项","词头/词性/核心义项","Bokmålsordboka","https://ordbokene.no/bm/salg","2026-09-24"
"A2候选；Bokmålsordboka词形待核","skobutikk","en skobutikk","单词","名词","A2","购物与衣着","鞋店；鞋类商店","en skobutikk · skobutikken · skobutikker · skobutikkene","Vi fant en liten skobutikk i sentrum. / Skobutikken stenger klokka seks.","我们在市中心找到一家小鞋店。 / 鞋店六点关门。","","购物、试鞋与日常消费场景常见复合名词，暂标 A2","来源已登记：词头/词性/核心义项","词头/词性/核心义项","Bokmålsordboka","https://ordbokene.no/bm/skobutikk","2026-09-24"
"A2候选；Bokmålsordboka词形待核","svikte","å svikte","单词","动词","A2","关系与可靠性","辜负；背弃；失灵；衰竭（依语境）","å svikte · svikter · sviktet / svikta · har sviktet / har svikta","Jeg vil ikke svikte vennene mine. / Batteriet sviktet midt under turen.","我不想辜负我的朋友们。 / 途中电池突然失灵了。","","描述失灵、失约或辜负的常见动词，暂标 A2","来源已登记：词头/词性/核心义项","词头/词性/核心义项","Bokmålsordboka","https://ordbokene.no/bm/svikte","2026-09-24"
"Bokmålsordboka：动词同形词条的完整变位与义项","fri","å fri","单词","动词","A2","关系与邀请","求婚；争取（支持、好感）","fri · fritt · frie · friere · friest / frieste","Han fridde til kjæresten sin på fjellet. / Partiet frir til unge velgere.","他在山上向女友求婚了。 / 这个政党在争取年轻选民。","","求婚、追求支持或争取关注的特定动词，暂标 A2","来源已登记：词头/词性/核心义项","词头/词性/核心义项","Bokmålsordboka","https://ordbokene.no/bm/fri","2026-09-24"
"Bokmålsordboka/Ordbank：形容词词形及介词搭配","skeptisk","skeptisk","单词","形容词","A2","观点与感受","怀疑的；持怀疑态度的","skeptisk · skeptisk · skeptiske","Jeg er skeptisk til tilbudet fordi prisen er så lav. / De stilte skeptiske spørsmål.","我对这个优惠持怀疑态度，因为价格太低了。 / 他们提出了带有怀疑态度的问题。","","表达判断、怀疑和观点的实用形容词，暂标 A2","来源已登记：Bokmål词头/词性/核心义项","Bokmål词头/词性/核心义项","Bokmålsordboka","https://ordbokene.no/bm/skeptisk","2026-09-24"
"app.js · 核心动词; A2候选；Bokmålsordboka词形待核","synes","å synes","单词","动词","A2","观点与感受 / 待归类","觉得；认为；感觉（主观判断）","å synes · synes · syntes · syntes","Jeg synes at denne boka er spennende. / Hva syntes du om maten? / Jeg synes det.","我觉得这本书很有意思。 / 你觉得饭菜怎么样？","","表达个人看法、感受和评价的高频动词，暂标 A2","来源已登记：词头/词性/核心义项","词头/词性/核心义项","Bokmålsordboka","https://ordbokene.no/bm/synes","2026-09-24"
"Bokmålsordboka/Ordbank：动词词形及介词搭配","insistere","å insistere","单词","动词","A2","观点与交流","坚持；坚决要求；强调","å insistere · insisterer · insisterte · har insistert","Hun insisterer på å betale for middagen. / Legen insisterte på at jeg skulle hvile mer.","她坚持要付晚餐的钱。 / 医生坚持让我多休息。","","表达坚持要求、坚持观点和强调必要性的常见动词，暂标 A2","来源已登记：词头/词性/核心义项","词头/词性/核心义项","Bokmålsordboka","https://ordbokene.no/bm/insistere","2026-09-24"
"A2候选；Bokmålsordboka词形待核","lys","lys","单词","形容词","A2","光线与颜色","明亮的；浅色的；光线充足的","lys · lyst · lyse","Kjøkkenet er lyst og romslig. / Hun har lyst hår.","厨房明亮又宽敞。 / 她有浅色头发。","","描述光线、颜色与房间明暗的高频形容词，暂标 A2","来源已登记：词头/词性/核心义项","词头/词性/核心义项","Bokmålsordboka","https://ordbokene.no/bm/lys","2026-09-24"
"A2候选；Bokmålsordboka词形待核","gjelde","å gjelde","单词","动词","A2","规则与相关性","适用；有效；涉及；关系到；重要（依结构）","å gjelde · gjelder · gjaldt · gjeldt","Rabatten gjelder bare til fredag. / Det gjelder å lese instruksjonene nøye.","这项折扣只到星期五有效。 / 关键是要仔细阅读说明。","","表达规则适用、相关性和重要性的常见动词，暂标 A2","来源已登记：词头/词性/核心义项","词头/词性/核心义项","Bokmålsordboka","https://ordbokene.no/bm/gjelde","2026-09-24"
"Bokmålsordboka/Ordbank：名词词性及核心义项","lov","en lov","单词","名词","A2","规则与许可","法律；规则；许可（固定表达中）","en lov · loven · lover · lovene","Barn må følge loven. / Får jeg lov til å åpne vinduet?","孩子也必须遵守法律。 / 我可以把窗户打开吗？","","日常规则、法律和征求许可表达中的高频名词，暂标 A2","来源已登记：Bokmål词头/词性/核心义项","Bokmål词头/词性/核心义项","Bokmålsordboka","https://ordbokene.no/bm/lov","2026-09-24"
"Bokmålsordboka（词头、词性及不规则复数）","nordmann","en nordmann","单词","名词","A2","国籍与身份","挪威人；一位挪威人","en nordmann · nordmannen · nordmenn · nordmennene","Jeg snakket med en nordmann på toget. / Mange nordmenn går på ski om vinteren.","我在火车上和一位挪威人聊了天。 / 很多挪威人冬天滑雪。","","谈国籍、身份和人口的常用名词，暂标 A2","来源已登记：Bokmål词头/词性/核心义项","Bokmål词头/词性/核心义项","Bokmålsordboka","https://ordbokene.no/bm/nordmann","2026-09-24"
"Bokmålsordboka/Ordbank：中性名词及词形","flagg","et flagg","单词","名词","A2","国家与标志","旗；旗帜；国旗","et flagg · flagget · flagg · flaggene","De heiser det norske flagget på 17. mai. / Det henger flagg utenfor skolen.","他们在 5 月 17 日升起挪威国旗。 / 学校外面挂着旗帜。","","国庆节、公共场所和标识话题中常见的名词，暂标 A2","来源已登记：词头/词性/核心义项","词头/词性/核心义项","Bokmålsordboka","https://ordbokene.no/bm/flagg","2026-09-24"
"Bokmålsordboka/Ordbank：名词词形及地理义项","hovedstad","en hovedstad","单词","名词","A2","国家与城市","首都","en hovedstad · hovedstaden · hovedsteder · hovedstedene","Oslo er hovedstaden i Norge. / Vi besøkte flere hovedsteder på reisen.","奥斯陆是挪威的首都。 / 旅行中我们参观了好几个首都。","","国家、旅行和地理话题中的基础名词，暂标 A2","来源已登记：词头/词性/核心义项","词头/词性/核心义项","Bokmålsordboka","https://ordbokene.no/bm/hovedstad","2026-09-24"
"A2候选；Bokmålsordboka词形待核","land","et land","单词","名词","A2","国家与地理","国家；土地；陆地；乡村地区（依语境）","et land · landet · land · landene","Mange mennesker fra andre land bor i Norge. / Besteforeldrene mine bor på landet.","许多来自其他国家的人住在挪威。 / 我的祖父母住在乡下。","","讨论国家、地理和土地时高频多义名词，暂标 A2","来源已登记：词头/词性/核心义项","词头/词性/核心义项","Bokmålsordboka","https://ordbokene.no/bm/land","2026-09-24"
"A2候选；Bokmålsordboka词形待核","hjemland","et hjemland","单词","名词","A2","国家与身份","祖国；故乡国家；自己的国家","et hjemland · hjemlandet · hjemland · hjemlandene","Hun flyttet til Norge, men savner hjemlandet sitt. / Familien måtte forlate hjemlandet.","她搬到了挪威，但很想念自己的祖国。 / 这个家庭不得不离开祖国。","","介绍个人背景、迁居与国家身份常见名词，暂标 A2","来源已登记：词头/词性/核心义项","词头/词性/核心义项","Bokmålsordboka","https://ordbokene.no/search?dict=bm&q=hjemland","2026-09-24"
"A2候选；Bokmålsordboka词形待核","dyp","et dyp","单词","名词","A2","海洋与深度","深水处；深处；深度","et dyp · dypet · dyp · dypene","Båten passerte et dyp på hundre meter. / Hun fant ro i dypet av skogen.","船经过了一处水深一百米的地方。 / 她在森林深处找到了宁静。","","描述海洋、距离和抽象深度的名词，暂标 A2","来源已登记：词头/词性/核心义项","词头/词性/核心义项","Bokmålsordboka","https://ordbokene.no/bm/dyp","2026-09-24"
"A2候选；Bokmålsordboka词形待核","samarbeide","å samarbeide","单词","动词","A2","合作与沟通","合作；协作；共同工作","å samarbeide · samarbeider · samarbeidet · samarbeidet","Foreldrene samarbeider med skolen om barnas læring. / Vi samarbeidet godt under hele prosjektet.","家长与学校合作促进孩子的学习。 / 整个项目期间我们合作得很好。","","学校、工作和团队活动中的高频动词，暂标 A2","来源已登记：词头/词性/核心义项","词头/词性/核心义项","Bokmålsordboka","https://ordbokene.no/bm/samarbeide","2026-09-24"
"A2 候选；透明复合词，Bokmål 构词与 ryggsekk 词义参照","tursekk","en tursekk","单词","名词","A2","户外与旅行物品","徒步/出游背包；户外旅行用的背包","en tursekk · tursekken · tursekker · tursekkene","Jeg pakker tursekken før vi går på tur. / Tursekkene står ved døra.","出发徒步前，我把背包收拾好。 / 旅行背包放在门边。","","徒步、短途旅行和户外活动中的常见物品名词，暂标 A2","来源已登记：词头/词性/核心义项","词头/词性/核心义项","Bokmålsordboka","https://ordbokene.no/bm/tursekk","2026-09-24"
"A2候选；Bokmålsordboka词形待核","termos","en termos","单词","名词","A2","户外与饮品","保温瓶；暖水瓶；保温壶","en termos · termosen · termoser · termosene","Jeg fylte termosen med varm kaffe før fjellturen. / Hun tok med en termos med kakao til barna.","山地徒步前，我把保温瓶装满了热咖啡。 / 她给孩子们带了一壶热可可。","","日常饮品、出行和户外活动实用名词，暂标 A2","来源已登记：词头/词性/核心义项","词头/词性/核心义项","Bokmålsordboka","https://ordbokene.no/bm/termos","2026-09-24"
"A2候选；Bokmålsordboka词形待核","bål","et bål","单词","名词","A2","户外与自然","篝火；营火；露天生火","et bål · bålet · bål · bålene","Vi satt rundt bålet og drakk kakao. / Husk å slukke bålet helt før dere går.","我们围坐在篝火旁喝可可。 / 离开前记得把篝火彻底熄灭。","","露营、户外和消防安全场景常见名词，暂标 A2","来源已登记：词头/词性/核心义项","词头/词性/核心义项","Bokmålsordboka","https://ordbokene.no/bm/b%C3%A5l","2026-09-24"
"Bokmålsordboka/Ordbank：阳性名词词形及参与者义项","deltaker","en deltaker","单词","名词","A2","活动与参与","参与者；参加者；参赛者","en deltaker · deltakeren · deltakere · deltakerne","Hver deltaker får et kursbevis. / Deltakerne møtte opp før klokka ni.","每位参与者都会拿到一份课程证明。 / 参加者们九点前就到了。","","课程、会议、活动和比赛中描述参与者的常用名词，暂标 A2","来源已登记：词头/词性/核心义项","词头/词性/核心义项","Bokmålsordboka","https://ordbokene.no/bm/deltaker","2026-09-24"
"A2候选；Bokmålsordboka词形待核","arrangement","et arrangement","单词","名词","A2","活动与计划","活动；安排；举办的事项","et arrangement · arrangementet · arrangementer · arrangementene","Biblioteket har et arrangement for barn på lørdag. / Arrangementet begynner klokka seks.","图书馆周六有一场儿童活动。 / 活动六点开始。","","社交、文化和工作活动常用名词，暂标 A2","来源已登记：词头/词性/核心义项","词头/词性/核心义项","Bokmålsordboka","https://ordbokene.no/bm/arrangement","2026-09-24"
"A2候选；Bokmålsordboka词形待核","arrangere","arrangere","单词","动词","A2","活动与计划","组织；安排；举办","å arrangere · arrangerer · arrangerte · arrangert","Foreldrene arrangerer en fest for barna. / Skolen arrangerte en konsert i vår.","家长们为孩子们组织了一场派对。 / 学校今年春天举办了一场音乐会。","","活动组织与日常计划常见动词，暂标 A2","来源已登记：词头/词性/核心义项","词头/词性/核心义项","Bokmålsordboka","https://ordbokene.no/bm%2Cnn/arrangeres%7Carrangere","2026-09-24"
"Bokmålsordboka（词头、词性和主要义项）; Tema: fremtid · 课本专题","aktiv","aktiv","单词","形容词","A2","活动与习惯 / 未来计划与目标","积极的；活跃的；活跃参与的；在活动中的","aktiv · aktivt · aktive · mer aktiv · mest aktiv","Hun er aktiv i foreldrerådet på skolen. / Det er sunt å være fysisk aktiv hver dag. / Jeg skal være mer aktiv.","她积极参与学校的家长委员会。 / 每天保持身体活动有益健康。 / 我会更积极一些。","","描述参与、运动和生活状态的实用形容词，暂标 A2","来源已登记：词头/词性/核心义项","词头/词性/核心义项","Bokmålsordboka","https://ordbokene.no/bm/aktiv","2026-09-24"
"Bokmålsordboka 词条核验；词形按规范范式","flyplass","en flyplass","单词","名词","A2","机场与旅行","机场；飞机场","en flyplass · flyplassen · flyplasser · flyplassene","Vi må være på flyplassen to timer før avgang. / Flyplassen ligger utenfor sentrum.","我们必须在起飞前两小时到机场。 / 机场位于市中心外面。","","旅行与交通主题常用地点词，暂标 A2","来源已登记：词头/词性/核心义项","词头/词性/核心义项","Bokmålsordboka","https://ordbokene.no/bm/flyplass","2026-09-24"
"NTNU NoW Vocabulary list 09B；动词短语词形列核对","sjekke inn","å sjekke inn","短语","动词短语","A2","机场与住宿","办理值机；办理入住；办理登记（依场景）","å sjekke inn · sjekker inn · sjekket inn · har sjekket inn","Vi sjekker inn på hotellet etter klokka tre. / Hun sjekket inn på flyplassen på mobilen.","我们三点以后在酒店办理入住。 / 她在机场用手机办理了值机。","","出行和酒店办理手续中的高频短语动词；按课程单元暂标 A2","已有完整语境·待审定","","","",""
"NTNU NoW Vocabulary list 06M；Bokmålsordboka 词形","organisasjon","en organisasjon","单词","名词","A2","机构与工作","组织；机构；团体；协会","en organisasjon · organisasjonen · organisasjoner · organisasjonene","Hun jobber i en internasjonal organisasjon. / Organisasjonen hjelper familier som trenger støtte.","她在一家国际组织工作。 / 这个组织帮助需要支持的家庭。","","描述机构、社团和工作单位的常用名词；课程暂列 A2","来源已登记：Bokmål词头/词性/核心义项","Bokmål词头/词性/核心义项","Bokmålsordboka","https://ordbokene.no/nno/bm/43305","2026-09-24"
"Bokmålsordboka：名词性、义项与例句; Tema: fremtid · 课本专题","mulighet","en mulighet","单词","名词","A2","机会与选择 / 未来计划与目标","可能性；机会；可选方案","en mulighet · muligheten · muligheter · mulighetene","Har du mulighet til å møte meg etter jobb? / Vi har flere muligheter hvis toget blir forsinket. / Kanskje får jeg en ny mulighet på jobben.","你下班后有空见我吗？ / 如果火车晚点，我们还有几个选择。 / 也许我会在工作中获得一个新机会。","","询问选择、机会和可行方案时的高频抽象名词，项目暂标 A2","来源已登记：Bokmål词头/词性/核心义项","Bokmål词头/词性/核心义项","Bokmålsordboka","https://ordbokene.no/bm/mulighet","2026-09-24"
"Bokmålsordboka：词头、名词词性、词形与义项已核","plaster","et plaster","单词","名词","A2","急救与日常用品","创可贴；伤口敷贴；膏药（依语境）","et plaster · plasteret · plaster / plastre · plastera / plastrene","Jeg satte et plaster på fingeren. / Har du flere plaster i skapet?","我在手指上贴了一张创可贴。 / 柜子里还有创可贴吗？","","描述轻微受伤和家庭急救时常用名词，暂标 A2","来源已登记：词头/词性/核心义项","词头/词性/核心义项","Bokmålsordboka","https://ordbokene.no/bm/plaster","2026-09-24"
"Bokmålsordboka/Ordbank：阳性名词词形与疾病义项","sykdom","en sykdom","单词","名词","A2","疾病与症状","疾病；病症；患病状态","en sykdom · sykdommen · sykdommer · sykdommene","Legen forklarte hvordan sykdommen behandles. / Noen sykdommer kan forebygges med vaksine.","医生解释了这种疾病如何治疗。 / 有些疾病可以通过疫苗预防。","","描述疾病、医疗信息和健康情况的基础名词，暂标 A2","来源已登记：词头/词性/核心义项","词头/词性/核心义项","Bokmålsordboka","https://ordbokene.no/bm/sykdom","2026-09-24"
"A2候选；Bokmålsordboka词形待核","planlegging","en planlegging","单词","名词","A2","计划与安排","规划；计划；筹划过程","en planlegging · planleggingen / planlegginga · planlegginger · planleggingene","God planlegging gjør flyttingen enklere. / Planleggingen av kurset begynner neste uke.","良好的规划会让搬家更轻松。 / 课程的筹备工作下周开始。","","学习、工作和日常安排的高频抽象名词，暂标 A2","来源已登记：词头/词性/核心义项","词头/词性/核心义项","Bokmålsordboka","https://ordbokene.no/bm/planlegging","2026-09-24"
"Bokmålsordboka/Ordbank：强变化动词词形与搭配; Tema: fremtid · 课本专题","planlegge","å planlegge","单词","动词","A2","计划与安排 / 未来计划与目标","计划；筹划；安排","å planlegge · planlegger · planla · planlagt","Vi planlegger å besøke familien i helgen. / Hun planla reisen i god tid. / Jeg planlegger en reise.","我们计划周末去探望家人。 / 她提前很久就规划好了旅程。 / 我在计划一次旅行。","","安排旅行、学习、工作和家庭日程的高频动词，暂标 A2","来源已登记：词头/词性/核心义项","词头/词性/核心义项","Bokmålsordboka","https://ordbokene.no/eng/search?dict=bm&q=planlegger&scope=eif","2026-09-24"
"NTNU NoW Vocabulary list 09A；动词词形列核对","utsette","å utsette","单词","动词","A2","计划与变更","推迟；延期；使……延后","å utsette · utsetter · utsatte · har utsatt","Vi må utsette møtet til neste uke. / De har utsatt reisen på grunn av været.","我们必须把会议推迟到下周。 / 他们因为天气原因推迟了旅行。","","改期、延期和日常安排中常用的动词；按课程单元暂标 A2","来源已登记：Bokmål词头/词性/核心义项","Bokmål词头/词性/核心义项","Bokmålsordboka","https://ordbokene.no/bm/utsette","2026-09-24"
"课程候选 09B；透明复合词 planlegging + periode，词头与屈折待专项复核","planleggingsperiode","en planleggingsperiode","单词","名词","A2","计划与项目","规划期；计划阶段；规划时间段","en planleggingsperiode · planleggingsperioden · planleggingsperioder · planleggingsperiodene","I planleggingsperioden møtes gruppa hver uke. / Vi trenger en lengre planleggingsperiode før byggingen starter.","在规划阶段，小组每周碰一次面。 / 开工前我们需要更长的规划期。","","课程项目计划场景的复合名词；源课程暂列 A2，不代表通用 CEFR 高频等级","来源已登记：词头/词性/核心义项","词头/词性/核心义项","Bokmålsordboka","https://ordbokene.no/bm/planleggingsperiode","2026-09-24"
"课程候选 09B；透明复合词 prosjekt + dokument，词头与屈折待专项复核","prosjektdokument","et prosjektdokument","单词","名词","A2","计划与项目","项目文件；项目文档","et prosjektdokument · prosjektdokumentet · prosjektdokumenter · prosjektdokumentene","Vi skriver et prosjektdokument før vi starter arbeidet. / Prosjektdokumentet beskriver målene og tidsplanen.","我们在开始工作前先写一份项目文档。 / 项目文件说明了目标和时间表。","","工作和学习项目场景的复合名词；源课程暂列 A2，不代表通用 CEFR 高频等级","来源已登记：词头/词性/核心义项","词头/词性/核心义项","Bokmålsordboka","https://ordbokene.no/bm/prosjektdokument","2026-09-24"
"A2候选；Bokmålsordboka词形待核","organisere","å organisere","单词","动词","A2","计划与协作","组织；安排；整理；使有条理","å organisere · organiserer · organiserte · organisert","Foreldrene organiserer en dugnad i skolegården. / Vi organiserte dokumentene i ulike mapper.","家长们正在组织一次校园义务劳动。 / 我们把文件整理进不同的文件夹。","","安排活动、整理工作和组织团队时常用动词，暂标 A2","来源已登记：词头/词性/核心义项","词头/词性/核心义项","Bokmålsordboka","https://ordbokene.no/bm/organisere","2026-09-24"
"A2候选；Bokmålsordboka词形待核","gjennomføring","en gjennomføring","单词","名词","A2","计划与执行","实施；执行；完成（计划、项目或活动）","en gjennomføring · gjennomføringen · gjennomføringer · gjennomføringene","God planlegging er viktig for gjennomføringen av prosjektet. / Gjennomføringen tok lengre tid enn vi trodde.","良好的规划对项目实施很重要。 / 实际执行花的时间比我们想的更长。","","描述计划落实和项目执行的抽象名词，暂标 A2","来源已登记：词头/词性/核心义项","词头/词性/核心义项","Bokmålsordboka","https://ordbokene.no/bm/gjennomf%C3%B8ring","2026-09-24"
"A2候选；Bokmålsordboka词形待核","høstsalg","et høstsalg","单词","名词","A2","季节与购物","秋季促销；秋季甩卖；秋季销售活动","et høstsalg · høstsalg(et) · høstsalg · høstsalgene","Butikken starter høstsalget neste uke. / Jeg kjøpte vinterjakka under høstsalget.","商店下周开始秋季促销。 / 我在秋季促销期间买了冬季夹克。","","商店促销、服装和季节性购物常见复合名词，暂标 A2","来源已登记：词头/词性/核心义项","词头/词性/核心义项","Bokmålsordboka","https://ordbokene.no/bm/h%C3%B8stsalg","2026-09-24"
"A2候选；Bokmålsordboka词形待复核","sesong","en sesong","单词","名词","A2","季节与活动","季节；（体育/电视等）一季；旺季","en sesong · sesongen · sesonger · sesongene","Skisesongen begynner vanligvis i desember. / Laget har vunnet mange kamper denne sesongen.","滑雪季通常在十二月开始。 / 球队这个赛季赢了很多比赛。","","季节、运动和工作周期中的常见名词，暂标 A2","来源已登记：词头/词性/核心义项","词头/词性/核心义项","Bokmålsordboka","https://ordbokene.no/bm/sesong","2026-09-24"
"课程候选；透明复合词，构词与词形人工复核","vinterbilde","et vinterbilde","单词","名词","A2","季节与描述","冬日照片；冬景图；冬季画面","et vinterbilde · vinterbildet · vinterbilder · vinterbildene","Hun tok et vinterbilde av fjellet. / Vinterbildene henger på veggen.","她拍了一张山上的冬日照片。 / 那些冬景照片挂在墙上。","","描述照片、绘画和冬季景色时可用的复合名词，暂标 A2","来源已登记：课程词头/词性/英文核心义项/课文单元","课程词头/词性/英文核心义项/课文单元","NTNU LearnNoW 词汇表","https://www.ntnu.edu/learnnow/vocabulary/list","2026-09-24"
"A2候选；Bokmålsordboka词形待核","høstdag","en høstdag","单词","名词","A2","季节与天气","秋日；一个秋天的日子","en høstdag · høstdagen · høstdager · høstdagene","Vi gikk en lang tur på en solrik høstdag. / Høstdagene blir kortere utover høsten.","一个阳光明媚的秋日，我们走了很久。 / 入秋以后，白昼逐渐变短。","","描述季节、天气和日常安排的复合名词，暂标 A2","来源已登记：词头/词性/核心义项","词头/词性/核心义项","Bokmålsordboka","https://ordbokene.no/bm/h%C3%B8stdag","2026-09-24"
"Bokmålsordboka/Ordbank：阳性名词词形与天气义项","nysnø","en nysnø","单词","名词","A2","季节与天气","新雪；刚落下的雪","en nysnø · nysnøen · nysnøer · nysnøene","Det kom et tynt lag med nysnø i natt. / Barna laget spor i nysnøen.","昨夜下了一层薄薄的新雪。 / 孩子们在新雪上留下了脚印。","","挪威冬季天气和户外活动中的常用复合名词，暂标 A2","来源已登记：Bokmål词头/词性/核心义项","Bokmål词头/词性/核心义项","Bokmålsordboka","https://ordbokene.no/bm/nysn%C3%B8","2026-09-24"
"Bokmålsordboka/Ordbank：分词形容词词形与天气义项","overskyet","overskyet","单词","形容词","A2","季节与天气","多云的；阴天的；云层遮蔽的","overskyet · overskyet · overskyede/overskyete","Det blir overskyet i morgen, men det skal ikke regne. / Vi gikk tur selv om været var overskyet.","明天会多云，不过预报说不会下雨。 / 虽然天气阴沉，我们还是去散步了。","","天气预报和日常天气描述中的常见形容词，暂标 A2","来源已登记：词头/词性/核心义项","词头/词性/核心义项","Bokmålsordboka","https://ordbokene.no/bm/overskyet","2026-09-24"
"vocab-v2-library.js · V2 词条","temperatur","en temperatur","单词","名词","A2","季节与天气","温度","en temperatur · temperaturen · temperaturer · temperaturene","Temperaturen er fem grader nå. / Det er store temperaturforskjeller her.","现在温度是五度。 / 这里温差很大。","","项目内部等级标签，需抽查","来源已登记：词头/词性/核心义项","词头/词性/核心义项","Bokmålsordboka","https://ordbokene.no/bm/temperatur","2026-09-24"
"A2候选；Bokmålsordboka词形待核","tåke","ei/en tåke","单词","名词","A2","季节与天气","雾；浓雾","ei/en tåke · tåka/tåken · tåker · tåkene","Det er tett tåke på veien i dag. / Tåka lettet da sola kom fram.","今天路上有浓雾。 / 太阳出来后雾散了。","","描述挪威天气和能见度的常见名词，暂标 A2","来源已登记：词头/词性/核心义项","词头/词性/核心义项","Bokmålsordboka","https://ordbokene.no/bm/tåke","2026-09-24"
"A2候选；Bokmålsordboka词形待核","varmegrad","en varmegrad","单词","名词","A2","季节与天气","摄氏度中的正温度度数；一度暖温","en varmegrad · varmegraden · varmegrader · varmegradene","Det blir tre varmegrader i Oslo i morgen. / Om natta kan temperaturen synke til én varmegrad.","奥斯陆明天会有零上三摄氏度。 / 夜间气温可能降到零上一度。","","天气预报和气温描述的实用复合名词，暂标 A2","来源已登记：词头/词性/核心义项","词头/词性/核心义项","Bokmålsordboka","https://ordbokene.no/search?dict=bm&q=varmegrad&scope=eif","2026-09-24"
"Bokmålsordboka/Ordbank：中性复合名词词形","værvarsel","et værvarsel","单词","名词","A2","季节与天气","天气预报；天气警报/预警（依语境）","et værvarsel · værvarselet · værvarsler · værvarslene","Jeg sjekker værvarselet før vi drar på tur. / Værvarselet melder om sterk vind i kveld.","出发去旅行前我会查看天气预报。 / 天气预报说今晚会有大风。","","安排出行和讨论天气变化时的实用名词，暂标 A2","来源已登记：词头/词性/核心义项","词头/词性/核心义项","Bokmålsordboka","https://ordbokene.no/bm/v%C3%A6rvarsel","2026-09-24"
"Bokmålsordboka（词头、词性及主要义项）","årstid","en årstid","单词","名词","A2","季节与天气","季节；一年中的时节","ei/en årstid · årstida / årstiden · årstider · årstidene","Hvilken årstid liker du best? / Om vinteren er det mørkt store deler av dagen.","你最喜欢哪个季节？ / 冬天一天中很长时间都是黑的。","","谈天气、活动和一年周期的基础名词，暂标 A2","来源已登记：词头/词性/核心义项","词头/词性/核心义项","Bokmålsordboka","https://ordbokene.no/bm/%C3%A5rstid","2026-09-24"
"Bokmålsordboka/Ordbank：阳性复合名词词形","fjernkontroll","en fjernkontroll","单词","名词","A2","家电与日用品","遥控器","en fjernkontroll · fjernkontrollen · fjernkontroller · fjernkontrollene","Kan du gi meg fjernkontrollen? / Jeg finner ikke fjernkontrollen til TV-en.","你能把遥控器递给我吗？ / 我找不到电视遥控器了。","","家庭日常和电子设备场景中的常用物品词，暂标 A2","来源已登记：词头/词性/核心义项","词头/词性/核心义项","Bokmålsordboka","https://ordbokene.no/bm/fjernkontroll","2026-09-24"
"A2候选；Bokmålsordboka词形待核","male","å male","单词","动词","A2","家居与创作","涂漆；粉刷；绘画；画画","å male · maler · malte · malt","Vi skal male kjøkkenet lyst før jul. / Hun malte et bilde av fjellene.","圣诞节前我们要把厨房刷成浅色。 / 她画了一幅山景画。","","家居装修、艺术和绘画活动中的常见动词，暂标 A2","来源已登记：词头/词性/核心义项","词头/词性/核心义项","Bokmålsordboka","https://ordbokene.no/bm/male","2026-09-24"
"Bokmålsordboka/Ordbank：阴性名词词形","ramme","en ramme","单词","名词","A2","家居与物品","框；画框；框架","en ramme · rammen · ramma · rammer · rammene","Vi satte et familiebilde i en enkel ramme. / Kurset gir en god ramme for samtale.","我们把一张家庭照放进了一个简洁的相框里。 / 这门课程为交流提供了良好的框架。","","家居、照片和艺术品语境中的常见名词，暂标 A2","来源已登记：Bokmål词头/词性/核心义项","Bokmål词头/词性/核心义项","Bokmålsordboka","https://ordbokene.no/bm/ramme","2026-09-24"
"NTNU NoW Vocabulary list 08A；Bokmålsordboka 释义与词形","stearinlys","et stearinlys","单词","名词","A2","家居与照明","蜡烛；硬脂蜡制成的蜡烛","et stearinlys · stearinlyset · stearinlys · stearinlysene","Vi tente stearinlys da strømmen gikk. / Hun kjøpte to stearinlys til stua.","停电时我们点燃了蜡烛。 / 她为客厅买了两支蜡烛。","","家庭物品、节庆和室内环境场景词汇；按课程单元暂标 A2","来源已登记：Bokmål词头/词性/核心义项","Bokmål词头/词性/核心义项","Bokmålsordboka","https://ordbokene.no/bm/stearinlys","2026-09-24"
"A2候选；Bokmålsordboka词形待核","bestevenn","en bestevenn","单词","名词","A2","家人和关系","最好的朋友；挚友","en bestevenn · bestevennen · bestevenner · bestevennene","Hun er bestevennen min. / De to ble bestevenner på skolen.","她是我最好的朋友。 / 他们俩在学校成了最好的朋友。","","常见人际关系复合词，暂标 A2","来源已登记：词头/词性/核心义项","词头/词性/核心义项","Bokmålsordboka","https://ordbokene.no/bm/bestevenn","2026-09-24"
"A2候选；Bokmålsordboka词形待核","enebarn","et enebarn","单词","名词","A2","家人和关系","独生子女；独生子","et enebarn · enebarnet · enebarn · enebarna / enebarnene","Jeg er enebarn og vokste opp uten søsken. / Hun synes ikke det er ensomt å være enebarn.","我是独生子女，成长过程中没有兄弟姐妹。 / 她并不觉得做独生子女很孤单。","","家庭成员与成长经历常见词，暂标 A2","来源已登记：词头/词性/核心义项","词头/词性/核心义项","Bokmålsordboka","https://ordbokene.no/bm/enebarn","2026-09-24"
"A2候选；Bokmålsordboka词形待核","farfar","en farfar","单词","名词","A2","家人和关系","爷爷；父亲的父亲","en farfar · farfaren · farfedre · farfedrene","Farfar bor i et hus ved sjøen. / Vi besøker farfar hver søndag.","爷爷住在海边的一栋房子里。 / 我们每周日去看爷爷。","","家庭称谓常见词，暂标 A2","来源已登记：词头/词性/核心义项","词头/词性/核心义项","Bokmålsordboka","https://ordbokene.no/bm/farfar","2026-09-24"
"A2候选；Bokmålsordboka词形待核","farmor","en farmor","单词","名词","A2","家人和关系","奶奶；父亲的母亲","en farmor · farmoren · farmødre · farmødrene","Farmora mi lager verdens beste vafler. / Jeg skal ringe farmor i kveld.","我奶奶做的华夫饼是世界上最好吃的。 / 我今晚要给奶奶打电话。","","家庭称谓常见词，暂标 A2","来源已登记：词头/词性/核心义项","词头/词性/核心义项","Bokmålsordboka","https://ordbokene.no/bm/farmor","2026-09-24"
"A2候选；Bokmålsordboka词形待核","storesøster","en storesøster","单词","名词","A2","家人和关系","姐姐；年长的姐妹","en storesøster · storesøstera / storesøsteren · storesøstre · storesøstrene","Storesøstera mi bor i Bergen. / Han har to storesøstre.","我姐姐住在卑尔根。 / 他有两个姐姐。","","家庭关系词，暂标 A2","来源已登记：词头/词性/核心义项","词头/词性/核心义项","Bokmålsordboka","https://ordbokene.no/bm/stores%C3%B8ster","2026-09-24"
"vocab-v2-library.js · V2 词条","søsken","et søsken","单词","名词","A2","家人和关系","兄弟姐妹中的一位","et søsken · søskenet · søsken · søskena / søsknene","Har du søsken? / Søskena mine bor i Kina.","你有兄弟姐妹吗？ / 我的兄弟姐妹住在中国。","","项目内部等级标签，需抽查","来源已登记：词头/词性/核心义项","词头/词性/核心义项","Bokmålsordboka","https://ordbokene.no/bm/s%C3%B8sken","2026-09-24"
"Bokmålsordboka/Ordbank：阴性名词词形及不规则复数","søster","ei søster","单词","名词","A2","家人和关系","姐妹；姐姐或妹妹（挪威语本身不区分年长年幼）","ei søster · søstera · søsteren · søstre · søstrene","Jeg har ei søster og to brødre. / Søstrene mine bor i Norge.","我有一个姐妹和两个兄弟。 / 我的姐妹们住在挪威。","","介绍家庭成员和亲属关系的基础高频名词，暂标 A2","来源已登记：词头/词性/核心义项","词头/词性/核心义项","Bokmålsordboka","https://ordbokene.no/bm/s%C3%B8ster","2026-09-24"
"NTNU NoW Vocabulary list 07A；Bokmålsordboka 阳性名词词形","nevø","en nevø","单词","名词","A2","家人和亲属","侄子；外甥（兄弟姐妹的儿子）","en nevø · nevøen · nevøer · nevøene","Nevøen min begynner på skolen til høsten. / Hun har to nevøer og ei niese.","我侄子（或外甥）今年秋天开始上学。 / 她有两个侄子（或外甥）和一个侄女（或外甥女）。","","家庭关系和介绍亲属的实用名词；课程暂列 A2","来源已登记：Bokmål词头/词性/核心义项","Bokmål词头/词性/核心义项","Bokmålsordboka","https://ordbokene.no/bm/nev%C3%B8","2026-09-24"
"NTNU NoW Vocabulary list 07A；复数 oldemødre 词形核对","oldemor","ei oldemor","单词","名词","A2","家人和亲属","曾祖母；外曾祖母（祖父母一辈的母亲）","ei oldemor · oldemora · oldemødre · oldemødrene","Oldemora mi bor fortsatt i Trondheim. / Barna fikk høre historier fra oldemødrene sine.","我的曾祖母（或外曾祖母）仍住在特隆赫姆。 / 孩子们听了各自曾祖母讲的故事。","","家庭成员和介绍亲属的实用名词；课程暂列 A2","来源已登记：Bokmål词头/词性/核心义项","Bokmål词头/词性/核心义项","Bokmålsordboka","https://ordbokene.no/bm/oldemor","2026-09-24"
"NTNU NoW Vocabulary list 07A；Bokmålsordboka 释义","stefar","en stefar","单词","名词","A2","家人和亲属","继父；母亲的丈夫（非本人父亲）","en stefar · stefaren · stefedre · stefedrene","Jeg skal besøke stefaren min i helga. / Guttene kommer godt overens med stefaren sin.","我周末要去看望我的继父。 / 这些男孩和他们的继父相处得很好。","","介绍家庭成员和重组家庭关系的课程词汇；按课程单元暂标 A2","来源已登记：课程词头/名词性别或词类/英文义项/词形/章节","课程词头/名词性别或词类/英文义项/词形/章节","NTNU NoW 词汇表","https://www.ntnu.edu/now/vocabulary/table-s","2026-09-24"
"A2候选；Bokmålsordboka词形待核","lillebror","en lillebror","单词","名词","A2","家人与关系","弟弟；年纪较小的兄弟","en lillebror · lillebroren · lillebrødre · lillebrødrene","Lillebroren min går på barneskolen. / De to lillebrødrene leker i hagen.","我弟弟在上小学。 / 两个弟弟在花园里玩。","","家庭关系和个人介绍中的复合名词，暂标 A2","来源已登记：词头/词性/核心义项","词头/词性/核心义项","Bokmålsordboka","https://ordbokene.no/bm/lillebror","2026-09-24"
"Bokmålsordboka（词头、词性和完整词形）","barnebarn","et barnebarn","单词","名词","A2","家人与亲属","孙子或孙女；外孙或外孙女；孙辈","et barnebarn · barnebarnet · barnebarn · barnebarna / barnebarnene","Besteforeldrene besøker barnebarna i helga. / De fikk sitt første barnebarn i fjor.","祖父母这个周末去看望孙辈。 / 他们去年有了第一个孙辈。","","家庭关系主题常见亲属词，暂标 A2","来源已登记：词头/词性/核心义项","词头/词性/核心义项","Bokmålsordboka","https://ordbokene.no/bm/barnebarn","2026-09-24"
"Bokmålsordboka（词头、词性和主要义项）","besteforelder","en besteforelder","单词","名词","A2","家人与亲属","祖父或祖母；外祖父或外祖母；祖辈中的一位","en besteforelder · besteforelderen · besteforeldre · besteforeldrene","En besteforelder henter ofte barnet i barnehagen. / Besteforeldrene mine bor på Vestlandet.","一位祖父母常去幼儿园接孩子。 / 我的祖父母住在挪威西部。","","家庭成员主题的常用统称，暂标 A2","来源已登记：词头/词性/核心义项","词头/词性/核心义项","Bokmålsordboka","https://ordbokene.no/bm/besteforelder","2026-09-24"
"Bokmålsordboka（词头、词性及主要义项）","onkel","en onkel","单词","名词","A2","家人与亲属","叔叔；伯伯；舅舅；姨父/姑父等（依亲属关系）","en onkel · onkelen · onkler · onklene","Onkelen min bor i Bergen. / Vi besøker onkel Per på lørdag.","我叔叔（或舅舅）住在卑尔根。 / 我们星期六去看望佩尔叔叔。","","家庭关系和介绍亲友的实用亲属词，暂标 A2","来源已登记：词头/词性/核心义项","词头/词性/核心义项","Bokmålsordboka","https://ordbokene.no/bm/onkel","2026-09-24"
"NTNU NoW Vocabulary list 07A；课程词汇","søskenbarn","et søskenbarn","单词","名词","A2","家人与亲属","堂/表兄弟姐妹；堂/表亲（父母的兄弟姐妹的子女）","et søskenbarn · søskenbarnet · søskenbarn · søskenbarna","Søskenbarnet mitt bor i Bergen. / Vi skal besøke søskenbarna våre i ferien.","我的堂（或表）亲住在卑尔根。 / 假期我们要去看望我们的堂（或表）亲们。","","介绍家庭成员和亲属关系的常用词；按课程单元暂标 A2","来源已登记：词头/词性/核心义项","词头/词性/核心义项","Bokmålsordboka","https://ordbokene.no/bm/s%C3%B8skenbarn","2026-09-24"
"Bokmålsordboka（词头、词性、主要义项及词形）","tante","ei tante","单词","名词","A2","家人与亲属","姑妈；姨妈；舅妈/伯母等；阿姨（依亲属关系或称呼）","ei tante / en tante · tanta / tanten · tanter · tantene","Vi skal besøke tante Petra på søndag. / Tanta mi bor i Trondheim.","我们星期天要去看望佩特拉阿姨。 / 我姑妈（或姨妈）住在特隆赫姆。","","家庭关系主题常用亲属词，暂标 A2","来源已登记：词头/词性/核心义项","词头/词性/核心义项","Bokmålsordboka","https://ordbokene.no/bm/tante","2026-09-24"
"Bokmålsordboka/Ordbank：复合名词词形及亲属义项","svigerforelder","en svigerforelder","单词","名词","A2","家人与姻亲","岳父/岳母；公公/婆婆（性别未说明时的统称）","en svigerforelder · svigerforelderen · svigerforeldre · svigerforeldrene","Vi skal besøke svigerforeldrene mine i helgen. / Hun har et godt forhold til svigerforelderen sin.","我们周末要去看望我的岳父母（或公公婆婆）。 / 她和配偶的父亲或母亲相处得很好。","","家庭介绍和姻亲关系中的常见亲属总称，暂标 A2","来源已登记：课程词头/词性/英文核心义项/课文单元","课程词头/词性/英文核心义项/课文单元","NTNU LearnNoW 词汇表","https://www.ntnu.edu/learnnow/vocabulary/list","2026-09-24"
"Bokmålsordboka/Ordbank：形容词词形及用法","bortskjemt","bortskjemt","单词","形容词","A2","家庭与关系","被宠坏的；娇生惯养的","bortskjemt · bortskjemt · bortskjemte","Besteforeldrene skjemmer bort barnebarnet. / Han ble kalt bortskjemt fordi han alltid fikk viljen sin.","祖父母很宠这个孙辈。 / 他总能如愿以偿，因此被说成是被宠坏了。","","描述成长经历和行为特点的常见形容词，暂标 A2","来源已登记：Bokmål词头/词性/核心义项","Bokmål词头/词性/核心义项","Bokmålsordboka","https://ordbokene.no/bm/bortskjemt","2026-09-24"
"Bokmålsordboka：中性名词词性、词形及核心义项","ektepar","et ektepar","单词","名词","A2","家庭与关系","一对夫妻；已婚夫妇","et ektepar · ekteparet · ektepar · ekteparene","Et eldre ektepar bor i huset ved siden av. / Ekteparet har bodd her i mange år.","隔壁那栋房子里住着一对年长夫妻。 / 这对夫妻已经在这里住了很多年。","","家庭关系和介绍他人时常见的复合名词，暂标 A2","来源已登记：词头/词性/核心义项","词头/词性/核心义项","Bokmålsordboka","https://ordbokene.no/bm/ektepar","2026-09-24"
"Bokmålsordboka/Ordbank：复合亲属名词的性与不规则复数","svigermor","en svigermor","单词","名词","A2","家庭与关系","婆婆；岳母；配偶的母亲","en svigermor · svigermoren · svigermødre · svigermødrene","Vi skal besøke svigermoren min på søndag. / Begge svigermødrene kommer på middag.","我们星期天去看望我的婆婆（或岳母）。 / 两位婆婆（或岳母）都会来吃晚饭。","","介绍配偶家庭成员时常见的亲属名词，暂标 A2","来源已登记：Bokmål词头/词性/核心义项","Bokmål词头/词性/核心义项","Bokmålsordboka","https://ordbokene.no/bm/svigermor","2026-09-24"
"A2候选；Bokmålsordboka词形待核","dekke","dekke","单词","动词","A2","家务与餐桌","摆（餐桌）；覆盖；支付/承担","å dekke · dekker · dekket / dekte · dekket / dekt","Kan du dekke bordet før gjestene kommer? / Forsikringen dekker ikke alle kostnadene.","客人来之前你能摆好餐桌吗？ / 保险并不承担所有费用。","","家庭用餐及覆盖、承担语境常见动词，暂标 A2","来源已登记：词头/词性/核心义项","词头/词性/核心义项","Bokmålsordboka","https://ordbokene.no/nno/bm%2Cnn/%C3%A5%20dikka%7C%C3%A5%20dekke","2026-09-24"
"Bokmålsordboka/Ordbank：动词强变化范式及多义项","rive","å rive","单词","动词","A2","家务与动作","撕；扯；拆除；（食物）擦碎","å rive · river · rev · har revet","Barnet rev papiret i små biter. / Hun river ost over pastaen.","孩子把纸撕成了小片。 / 她把奶酪擦碎撒在意面上。","","日常家务和物品操作中常见的不规则动词，暂标 A2","来源已登记：Bokmål词头/词性/核心义项","Bokmål词头/词性/核心义项","Bokmålsordboka","https://ordbokene.no/bm/rive","2026-09-24"
"A2候选；Bokmålsordboka词形待核","tørke","å tørke","单词","动词","A2","家务与清洁","擦干；擦拭；使干燥；（不及物）变干","å tørke · tørker · tørket / tørka · tørket / tørka","Kan du tørke av bordet etter maten? / Håndklærne tørker ute i sola.","吃完饭后你能把桌子擦一下吗？ / 毛巾在外面的阳光下晾干。","","家务、天气和日常物品护理中的常见动词，暂标 A2","来源已登记：词头/词性/核心义项","词头/词性/核心义项","Bokmålsordboka","https://ordbokene.no/bm/t%C3%B8rke","2026-09-24"
"Bokmålsordboka/Ordbank：动词词头、规则变位与短语义","rydde","å rydde","单词","动词","A2","家务与日常","收拾；整理；清理；腾出","å rydde · rydder · ryddet · har ryddet","Barna må rydde rommet før de legger seg. / Kan du rydde bordet etter middag?","孩子们睡觉前必须收拾房间。 / 晚饭后你能收拾一下桌子吗？","","家务、整理物品和收拾空间的高频动词，暂标 A2","来源已登记：Bokmål词头/词性/核心义项","Bokmål词头/词性/核心义项","Bokmålsordboka","https://ordbokene.no/bm/rydde","2026-09-24"
"A2候选；Bokmålsordboka词形待核","fyre","fyre","单词","动词","A2","家务与生活","生火；烧炉取暖；开火","å fyre · fyrer · fyrte · fyrt","Vi fyrer i peisen når det blir kaldt. / De fyrte med ved hele kvelden.","天冷时我们会在壁炉里生火。 / 他们整个晚上都烧木柴取暖。","","家庭取暖和日常生活动词，暂标 A2","来源已登记：词头/词性/核心义项","词头/词性/核心义项","Bokmålsordboka","https://ordbokene.no/bm/fyre","2026-09-24"
"Bokmålsordboka（词头、词性及主要义项）","toalett","et toalett","单词","名词","A2","家中设施与公共场所","马桶；厕所；洗手间；卫生间","et toalett · toalettet · toaletter · toalettene","Unnskyld, hvor er toalettet? / Det offentlige toalettet ligger ved siden av kafeen.","请问洗手间在哪里？ / 公共卫生间在咖啡馆旁边。","","居家、公共设施和问路场景必备名词，暂标 A2","来源已登记：Bokmål词头/词性/核心义项","Bokmål词头/词性/核心义项","Bokmålsordboka","https://ordbokene.no/bm/toalett","2026-09-24"
"Bokmålsordboka/Ordbank：名词词性与屈折","dekorasjon","en dekorasjon","单词","名词","A2","家中物品与房间","装饰；装饰品；布置","en dekorasjon · dekorasjonen · dekorasjoner · dekorasjonene","Barna lager en dekorasjon av papir. / Vi liker den enkle dekorasjonen på bordet.","孩子们用纸做一件装饰品。 / 我们喜欢桌上简洁的布置。","","家居布置和节庆场景中的实用名词，暂标 A2","来源已登记：Bokmål词头/词性/核心义项","Bokmål词头/词性/核心义项","Bokmålsordboka","https://ordbokene.no/bm/dekorasjon","2026-09-24"
"Bokmålsordboka/Ordbank：名词词性、词形；口语语域说明","do","et do","单词","名词","A2","家中物品与房间","厕所；卫生间（口语）","et do · doet · do · doene","Barnet må gå på do før vi drar. / Hvor er doen her?","我们出发前孩子得去厕所。 / 这里的卫生间在哪儿？","","居家与公共设施场景常见口语名词，暂标 A2","来源已登记：Bokmål词头/词性/核心义项","Bokmål词头/词性/核心义项","Bokmålsordboka","https://ordbokene.no/bm/do","2026-09-24"
"Bokmålsordboka/Ordbank：中性名词词形及义项","gulv","et gulv","单词","名词","A2","家中物品与房间","地板；地面（室内）","et gulv · gulvet · gulv · gulvene","Boka ligger på gulvet ved sofaen. / Vi må vaske gulvet på kjøkkenet.","书在沙发旁的地板上。 / 我们得把厨房地板擦一下。","","描述房间结构、清洁和家居物品位置的基础名词，暂标 A2","来源已登记：词头/词性/核心义项","词头/词性/核心义项","Bokmålsordboka","https://ordbokene.no/bm/gulv","2026-09-24"
"Bokmålsordboka/Ordbank：中性名词词形及空间义项","tak","et tak","单词","名词","A2","家中物品与房间","屋顶；天花板；遮蔽；（一次）抓握","et tak · taket · tak · takene","Det ligger snø på taket. / Alle fortjener et trygt tak over hodet.","屋顶上积着雪。 / 每个人都应有安全的栖身之所。","","房屋结构、居住条件和天气语境中的高频名词，暂标 A2","来源已登记：Bokmål词头/词性/核心义项","Bokmål词头/词性/核心义项","Bokmålsordboka","https://ordbokene.no/bm/tak","2026-09-24"
"A2候选；Bokmålsordboka词形待核","medisinskap","et medisinskap","单词","名词","A2","家中物品与健康","药柜；药品柜","et medisinskap · medisinskapet · medisinskap · medisinskapene","Vi oppbevarer plaster og bandasjer i medisinskapet. / Medisinskapet må være utenfor rekkevidde for små barn.","我们把创可贴和绷带放在药柜里。 / 药柜必须放在小孩子够不到的地方。","","居家急救和药品收纳场景实用复合名词，暂标 A2","来源已登记：词头/词性/核心义项","词头/词性/核心义项","Bokmålsordboka","https://ordbokene.no/bm/medisinskap","2026-09-24"
"Bokmålsordboka/Ordbank：复合名词词形","høstferie","en høstferie","单词","名词","A2","假期与日程","秋假；秋季假期","en høstferie · høstferien · høstferier · høstferiene","Vi besøker familien i høstferien. / Skolene har høstferie på ulike tidspunkt.","我们秋假时去探望家人。 / 各学校的秋假时间不完全相同。","","学校日历、旅行安排和季节生活中的常用名词，暂标 A2","来源已登记：词头/词性/核心义项","词头/词性/核心义项","Bokmålsordboka","https://ordbokene.no/bm/høstferie","2026-09-24"
"Bokmålsordboka（词头、词性和常见形容词/副词用法）","gratis","gratis","单词","形容词","A2","价格与服务","免费的；无偿的；免费地","gratis · gratis · gratis · mer gratis · mest gratis","Barn under seks år kommer inn gratis. / Biblioteket tilbyr gratis norskkurs.","六岁以下儿童可以免费入场。 / 图书馆提供免费的挪威语课程。","","购物、活动和公共服务中极高实用度的词，暂标 A2","来源已登记：词头/词性/核心义项","词头/词性/核心义项","Bokmålsordboka","https://ordbokene.no/bm/gratis","2026-09-24"
"Bokmålsordboka/Ordbank：阴性名词词形及多义项","undersøkelse","en undersøkelse","单词","名词","A2","检查与调查","检查；体检；调查；研究（依语境）","en undersøkelse · undersøkelsen · undersøkelser · undersøkelsene","Legen gjorde en undersøkelse av kneet. / Undersøkelsen viser at mange reiser med buss.","医生检查了膝盖。 / 调查显示很多人乘公交出行。","","医疗检查、问卷调查和研究语境中常见的名词，暂标 A2","来源已登记：词头/词性/核心义项","词头/词性/核心义项","Bokmålsordboka","https://ordbokene.no/bm/unders%C3%B8kelse","2026-09-24"
"Bokmålsordboka（词头、词性及常用义项）","sjekke","å sjekke","单词","动词","A2","检查与确认","检查；确认；核实；查看","sjekke · sjekker · sjekket / sjekka · sjekket / sjekka","Kan du sjekke om apoteket er åpent i dag? / Vi sjekket inn på hotellet etter klokka seks.","你能确认一下药房今天是否营业吗？ / 我们六点以后在酒店办理了入住。","","确认时间、信息和物品状况的实用动词，暂标 A2","来源已登记：Bokmål词头/词性/核心义项","Bokmål词头/词性/核心义项","Bokmålsordboka","https://ordbokene.no/bm/sjekke","2026-09-24"
"A2候选；Bokmålsordboka：ses/sees 词头与用法","ses","å ses","单词","动词","A2","见面与告别","见面；互相见到；再见（常见表达）","å ses · ses · sås · har settes","Vi ses utenfor biblioteket klokka fem. / De sås på en kafé forrige uke.","我们五点在图书馆外见。 / 他们上周在一家咖啡馆见了面。","","日常约见和告别时的高频相互动词，暂标 A2","来源已登记：词头/词性/核心义项","词头/词性/核心义项","Bokmålsordboka","https://ordbokene.no/bm/ses","2026-09-24"
"Bokmålsordboka/Ordbank：动词变位及句法","anbefale","å anbefale","单词","动词","A2","建议与选择","推荐；建议；劝告","å anbefale · anbefaler · anbefalte · anbefalt","Kan du anbefale en god norsk podcast? / Legen anbefalte meg å hvile.","你能推荐一个好的挪威语播客吗？ / 医生建议我休息。","","提出建议、推荐服务和表达个人看法的实用动词，暂标 A2","来源已登记：词头/词性/核心义项","词头/词性/核心义项","Bokmålsordboka","https://ordbokene.no/bm/anbefale","2026-09-24"
"Bokmålsordboka/Ordbank：中性名词词形及搭配","forslag","et forslag","单词","名词","A2","建议与选择","建议；提议；方案","et forslag · forslaget · forslag · forslagene","Har du et forslag til hva vi kan gjøre? / Hun kom med flere gode forslag.","你有什么建议，觉得我们可以做什么？ / 她提出了好几个不错的建议。","","讨论计划、提出主意和协作时的高频名词，暂标 A2","来源已登记：词头/词性/核心义项","词头/词性/核心义项","Bokmålsordboka","https://ordbokene.no/bm/forslag","2026-09-24"
"app.js · 核心动词; Bokmålsordboka/Ordbank：情态动词词形与句法","burde","burde","单词","动词","A2","建议与义务 / 待归类","应该；理应；最好（语气通常比 må 温和）","bør · burde · burdet","Du bør bestille time hos tannlegen. / Jeg burde ha ringt tidligere. / Jeg bør hvile.","你应该预约牙医。 / 我本来应该早点打电话的。","","提出温和建议、表达应当做某事的高频情态动词，暂标 A2","来源已登记：词头/词性/核心义项","词头/词性/核心义项","Bokmålsordboka","https://ordbokene.no/bm/burde","2026-09-24"
"A2候选；Bokmålsordboka词形待核","bygg","et bygg","单词","名词","A2","建筑与地点","建筑物；楼；建筑（物）","et bygg · bygget · bygg · byggene","Universitetet åpnet et nytt bygg i høst. / De offentlige byggene må pusses opp.","大学今年秋天启用了一栋新楼。 / 这些公共建筑需要翻修。","","城市、校园与住房语境常见名词，暂标 A2","来源已登记：词头/词性/核心义项","词头/词性/核心义项","Bokmålsordboka","https://ordbokene.no/bm/bygg","2026-09-24"
"Bokmålsordboka/Ordbank：阳性名词词形与位置义项","inngang","en inngang","单词","名词","A2","建筑与方向","入口；进门处；入场通道","en inngang · inngangen · innganger · inngangene","Hovedinngangen ligger på den andre siden. / Det er gratis inngang til museet i dag.","主入口在另一侧。 / 今天博物馆免费入场。","","问路、建筑、商店和公共服务场景中的实用名词，暂标 A2","来源已登记：词头/词性/核心义项","词头/词性/核心义项","Bokmålsordboka","https://ordbokene.no/bm/inngang","2026-09-24"
"A2候选；Bokmålsordboka词形待核","bedring","en bedring","单词","名词","A2","健康与变化","好转；改善；康复；好转迹象","en bedring · bedringen · bedringer · bedringene","Etter noen dager med hvile var hun i bedring. / Legen så en bedring i prøveresultatene.","休息几天后，她的状况开始好转。 / 医生在化验结果中看到了改善。","","谈论健康恢复、改善和积极变化的常见名词，暂标 A2","来源已登记：词头/词性/核心义项","词头/词性/核心义项","Bokmålsordboka","https://ordbokene.no/bm/bedring","2026-09-24"
"A2候选；Bokmålsordboka词形待核","smitte","å smitte","单词","动词","A2","健康与传染","传染；感染；传播（疾病或病原体）","å smitte · smitter · smittet / smitta · har smittet / har smitta","Forkjølelse kan smitte fra person til person. / Hun ble smittet av barnet sitt.","感冒可能在人与人之间传染。 / 她被自己的孩子传染了。","","谈论疾病传播和预防时常见动词，暂标 A2","来源已登记：词头/词性/核心义项","词头/词性/核心义项","Bokmålsordboka","https://ordbokene.no/bm/smitte","2026-09-24"
"A2候选；Bokmålsordboka词形待核","kronisk","kronisk","单词","形容词","A2","健康与疾病","慢性的；长期持续的","kronisk · kronisk · kroniske · mer kronisk · mest kronisk","Han har kroniske smerter i ryggen. / Astma kan være en kronisk sykdom.","他长期有慢性背痛。 / 哮喘可能是一种慢性疾病。","","描述长期疾病或持续问题的医学形容词，暂标 A2","来源已登记：词头/词性/核心义项","词头/词性/核心义项","Bokmålsordboka","https://ordbokene.no/bm/kronisk","2026-09-24"
"A2候选；Bokmålsordboka词形待核","journal","en journal","单词","名词","A2","健康与记录","病历；日志；期刊/刊物（依语境）","en journal · journalen · journaler · journalene","Legen skrev notatet inn i pasientjournalen. / Journalen viser hvilke medisiner hun bruker.","医生把记录写进了患者病历。 / 病历显示她在使用哪些药物。","","医疗记录、媒体和行政记录中的多义名词，暂标 A2","来源已登记：词头/词性/核心义项","词头/词性/核心义项","Bokmålsordboka","https://ordbokene.no/bm/journal","2026-09-24"
"A2候选；Bokmålsordboka词形待核","akutt","akutt","单词","形容词","A2","健康与就医","急性的；紧急的；突发的","akutt · akutt · akutte · mer akutt · mest akutt","Hun fikk akutte smerter i magen. / Ring legevakta hvis du trenger akutt hjelp.","她突然出现了急性腹痛。 / 如果你需要紧急帮助，请打电话给值班急诊。","","就医和描述紧急程度时常见形容词，暂标 A2","来源已登记：词头/词性/核心义项","词头/词性/核心义项","Bokmålsordboka","https://ordbokene.no/bm/akutt","2026-09-24"
"Bokmålsordboka：本批收录动词义项（另有同形名词）","hoste","å hoste","单词","动词","A2","健康与身体","咳嗽","å hoste · hoster · hostet / hosta · har hostet / hosta","Jeg hoster mye om natta. / Han har hostet i flere dager.","我夜里咳得很厉害。 / 他已经咳嗽好几天了。","","描述常见症状的基础动词，暂标 A2","来源已登记：词头/词性/核心义项","词头/词性/核心义项","Bokmålsordboka","https://ordbokene.no/bm/hoste","2026-09-24"
"Bokmålsordboka：名词词性、义项与词形","mage","en mage","单词","名词","A2","健康与身体","肚子；腹部；胃（口语泛指）","en mage · magen · mager · magene","Barnet har vondt i magen. / Jeg ligger på magen og leser.","孩子肚子疼。 / 我趴着看书。","","基础身体部位词，医疗和日常表达都常用，暂标 A2","来源已登记：词头/词性/核心义项","词头/词性/核心义项","Bokmålsordboka","https://ordbokene.no/bm/mage","2026-09-24"
"Bokmålsordboka：名词词形与义项","munn","en munn","单词","名词","A2","健康与身体","嘴；口","en munn · munnen · munner · munnene","Legen ber meg åpne munnen. / Han tok en bit sjokolade i munnen.","医生让我张开嘴。 / 他把一块巧克力放进嘴里。","","人体基础部位词，日常与医疗语境都常见，暂标 A2","来源已登记：词头/词性/核心义项","词头/词性/核心义项","Bokmålsordboka","https://ordbokene.no/bm/munn","2026-09-24"
"Bokmålsordboka：动词义项及规则词形","puste","å puste","单词","动词","A2","健康与身体","呼吸；喘气","å puste · puster · pustet / pusta · har pustet / har pusta","Pust rolig inn og ut. / Hun puster tungt etter løpeturen.","平静地吸气、呼气。 / 跑步后她喘得很厉害。","","描述基本生理活动与运动状态的常用动词，暂标 A2","来源已登记：词头/词性/核心义项","词头/词性/核心义项","Bokmålsordboka","https://ordbokene.no/bm/puste","2026-09-24"
"Bokmålsordboka：名词词性、屈折与主要义项","rygg","en rygg","单词","名词","A2","健康与身体","背；背部；脊背","en rygg · ryggen · rygger · ryggene","Jeg har vondt i ryggen etter jobb. / Babyen ligger på ryggen.","我下班后背疼。 / 宝宝仰卧着。","","身体部位基础词及日常位置表达，暂标 A2","来源已登记：词头/词性/核心义项","词头/词性/核心义项","Bokmålsordboka","https://ordbokene.no/nob/bm/rygg","2026-09-24"
"Bokmålsordboka：名词词性、词形与药物义项","tablett","en tablett","单词","名词","A2","健康与身体","药片；片剂","en tablett · tabletten · tabletter · tablettene","Du kan ta én tablett med vann. / Apoteket anbefaler tabletter mot hodepine.","你可以用水服一片药。 / 药房推荐用于头痛的药片。","","药房、医疗和用药指示中的常见名词，暂标 A2","来源已登记：词头/词性/核心义项","词头/词性/核心义项","Bokmålsordboka","https://ordbokene.no/bm/tablett","2026-09-24"
"Bokmålsordboka：不规则名词屈折与主要义项","tann","en tann","单词","名词","A2","健康与身体","牙齿","ei/en tann · tanna/tannen · tenner · tennene","Jeg pusser tennene hver morgen. / Hun må bestille time hos tannlegen.","我每天早上刷牙。 / 她得预约看牙医。","","口腔护理和看牙场景的基础身体名词，暂标 A2","来源已登记：词头/词性/核心义项","词头/词性/核心义项","Bokmålsordboka","https://ordbokene.no/bm/tann","2026-09-24"
"Bokmålsordboka：形容词义项及屈折; Tema: fremtid · 课本专题","frisk","frisk","单词","形容词","A2","健康与身体 / 未来计划与目标","健康的；清新的；有活力的","frisk · friskt · friske · friskere · friskest","Jeg føler meg frisk igjen etter sykdommen. / Vi åpner vinduet og får frisk luft. / Jeg vil bli friskere.","生病后我又觉得身体好了。 / 我们打开窗户，呼吸新鲜空气。 / 我想变得更健康。","","描述健康状态和新鲜空气的常见形容词，暂标 A2","来源已登记：词头/词性/核心义项","词头/词性/核心义项","Bokmålsordboka","https://ordbokene.no/bm/frisk","2026-09-24"
"Bokmålsordboka：词头、词性、义项；形态按词典范式; Tema: fremtid · 课本专题","helse","ei helse","单词","名词","A2","健康与身体 / 未来计划与目标","健康；身体状况","ei helse · helsa · helse · helsene","God helse er viktig for alle. / Hun går tur hver dag for å ta vare på helsa. / Jeg skal gå tur for helsa.","健康对每个人都很重要。 / 她每天散步来照顾自己的健康。 / 我打算散步来保持健康。","","健康服务与日常身体状态中的基础抽象名词，暂标 A2","来源已登记：词头/词性/核心义项","词头/词性/核心义项","Bokmålsordboka","https://ordbokene.no/bm/helse","2026-09-24"
"A2候选；Bokmålsordboka词形待核","kondisjon","en kondisjon","单词","名词","A2","健康与运动","体能；耐力；心肺状况","en kondisjon · kondisjonen","Jeg trener for å få bedre kondisjon. / Hun har god kondisjon etter mange år med løping.","我通过锻炼来提高体能。 / 多年跑步之后，她的体能很好。","","运动、健康和体能话题中的常用名词，暂标 A2","来源已登记：词头/词性/核心义项","词头/词性/核心义项","Bokmålsordboka","https://ordbokene.no/bm/kondisjon","2026-09-24"
"A2候选；Bokmålsordboka词形待核","sykepleier","en sykepleier","单词","名词","A2","健康与职业","护士；护理人员","en sykepleier · sykepleieren · sykepleiere · sykepleierne","Sykepleieren hjalp pasienten med medisinen. / Hun utdanner seg til sykepleier.","护士帮助病人服药。 / 她正在接受护士职业教育。","","医疗、工作与就医交流重要职业名词，暂标 A2","来源已登记：词头/词性/核心义项","词头/词性/核心义项","Bokmålsordboka","https://ordbokene.no/bm/sykepleier","2026-09-24"
"A2候选；Bokmålsordboka词形待核","kontakte","å kontakte","单词","动词","A2","交流与办事","联系；联络；与……取得联系","å kontakte · kontakter · kontaktet / kontakta · kontaktet / kontakta","Du bør kontakte fastlegen hvis feberen ikke går ned. / Jeg kontaktet kommunen for å spørre om barnehageplass.","如果烧不退，你应该联系家庭医生。 / 我联系了市政府，询问幼儿园名额的事。","","电话、邮件和公共服务沟通中常用动词，暂标 A2","来源已登记：词头/词性/核心义项","词头/词性/核心义项","Bokmålsordboka","https://ordbokene.no/bm/kontakte","2026-09-24"
"A2候选；Bokmålsordboka词形待复核","love","å love","单词","动词","A2","交流与承诺","答应；承诺；保证；发誓","love · lover · lovet · lovet","Jeg lover å ringe deg etter møtet. / Hun holdt det hun hadde lovet.","我答应开完会后给你打电话。 / 她兑现了自己的承诺。","","表达承诺和法律义务的动词，暂标 A2","来源已登记：Bokmål词头/词性/核心义项","Bokmål词头/词性/核心义项","Bokmålsordboka","https://ordbokene.no/bm/love","2026-09-24"
"NTNU NoW Vocabulary list 09B；课程词汇","respons","en respons","单词","名词","A2","交流与反馈","回应；反馈；反应","en respons · responsen · responser · responsene","Jeg fikk rask respons på e-posten min. / Læreren ga positiv respons på teksten.","我的邮件很快得到了回复。 / 老师对这篇文章给了积极反馈。","","沟通和回应场景中的实用名词；按课程单元暂标 A2","来源已登记：Bokmål词头/词性/变格/核心义项","Bokmål词头/词性/变格/核心义项","Bokmålsordboka","https://ordbokene.no/bm/48288","2026-09-24"
"A2候选；Bokmålsordboka词形待核","nikke","å nikke","单词","动词","A2","交流与回应","点头；颔首","å nikke · nikker · nikket / nikka · nikket / nikka","Hun nikket da jeg spurte om hun forsto. / Læreren nikket til eleven ved døra.","我问她是否明白时，她点了点头。 / 老师向门边的学生点头示意。","","表达非语言回应和同意的常见动词，暂标 A2","来源已登记：词头/词性/核心义项","词头/词性/核心义项","Bokmålsordboka","https://ordbokene.no/bm/nikke","2026-09-24"
"A2候选；Bokmålsordboka词形待核","e-post","en e-post","单词","名词","A2","交流与科技","电子邮件；邮件消息","en e-post · e-posten · e-poster · e-postene","Jeg sender deg en e-post i kveld. / Har du lest e-posten fra skolen?","我今晚给你发一封邮件。 / 你读学校发来的邮件了吗？","","日常数字交流常用名词，暂标 A2","来源已登记：词头/词性/核心义项","词头/词性/核心义项","Bokmålsordboka","https://ordbokene.no/bm/e-post","2026-09-24"
"Bokmålsordboka：动词主要义项与常见搭配","klemme","å klemme","单词","动词","A2","交流与身体动作","拥抱；挤压；夹住","å klemme · klemmer · klemte · har klemt","Bestemor klemmer barnet. / Ikke klem tomaten, da blir den ødelagt.","奶奶抱了抱孩子。 / 别挤西红柿，会把它弄坏的。","","日常身体动作与社交表达中的常用动词，暂标 A2","来源已登记：词头/词性/核心义项","词头/词性/核心义项","Bokmålsordboka","https://ordbokene.no/bm/klemme","2026-09-24"
"Bokmålsordboka/Ordbank：强变化动词词形；词义按词典核对","be","å be","单词","动词","A2","交流与语言","请求；祈求；祷告","å be · ber · ba · har bedt","Jeg ber om hjelp fordi jeg ikke forstår skjemaet. / Hun ba meg vente utenfor.","我请求帮助，因为我看不懂这张表。 / 她请我在外面等。","","请求、祈求等日常表达中的高频不规则动词，暂标 A2","来源已登记：Bokmål词头/词性/核心义项","Bokmål词头/词性/核心义项","Bokmålsordboka","https://ordbokene.no/bm/be","2026-09-24"
"A2候选；Bokmålsordboka词形待核","prate","å prate","单词","动词","A2","交流与语言","聊天；交谈；闲谈","å prate · prater · pratet / prata · pratet / prata","Jeg pratet med naboen utenfor butikken. / Vi satt og pratet om ferien.","我在商店外和邻居聊了会儿。 / 我们坐着聊假期。","","日常非正式交谈场景中的常用动词，暂标 A2","来源已登记：词头/词性/核心义项","词头/词性/核心义项","Bokmålsordboka","https://ordbokene.no/bm/prate","2026-09-24"
"Bokmålsordboka/Ordbank：名词词形与消息/声誉义项","rykte","et rykte","单词","名词","A2","交流与语言","传闻；谣言；名声（依语境）","et rykte · ryktet · rykter · rykta / ryktene","Det går rykter om at butikken skal stenge. / Restauranten har et godt rykte.","有传言说这家店要关门。 / 这家餐馆口碑很好。","","转述消息和谈论名声时常用的名词，暂标 A2","来源已登记：Bokmål词头/词性/核心义项","Bokmål词头/词性/核心义项","Bokmålsordboka","https://ordbokene.no/bm/rykte","2026-09-24"
"Bokmålsordboka：动词主要句法义项及变位","svare","å svare","单词","动词","A2","交流与语言","回答；回复；回应","å svare · svarer · svarte · har svart","Hun svarer på e-posten med en gang. / Jeg svarte læreren at jeg var syk.","她马上回复这封邮件。 / 我回答老师说我病了。","","问答交流中的高频基础动词，暂标 A2","来源已登记：词头/词性/核心义项","词头/词性/核心义项","Bokmålsordboka","https://ordbokene.no/bm/svare","2026-09-24"
"Bokmålsordboka/Ordbank：动词词形、口语语用说明","tulle","å tulle","单词","动词","A2","交流与语言","开玩笑；胡闹；瞎弄","å tulle · tuller · tullet · har tullet","Slapp av, jeg bare tuller. / Ikke tull med den varme ovnen.","放轻松，我只是开玩笑。 / 别乱碰那台热烤箱。","","日常玩笑和熟人交流中常用的口语动词，暂标 A2","来源已登记：Bokmål词头/词性/核心义项","Bokmål词头/词性/核心义项","Bokmålsordboka","https://ordbokene.no/bm/tulle","2026-09-24"
"A2候选；Bokmålsordboka词形待核","uttale","uttale","单词","动词","A2","交流与语言","发音；读出（某个词/音）","å uttale · uttaler · uttalte · uttalt","Hvordan uttaler man dette ordet? / Hun uttalte navnet mitt tydelig.","这个词怎么发音？ / 她把我的名字读得很清楚。","","语言学习常用动词，暂标 A2","来源已登记：词头/词性/核心义项","词头/词性/核心义项","Bokmålsordboka","https://ordbokene.no/bm/uttale","2026-09-24"
"A2候选；Bokmålsordboka词形待核","peke","å peke","单词","动词","A2","交流与指示","指；指向；指出","å peke · peker · pekte · har pekt","Kan du peke på stedet på kartet? / Læreren pekte på tavla mens hun forklarte.","你能在地图上指出那个地方吗？ / 老师讲解时指着黑板。","","日常说明位置、对象和方向的常用动词，暂标 A2","来源已登记：词头/词性/核心义项","词头/词性/核心义项","Bokmålsordboka","https://ordbokene.no/bm/peke","2026-09-24"
"A2候选；Bokmålsordboka词形待核","bagasjerom","et bagasjerom","单词","名词","A2","交通与出行","（汽车）行李舱；后备箱","et bagasjerom · bagasjerommet · bagasjerom · bagasjerommene","Kan du legge kofferten i bagasjerommet? / Bilen har et stort bagasjerom.","你能把行李箱放进后备箱吗？ / 这辆车的后备箱很大。","","汽车旅行和日常交通常见复合名词，暂标 A2","来源已登记：词头/词性/核心义项","词头/词性/核心义项","Bokmålsordboka","https://ordbokene.no/bm/bagasjerom","2026-09-24"
"Bokmålsordboka/Ordbank：阳性复合名词词形","flybillett","en flybillett","单词","名词","A2","交通与出行","机票；乘飞机旅行的票证","en flybillett · flybilletten · flybilletter · flybillettene","Jeg må bestille en flybillett til Bergen. / Flybilletten ligger i e-posten min.","我得订一张去卑尔根的机票。 / 机票在我的电子邮件里。","","出行计划、订票和机场沟通中的实用复合名词，暂标 A2","来源已登记：词头/词性/核心义项","词头/词性/核心义项","Bokmålsordboka","https://ordbokene.no/bm/flybillett","2026-09-24"
"Bokmålsordboka/Ordbank：阳性名词词形及交通义项","sykkel","en sykkel","单词","名词","A2","交通与出行","自行车；（体育语境）自行车运动","en sykkel · sykkelen · sykler · syklene","Jeg låner en sykkel på hotellet. / Sykkelen står utenfor butikken.","我在酒店借了一辆自行车。 / 自行车停在商店外面。","","日常交通、户外活动和出行对话中的基础名词，暂标 A2","来源已登记：词头/词性/核心义项","词头/词性/核心义项","Bokmålsordboka","https://ordbokene.no/bm/sykkel","2026-09-24"
"Bokmålsordboka/Ordbank：规则动词词形及交通搭配","sykle","å sykle","单词","动词","A2","交通与出行","骑自行车；骑车出行；用自行车运送","å sykle · sykler · syklet · har syklet","Hun sykler til jobben hver dag. / Vi syklet langs fjorden i går. / I går syklet vi flere mil.","她每天骑车上班。 / 我们昨天沿着峡湾骑行。 / 昨天我们骑行了好几十公里。","https://ordbokene.no/bm/sykle","描述骑行、通勤和户外出行时的高频动作动词，暂标 A2","来源已登记：词头/词性/核心义项","词头/词性/核心义项","Bokmålsordboka","https://ordbokene.no/bm/sykle","2026-09-24"
"A2候选；Bokmålsordboka词形待核","parkeringsplass","en parkeringsplass","单词","名词","A2","交通与地点","停车位；停车场/停车区域（依范围）","en parkeringsplass · parkeringsplassen · parkeringsplasser · parkeringsplassene","Vi fant en ledig parkeringsplass utenfor butikken. / Bilen står på parkeringsplassen bak huset. / Det var fullt på parkeringsplassen.","我们在商店外找到一个空停车位。 / 车停在房子后面的停车场。 / 停车场当时已经满了。","https://ordbokene.no/bm/44227","开车、购物和城市地点常见名词，暂标 A2","来源已登记：词头/词性/核心义项","词头/词性/核心义项","Bokmålsordboka","https://ordbokene.no/bm/parkeringsplass","2026-09-24"
"A2 候选；透明复合词，Bokmål 构词及规则变格","dagsbillett","en dagsbillett","单词","名词","A2","交通与票务","日票；当天有效的票/通票","en dagsbillett · dagsbilletten · dagsbilletter · dagsbillettene","Kan jeg kjøpe en dagsbillett her? / Dagsbilletten gjelder på alle bussene i sentrum.","我可以在这里买一张日票吗？ / 这张日票在市中心所有公交车上都有效。","","购票和城市交通场景中的实用复合名词，暂标 A2","来源已登记：词头/词性/核心义项","词头/词性/核心义项","Bokmålsordboka","https://ordbokene.no/bm/dagsbillett","2026-09-24"
"A2 候选；透明复合词，Bokmål 构词及规则变格","helårskort","et helårskort","单词","名词","A2","交通与票务","全年卡；有效期覆盖一整年的通票或会员卡（依服务）","et helårskort · helårskortet · helårskort · helårskortene","Hun kjøpte et helårskort til svømmehallen. / Helårskortet lønner seg hvis du trener ofte.","她买了一张游泳馆年卡。 / 如果你经常锻炼，年卡就很划算。","","讨论交通/场馆长期票务时实用的复合名词，暂标 A2","来源已登记：词头/词性/核心义项","词头/词性/核心义项","Bokmålsordboka","https://ordbokene.no/bm/hel%C3%A5rskort","2026-09-24"
"A2候选；Bokmålsordboka词形待核","sete","et sete","单词","名词","A2","交通与设施","座位；席位；（身体）臀部（依语境）","et sete · setet · seter · setene","Kan jeg få et sete ved vinduet? / Alle setene på toget var opptatt. / Bussen har 40 seter.","我可以要一个靠窗的座位吗？ / 火车上所有座位都有人了。 / 这辆公交车有 40 个座位。","https://ordbokene.no/bm/sete","交通、家居和公共设施中的常见名词，暂标 A2","来源已登记：词头/词性/核心义项","词头/词性/核心义项","Bokmålsordboka","https://ordbokene.no/bm/sete","2026-09-24"
"Bokmålsordboka/Ordbank：规则动词词形与用法","parkere","å parkere","单词","动词","A2","交通与停车","停车；把车辆停放在某处；（引申）暂搁置","å parkere · parkerer · parkerte · har parkert","Hvor kan jeg parkere bilen? / Hun parkerte utenfor hotellet. / Vi parkerer bilen her.","我可以把车停在哪里？ / 她把车停在酒店外面。 / 我们把车停在这里。","https://ordbokene.no/bm/parkere","开车、停车场和交通安排中的实用动词，暂标 A2","来源已登记：词头/词性/核心义项","词头/词性/核心义项","Bokmålsordboka","https://ordbokene.no/bm/parkere","2026-09-24"
"A2候选；Bokmålsordboka词形待核","rute","en rute","单词","名词","A2","交通与物品","路线/班次；窗格/方格（依词义和语境）","en rute · ruten · ruter · rutene","Bussen følger en fast rute gjennom sentrum. / En rute i vinduet var knust. / SAS flyr ruten Oslo–New York.","公交车沿着固定路线穿过市中心。 / 窗户的一块玻璃碎了。 / SAS运营奥斯陆—纽约航线。","https://ordbokene.no/nno/bm/rute","交通、路线和日常物品语境中的多义名词，暂标 A2","来源已登记：词头/词性/核心义项","词头/词性/核心义项","Bokmålsordboka","https://ordbokene.no/bm/rute","2026-09-24"
"Bokmålsordboka/Ordbank：阳性/阴性名词词形与活动义项","sykling","en sykling","单词","名词","A2","交通与运动","骑自行车；骑行活动/自行车运动","en sykling · syklingen · syklinger · syklingene","Sykling er en fin måte å komme seg til skolen på. / Syklingen langs kysten tok hele dagen. / De vil legge bedre til rette for gåing og sykling.","骑车是去学校的一种好方式。 / 沿海骑行花了整整一天。 / 他们想为步行和骑行创造更好的条件。","https://ordbokene.no/bm/sykling","谈运动、通勤方式和户外活动的常见名词，暂标 A2","来源已登记：词头/词性/核心义项","词头/词性/核心义项","Bokmålsordboka","https://ordbokene.no/bm/sykling","2026-09-24"
"A2候选；Bokmålsordboka词形待核","tavle","en tavle","单词","名词","A2","教室与课堂","黑板；白板；告示板","en tavle · tavla / tavlen · tavler · tavlene","Læreren skriver tre nye ord på tavla. / Det står en beskjed på tavlen.","老师在黑板上写了三个新单词。 / 板上有一条通知。","","教室常见物品，暂标 A2","来源已登记：词头/词性/核心义项","词头/词性/核心义项","Bokmålsordboka","https://ordbokene.no/bm/tavle","2026-09-24"
"Bokmålsordboka/Ordbank：阳性/阴性名词词形及教育义项","utdanning","ei utdanning","单词","名词","A2","教育与职业","教育；学历；所受培训；教育背景","en utdanning · utdanningen / utdanninga · utdanninger · utdanningene","Hun tar en utdanning innenfor helse. / Arbeidsgiveren spurte om utdanningen min.","她正在接受医疗健康领域的专业教育。 / 雇主询问了我的教育背景。","","谈论学习经历、学历和职业资格的高频抽象名词，暂标 A2","来源已登记：词头/词性/核心义项","词头/词性/核心义项","Bokmålsordboka","https://ordbokene.no/bm/utdanning","2026-09-24"
"NTNU NoW Vocabulary list 06A；课程人物与专业词汇","arkitektstudent","en arkitektstudent","单词","名词","A2","教育与专业","建筑专业学生；建筑系学生","en arkitektstudent · arkitektstudenten · arkitektstudenter · arkitektstudentene","Hun er arkitektstudent ved Universitetet i Oslo. / Arkitektstudentene arbeider med en modell av et hus.","她是奥斯陆大学的建筑专业学生。 / 建筑系学生们正在制作一栋房子的模型。","","介绍大学学习和专业身份的课程词；按 NoW 章节暂标 A2","来源已登记：词头/词性/核心义项","词头/词性/核心义项","Bokmålsordboka","https://ordbokene.no/bm/arkitektstudent","2026-09-24"
"Bokmålsordboka 词条核验；词形按规范范式","tradisjon","en tradisjon","单词","名词","A2","节日与传统","传统；惯例；习俗","en tradisjon · tradisjonen · tradisjoner · tradisjonene","Det er en tradisjon i familien vår å spise grøt på julaften. / Tradisjonen går tilbake til besteforeldrene mine.","我们家有个传统：平安夜吃粥。 / 这个传统可以追溯到我的祖父母那一代。","","描述家庭和社会习俗的常见抽象名词，暂标 A2","来源已登记：词头/词性/核心义项","词头/词性/核心义项","Bokmålsordboka","https://ordbokene.no/bm/tradisjon","2026-09-24"
"课程候选；透明复合词，构词与词形人工复核","juletradisjon","en juletradisjon","单词","名词","A2","节日与家庭习俗","圣诞传统；圣诞节习俗","en juletradisjon · juletradisjonen · juletradisjoner · juletradisjonene","Å gå rundt juletreet er en gammel juletradisjon. / Familiene har ulike juletradisjoner.","围着圣诞树跳舞是一项古老的圣诞传统。 / 各个家庭有不同的圣诞习俗。","","介绍节日习俗和家庭生活时常用的复合名词，暂标 A2","来源已登记：词头/词性/核心义项","词头/词性/核心义项","Bokmålsordboka","https://ordbokene.no/bm/juletradisjon","2026-09-24"
"A2候选；Bokmålsordboka词形待复核","jul","ei/en jul","单词","名词","A2","节日与庆祝","圣诞节；圣诞节期间","en jul · jula / julen · juler · julene","Vi skal feire jul sammen med familien. / Butikkene har kortere åpningstid i jula.","我们要和家人一起过圣诞节。 / 商店在圣诞节期间营业时间更短。","","挪威文化和家庭生活常见节日词，暂标 A2","来源已登记：词头/词性/核心义项","词头/词性/核心义项","Bokmålsordboka","https://ordbokene.no/nno/search?dict=bm%2Cnn&q=+jul&scope=eif","2026-09-24"
"A2候选；Bokmålsordboka词形待复核","julaften","en julaften","单词","名词","A2","节日与庆祝","圣诞前夜；平安夜（挪威通常指12月24日）","en julaften · julaftenen · julaftener · julaftenene","Vi spiser middag hos besteforeldrene på julaften. / Barna åpner gavene etter middagen på julaften.","平安夜我们在祖父母家吃晚饭。 / 孩子们在平安夜晚饭后打开礼物。","","挪威圣诞文化中的核心日期词，暂标 A2","来源已登记：词头/词性/核心义项","词头/词性/核心义项","Bokmålsordboka","https://ordbokene.no/bm%2Cnn/julaften","2026-09-24"
"A2候选；Bokmålsordboka词形待核","julebord","et julebord","单词","名词","A2","节日与庆祝","圣诞聚餐；圣诞派对；圣诞自助餐（依语境）","et julebord · julebordet · julebord · julebordene","Jobben arrangerer julebord for alle ansatte i desember. / Vi skal på julebord med kollegene på fredag.","公司十二月为所有员工举办圣诞聚餐。 / 星期五我们要和同事去参加圣诞聚餐。","","挪威职场和节日文化中的常见词，暂标 A2","来源已登记：词头/词性/核心义项","词头/词性/核心义项","Bokmålsordboka","https://ordbokene.no/bm/julebord","2026-09-24"
"A2候选；Bokmålsordboka词形待复核","julegave","en julegave","单词","名词","A2","节日与庆祝","圣诞礼物","en julegave · julegaven · julegaver · julegavene","Jeg må kjøpe en julegave til søsteren min. / Barna pakker opp julegavene etter middagen.","我得给姐姐/妹妹买一份圣诞礼物。 / 孩子们晚饭后拆圣诞礼物。","","节庆和送礼场景常见复合名词，暂标 A2","来源已登记：词头/词性/核心义项","词头/词性/核心义项","Bokmålsordboka","https://ordbokene.no/bm/julegave","2026-09-24"
"A2候选；Bokmålsordboka词形待核","julekveld","en julekveld","单词","名词","A2","节日与庆祝","圣诞夜晚；圣诞节的夜间时段","en julekveld · julekvelden · julekvelder · julekveldene","Vi ser på TV sammen på julekvelden. / Det var en rolig julekveld hjemme hos oss.","圣诞夜我们一起看电视。 / 我们家度过了一个宁静的圣诞夜。","","描述圣诞节期间家庭活动的名词，暂标 A2","来源已登记：词头/词性/核心义项","词头/词性/核心义项","Bokmålsordboka","https://ordbokene.no/bm/julekveld","2026-09-24"
"A2候选；Bokmålsordboka词形待核","julemiddag","en julemiddag","单词","名词","A2","节日与庆祝","圣诞晚餐；圣诞节的正式餐食","en julemiddag · julemiddagen · julemiddager · julemiddagene","Vi spiser julemiddag hos foreldrene mine på julaften. / Julemiddagen består ofte av tradisjonelle retter.","平安夜我们在我父母家吃圣诞晚餐。 / 圣诞晚餐通常由传统菜肴组成。","","挪威家庭圣诞饮食文化常见复合名词，暂标 A2","来源已登记：词头/词性/核心义项","词头/词性/核心义项","Bokmålsordboka","https://ordbokene.no/bm/julemiddag","2026-09-24"
"A2候选；Bokmålsordboka词形待核","julestemning","ei/en julestemning","单词","名词","A2","节日与庆祝","圣诞气氛；圣诞节的节日氛围","ei julestemning · julestemninga · julestemningen · julestemninger · julestemningene","Julelysene skaper julestemning i gata. / Jeg får julestemning når jeg hører denne sangen.","圣诞灯饰让街上充满了圣诞气氛。 / 听到这首歌时，我就感受到圣诞气氛了。","","表达节日气氛和感受的复合名词，暂标 A2","来源已登记：词头/词性/核心义项","词头/词性/核心义项","Bokmålsordboka","https://ordbokene.no/bm/julestemning","2026-09-24"
"A2候选；Bokmålsordboka词形待核","juletre","et juletre","单词","名词","A2","节日与庆祝","圣诞树","et juletre · juletreet · juletrær · juletrærne","Vi pynter juletreet sammen første søndag i advent. / Juletreet står ved vinduet i stua.","降临节第一主日，我们一起装饰圣诞树。 / 圣诞树摆在客厅窗边。","","家庭圣诞装饰和传统相关名词，暂标 A2","来源已登记：词头/词性/核心义项","词头/词性/核心义项","Bokmålsordboka","https://ordbokene.no/bm/juletre","2026-09-24"
"课程候选；透明复合词，构词与词形人工复核","juleblomst","en juleblomst","单词","名词","A2","节日与植物","圣诞花；圣诞节期间常见的观赏花卉","en juleblomst · juleblomsten · juleblomster · juleblomstene","Vi kjøper en juleblomst til bestemor. / Juleblomstene står i vinduet.","我们给奶奶买一盆圣诞花。 / 圣诞花摆在窗台上。","","节日装饰、礼物和冬季生活话题中的具体名词，暂标 A2","来源已登记：课程词头/词性/英文核心义项/课文单元","课程词头/词性/英文核心义项/课文单元","NTNU LearnNoW 词汇表","https://www.ntnu.edu/learnnow/vocabulary/list","2026-09-24"
"Bokmålsordboka（词头、词性及主要义项）","bryllup","et bryllup","单词","名词","A2","节日与重要事件","婚礼；婚宴；婚礼庆典","et bryllup · bryllupet · bryllup · bryllupene","Søsteren hennes skal gifte seg i juni, og vi skal i bryllup. / Bryllupet var lite, men veldig hyggelig.","她姐姐（或妹妹）六月要结婚，我们会去参加婚礼。 / 婚礼规模不大，但非常愉快。","","家庭和社会重要事件主题词，暂标 A2","来源已登记：词头/词性/核心义项","词头/词性/核心义项","Bokmålsordboka","https://ordbokene.no/bm/bryllup","2026-09-24"
"课程候选；透明复合词，构词与词形人工复核","julekule","ei julekule","单词","名词","A2","节日与装饰","圣诞球；圣诞树装饰球","en julekule · julekula · julekuler · julekulene","Barna henger julekuler på treet. / Den røde julekula falt ned.","孩子们把圣诞球挂到树上。 / 那个红色圣诞球掉下来了。","","节日、家庭布置和购物话题中的具体名词，暂标 A2","来源已登记：词头/词性/核心义项","词头/词性/核心义项","Bokmålsordboka","https://ordbokene.no/bm/julekule","2026-09-24"
"A2候选；Bokmålsordboka词形待核","gudstjeneste","en gudstjeneste","单词","名词","A2","节日与宗教","礼拜；宗教仪式；教会礼拜活动","en gudstjeneste · gudstjenesten · gudstjenester · gudstjenestene","Besteforeldrene går i kirken på gudstjeneste hver søndag. / Kirken holder en kort gudstjeneste på julaften.","祖父母每个星期天都去教堂参加礼拜。 / 教堂在平安夜举行一场简短的礼拜。","","宗教活动、节日与文化语境中的常用名词，暂标 A2","来源已登记：词头/词性/核心义项","词头/词性/核心义项","Bokmålsordboka","https://ordbokene.no/bm/gudstjeneste","2026-09-24"
"A2候选；Bokmålsordboka词形待核","eksempel","et eksempel","单词","名词","A2","解释与举例","例子；实例；范例","et eksempel · eksempelet · eksempler · eksemplene","Kan du gi et eksempel på et sterkt verb? / For eksempel kan vi ta bussen.","你能举一个强变化动词的例子吗？ / 例如，我们可以坐公交车。","","课堂说明与日常解释中的高频名词，暂标 A2","来源已登记：词头/词性/核心义项","词头/词性/核心义项","Bokmålsordboka","https://ordbokene.no/bm/eksempel","2026-09-24"
"NTNU NoW Vocabulary list 06P；Bokmålsordboka 中性名词词形","lån","et lån","单词","名词","A2","借贷与付款","贷款；借款；借来的东西（依语境）","et lån · lånet · lån · lånene","De tok opp et lån for å kjøpe leilighet. / Jeg må betale renter på lånet hver måned.","他们贷款买了公寓。 / 我每个月都要支付这笔贷款的利息。","","住房、学习和个人经济场景常见名词；课程暂列 A2","来源已登记：词头/词性/核心义项","词头/词性/核心义项","Bokmålsordboka","https://ordbokene.no/bm/l%C3%A5n","2026-09-24"
"A2候选；Bokmålsordboka词形待核","låne","å låne","单词","动词","A2","借用与归还","借；借用；借给（方向依搭配判断）","å låne · låner · lånte · lånt","Kan jeg låne en bok av deg? / Hun lånte bort sykkelen sin til naboen.","我可以向你借一本书吗？ / 她把自己的自行车借给了邻居。","","家庭、图书馆和日常交易中常见动词，暂标 A2","来源已登记：词头/词性/核心义项","词头/词性/核心义项","Bokmålsordboka","https://ordbokene.no/bm/l%C3%A5ne","2026-09-24"
"Bokmålsordboka / NTNU LearnNoW","tohundrelapp","en tohundrelapp","单词","名词","A2","金钱与购物","一张200克朗纸币","en tohundrelapp · tohundrelappen · tohundrelapper · tohundrelappene","Jeg betaler med en tohundrelapp. / Hun får to tohundrelapper tilbake.","我用一张200克朗纸币付款。 / 她拿回两张200克朗纸币。","","在咖啡馆及日常付款语境中学习现金面额；暂标 A2","来源已登记：Bokmålsordboka词头/词性/词形/核心义项","Bokmålsordboka词头/词性/词形/核心义项","Bokmålsordboka / NTNU LearnNoW","https://ordbokene.no/bm/tohundrelapp","2026-09-24"
"Bokmålsordboka/Ordbank：中性名词词形","budsjett","et budsjett","单词","名词","A2","金钱与计划","预算；收支计划","et budsjett · budsjettet · budsjetter · budsjettene","Vi må lage et budsjett for ferien. / Prosjektet holdt seg innenfor budsjettet.","我们得为假期做一份预算。 / 这个项目没有超出预算。","","家庭消费、项目计划和工作场景中的常见名词，暂标 A2","来源已登记：词头/词性/核心义项","词头/词性/核心义项","Bokmålsordboka","https://ordbokene.no/bm/budsjett","2026-09-24"
"A2候选；Bokmålsordboka词形待核","bank","en bank","单词","名词","A2","金融与地点","银行；（海域）浅滩；沙洲（常见于复合词）","en bank · banken · banker · bankene","Jeg må gå i banken før den stenger. / Båten kom nær en sandbank.","银行关门前我得去一趟。 / 船靠近了一处沙洲。","","日常金融与地点表达高频名词，暂标 A2","来源已登记：词头/词性/核心义项","词头/词性/核心义项","Bokmålsordboka","https://ordbokene.no/bm/bank","2026-09-24"
"Bokmålsordboka（词头、词性及主要义项）","oppleve","å oppleve","单词","动词","A2","经历与感受","经历；体验；感受到；认为/感受某种处境","oppleve · opplever · opplevde · opplevd","Vi opplevde mye spennende på reisen til Tromsø. / Hvordan opplever du den nye jobben?","我们在特罗姆瑟之旅中经历了很多有趣的事。 / 你觉得这份新工作怎么样？","","描述旅行经历、生活体验和个人感受的实用动词，暂标 A2","来源已登记：Bokmål词头/词性/核心义项","Bokmål词头/词性/核心义项","Bokmålsordboka","https://ordbokene.no/bm/oppleve","2026-09-24"
"NTNU NoW Vocabulary list 09B；Bokmålsordboka 名词词形","minibar","en minibar","单词","名词","A2","酒店与住宿","迷你吧；酒店房间内的小型饮料/零食冰箱","en minibar · minibaren · minibarer · minibarene","Vannet i minibaren koster ekstra. / Det står en minibar på hotellrommet.","迷你吧里的水需要额外付费。 / 酒店房间里有一个迷你吧。","","酒店房间设施相关实用名词；按 NoW 章节暂标 A2","来源已登记：课程词头/名词性别或词类/英文义项/词形/章节","课程词头/名词性别或词类/英文义项/词形/章节","NTNU NoW 词汇表","https://www.ntnu.edu/now/vocabulary/list","2026-09-24"
"A2候选；Bokmålsordboka词形待核","behandle","å behandle","单词","动词","A2","就医与处理","治疗；处理；对待；加工（依语境）","å behandle · behandler · behandlet / behandla · behandlet / behandla","Legen behandler pasienter med allergi. / Kommunen behandler søknaden min denne uka.","医生治疗过敏患者。 / 市政府这周处理我的申请。","","就医、对待他人和处理事务时常用多义动词，暂标 A2","来源已登记：词头/词性/核心义项","词头/词性/核心义项","Bokmålsordboka","https://ordbokene.no/bm/behandle","2026-09-24"
"NTNU NoW Vocabulary list 08B；Bokmålsordboka 名词词形","legevakt","en legevakt","单词","名词","A2","就医与急诊","值班急诊医疗服务；急诊门诊（非危及生命时）","en legevakt · legevakten · legevakter · legevaktene","Ring legevakta hvis du trenger rask medisinsk hjelp. / Hun dro til legevakten etter at hun falt.","如果你需要尽快获得医疗帮助，可以联系值班急诊服务。 / 她摔倒后去了急诊门诊。","","挪威日常医疗服务场景常见词；按 NoW 章节暂标 A2","来源已登记：Bokmål词头/词性/核心义项","Bokmål词头/词性/核心义项","Bokmålsordboka","https://ordbokene.no/bm/legevakt","2026-09-24"
"NTNU NoW Vocabulary list 08B；课程复合名词","legevaktsentral","en legevaktsentral","单词","名词","A2","就医与急诊","值班急诊医疗服务的电话中心/调度中心","en legevaktsentral · legevaktsentralen · legevaktsentraler · legevaktsentralene","Legevaktsentralen ba meg komme inn til vurdering. / Du kan ringe legevaktsentralen for råd.","值班急诊电话中心让我过去接受评估。 / 你可以打电话给值班急诊中心咨询。","","电话联系值班急诊服务时会遇到的词；按 NoW 章节暂标 A2","来源已登记：课程词头/名词性别或词类/英文义项/词形/章节","课程词头/名词性别或词类/英文义项/词形/章节","NTNU NoW 词汇表","https://www.ntnu.edu/now/vocabulary/list","2026-09-24"
"A2候选；Bokmålsordboka词形待核","blodprøve","en blodprøve","单词","名词","A2","就医与检查","血液检查；血样；抽血化验","en blodprøve · blodprøven · blodprøver · blodprøvene","Legen vil ta en blodprøve på torsdag. / Blodprøven viste at jernnivået var lavt.","医生想在星期四给我抽血化验。 / 血液检查显示铁含量偏低。","","看医生、化验和健康检查的高频复合名词，暂标 A2","来源已登记：词头/词性/核心义项","词头/词性/核心义项","Bokmålsordboka","https://ordbokene.no/bm/blodpr%C3%B8ve","2026-09-24"
"A2候选；Bokmålsordboka词形待核","legeattest","en legeattest","单词","名词","A2","就医与文件","医生证明；医疗证明；病假证明","en legeattest · legeattesten · legeattester · legeattestene","Skolen ber om en legeattest etter langvarig fravær. / Jeg leverte legeattesten til arbeidsgiveren.","长期缺课后，学校要求提供医生证明。 / 我把医生证明交给了雇主。","","就医、学校和工作请假场景的实用复合名词，暂标 A2","来源已登记：词头/词性/核心义项","词头/词性/核心义项","Bokmålsordboka","https://ordbokene.no/bm/legeattest","2026-09-24"
"A2候选；Bokmålsordboka词形待核","legeerklæring","en legeerklæring","单词","名词","A2","就医与文件","医生声明；医疗情况说明；医师证明","en legeerklæring · legeerklæringen · legeerklæringer · legeerklæringene","Legen skrev en legeerklæring til forsikringsselskapet. / Arbeidsgiveren ba om en legeerklæring.","医生给保险公司写了一份医疗情况说明。 / 雇主要求提供医生证明。","","健康服务与行政沟通相关名词，暂标 A2","来源已登记：词头/词性/核心义项","词头/词性/核心义项","Bokmålsordboka","https://ordbokene.no/bm/legeerklæring","2026-09-24"
"Bokmålsordboka：副词两项主要义项","hjemmefra","hjemmefra","单词","副词","A2","居家与工作","离家；从家里（作为工作地点）","hjemmefra","Jeg drar hjemmefra klokka sju. / Hun jobber hjemmefra på fredager.","我七点离开家。 / 她周五在家办公。","","日常出行和远程工作场景中的实用副词，暂标 A2","来源已登记：词头/词性/核心义项","词头/词性/核心义项","Bokmålsordboka","https://ordbokene.no/bm/hjemmefra","2026-09-24"
"Bokmålsordboka/Ordbank：阳性名词词形与活动义项","fest","en fest","单词","名词","A2","聚会与庆祝","聚会；派对；庆祝活动","en fest · festen · fester · festene","Vi skal ha en liten fest på lørdag. / Festen begynte klokka sju.","我们星期六要办一个小聚会。 / 聚会七点开始。","","生日、家庭活动和社交安排中的常见名词，暂标 A2","来源已登记：词头/词性/核心义项","词头/词性/核心义项","Bokmålsordboka","https://ordbokene.no/bm/fest","2026-09-24"
"Bokmålsordboka/Ordbank：规则动词词形及搭配; Tema: fremtid · 课本专题","starte","å starte","单词","动词","A2","开始与结束 / 未来计划与目标","开始；启动；着手；发动","å starte · starter · startet / starta · startet / starta","Kurset starter neste mandag. / Han startet en ny jobb i august. / Jeg skal starte et nytt prosjekt.","课程下周一开始。 / 他八月开始了一份新工作。 / 我准备开始一个新项目。","","开始活动、课程、工作和设备运作时常用的基础动词，暂标 A2","来源已登记：词头/词性/核心义项","词头/词性/核心义项","Bokmålsordboka","https://ordbokene.no/bm/starte","2026-09-24"
"Bokmålsordboka/Ordbank：阳性名词词形与挪威医疗语境","fastlege","en fastlege","单词","名词","A2","看医生与就医","家庭医生；固定全科医生（挪威医疗体系中的登记医生）","en fastlege · fastlegen · fastleger · fastlegene","Jeg bestilte time hos fastlegen fordi jeg hadde feber. / Fastlegen kan henvise deg til en spesialist.","我因为发烧预约了家庭医生。 / 家庭医生可以把你转诊给专科医生。","","挪威初级就医沟通的重要制度/职业词，暂标 A2","来源已登记：词头/词性/核心义项","词头/词性/核心义项","Bokmålsordboka","https://ordbokene.no/bm/fastlege","2026-09-24"
"Bokmålsordboka/Ordbank：阳性名词词形与医疗义项","pasient","en pasient","单词","名词","A2","看医生与就医","病人；患者；接受医疗照护的人","en pasient · pasienten · pasienter · pasientene","Pasienten venter på legen på venterommet. / Sykehuset tar imot mange pasienter hver dag.","患者正在候诊室等医生。 / 医院每天接收许多患者。","","就医、医院和健康服务场景中的常见人物名词，暂标 A2","来源已登记：词头/词性/核心义项","词头/词性/核心义项","Bokmålsordboka","https://ordbokene.no/bm/pasient","2026-09-24"
"Bokmålsordboka/Ordbank：阳性名词词形和职业义项","tannlege","en tannlege","单词","名词","A2","看医生与就医","牙医；牙科医生","en tannlege · tannlegen · tannleger · tannlegene","Jeg skal til tannlegen på torsdag. / Tannlegen undersøkte tennene mine.","我星期四要去看牙医。 / 牙医检查了我的牙齿。","","就医、牙齿护理和预约场景中的实用职业名词，暂标 A2","来源已登记：词头/词性/核心义项","词头/词性/核心义项","Bokmålsordboka","https://ordbokene.no/bm/tannlege","2026-09-24"
"app.js · 核心名词; Bokmålsordboka（词头、词性及主要义项）","lege","en lege","单词","名词","A2","看医生与就医 / 健康与看医生","医生；医师","en lege · legen · leger · legene","Jeg må bestille time hos legen. / Legen undersøker barnet. / Jeg skal snakke med legen.","我得预约看医生。 / 医生在给孩子检查。 / 我准备和医生谈谈。","","就医核心人物词，按初级课程交际任务暂标 A2","来源已登记：词头/词性/核心义项","词头/词性/核心义项","Bokmålsordboka","https://ordbokene.no/bm/lege","2026-09-24"
"A2候选；Bokmålsordboka词形待核","prøve","en prøve","单词","名词","A2","考试与尝试","试；试用、测试；试穿；尝试、试着做；考查（依搭配）","en prøve · prøven · prøver · prøvene","Jeg prøvde å komme tidsnok.","我试着准时赶到。","https://ordbokene.no/nob/bm/pr%C3%B8ve","学校测验、考试和产品尝试语境常见名词，暂标 A2","来源已登记：词头/词性/核心义项","词头/词性/核心义项","Bokmålsordboka","https://ordbokene.no/bm/pr%C3%B8ve","2026-09-24"
"A2候选；Bokmålsordboka词形待核","kjemisk","kjemisk","单词","形容词","A2","科学与材料","化学的；化学制品的；由化学过程产生的","kjemisk · kjemisk · kjemiske","Noen vaskemidler inneholder sterke kjemiske stoffer. / Studentene lærte om en kjemisk reaksjon i laboratoriet.","一些清洁剂含有强效化学物质。 / 学生们在实验室学习了一种化学反应。","","科学、清洁用品和材料说明中常见形容词，暂标 A2","来源已登记：词头/词性/阳性阴性与中性形式/复数形式/中文义项","词头/词性/阳性阴性与中性形式/复数形式/中文义项","Bokmålsordboka（词头/词形）；NTNU LearnNoW2（-isk 中性形规则）","https://ordbokene.no/bm/kjemisk","2026-09-24"
"A2候选；Bokmålsordboka词形待核","laboratorium","et laboratorium","单词","名词","A2","科学与学习","实验室；化验室","et laboratorium · laboratoriet · laboratorier · laboratoriene","Studentene gjør et forsøk på laboratoriet. / Blodprøvene sendes til et laboratorium.","学生们在实验室做一项实验。 / 血液样本会被送到一家化验室。","","学校、科研和医疗检查场景相关名词，暂标 A2","来源已登记：词头/词性/核心义项","词头/词性/核心义项","Bokmålsordboka","https://ordbokene.no/bm/laboratorium","2026-09-24"
"NTNU NoW Vocabulary list 07B；课程名词与中性词形","begynnerkurs","et begynnerkurs","单词","名词","A2","课程与学习","初级课程；入门班","et begynnerkurs · begynnerkurset · begynnerkurs · begynnerkursene","Jeg meldte meg på et begynnerkurs i norsk. / Begynnerkurset starter neste uke.","我报名了一门挪威语入门课。 / 入门课程下周开始。","","介绍初级课程和学习安排的实用词；按 NoW 章节暂标 A2","来源已登记：词头/词性/核心义项","词头/词性/核心义项","Bokmålsordboka","https://ordbokene.no/bm/begynnerkurs","2026-09-24"
"A2候选；Bokmålsordboka词形待核","undervise","undervise","单词","动词","A2","课堂与教学","教；授课","å undervise · underviser · underviste · undervist","Hun underviser voksne i norsk. / Han underviste på en skole i mange år.","她教成年人挪威语。 / 他在一所学校教了很多年。","","教育与工作场景常见动词，暂标 A2","来源已登记：词头/词性/核心义项","词头/词性/核心义项","Bokmålsordboka","https://ordbokene.no/bm/undervise","2026-09-24"
"A2候选；Bokmålsordboka词条待核","aha","aha","单词","感叹词","A2","口语反应","啊哈；哦，原来如此；我明白了","aha","Aha, nå skjønner jeg hvordan appen fungerer. / Aha, så du kjente henne fra før.","啊哈，我现在明白这个应用怎么用了。 / 哦，原来你以前就认识她。","","表达理解、发现或恍然大悟的常见感叹词，暂标 A2","来源已登记：Bokmål词头/词性/核心义项","Bokmål词头/词性/核心义项","Bokmålsordboka","https://ordbokene.no/bm/aha","2026-09-24"
"A2候选；Bokmålsordboka词形待核","jippi","jippi","单词","感叹词","A2","口语反应","太好了；耶；好耶（兴奋或高兴时）","jippi","Jippi, vi skal til Tromsø i sommer! / Barna ropte jippi da de så snøen.","耶，我们今年夏天要去特罗姆瑟！ / 孩子们看到雪时高兴地喊了起来。","","表达开心、兴奋和庆祝的感叹词，暂标 A2","来源已登记：Bokmål词头/词性/核心义项","Bokmål词头/词性/核心义项","Bokmålsordboka","https://ordbokene.no/bm/jippi","2026-09-24"
"A2候选；Bokmålsordboka词形待核","nam","nam","单词","感叹词","A2","口语反应","好吃；真香；嗯，好吃！（口语感叹）","nam","Nam, den kaka var kjempegod! / Barna sa nam da de fikk varm kakao.","嗯，这个蛋糕太好吃了！ / 孩子们拿到热可可时开心地说真香。","","表达食物美味或期待吃东西的口语感叹词，暂标 A2","来源已登记：Bokmål词头/词性/核心义项","Bokmål词头/词性/核心义项","Bokmålsordboka","https://ordbokene.no/bm/nam","2026-09-24"
"Bokmålsordboka：动词词头、词义和变位","feire","å feire","单词","动词","A2","礼物与庆祝","庆祝；纪念；欢庆","å feire · feirer · feiret / feira · feiret / feira","Vi feirer bursdagen hennes på lørdag. / De feiret at sønnen hadde bestått eksamen.","我们星期六庆祝她的生日。 / 他们庆祝儿子通过了考试。","","生日、节日、里程碑和庆祝活动中的高频动词，暂标 A2","来源已登记：词头/词性/核心义项","词头/词性/核心义项","Bokmålsordboka","https://ordbokene.no/bm/feire","2026-09-24"
"Bokmålsordboka/Ordbank：名词词性与屈折","presang","en presang","单词","名词","A2","礼物与庆祝","礼物；赠礼","en presang · presangen · presanger · presangene","Hun fikk en presang av vennene sine. / Vi kjøpte presangen til bestemor sammen.","她收到了朋友们送的一份礼物。 / 我们一起给奶奶买了那份礼物。","","生日、节日和探访场景中的常见名词，暂标 A2","来源已登记：Bokmål词头/词性/核心义项","Bokmål词头/词性/核心义项","Bokmålsordboka","https://ordbokene.no/bm/presang","2026-09-24"
"Bokmålsordboka/Ordbank：动词词形与庆祝语境","skåle","å skåle","单词","动词","A2","礼物与庆祝","举杯；碰杯；祝酒","å skåle · skåler · skålte · har skålt","Vi skåler for det nye året. / De skålte med naboene etter middagen.","我们为新年举杯。 / 晚饭后他们和邻居们碰杯。","","聚会、节庆和表达祝愿时常用的动词，暂标 A2","来源已登记：Bokmål词头/词性/核心义项","Bokmål词头/词性/核心义项","Bokmålsordboka","https://ordbokene.no/bm/sk%C3%A5le","2026-09-24"
"A2候选；Bokmålsordboka词形待复核","skjønne","å skjønne","单词","动词","A2","理解与认知","理解；明白；懂得（常用于口语）","å skjønne · skjønner · skjønte · har skjønt","Nå skjønner jeg hvorfor du kom for sent. / Hun skjønte ikke beskjeden før læreren forklarte den.","现在我明白你为什么迟到了。 / 老师解释之前，她没理解那条通知。","","口语中常见的理解动词，暂标 A2","来源已登记：词头/词性/核心义项","词头/词性/核心义项","Bokmålsordboka","https://ordbokene.no/bm/skjønne","2026-09-24"
"Bokmålsordboka/Ordbank：从属连词词性与语序","fordi","fordi","单词","从属连词","A2","连接句子","因为；由于","fordi","Jeg tar bussen fordi det regner. / Fordi jeg er syk, blir jeg hjemme.","因为下雨，我坐公交车。 / 因为我生病了，所以待在家里。","","解释原因、连接主句和从句的高频连词，暂标 A2","来源已登记：Bokmål词头/词性/核心义项","Bokmål词头/词性/核心义项","Bokmålsordboka","https://ordbokene.no/bm/fordi","2026-09-24"
"A2候选；Bokmålsordboka词形待核","som","som","单词","从属连词","A2","连接与从句","如同；像；好像（连接方式/类比从句）","som","Gjør som læreren forklarer. / Det høres ut som om noen banker på.","照老师解释的那样做。 / 听起来好像有人在敲门。","","引出比较、方式或类比从句的常见连接词，暂标 A2","来源已登记：词头/词性/核心义项","词头/词性/核心义项","Bokmålsordboka","https://ordbokene.no/bm/som","2026-09-24"
"Bokmålsordboka（词头、词性及不同话语功能）","altså","altså","单词","副词","A2","连接与语气","所以；因此；也就是说；话说（依语境/语气）","altså","Bussen går ikke på søndager. Vi må altså ta toget. / Hun er altså den nye læreren vår.","公交星期天不运行，所以我们得坐火车。 / 也就是说，她就是我们的新老师。","","表达推论、转折说明和语气的高频副词，暂标 A2","来源已登记：词头/词性/核心义项","词头/词性/核心义项","Bokmålsordboka","https://ordbokene.no/bm/alts%C3%A5","2026-09-24"
"Bokmålsordboka（词头、词性及多种句法功能）","ellers","ellers","单词","副词","A2","连接与语气","否则；平常/其他时候；除此之外；另外（依语境）","ellers","Vi må gå nå, ellers kommer vi for sent. / Jeg er litt trøtt, men ellers går det bra.","我们现在得走了，否则会迟到。 / 我有点累，不过其他方面都挺好。","","日常对话中连接条件、补充和“其他情况”的高频副词，暂标 A2","来源已登记：Bokmål词头/词性/核心义项","Bokmål词头/词性/核心义项","Bokmålsordboka","https://ordbokene.no/bm/ellers","2026-09-24"
"Bokmålsordboka/Ordbank：副词词性、语义与语序","likevel","likevel","单词","副词","A2","连接与转折","仍然；还是；尽管如此；不过","likevel","Det regnet, men vi gikk likevel en tur. / Hun var trøtt. Likevel fortsatte hun å lese.","下雨了，不过我们还是出去散了步。 / 她很累。尽管如此，她还是继续读书。","","表示与预期相反或补充让步的常用副词，暂标 A2","来源已登记：词头/词性/核心义项","词头/词性/核心义项","Bokmålsordboka","https://ordbokene.no/bm/likevel","2026-09-24"
"app.js · 核心动词; Bokmålsordboka/Ordbank：规则动词词形及句型","øve","å øve","单词","动词","A2","练习与技能 / 学习与工作","练习；训练；排练","å øve · øver · øvde · øvd","Jeg øver på uttalen hver morgen. / Hun øvde til konserten i flere uker. / Jeg øver hver dag.","我每天早上练习发音。 / 她为音乐会排练了好几个星期。","","练习语言、音乐、运动或技能的基础高频动词，暂标 A2","来源已登记：词头/词性/核心义项","词头/词性/核心义项","Bokmålsordboka","https://ordbokene.no/bm/%C3%B8ve","2026-09-24"
"A2候选；Bokmålsordboka词形待核","hyttetur","en hyttetur","单词","名词","A2","旅行与户外","去小木屋的一趟旅行/短住","en hyttetur · hytteturen · hytteturer · hytteturene","Vi drar på hyttetur med venner i helga. / Hytteturen ble utsatt på grunn av snøværet.","这个周末我们和朋友去小木屋度假。 / 因为暴雪，小木屋之旅延期了。","","挪威周末出游和户外生活常用复合名词，暂标 A2","来源已登记：词头/词性/核心义项","词头/词性/核心义项","Bokmålsordboka","https://ordbokene.no/bm/hyttetur","2026-09-24"
"A2候选；Bokmålsordboka词形待核","pakke","pakke","单词","动词","A2","旅行与物品","打包；收拾行李；包装","å pakke · pakker · pakket/pakka · har pakket/pakka","Jeg må pakke kofferten før vi drar. / Hun pakket inn gaven i blått papir.","出发前我得收拾行李箱。 / 她用蓝色纸把礼物包了起来。","","旅行、搬家与购物常用动词，暂标 A2","来源已登记：词头/词性/核心义项","词头/词性/核心义项","Bokmålsordboka","https://ordbokene.no/bm/pakke","2026-09-24"
"Bokmålsordboka/Ordbank：形容词/分词词形与多义用法","opptatt","opptatt","单词","形容词","A2","忙碌与兴趣","忙的；被占用的；专注于/对……感兴趣的（依搭配）","opptatt · opptatt · opptatte · mer opptatt · mest opptatt","Jeg er opptatt med arbeid fram til klokka fire. / Alle møterommene er opptatte nå.","我忙工作要到四点。 / 现在所有会议室都有人使用。","","描述忙碌、被占用或专注某事的高频形容词，暂标 A2","来源已登记：词头/词性/核心义项","词头/词性/核心义项","Bokmålsordboka","https://ordbokene.no/nno/search?dict=bm&page=5&q=opptatt&scope=eif","2026-09-24"
"A2候选；Bokmålsordboka词形待核","innlegg","et innlegg","单词","名词","A2","媒体与表达","帖子；发言；演讲；文章/评论（依语境）","et innlegg · innlegget · innlegg · innleggene","Hun skrev et innlegg om norskopplæring på nettet. / Etter pausen holdt legen et kort innlegg om søvn.","她在网上写了一篇关于挪威语教学的帖子。 / 休息后，医生做了一个关于睡眠的简短发言。","","社交媒体、会议和公共表达中常见多义名词，暂标 A2","来源已登记：词头/词性/核心义项","词头/词性/核心义项","Bokmålsordboka","https://ordbokene.no/nob/bm/innlegg","2026-09-24"
"A2候选；Bokmålsordboka词形待核","tegnefilm","en tegnefilm","单词","名词","A2","媒体与休闲","动画片；卡通片","en tegnefilm · tegnefilmen · tegnefilmer · tegnefilmene","Barna ser en tegnefilm etter middagen. / Den norske tegnefilmen passer for hele familien.","孩子们晚饭后看一部动画片。 / 这部挪威动画片适合全家观看。","","家庭娱乐和儿童媒体常见复合名词，暂标 A2","来源已登记：词头/词性/核心义项","词头/词性/核心义项","Bokmålsordboka","https://ordbokene.no/search?dict=bm&q=tegnefilm&scope=eif","2026-09-24"
"Bokmålsordboka/Ordbank：中性复合名词词形","grovbrød","et grovbrød","单词","名词","A2","面包与早餐","粗粮面包；全谷/高纤维面包","et grovbrød · grovbrødet · grovbrød · grovbrødene","Jeg spiser grovbrød med ost til lunsj. / Grovbrødet er ferskt fra bakeriet.","我午餐吃粗粮面包配奶酪。 / 这条粗粮面包是面包店新鲜出炉的。","","挪威早餐、午餐和超市购物中的高频食物词，暂标 A2","来源已登记：词头/词性/核心义项","词头/词性/核心义项","Bokmålsordboka","https://ordbokene.no/nob/bm/grovbr%C3%B8d","2026-09-24"
"A2候选；Bokmålsordboka词形待核","rundstykke","et rundstykke","单词","名词","A2","面包与早餐","小圆面包；餐包","et rundstykke · rundstykket · rundstykker · rundstykkene","Jeg spiser et rundstykke med ost til frokost. / Vi kjøpte ferske rundstykker på bakeriet.","我早餐吃一个夹奶酪的小圆面包。 / 我们在面包店买了新鲜的小圆面包。","","早餐、午餐和面包店常见名词，暂标 A2","来源已登记：词头/词性/核心义项","词头/词性/核心义项","Bokmålsordboka","https://ordbokene.no/bm/rundstykke","2026-09-24"
"Bokmålsordboka（词头、词性和主要义项）","tykk","tykk","单词","形容词","A2","描述物品与外观","厚的；粗的；浓稠的；胖的（依语境）","tykk · tykt · tykke · tykkere / tykkest","Ta på deg en tykk genser, det er kaldt ute. / Suppa er for tykk, så jeg tilsetter litt vann.","穿件厚毛衣吧，外面很冷。 / 汤太稠了，所以我加一点水。","","描述衣物、物品厚度和大小的常用形容词，暂标 A2","来源已登记：Bokmål词头/词性/核心义项","Bokmål词头/词性/核心义项","Bokmålsordboka","https://ordbokene.no/bm/tykk","2026-09-24"
"A2候选；Bokmålsordboka词形待核","lett","lett","单词","形容词","A2","描述与比较","轻的；容易的；轻微的（依语境）","lett · lett · lette · lettere · lettest","Denne oppgaven er lettere enn den forrige. / Kan du hjelpe meg med den lette kofferten?","这道题比上一道容易。 / 你能帮我拿一下这个轻的行李箱吗？","","描述重量、难度和程度的高频形容词，暂标 A2","来源已登记：词头/词性/核心义项","词头/词性/核心义项","Bokmålsordboka","https://ordbokene.no/bm/lett","2026-09-24"
"A2候选；Bokmålsordboka词形待核","dimensjon","en dimensjon","单词","名词","A2","描述与测量","尺寸；维度；方面","en dimensjon · dimensjonen · dimensjoner · dimensjonene","Bordet har tre dimensjoner: lengde, bredde og høyde. / Trygghet er en viktig dimensjon ved trivsel.","桌子的三个维度是长、宽和高。 / 安全感是幸福感中的一个重要方面。","","描述大小、空间和问题不同方面的常用名词，暂标 A2","来源已登记：词头/词性/核心义项","词头/词性/核心义项","Bokmålsordboka","https://ordbokene.no/bm/dimensjon","2026-09-24"
"NTNU LearnNoW A2 候选；Bokmålsordboka词头核验","veldig","veldig","单词","形容词","A2","描述与程度","非常；很；（作形容词）巨大的/强烈的","veldig · veldig · veldige","Det var veldig kaldt ute i går. / Jeg er veldig glad for at du kom.","昨天外面非常冷。 / 你来了我非常高兴。","","初级课程中的高频程度表达；课程工作表暂列 A2","来源已登记：Bokmål词头/词性/核心义项","Bokmål词头/词性/核心义项","Bokmålsordboka","https://ordbokene.no/bm/veldig","2026-09-24"
"Bokmålsordboka：形容词比较级和副词用法","videre","videre","单词","形容词","A2","描述与方向","进一步的；更多的；继续；此外（依语境）","videre","Vi trenger videre informasjon om kurset. / Etter pausen gikk møtet videre.","我们还需要关于这门课程的更多信息。 / 休息后会议继续进行。","","表达后续、更多信息和继续行动的常用词，暂标 A2","来源已登记：词头/词性/核心义项","词头/词性/核心义项","Bokmålsordboka","https://ordbokene.no/bm/videre","2026-09-24"
"A2候选；Bokmålsordboka词形待复核","fort","fort","单词","形容词","A2","描述与感受","快的；迅速的","fort · fort · forte · fortere · fortest","Dette er et fort tog. / Vi gikk i et fort tempo for å rekke bussen.","这是一列速度很快的火车。 / 为了赶上公交车，我们走得很快。","","描述速度的常用词，暂标 A2；此处只纳入形容词用法","来源已登记：词头/词性/核心义项","词头/词性/核心义项","Bokmålsordboka","https://ordbokene.no/bm/fort","2026-09-24"
"A2候选；Bokmålsordboka词形待核","kjedelig","kjedelig","单词","形容词","A2","描述与感受","无聊的；乏味的；令人厌烦的","kjedelig · kjedelig · kjedelige · kjedeligere · kjedeligst / kjedeligste","Det var kjedelig å vente så lenge på legen. / Barna syntes filmen var kjedelig.","等医生等了那么久真无聊。 / 孩子们觉得这部电影很乏味。","","描述活动、事情或人的常用形容词，暂标 A2","来源已登记：词头/词性/核心义项","词头/词性/核心义项","Bokmålsordboka","https://ordbokene.no/bm/kjedelig","2026-09-24"
"A2候选；Bokmålsordboka词形待核","kul","kul","单词","形容词","A2","描述与感受","酷的；很棒的；有趣的（口语）","kul · kult · kule · kulere · kulest","Det var kult å møte de nye naboene. / Hun har en kul jakke med mange lommer.","认识新邻居真不错。 / 她有一件很酷的夹克，上面有很多口袋。","","日常口语中的评价形容词，暂标 A2","来源已登记：词头/词性/核心义项","词头/词性/核心义项","Bokmålsordboka","https://ordbokene.no/bm/kul","2026-09-24"
"vocab-v2-library.js · V2 词条","sammenlignet med","sammenlignet med","短语","分词短语","A2","描述与感受","与……相比","sammenlignet med + 名词","Sammenlignet med i fjor er vinteren mildere.","与去年相比，今年冬天更暖和。","","项目内部等级标签，需抽查","来源已登记：词头/词性/核心义项","词头/词性/核心义项","Bokmålsordboka","https://ordbokene.no/bm/sammenligne","2026-09-24"
"Bokmålsordboka：阳性/阴性名词词形与主要义项","skjønnhet","en skjønnhet","单词","名词","A2","描述与感受","美；美丽；美人/美的事物","en skjønnhet / ei skjønnhet · skjønnheten / skjønnheta · skjønnheter · skjønnhetene","Vi ble overrasket over skjønnheten i fjellene. / Det er en egen skjønnhet i de gamle trehusene.","群山的美让我们惊叹。 / 这些老木屋有一种独特的美感。","","描述自然景色和审美感受的常用名词，暂标 A2","来源已登记：Bokmål词头/词性/核心义项","Bokmål词头/词性/核心义项","Bokmålsordboka","https://ordbokene.no/bm/skj%C3%B8nnhet","2026-09-24"
"A2候选；Bokmålsordboka词形待核","skummel","skummel","单词","形容词","A2","描述与感受","吓人的；阴森的；令人不安的","skummel · skummelt · skumle · skumlere · skumlest","Det var en skummel lyd fra kjelleren. / Barna syntes skogen var skummel om kvelden.","地下室里传来一个吓人的声音。 / 孩子们觉得森林晚上很阴森。","","描述气氛、经历和令人不安事物的常用形容词，暂标 A2","来源已登记：词头/词性/核心义项","词头/词性/核心义项","Bokmålsordboka","https://ordbokene.no/nob/search?dict=bm&q=skummel&scope=eif","2026-09-24"
"Bokmålsordboka/Ordbank：分词形容词固定屈折形式","spennende","spennende","单词","形容词","A2","描述与感受","有趣的；令人兴奋的；引人入胜的","spennende · spennende · spennende · mer spennende · mest spennende","Det var spennende å prøve noe nytt. / Hun fortalte en spennende historie.","尝试新事物很令人兴奋。 / 她讲了一个引人入胜的故事。","","评价活动、故事和经历时常用的形容词，暂标 A2","来源已登记：词头/词性/核心义项","词头/词性/核心义项","Bokmålsordboka","https://ordbokene.no/nob/bm/spennende","2026-09-24"
"A2候选；Bokmålsordboka词形待核","tankefull","tankefull","单词","形容词","A2","描述与感受","沉思的；若有所思的；心事重重的","tankefull · tankefullt · tankefulle · mer tankefull · mest tankefull","Hun ble tankefull da hun så på de gamle bildene. / Han satt stille med et tankefullt blikk.","她看着旧照片时陷入了沉思。 / 他静静坐着，神情若有所思。","","描写人的状态和神情的形容词，暂标 A2","来源已登记：Bokmål词头/词性/核心义项","Bokmål词头/词性/核心义项","Bokmålsordboka","https://ordbokene.no/bm/tankefull","2026-09-24"
"A2候选；Bokmålsordboka词形待核","travel","travel","单词","形容词","A2","描述与感受","忙碌的；事情多的；忙得不可开交的","travel · travelt · travle · travlere · travlest","Jeg har det travelt før ferien. / Det blir travelt på apoteket i desember.","假期前我很忙。 / 药店十二月会很忙。","","描述日程繁忙程度的常用形容词，暂标 A2","来源已登记：词头/词性/核心义项","词头/词性/核心义项","Bokmålsordboka","https://ordbokene.no/bm/travel","2026-09-24"
"A2候选；Bokmålsordboka词形待核","tøff","tøff","单词","形容词","A2","描述与感受","艰难的；强悍的；酷的；严厉的（依语境）","tøff · tøft · tøffe · tøffere · tøffest","Det var en tøff uke på jobben. / Hun er tøff nok til å prøve igjen.","那是工作上很辛苦的一周。 / 她足够坚强，愿意再试一次。","","口语常用评价形容词，意义依语境变化，暂标 A2","来源已登记：词头/词性/核心义项","词头/词性/核心义项","Bokmålsordboka","https://ordbokene.no/bm/t%C3%B8ff","2026-09-24"
"Bokmålsordboka（词头、词性和不规则形容词词形）","vakker","vakker","单词","形容词","A2","描述与感受","美丽的；漂亮的；动人的；美好的（依语境）","vakker · vakkert · vakre · vakrere · vakrest / vakreste","Det var en vakker dag ved sjøen. / Vi så vakre fjell fra vinduet.","那是海边美好的一天。 / 我们从窗户看到了美丽的群山。","","描述景色、天气、人物和事物的高频形容词，暂标 A2","来源已登记：Bokmål词头/词性/核心义项","Bokmål词头/词性/核心义项","Bokmålsordboka","https://ordbokene.no/bm/vakker","2026-09-24"
"A2候选；Bokmålsordboka词形待核","dårlig","dårlig","单词","形容词","A2","描述与评价","差的；糟糕的；不舒服的；质量差的（依语境）","dårlig · dårlig · dårlige · verre · verst","Jeg føler meg dårlig og blir hjemme i dag. / Bussen går sjeldnere når været er dårlig.","我觉得不舒服，今天待在家里。 / 天气不好时，公交车班次会更少。","","评价质量、健康和状态的高频形容词，暂标 A2","来源已登记：词头/词性/核心义项","词头/词性/核心义项","Bokmålsordboka","https://ordbokene.no/bm/d%C3%A5rlig","2026-09-24"
"Bokmålsordboka/Ordbank：形容词性数变化与比较级","enkel","enkel","单词","形容词","A2","描述与评价","简单的；容易的；单一的；朴素的（依语境）","enkel · enkelt · enkle · enklere · enklest/enkleste","Det er enkelt å bestille billett på nettet. / Hun forklarte regelen på en enkel måte.","在网上订票很容易。 / 她用简单的方式解释了规则。","","描述简单、容易理解或不复杂的事物时高频使用，暂标 A2","来源已登记：Bokmål词头/词性/核心义项","Bokmål词头/词性/核心义项","Bokmålsordboka","https://ordbokene.no/bm/enkel","2026-09-24"
"Bokmålsordboka（词头、词性及主要义项）","fantastisk","fantastisk","单词","形容词","A2","描述与评价","极好的；精彩的；令人惊叹的；难以置信的（依语境）","fantastisk · fantastisk · fantastiske · mer fantastisk · mest fantastisk","Vi hadde en fantastisk ferie i Nord-Norge. / Det var fantastisk å møte alle igjen.","我们在挪威北部度过了一个非常棒的假期。 / 能再次见到大家真是太好了。","","日常积极评价、描述体验的常用形容词，暂标 A2","来源已登记：词头/词性/核心义项","词头/词性/核心义项","Bokmålsordboka","https://ordbokene.no/bm/fantastisk","2026-09-24"
"A2候选；Bokmålsordboka词形待核","moderne","moderne","单词","形容词","A2","描述与评价","现代的；新式的","moderne · moderne · moderne","De bor i et moderne hus. / Skolen bruker moderne teknologi i undervisningen.","他们住在一栋现代化的房子里。 / 学校在教学中使用现代技术。","","描述建筑、科技和生活方式常见形容词，暂标 A2","来源已登记：词头/词性/核心义项","词头/词性/核心义项","Bokmålsordboka","https://ordbokene.no/bm/moderne","2026-09-24"
"A2候选；Bokmålsordboka词形待核","super","super","单词","形容词","A2","描述与评价","极好的；棒极了；超级的","super · supert · supre · mer super · mest super","Det var supert å møte dere igjen. / Vi hadde en super dag på stranda.","能再次见到你们真是太好了。 / 我们在海滩度过了很棒的一天。","","日常口语中表示赞许的形容词，暂标 A2","来源已登记：词头/词性/核心义项","词头/词性/核心义项","Bokmålsordboka","https://ordbokene.no/bm/super","2026-09-24"
"Bokmålsordboka（词头、词性和常见副词用法）","typisk","typisk","单词","形容词","A2","描述与评价","典型的；有代表性的；通常；真是（依语气）","typisk · typisk · typiske","Regn om høsten er typisk for Vestlandet. / Det er typisk meg å glemme paraplyen.","秋天多雨是挪威西部的典型特点。 / 我这个人就是会忘记带伞。","","日常评价、描述典型特征的常用形容词，暂标 A2","来源已登记：词头/词性/核心义项","词头/词性/核心义项","Bokmålsordboka","https://ordbokene.no/bm/typisk","2026-09-24"
"Bokmålsordboka/Ordbank：形容词性数变化与比较级","vanskelig","vanskelig","单词","形容词","A2","描述与评价","困难的；难的；不容易处理的","vanskelig · vanskelig · vanskelige · vanskeligere · vanskeligst / vanskeligste","Det er vanskelig å forstå alle dialektene. / Hun fikk en vanskelig oppgave på prøven.","要听懂所有方言很难。 / 她在考试中遇到了一道难题。","","表达困难程度、任务难度和复杂感受的高频形容词，暂标 A2","来源已登记：词头/词性/核心义项","词头/词性/核心义项","Bokmålsordboka","https://ordbokene.no/bm/vanskelig","2026-09-24"
"A2候选；Bokmålsordboka词形待核","slapp","slapp","单词","形容词","A2","描述与身体状态","疲倦无力的；没精神的；松弛的；不严格的（依语境）","slapp · slapt · slappe · slappere · slappest","Jeg føler meg slapp etter forkjølelsen. / Gummistrikken har blitt slapp.","感冒之后我觉得浑身无力。 / 橡皮筋变松了。","","描述精力、肌肉和物品松弛状态的常用形容词，暂标 A2","来源已登记：词头/词性/核心义项","词头/词性/核心义项","Bokmålsordboka","https://ordbokene.no/bm/slapp","2026-09-24"
"A2候选；Bokmålsordboka词形待核","total","total","单词","形容词","A2","描述与数量","总的；全部的；完全的；彻底的","total · totalt · totale · mer total · mest total","Kurset varer totalt seks uker. / Den totale prisen står på kvitteringen.","课程总共持续六周。 / 总价写在收据上。","","用于数量汇总和整体描述的常用形容词，暂标 A2","来源已登记：Bokmål词头/词性/核心义项","Bokmål词头/词性/核心义项","Bokmålsordboka","https://ordbokene.no/bm/total","2026-09-24"
"A2候选；Bokmålsordboka词形待核","bestemt","bestemt","单词","形容词","A2","描述与态度","确定的；明确的；坚定的；特定的（依语境）","bestemt · bestemt · bestemte · mer bestemt · mest bestemt","Vi må møtes på et bestemt tidspunkt. / Hun var fast bestemt på å fullføre kurset.","我们必须在一个确定的时间见面。 / 她下定决心完成这门课程。","","描述确定性、明确态度或特定对象的常用形容词，暂标 A2","来源已登记：词头/词性/核心义项","词头/词性/核心义项","Bokmålsordboka","https://ordbokene.no/bm/bestemt","2026-09-24"
"A2候选；Bokmålsordboka词形待核","stressende","stressende","单词","形容词","A2","描述与压力","令人有压力的；紧张忙碌的；令人焦虑的","stressende · stressende · stressende · mer stressende · mest stressende","Det var en stressende morgen før vi kom oss av gårde. / Vi prøver å gjøre arbeidsdagen mindre stressende.","出门前的那个早晨忙得让人很有压力。 / 我们在努力让工作日没那么紧张。","","描述造成压力的工作、活动或处境的常用形容词，暂标 A2","来源已登记：词头/词性/核心义项","词头/词性/核心义项","Bokmålsordboka","https://ordbokene.no/bm/stressende","2026-09-24"
"Bokmålsordboka（形容词词头、词性及主要义项）","ekte","ekte","单词","形容词","A2","描述与真实性","真的；真正的；真诚的；亲生的（依语境）","ekte · ekte · ekte · mer ekte · mest ekte","Hun kjøpte et ekte sølvsmykke. / Det var en ekte glede å møte familien igjen.","她买了一件真正的银饰。 / 再次见到家人真是由衷的喜悦。","","描述真实性、关系与事物特征的常用形容词，暂标 A2","来源已登记：词头/词性/核心义项","词头/词性/核心义项","Bokmålsordboka","https://ordbokene.no/bm/ekte","2026-09-24"
"Bokmålsordboka/Ordbank：形容词性数变化","viktig","viktig","单词","形容词","A2","描述与重要性","重要的；要紧的","viktig · viktig · viktige · viktigere · viktigst/viktigste","Det er viktig å lese instruksjonene først. / Familien er det viktigste for henne.","先阅读说明很重要。 / 家人对她来说是最重要的。","","表达重要程度、建议和说明时的高频形容词，暂标 A2","来源已登记：词头/词性/核心义项","词头/词性/核心义项","Bokmålsordboka","https://ordbokene.no/bm/viktig","2026-09-24"
"A2候选；Bokmålsordboka词形待核","normal","normal","单词","形容词","A2","描述与状态","正常的；通常的；常态的","normal · normalt · normale · mer normal · mest normal","Det er normalt å være nervøs før en prøve. / Vi prøver å få en normal hverdag igjen.","考试前紧张是正常的。 / 我们在努力恢复正常的日常生活。","","日常描述常态、健康和预期的常见形容词，暂标 A2","来源已登记：词头/词性/核心义项","词头/词性/核心义项","Bokmålsordboka","https://ordbokene.no/bm/normal","2026-09-24"
"A2候选；Bokmålsordboka词形待核","klare","å klare","单词","动词","A2","能力与完成","设法做到；完成；应付；弄清楚（依结构）","å klare · klarer · klarte · klart","Jeg klarte å forstå beskjeden uten oversettelse. / Hun klarte seg godt på den nye jobben.","我设法不靠翻译就理解了这条通知。 / 她在新工作上应付得很好。","","口语高频多义动词，尤其常见于“设法做到”结构，暂标 A2","来源已登记：词头/词性/核心义项","词头/词性/核心义项","Bokmålsordboka","https://ordbokene.no/bm/klare","2026-09-24"
"A2候选；Bokmålsordboka词形待核","elektrisitet","en elektrisitet","单词","名词","A2","能源与日常生活","电；电力；电能","en elektrisitet · elektrisiteten","Prisen på elektrisitet kan variere gjennom året. / Elektrisitet er nødvendig for at lys og varme skal fungere.","电价可能会随季节变化。 / 照明和供暖都离不开电。","","家庭能源、账单和安全说明中的常见名词，暂标 A2","来源已登记：Bokmål词头/词性/核心义项","Bokmål词头/词性/核心义项","Bokmålsordboka","https://ordbokene.no/bm/elektrisitet","2026-09-24"
"Bokmålsordboka：名词多义及用电常见义项","strøm","en strøm","单词","名词","A2","能源与生活","电流；电力；流动；大量涌来","en strøm · strømmen · strømmer · strømmene","Strømmen var borte i to timer i går. / En strøm av folk gikk inn i konsertsalen.","昨天停电了两个小时。 / 一大群人涌进音乐厅。","","家庭用电、自然现象和数量表达中的常见名词，暂标 A2","来源已登记：Bokmål词头/词性/核心义项","Bokmål词头/词性/核心义项","Bokmålsordboka","https://ordbokene.no/bm/str%C3%B8m","2026-09-24"
"Bokmålsordboka（词头、词性和异形词形）","alder","en alder","单词","名词","A2","年龄与个人信息","年龄；年纪；时期/阶段（依语境）","en alder · alderen · aldere / aldre · alderne / aldrene","Barn i alle aldre kan delta på arrangementet. / Hun begynte å lære norsk i en alder av tretti år.","各个年龄段的孩子都可以参加活动。 / 她三十岁时开始学习挪威语。","","个人信息和生活阶段主题基础名词，暂标 A2","来源已登记：词头/词性/核心义项","词头/词性/核心义项","Bokmålsordboka","https://ordbokene.no/bm/alder","2026-09-24"
"Bokmålsordboka/Ordbank：名词词头与词形","tenåring","en tenåring","单词","名词","A2","年龄与个人信息","青少年；十几岁的孩子（通常指 13–19 岁）","en tenåring · tenåringen · tenåringer · tenåringene","De har en tenåring og to yngre barn. / Mange tenåringer bruker kollektivtransport til skolen.","他们有一个青少年孩子和两个年纪更小的孩子。 / 许多青少年乘坐公共交通上学。","","谈论年龄、家庭和青少年生活时常见的名词，暂标 A2","来源已登记：Bokmål词头/词性/核心义项","Bokmål词头/词性/核心义项","Bokmålsordboka","https://ordbokene.no/bm/ten%C3%A5ring","2026-09-24"
"A2候选；Bokmålsordboka词形待核","gubbe","en gubbe","单词","名词","A2","年龄与人物","老头；老大爷；老家伙（口语，语气依情境）","en gubbe · gubben · gubber · gubbene","Den gamle gubben fortalte en morsom historie. / Han kalte seg selv en sta gammel gubbe.","那位老大爷讲了一个有趣的故事。 / 他自称是个固执的老家伙。","","口语中称呼年长男性的非正式名词，暂标 A2","来源已登记：词头/词性/核心义项","词头/词性/核心义项","Bokmålsordboka","https://ordbokene.no/bm/gubbe","2026-09-24"
"A2候选；Bokmålsordboka词形待核","tenåringsjente","ei/en tenåringsjente","单词","名词","A2","年龄与人物","十几岁的女孩；少女（13—19岁左右）","ei tenåringsjente · tenåringsjenta · tenåringsjenter · tenåringsjentene","Tenåringsjenta mi begynner på ungdomsskolen i høst. / Flere tenåringsjenter tok bussen til sentrum.","我十几岁的女儿今年秋天开始上初中。 / 几个少女坐公交去了市中心。","","描述青少年人物的复合名词，暂标 A2","来源已登记：Bokmål词头/词性/核心义项","Bokmål词头/词性/核心义项","Bokmålsordboka","https://ordbokene.no/bm/106859","2026-09-24"
"NTNU NoW Vocabulary list 10A；Bokmålsordboka 名词词形","pensjonist","en pensjonist","单词","名词","A2","年龄与退休生活","退休人士；退休人员；领取养老金的人","en pensjonist · pensjonisten · pensjonister · pensjonistene","Han ble pensjonist da han fylte 67 år. / Pensjonistene møtes på kafé hver torsdag.","他67岁时退休了。 / 退休人士们每周四在咖啡馆见面。","","介绍工作阶段、退休和家庭成员的课程词；按 NoW 章节暂标 A2","来源已登记：Bokmål词头/词性/变格/核心义项","Bokmål词头/词性/变格/核心义项","NAOB","https://naob.no/ordbok/pensjonist","2026-09-24"
"A2候选；Bokmålsordboka词形待核","lutefisk","en lutefisk","单词","名词","A2","挪威传统食物","碱渍鳕鱼；卢特菲斯克（挪威传统鱼料理）","en lutefisk · lutefisken · lutefisker · lutefiskene","Mange familier spiser lutefisk i desember. / Lutefisken serveres med poteter og ertestuing.","许多家庭十二月会吃碱渍鳕鱼。 / 碱渍鳕鱼配土豆和豌豆泥一起上桌。","","挪威传统圣诞餐食与文化话题词汇，暂标 A2","来源已登记：Bokmål词头/词性/核心义项","Bokmål词头/词性/核心义项","Bokmålsordboka","https://ordbokene.no/bm%2Cnn/lutefisk","2026-09-24"
"Bokmålsordboka/Ordbank：阳性名词词形与饮品义项","akevitt","en akevitt","单词","名词","A2","挪威节庆食品","阿夸维特酒；北欧香料蒸馏酒","en akevitt · akevitten · akevitter · akevittene","Noen voksne serverer akevitt til julemiddagen. / Akevitt er en del av norsk matkultur.","有些成年人会在圣诞晚餐时佐以阿夸维特酒。 / 阿夸维特酒是挪威饮食文化的一部分。","","挪威饮食与节日文化词汇，暂标 A2","来源已登记：Bokmål词头/词性/核心义项","Bokmål词头/词性/核心义项","Bokmålsordboka","https://ordbokene.no/bm/akevitt","2026-09-24"
"Bokmålsordboka/Ordbank：中性复合名词词形及传统食品义项","pinnekjøtt","et pinnekjøtt","单词","名词","A2","挪威节庆食品","盐腌风干的羊肋肉；挪威传统节庆菜","et pinnekjøtt · pinnekjøttet · pinnekjøtt · pinnekjøtta / pinnekjøttene","Familien serverer pinnekjøtt på julaften. / Pinnekjøttet må vannes ut før det tilberedes.","这家人在平安夜供应挪威传统羊肋肉。 / 这种腌羊肉烹饪前需要先浸泡脱盐。","","挪威圣诞餐桌文化与传统食物词汇，暂标 A2","来源已登记：Bokmål词头/词性/核心义项","Bokmål词头/词性/核心义项","Bokmålsordboka","https://ordbokene.no/bm/pinnekj%C3%B8tt","2026-09-24"
"Bokmålsordboka/Ordbank：阳性名词词形与肉类义项","ribbe","en ribbe","单词","名词","A2","挪威节庆食品","排骨；肋肉；（圣诞餐）烤猪肋排","en ribbe · ribba · ribben · ribber · ribbene","Mange spiser ribbe på julaften. / Ribben ble servert med poteter.","许多人在平安夜吃烤猪肋排。 / 肋排配土豆一起上桌了。","","挪威圣诞餐桌和传统饮食词汇，暂标 A2","来源已登记：词头/词性/核心义项","词头/词性/核心义项","Bokmålsordboka","https://ordbokene.no/bm/ribbe","2026-09-24"
"Bokmålsordboka/Ordbank：阴性/阳性复合名词词形","svineribbe","en svineribbe","单词","名词","A2","挪威节庆食品","猪肋排；猪肋肉（常用于挪威圣诞烤肉）","en svineribbe · svineribba · svineribben · svineribber · svineribbene","De lager svineribbe med sprø svor til jul. / Svineribba serveres ofte med poteter.","他们圣诞节会做表皮酥脆的烤猪肋排。 / 烤猪肋排通常配土豆一起上桌。","","挪威圣诞传统菜肴与肉类饮食词汇，暂标 A2","来源已登记：课程词头/词性/英文核心义项/课文单元","课程词头/词性/英文核心义项/课文单元","NTNU LearnNoW 词汇表","https://www.ntnu.edu/learnnow/vocabulary/list","2026-09-24"
"NTNU NoW Vocabulary list 10A；课程词汇","vikingskip","et vikingskip","单词","名词","A2","挪威历史与文化","维京船；维京时代的船只","et vikingskip · vikingskipet · vikingskip · vikingskipa / vikingskipene","Vi så et vikingskip på museet i Oslo. / Vikingskipene ble brukt til reiser og handel.","我们在奥斯陆的博物馆里看了一艘维京船。 / 维京船曾被用于旅行和贸易。","","挪威历史、博物馆和文化遗产主题词；按课程单元暂标 A2","来源已登记：词头/词性/核心义项","词头/词性/核心义项","Bokmålsordboka","https://ordbokene.no/bm/68279","2026-09-24"
"课程候选；透明复合词，hytte 词义据 Bokmålsordboka，复合词词形人工核","hyttetradisjon","en hyttetradisjon","单词","名词","A2","挪威生活与休闲","小屋/度假木屋传统；山间小屋生活习俗","en hyttetradisjon · hyttetradisjonen · hyttetradisjoner · hyttetradisjonene","Påsken på fjellet er en viktig hyttetradisjon for familien. / Familien har flere hyttetradisjoner om vinteren.","在山间小屋过复活节是这个家庭很看重的传统。 / 这个家庭冬天有几项小屋生活的传统习俗。","","介绍挪威度假小屋生活和家庭习俗的文化词汇，暂标 A2","已有完整语境·待审定","","","",""
"Bokmålsordboka/Ordbank：中性复合名词词形","norskkurs","et norskkurs","单词","名词","A2","挪威语学习","挪威语课程；挪威语班","et norskkurs · norskkurset · norskkurs · norskkursene","Jeg går på norskkurs to kvelder i uka. / Norskkurset begynner i september.","我每周有两个晚上上挪威语课。 / 挪威语课程九月开始。","","描述语言课程、报名和学习计划的实用名词，暂标 A2","来源已登记：词头/词性/核心义项","词头/词性/核心义项","Bokmålsordboka","https://ordbokene.no/bm/norskkurs","2026-09-24"
"NTNU NoW Vocabulary list 04K；课程候选复合名词","kølapp","en kølapp","单词","名词","A2","排队与服务","排队号；取号纸；号码牌","en kølapp · kølappen · kølapper · kølappene","Ta en kølapp og vent til nummeret ditt blir ropt opp. / Jeg mistet kølappen før det ble min tur.","取号后，等着叫到你的号码。 / 还没轮到我，我就把号码牌弄丢了。","","诊所、服务窗口等取号场景的实用复合名词；暂列 A2","来源已登记：Bokmål词头/词性/核心义项","Bokmål词头/词性/核心义项","Bokmålsordboka","https://ordbokene.no/bm/k%C3%B8lapp","2026-09-24"
"A2候选；Bokmålsordboka词形待核","kritisk","kritisk","单词","形容词","A2","判断与评价","批判性的；关键的；危急的（依语境）","kritisk · kritisk · kritiske · mer kritisk · mest kritisk","Det er kritisk å få medisinen i tide. / Hun er kritisk til forslaget og stiller mange spørsmål.","按时拿到药物至关重要。 / 她对这个提议持批判态度，并提出许多问题。","","描述判断、重要性和危急状态的常见形容词，暂标 A2","来源已登记：词头/词性/核心义项","词头/词性/核心义项","Bokmålsordboka","https://ordbokene.no/bm/kritisk","2026-09-24"
"Bokmålsordboka（词头、词性及主要义项）","bake","å bake","单词","动词","A2","烹饪与饮食","烘焙；烤（面包、蛋糕、食物）；（太阳）晒热","å bake · baker · bakte · bakt","Vi baker en kake til bursdagen hennes. / Han bakte brød hjemme i går.","我们为她的生日烤一个蛋糕。 / 他昨天在家烤了面包。","","家庭烹饪和食物主题的常用动词，暂标 A2","来源已登记：词头/词性/核心义项","词头/词性/核心义项","Bokmålsordboka","https://ordbokene.no/bm/bake","2026-09-24"
"Bokmålsordboka/Ordbank：规则动词词形与烹饪义项","grille","å grille","单词","动词","A2","烹饪与用餐","烧烤；烤制；用烤架烹调","å grille · griller · grillet · grillet","Vi griller pølser i hagen. / De grillet grønnsaker til middagen.","我们在花园里烤香肠。 / 他们为晚餐烤了蔬菜。","","户外烹饪、聚会和夏季餐饮场景中的常见动词，暂标 A2","来源已登记：词头/词性/核心义项","词头/词性/核心义项","Bokmålsordboka","https://ordbokene.no/bm/grille","2026-09-24"
"Bokmålsordboka/Ordbank：阳性复合名词词形","gryterett","en gryterett","单词","名词","A2","烹饪与用餐","炖菜；锅炖料理；一锅煮的菜","en gryterett · gryteretten · gryteretter · gryterettene","Hun lagde en gryterett med grønnsaker og bønner. / Gryteretten smaker enda bedre dagen etter.","她做了一锅蔬菜豆子炖菜。 / 这道炖菜第二天吃起来更香。","","描述家庭餐食和菜单时常见的菜肴名词，暂标 A2","来源已登记：词头/词性/核心义项","词头/词性/核心义项","Bokmålsordboka","https://ordbokene.no/bm/gryterett","2026-09-24"
"A2候选；Bokmålsordboka词形待核","kamerat","en kamerat","单词","名词","A2","朋友与关系","朋友；伙伴；同伴","en kamerat · kameraten · kamerater · kameratene","Han gikk på tur med en kamerat. / Kameratene mine spiller fotball etter skolen.","他和一位朋友去徒步了。 / 我的朋友们放学后踢足球。","","朋友、同学和日常社交常见名词，暂标 A2","来源已登记：词头/词性/核心义项","词头/词性/核心义项","Bokmålsordboka","https://ordbokene.no/bm/kamerat","2026-09-24"
"NTNU NoW Vocabulary list 07B；课程词汇","venninne","ei venninne","单词","名词","A2","朋友与关系","女性朋友；女友（需结合语境判断）","ei venninne · venninna · venninner · venninnene","Jeg skal spise middag med ei venninne fra jobben. / Venninnene hennes bor i samme by.","我要和一位工作上认识的女性朋友一起吃晚饭。 / 她的女性朋友们住在同一座城市。","","介绍朋友和社会关系时常见的日常名词；按课程单元暂标 A2","来源已登记：词头/词性/核心义项","词头/词性/核心义项","Bokmålsordboka","https://ordbokene.no/bm/venninne","2026-09-24"
"A2候选；Bokmålsordboka词形待核","heller","heller","单词","副词","A2","偏好与否定","宁可；也；也不；更（依句式）","heller","Jeg tar heller te enn kaffe. / Hun kommer ikke i dag, og jeg kommer heller ikke.","比起咖啡，我宁愿喝茶。 / 她今天不来，我也不来。","","表达偏好、委婉选择和否定附和的常用副词，暂标 A2","来源已登记：词头/词性/核心义项","词头/词性/核心义项","Bokmålsordboka","https://ordbokene.no/bm/heller","2026-09-24"
"A2候选；Bokmålsordboka词形待核","vanlig","vanlig","单词","形容词","A2","频率与描述","普通的；常见的；通常的","vanlig · vanlig · vanlige","Det er vanlig å ta av seg skoene hjemme. / Vi tar bussen som vanlig.","在家脱鞋是很常见的做法。 / 我们照常坐公交车。","","描述日常习惯、常态和普通特征的高频形容词，暂标 A2","来源已登记：词头/词性/核心义项","词头/词性/核心义项","Bokmålsordboka","https://ordbokene.no/bm/vanlig","2026-09-24"
"A2候选；Bokmålsordboka词性及用法核对","iblant","iblant","单词","介词","A2","频率与群体","在……之中；有时；偶尔","iblant","Hun sto midt iblant vennene sine. / Iblant tar vi bussen i stedet for bilen.","她就站在朋友们中间。 / 我们有时会坐公交而不开车。","","表述群体中间位置和偶尔发生的常见词，暂标 A2","来源已登记：Bokmål词头/词性/核心义项","Bokmål词头/词性/核心义项","Bokmålsordboka","https://ordbokene.no/bm/iblant","2026-09-24"
"A2候选；Bokmålsordboka词形待核","elendig","elendig","单词","形容词","A2","评价与感受","糟糕的；很差的；状态极差的","elendig · elendig · elendige","Været var elendig hele helgen. / Jeg føler meg elendig og må hvile.","整个周末天气都糟透了。 / 我感觉很不舒服，得休息一下。","","日常评价与健康表达中的常用形容词，暂标 A2","来源已登记：Bokmål词头/词性/核心义项","Bokmål词头/词性/核心义项","Bokmålsordboka","https://ordbokene.no/bm/elendig","2026-09-24"
"Bokmålsordboka/Ordbank：形容词性数变化与比较级","heldig","heldig","单词","形容词","A2","评价与感受","幸运的；走运的；碰巧有利的","heldig · heldig · heldige · heldigere · heldigst / heldigste","Vi var heldige med været på turen. / Hun var heldig som fant nøklene.","我们这趟旅行天气很好，真幸运。 / 她很幸运找到了钥匙。","","表达幸运、走运及结果良好的常用形容词，暂标 A2","来源已登记：词头/词性/核心义项","词头/词性/核心义项","Bokmålsordboka","https://ordbokene.no/bm/heldig","2026-09-24"
"A2候选；Bokmålsordboka词形待核","nydelig","nydelig","单词","形容词","A2","评价与感受","极好的；美妙的；精美的","nydelig · nydelig · nydelige","Middagen smakte nydelig. / Vi hadde nydelig utsikt over fjorden.","这顿晚餐味道好极了。 / 我们能欣赏到峡湾的绝美景色。","","评价食物、景色、天气和体验的常用形容词，暂标 A2","来源已登记：词头/词性/核心义项","词头/词性/核心义项","Bokmålsordboka","https://ordbokene.no/bm/nydelig","2026-09-24"
"Bokmålsordboka/Ordbank：形容词词形及固定形式","perfekt","perfekt","单词","形容词","A2","评价与描述","完美的；极好的；完全准确的","perfekt · perfekt · perfekte","Tidspunktet passer perfekt for meg. / Det var en perfekt dag for en tur.","这个时间对我来说正合适。 / 那天非常适合出游。","","评价结果、体验和状态时常用的形容词，暂标 A2","来源已登记：词头/词性/核心义项","词头/词性/核心义项","Bokmålsordboka","https://ordbokene.no/bm/perfekt","2026-09-24"
"Bokmålsordboka/Ordbank：形容词性数变化与比较级","nyttig","nyttig","单词","形容词","A2","评价与用途","有用的；实用的；有益的","nyttig · nyttig · nyttige · nyttigere · nyttigst / nyttigste","Denne appen er nyttig for å lære nye ord. / Det var nyttig å øve med korte setninger.","这个应用有助于学习新词。 / 用短句练习很有帮助。","","评价建议、工具和信息是否有用的常用形容词，暂标 A2","来源已登记：词头/词性/核心义项","词头/词性/核心义项","Bokmålsordboka","https://ordbokene.no/bm/nyttig","2026-09-24"
"A2候选；Bokmålsordboka词形待核","pusse","pusse","单词","动词","A2","清洁与护理","刷（牙）；擦亮；打磨","å pusse · pusser · pusset / pussa · pusset / pussa","Barna pusser tennene før de legger seg. / Han pusset skoene før intervjuet.","孩子们睡前刷牙。 / 面试前他把鞋擦亮了。","","口腔护理、清洁和打磨语境常用动词，暂标 A2","来源已登记：词头/词性/核心义项","词头/词性/核心义项","Bokmålsordboka","https://ordbokene.no/bm/pusse","2026-09-24"
"Bokmålsordboka/Ordbank：形容词固定形式","rotete","rotete","单词","形容词","A2","清洁与家务","凌乱的；杂乱的；不整洁的","rotete","Rommet er rotete etter festen. / Forklaringen hans var litt rotete.","派对过后房间乱糟糟的。 / 他的解释有点杂乱。","","描述房间、物品或思路杂乱无序的常见形容词，暂标 A2","来源已登记：Bokmål词头/词性/核心义项","Bokmål词头/词性/核心义项","Bokmålsordboka","https://ordbokene.no/bm/rotete","2026-09-24"
"Bokmålsordboka/Ordbank：形容词性数变化和比喻义","ryddig","ryddig","单词","形容词","A2","清洁与家务","整洁的；有条理的；清楚明白的","ryddig · ryddig · ryddige · ryddigere · ryddigst","Vi prøver å holde kjøkkenet ryddig. / Hun ga en ryddig forklaring på problemet.","我们尽量保持厨房整洁。 / 她把问题解释得清楚有条理。","","描述整洁、条理清楚和做事可靠的常用形容词，暂标 A2","来源已登记：Bokmål词头/词性/核心义项","Bokmål词头/词性/核心义项","Bokmålsordboka","https://ordbokene.no/bm/ryddig","2026-09-24"
"Bokmålsordboka/Ordbank：形容词词形及常用搭配","skitten","skitten","单词","形容词","A2","清洁与家务","脏的；不干净的；（比喻）不正当的","skitten · skittent · skitne · mer skitten · mest skitten","Barna har skitne klær etter leken. / Vi må vaske det skitne gulvet.","孩子们玩过之后衣服脏了。 / 我们得把脏地板擦干净。","","描述衣物、物品和环境是否干净的基础形容词，暂标 A2","来源已登记：Bokmål词头/词性/核心义项","Bokmål词头/词性/核心义项","Bokmålsordboka","https://ordbokene.no/bm/skitten","2026-09-24"
"A2候选；Bokmålsordboka词形待核","stolt","stolt","单词","形容词","A2","情感与成就","自豪的；骄傲的；引以为荣的","stolt · stolt · stolte · stoltere · stoltest / stolteste","Jeg er stolt av datteren min. / De var stolte over arbeidet de hadde gjort.","我为女儿感到骄傲。 / 他们为自己完成的工作感到自豪。","","描述自豪感和成就感的常用形容词，暂标 A2","来源已登记：词头/词性/核心义项","词头/词性/核心义项","Bokmålsordboka","https://ordbokene.no/bm/stolt","2026-09-24"
"A2候选；Bokmålsordboka词形待核","hate","å hate","单词","动词","A2","情感与态度","恨；非常讨厌；极不喜欢","å hate · hater · hatet / hata · hatet / hata","Jeg hater å komme for sent til møter. / Han hatet den kalde vinden på vei hjem.","我非常讨厌开会迟到。 / 他很讨厌回家路上的冷风。","","表达强烈不喜欢的常见动词，暂标 A2","来源已登记：词头/词性/核心义项","词头/词性/核心义项","Bokmålsordboka","https://ordbokene.no/bm/hate","2026-09-24"
"Bokmålsordboka/Ordbank：形容词词头及词形","begeistret","begeistret","单词","形容词","A2","情绪与反应","兴奋的；热情的；非常感兴趣的","begeistret · begeistret · begeistrede / begeistrete · mer begeistret · mest begeistret","Barna er begeistret for den nye lekeplassen. / Hun var ikke særlig begeistret for planen.","孩子们对这个新游乐场很兴奋。 / 她对这个计划并不是特别热衷。","","表达强烈兴趣和积极情绪的常用形容词，暂标 A2","来源已登记：词头/词性/核心义项","词头/词性/核心义项","Bokmålsordboka","https://ordbokene.no/bm/begeistret","2026-09-24"
"Bokmålsordboka：动词义项及常用变位","beundre","å beundre","单词","动词","A2","情绪与反应","欣赏；钦佩；赞叹","å beundre · beundrer · beundret · har beundret","Vi beundrer utsikten fra toppen. / Jeg beundrer henne for at hun aldri gir opp.","我们赞叹山顶的景色。 / 我钦佩她永不放弃。","","表达欣赏、敬佩的常用动词，暂标 A2","来源已登记：Bokmål词头/词性/核心义项","Bokmål词头/词性/核心义项","Bokmålsordboka","https://ordbokene.no/bm/beundre","2026-09-24"
"Bokmålsordboka：完整动词变位表与义项","gråte","å gråte","单词","动词","A2","情绪与反应","哭；流泪","å gråte · gråter · gråt · har grått","Barnet begynte å gråte da det mistet ballen. / Hun gråt av glede da hun fikk beskjeden.","孩子丢了球后哭了起来。 / 她听到这个消息时高兴得哭了。","","描述情绪反应的常用动词，暂标 A2","来源已登记：词头/词性/核心义项","词头/词性/核心义项","Bokmålsordboka","https://ordbokene.no/bm/gråte","2026-09-24"
"Bokmålsordboka/Ordbank：名词词性、词形及主要义项","lykke","ei lykke","单词","名词","A2","情绪与反应","幸福；快乐；幸运（依语境）","ei lykke · lykka · lykker · lykkene","Lykke til på norskkurset i morgen! / Det var ren lykke å møte familien igjen.","祝你明天的挪威语课顺利！ / 再次见到家人真是莫大的幸福。","","表达幸福、幸运和祝愿时常用的抽象名词，暂标 A2","来源已登记：Bokmål词头/词性/核心义项","Bokmål词头/词性/核心义项","Bokmålsordboka","https://ordbokene.no/bm/lykke","2026-09-24"
"A2候选；Bokmålsordboka词形待核","skremme","skremme","单词","动词","A2","情绪与反应","吓唬；使害怕；惊吓","å skremme · skremmer · skremte · skremt","Den høye lyden skremte barnet. / Jeg ble skremt av hunden som bjeffet.","那声巨响吓到了孩子。 / 我被那只吠叫的狗吓了一跳。","","描述惊吓、警告与情绪反应的常用动词，暂标 A2","来源已登记：词头/词性/核心义项","词头/词性/核心义项","Bokmålsordboka","https://ordbokene.no/nob/search?dict=bm%2Cnn&q=skremme&scope=eif","2026-09-24"
"Bokmålsordboka/Ordbank：名词词形及眼泪义项","tåre","en tåre","单词","名词","A2","情绪与反应","眼泪；泪珠","en tåre · tåren · tårer · tårene","Hun tørket tårene og smilte. / Han felte en tåre da barnet sang.","她擦干眼泪，笑了笑。 / 孩子唱歌时，他流下了一滴泪。","","表达哭泣、感受和情绪反应的基础名词，暂标 A2","来源已登记：Bokmål词头/词性/核心义项","Bokmål词头/词性/核心义项","Bokmålsordboka","https://ordbokene.no/bm/t%C3%A5re","2026-09-24"
"A2候选；Bokmålsordboka词形待核; Tema: fremtid · 课本专题","lykkelig","lykkelig","单词","形容词","A2","情绪与反应 / 未来计划与目标","幸福的；快乐的；幸运的（语境决定）","lykkelig · lykkelig · lykkelige · lykkeligere · lykkeligst / lykkeligste","De er lykkelige sammen. / Hun ble lykkelig da hun fikk jobben. / Jeg blir lykkelig av tid med familien.","他们在一起很幸福。 / 她得到这份工作时高兴极了。 / 和家人在一起让我幸福。","","表达积极情绪与人生状态的常见形容词，暂标 A2","来源已登记：词头/词性/核心义项","词头/词性/核心义项","Bokmålsordboka","https://ordbokene.no/bm/lykkelig","2026-09-24"
"NTNU NoW Vocabulary list 10B；课程词汇","stemning","en stemning","单词","名词","A2","情绪与氛围","气氛；氛围；情绪状态","en stemning · stemningen · stemninger · stemningene","Det var god stemning på festen. / Musikken skapte en rolig stemning.","聚会上气氛很好。 / 音乐营造出一种平静的氛围。","","描述聚会、场所和情绪氛围的抽象名词；按课程单元暂标 A2","来源已登记：Bokmål词头/词性/核心义项","Bokmål词头/词性/核心义项","Bokmålsordboka","https://ordbokene.no/bm/stemning","2026-09-24"
"A2候选；Bokmålsordboka词形待核","bekymret","bekymret","单词","形容词","A2","情绪与感受","担心的；忧虑的；挂念的","bekymret · bekymret · bekymrede · mer bekymret · mest bekymret","Jeg er bekymret for sønnen min som har feber. / Foreldrene virket bekymrede etter telefonsamtalen.","我担心发烧的儿子。 / 打完电话后，父母看起来很担忧。","","描述担忧和挂念状态的常用形容词，暂标 A2","来源已登记：Bokmål词头/词性/核心义项","Bokmål词头/词性/核心义项","Bokmålsordboka","https://ordbokene.no/bm/bekymret","2026-09-24"
"Bokmålsordboka/Ordbank：形容词性数变化及比较形式","ensom","ensom","单词","形容词","A2","情绪与感受","孤独的；寂寞的；独自一人的（依语境）","ensom · ensomt · ensomme · mer ensom · mest ensom","Hun følte seg ensom etter at hun flyttet. / Det ensomme barnet fikk en ny venn.","搬家后她感到很孤独。 / 那个孤单的孩子交到了一位新朋友。","","表达孤独感、人际关系和情绪状态的常见形容词，暂标 A2","来源已登记：Bokmål词头/词性/核心义项","Bokmål词头/词性/核心义项","Bokmålsordboka","https://ordbokene.no/bm/ensom","2026-09-24"
"A2候选；Bokmålsordboka词形待核","flau","flau","单词","形容词","A2","情绪与感受","尴尬的；难为情的；羞愧的","flau · flaut · flaue · flauere · flauest / flaueste","Jeg ble flau da jeg glemte navnet hennes. / Det var en flau situasjon for alle.","我忘了她的名字，顿时觉得很尴尬。 / 那对所有人来说都是个尴尬的场面。","","描述尴尬情绪的日常形容词，暂标 A2","来源已登记：词头/词性/核心义项","词头/词性/核心义项","Bokmålsordboka","https://ordbokene.no/bm/flau","2026-09-24"
"A2候选；Bokmålsordboka词形待核","nervøs","nervøs","单词","形容词","A2","情绪与感受","紧张的；焦虑不安的","nervøs · nervøst · nervøse · mer nervøs · mest nervøs","Jeg er litt nervøs før jobbintervjuet. / Hun ble nervøs da telefonen ringte.","工作面试前我有点紧张。 / 电话响时她变得紧张起来。","","就医、考试、工作面试和情绪交流常用形容词，暂标 A2","来源已登记：词头/词性/核心义项","词头/词性/核心义项","Bokmålsordboka","https://ordbokene.no/bm/nerv%C3%B8s","2026-09-24"
"Bokmålsordboka/Ordbank：形容词词形及介词搭配","redd","redd","单词","形容词","A2","情绪与感受","害怕的；恐惧的；担心的","redd · redd · redde · reddere · reddest / reddeste","Barnet er redd for hunder. / Jeg er redd for at vi kommer for sent.","孩子害怕狗。 / 我担心我们会迟到。","","表达恐惧、担忧和情绪反应的常用形容词，暂标 A2","来源已登记：词头/词性/核心义项","词头/词性/核心义项","Bokmålsordboka","https://ordbokene.no/bm/redd","2026-09-24"
"Bokmålsordboka/Ordbank：形容词性数变化和比较级","sint","sint","单词","形容词","A2","情绪与感受","生气的；愤怒的","sint · sint · sinte · sintere · sintest / sinteste","Han ble sint på seg selv fordi han glemte nøkkelen. / Barna var sinte etter krangelen.","他因为忘带钥匙而生自己的气。 / 争吵之后孩子们都很生气。","","描述愤怒情绪及常见反应的基础形容词，暂标 A2","来源已登记：词头/词性/核心义项","词头/词性/核心义项","Bokmålsordboka","https://ordbokene.no/bm/sint","2026-09-24"
"A2候选；Bokmålsordboka词形待核","spent","spent","单词","形容词","A2","情绪与感受","期待的；兴奋紧张的；绷紧的","spent · spent · spente · mer spent · mest spent","Barna er spente på hva som er i pakken. / Hun var spent før jobbintervjuet.","孩子们很期待知道包裹里是什么。 / 她面试前既期待又紧张。","","描述期待、紧张情绪的高频形容词，暂标 A2","来源已登记：词头/词性/核心义项","词头/词性/核心义项","Bokmålsordboka","https://ordbokene.no/bm/spent","2026-09-24"
"Bokmålsordboka/Ordbank：形容词性数变化及多义项","urolig","urolig","单词","形容词","A2","情绪与感受","担心的；焦躁不安的；不平静的","urolig · urolig · urolige · uroligere / mer urolig · uroligst / mest urolig","Hun er urolig for sønnen sin. / Barnet sov dårlig etter en urolig natt.","她很担心自己的儿子。 / 经历了一个不安稳的夜晚后，孩子睡得不好。","","描述担心、焦躁或环境不安宁的常见形容词，暂标 A2","来源已登记：词头/词性/核心义项","词头/词性/核心义项","Bokmålsordboka","https://ordbokene.no/bm/urolig","2026-09-24"
"A2候选；Bokmålsordboka词形待核","smil","et smil","单词","名词","A2","情绪与交流","微笑；笑容","et smil · smilet · smil · smilene","Hun hilste på meg med et smil. / Han hadde et stort smil om munnen.","她微笑着向我打招呼。 / 他脸上挂着灿烂的笑容。","","日常互动、礼貌和情绪表达常见名词，暂标 A2","来源已登记：词头/词性/核心义项","词头/词性/核心义项","Bokmålsordboka","https://ordbokene.no/bm/smil","2026-09-24"
"Bokmålsordboka：名词义及固定评价表达","synd","en synd","单词","名词","A2","情绪与评价","罪；过错；可惜（固定表达中）","en synd · synden · synder · syndene","Det er synd at du ikke kan bli med. / Han ba om tilgivelse for syndene sine.","你不能一起去，真可惜。 / 他为自己的罪过请求宽恕。","","表达遗憾、同情和道德过错时常见的词，暂标 A2","来源已登记：Bokmål词头/词性/核心义项","Bokmål词头/词性/核心义项","Bokmålsordboka","https://ordbokene.no/bm/synd","2026-09-24"
"Bokmålsordboka/Ordbank：形容词性数变化与常见介词搭配","usikker","usikker","单词","形容词","A2","情绪与评价","不确定的；没有把握的；不安的","usikker · usikkert · usikre · mer usikker · mest usikker","Jeg er usikker på hvilket tog vi skal ta. / Barnet følte seg usikkert i den nye gruppa.","我不确定我们该坐哪班火车。 / 孩子在新小组里感到不安。","","表达不确定、缺乏把握和担忧时常用的形容词，暂标 A2","来源已登记：Bokmål词头/词性/核心义项","Bokmål词头/词性/核心义项","Bokmålsordboka","https://ordbokene.no/bm/usikker","2026-09-24"
"A2候选；Bokmålsordboka词形待核","rødme","rødme","单词","动词","A2","情绪与身体反应","脸红；泛红","å rødme · rødmer · rødmet / rødma · rødmet / rødma","Han begynte å rødme da alle så på ham. / Hun rødmet av flauhet.","大家都看着他时，他开始脸红。 / 她羞得脸都红了。","","身体反应与情绪描述常用动词，暂标 A2","来源已登记：词头/词性/核心义项","词头/词性/核心义项","Bokmålsordboka","https://ordbokene.no/bm/r%C3%B8dme","2026-09-24"
"A2 候选；Bokmålsordboka sikker 的副词用法","sikkert","sikkert","单词","副词","A2","确定与推测","大概；很可能；肯定地；稳妥地","sikkert · sikrere · sikrest","Hun kommer sikkert litt senere. / Sjekk at døra er låst, så er huset sikkert.","她很可能会晚一点来。 / 确认门锁好了，这样房子就安全了。","","表达推测、确认或稳妥完成动作的常见副词形式，暂标 A2","来源已登记：词头/词性/核心义项","词头/词性/核心义项","Bokmålsordboka","https://ordbokene.no/bm/sikkert","2026-09-24"
"A2候选；Bokmålsordboka词形待核","menneske","et menneske","单词","名词","A2","人和社会","人；人类中的一个人；人类（依语境）","et menneske · mennesket · mennesker · menneskene","Alle mennesker trenger søvn og hvile. / Hun er et varmt og omsorgsfullt menneske.","所有人都需要睡眠和休息。 / 她是一个热情又体贴的人。","","描述个人、群体和社会时常用名词，暂标 A2","来源已登记：词头/词性/核心义项","词头/词性/核心义项","Bokmålsordboka","https://ordbokene.no/nob/search?dict=bm%2Cnn&q=menneske&scope=eif","2026-09-24"
"Bokmålsordboka（词头、词性及词形）","berømt","berømt","单词","形容词","A2","人物与名声","著名的；有名的；闻名的","berømt · berømt · berømte","Bergen er berømt for regn og vakre fjell. / Hun møtte en berømt norsk forfatter.","卑尔根以多雨和美丽的山景闻名。 / 她遇到了一位著名的挪威作家。","","介绍人物、地方和作品时常见的形容词，暂标 A2","来源已登记：Bokmål词头/词性/核心义项","Bokmål词头/词性/核心义项","Bokmålsordboka","https://ordbokene.no/bm/ber%C3%B8mt","2026-09-24"
"Bokmålsordboka（词头、词性及主要义项）","dronning","ei dronning","单词","名词","A2","人物与身份","女王；王后；（比喻）某领域最出众的女性","en dronning · dronningen · dronninger · dronningene","Dronningen holdt en tale på nasjonaldagen. / Hun ble kalt dronningen av norsk jazz.","女王在国庆日发表了讲话。 / 她被称为挪威爵士乐女王。","","介绍王室、历史人物和比喻性头衔的名词，暂标 A2","来源已登记：词头/词性/核心义项","词头/词性/核心义项","Bokmålsordboka","https://ordbokene.no/nno/bm%2Cnn/dronning","2026-09-24"
"Bokmålsordboka 词条核验；词形按规范范式","folk","et folk","单词","名词","A2","人与群体","人们；人民；民族；一群人（依语境）","et folk · folket · folk · folkene","Det bor folk i alle husene i gata. / Mange folk bruker bussen om morgenen.","这条街上的每栋房子里都住着人。 / 很多人早上乘公交车。","","日常描述人群和民族/人民的常用名词，暂标 A2","来源已登记：词头/词性/核心义项","词头/词性/核心义项","Bokmålsordboka","https://ordbokene.no/nno/bm/folk","2026-09-24"
"NTNU NoW Basic Norwegian Words；Bokmålsordboka 不规则变位核对","binde","å binde","单词","动词","A2","日常动作","绑；系；捆；连接；约束（依语境）","å binde · binder · bandt · bundet","Hun bandt sykkelen fast til gjerdet. / Barnet lærte å binde skolissene sine.","她把自行车牢牢地绑在围栏上。 / 孩子学会了系自己的鞋带。","","描述系、绑和连接物品的常见动作动词；项目暂标A2","来源已登记：Bokmål词头/词性/核心义项","Bokmål词头/词性/核心义项","Bokmålsordboka","https://ordbokene.no/bm/binde","2026-09-24"
"Bokmålsordboka/Ordbank：规则动词词形及多义搭配","kaste","å kaste","单词","动词","A2","日常动作","扔；投；丢弃；抛出","å kaste · kaster · kastet / kasta · kastet / kasta","Barna kaster ball i hagen. / Husk å kaste papiret i søpla.","孩子们在花园里扔球玩。 / 记得把纸扔进垃圾桶。","","描述投掷、丢弃和整理物品的常用动作动词，暂标 A2","来源已登记：词头/词性/核心义项","词头/词性/核心义项","Bokmålsordboka","https://ordbokene.no/bm/kaste","2026-09-24"
"Bokmålsordboka/Ordbank：动词词形及语体","rusle","å rusle","单词","动词","A2","日常动作与出行","慢慢走；悠闲地散步；溜达","å rusle · rusler · ruslet · har ruslet","Vi ruslet en tur langs elva etter middag. / Han ruslet hjem i regnet.","晚饭后我们沿着河悠闲地散了会儿步。 / 他冒着雨慢慢走回家。","","描述悠闲、缓慢地走动时常见的动词，暂标 A2","来源已登记：Bokmål词头/词性/核心义项","Bokmål词头/词性/核心义项","Bokmålsordboka","https://ordbokene.no/bm/rusle","2026-09-24"
"Bokmålsordboka（词头、词性及核心义项）","miste","å miste","单词","动词","A2","日常动作与问题","失去；弄丢；错过（车、机会等）","miste · mister · mistet / mista · mistet / mista","Jeg mistet nøklene på vei hjem. / Vi mistet bussen fordi vi gikk hjemmefra for sent.","我回家的路上把钥匙弄丢了。 / 我们因为出门太晚而没赶上公交。","","遗失物品、错过交通和表达失去的基础动词，暂标 A2","来源已登记：Bokmål词头/词性/核心义项","Bokmål词头/词性/核心义项","Bokmålsordboka","https://ordbokene.no/bm/miste","2026-09-24"
"A2候选；Bokmålsordboka词形待复核","ring","en ring","单词","名词","A2","日常物品","戒指；环；圈","en ring · ringen · ringer · ringene","Hun fikk en ring av bestemoren sin. / Jeg fant ringen under sofaen.","她收到祖母送的一枚戒指。 / 我在沙发下面找到了那枚戒指。","","日常首饰及物件名词，暂标 A2","来源已登记：Bokmål词头/词性/核心义项","Bokmål词头/词性/核心义项","Bokmålsordboka","https://ordbokene.no/bm/ring","2026-09-24"
"Bokmålsordboka/Ordbank：名词词形及性别变体","ting","en ting","单词","名词","A2","日常物品与表达","东西；物品；事情；事物","en ting · tingen · ting · tingene","Jeg må hente noen ting hjemme. / Det er én ting jeg ikke forstår.","我得回家拿几样东西。 / 有一件事我不明白。","","指代物品、事情和情况的高频泛称名词，暂标 A2","来源已登记：词头/词性/核心义项","词头/词性/核心义项","Bokmålsordboka","https://ordbokene.no/bm/ting","2026-09-24"
"Bokmålsordboka/Ordbank：名词词性与屈折","kaos","et kaos","单词","名词","A2","日常状态与问题","混乱；一团糟；无秩序状态","et kaos · kaoset · kaos · kaosene","Det var kaos på stasjonen etter at toget ble forsinket. / Vi må rydde opp i kaoset på kjøkkenet.","火车晚点后，车站一片混乱。 / 我们得收拾厨房里这一团糟。","","描述混乱场面和组织状态的常用名词，暂标 A2","来源已登记：Bokmål词头/词性/核心义项","Bokmål词头/词性/核心义项","Bokmålsordboka","https://ordbokene.no/bm/kaos","2026-09-24"
"Bokmålsordboka：名词词头、词义与例证","døgn","et døgn","单词","名词","A2","日历与时间","一昼夜；24小时（从某一时点连续计算）","et døgn · døgnet · døgn · døgnene","Apoteket har åpent hele døgnet. / Togreisen tok nesten et døgn.","这家药房全天营业。 / 火车旅程花了将近一昼夜。","","理解24小时制、轮班、旅行时长等生活场景的常用时间名词，项目暂标 A2","来源已登记：Bokmål词头/词性/核心义项","Bokmål词头/词性/核心义项","Bokmålsordboka","https://ordbokene.no/bm/d%C3%B8gn","2026-09-24"
"A2候选；Bokmålsordboka词形待核","måned","en måned","单词","名词","A2","日历与时间","月；一个月；月份","en måned · måneden · måneder · månedene","Kurset varer i tre måneder. / Vi betaler husleie én gang i måneden.","这门课程持续三个月。 / 我们每个月付一次房租。","","日期、日程和时间表达中的高频名词，暂标 A2","来源已登记：词头/词性/核心义项","词头/词性/核心义项","Bokmålsordboka","https://ordbokene.no/bm/m%C3%A5ned","2026-09-24"
"A2候选；Bokmålsordboka词形待核","bursdag","en bursdag","单词","名词","A2","日期与庆祝","生日；生日庆祝活动","en bursdag · bursdagen · bursdager · bursdagene","Datteren min har bursdag på fredag. / Vi feiret bursdagen hennes med kake.","我女儿星期五过生日。 / 我们用蛋糕庆祝了她的生日。","","家庭、社交和日期表达中的高频名词，暂标 A2","来源已登记：词头/词性/核心义项","词头/词性/核心义项","Bokmålsordboka","https://ordbokene.no/bm/bursdag","2026-09-24"
"Bokmålsordboka/Ordbank：阳性名词词形","dunk","en dunk","单词","名词","A2","容器与日用品","桶；罐；大容器（常用于液体）","en dunk · dunken · dunker · dunkene","Vi har en dunk med vann i bilen. / Husk å sette lokket på dunken.","我们车里放着一桶水。 / 记得把盖子盖回桶上。","","描述家中、车库和储存用品的实用名词，暂标 A2","来源已登记：Bokmål词头/词性/核心义项","Bokmål词头/词性/核心义项","Bokmålsordboka","https://ordbokene.no/bm/dunk","2026-09-24"
"Bokmålsordboka（词头、词性及主要义项）","eske","ei eske","单词","名词","A2","容器与日用品","盒子；纸盒；小型收纳盒","ei eske / en eske · eska / esken · esker · eskene","Jeg la kvitteringen i ei lita eske. / Eskene står øverst i skapet.","我把收据放进一个小盒子里。 / 那些盒子放在柜子最上层。","","购物、收纳和家居语境常用物品词，暂标 A2","来源已登记：词头/词性/核心义项","词头/词性/核心义项","Bokmålsordboka","https://ordbokene.no/bm/eske","2026-09-24"
"A2候选；Bokmålsordboka词形待核","salami","en salami","单词","名词","A2","肉类与三明治","萨拉米香肠；意大利风味腌肠","en salami · salamien · salamier · salamiene","Han spiser brød med salami til lunsj. / Jeg kjøpte en pakke salami i butikken.","他午餐吃萨拉米香肠面包。 / 我在商店买了一包萨拉米香肠。","","熟食柜台、三明治和购物常见名词，暂标 A2","来源已登记：词头/词性/核心义项","词头/词性/核心义项","Bokmålsordboka","https://ordbokene.no/bm%2Cnn/salami","2026-09-24"
"A2候选；Bokmålsordboka词形待核","skinke","en skinke","单词","名词","A2","肉类与三明治","火腿；猪后腿肉（食材）","ei/en skinke · skinka / skinken · skinker · skinkene","Jeg lager en sandwich med ost og skinke. / Skinka står i kjøleskapet.","我做了一个奶酪火腿三明治。 / 火腿放在冰箱里。","","早餐、午餐和熟食购物常用名词，暂标 A2","来源已登记：词头/词性/核心义项","词头/词性/核心义项","Bokmålsordboka","https://ordbokene.no/nob/bm/skinke","2026-09-24"
"A2候选；Bokmålsordboka词形待核","stenge","stenge","单词","动词","A2","商店与日常事务","关上；关闭；停止营业","å stenge · stenger · stengte · stengt","Butikken stenger klokka åtte. / Husk å stenge vinduet før du går.","商店八点关门。 / 走之前记得把窗户关上。","","商店、门窗与服务场景常用动词，暂标 A2","来源已登记：词头/词性/核心义项","词头/词性/核心义项","Bokmålsordboka","https://ordbokene.no/bm/stenge","2026-09-24"
"A2候选；Bokmålsordboka词形待核","disk","en disk","单词","名词","A2","商店与物品","柜台；服务台；磁盘/存储盘（依语境）","en disk · disken · disker · diskene","Du kan betale ved disken. / På apoteket kan du hente reseptmedisiner ved en egen disk.","你可以在柜台付款。 / 你可以在药房的专门柜台领取处方药。","","商店服务与电脑语境常见名词，暂标 A2","来源已登记：词头/词性/核心义项","词头/词性/核心义项","Bokmålsordboka","https://ordbokene.no/nob/search?dict=bm%2Cnn&q=disk&scope=eif","2026-09-24"
"Bokmålsordboka；A2候选","trykke","trykke","单词","动词","A2","设备与操作","按；按压；印刷；出版","å trykke · trykker · trykket / trykte · har trykket / har trykt","Trykk på den grønne knappen for å fortsette. / Forlaget skal trykke boka på nytt.","按绿色按钮继续。 / 出版社将重新印刷这本书。","","手机、电脑和印刷语境常用动词，暂标 A2","来源已登记：Bokmål词头/动词变位/主要义项","Bokmål词头/动词变位/主要义项","Bokmålsordboka","https://ordbokene.no/nob/bm/62590","2026-09-24"
"NTNU NoW Vocabulary list 09B；课程词汇","PC","en PC","单词","名词","A2","设备与技术","个人电脑；台式/笔记本电脑（统称）","en PC · PC-en · PC-er · PC-ene","Jeg bruker PC-en til å skrive oppgaven. / Studentene har med seg hver sin PC.","我用电脑写作业。 / 学生们各自带着一台电脑。","","学习和工作中常见的电脑设备词；按课程单元暂标 A2","来源已登记：词头/词性/核心义项","词头/词性/核心义项","Bokmålsordboka","https://ordbokene.no/bm/PC","2026-09-24"
"A2候选；Bokmålsordboka词形待核","modell","en modell","单词","名词","A2","设计与职业","模型；模特；型号；模式（依语境）","en modell · modellen · modeller · modellene","Elevene bygde en modell av solsystemet. / Bilmerket lanserte en ny modell.","学生们制作了一个太阳系模型。 / 这个汽车品牌推出了一款新车型。","","设计、学校和工作领域中的常见多义名词，暂标 A2","来源已登记：词头/词性/核心义项","词头/词性/核心义项","Bokmålsordboka","https://ordbokene.no/bm/modell","2026-09-24"
"Bokmålsordboka/Ordbank：中性名词、集合义及特定形式","politi","et politi","单词","名词","A2","社会与公共服务","警察机关；警方；警察（集合称呼）","et politi · politiet","Vi ringte politiet etter innbruddet. / En politibetjent snakket med vitnene.","入室盗窃后我们报了警。 / 一名警员和目击者交谈。","","公共服务、求助和社会话题中的常见集合名词，暂标 A2","来源已登记：Bokmål词头/词性/核心义项","Bokmål词头/词性/核心义项","Bokmålsordboka","https://ordbokene.no/bm/politi","2026-09-24"
"A2候选；Bokmålsordboka词形待核","samfunn","et samfunn","单词","名词","A2","社会与公共生活","社会；共同体；社会体系","et samfunn · samfunnet · samfunn · samfunnene","Språket gjør det lettere å delta i samfunnet. / Samfunnet har endret seg mye de siste årene.","掌握语言会让人更容易参与社会生活。 / 近几年社会发生了很大变化。","","讨论国家、社会和公共事务的常见名词，暂标 A2","来源已登记：词头/词性/核心义项","词头/词性/核心义项","Bokmålsordboka","https://ordbokene.no/bm/samfunn","2026-09-24"
"A2候选；Bokmålsordboka词形待核","hensyn","et hensyn","单词","名词","A2","社会与关系","考虑；顾及；体谅；因素（常用复数 hensyn）","et hensyn · hensynet · hensyn · hensynene","Vi må ta hensyn til naboene når vi spiller musikk. / Av hensyn til sikkerheten holder døra låst.","放音乐时我们得顾及邻居。 / 出于安全考虑，门保持上锁。","","表达体谅、考虑他人和条件限制的常用名词，暂标 A2","来源已登记：词头/词性/核心义项","词头/词性/核心义项","Bokmålsordboka","https://ordbokene.no/bm/hensyn","2026-09-24"
"A2候选；Bokmålsordboka词形待核","representere","å representere","单词","动词","A2","社会与角色","代表；象征；代表……参赛","å representere · representerer · representerte · har representert","Hun representerer Norge i håndballturneringen. / Fargene representerer de ulike gruppene.","她代表挪威参加手球锦标赛。 / 这些颜色分别代表不同的群体。","","用于表达代表、象征和参赛身份的动词，暂标 A2","来源已登记：词头/词性/核心义项","词头/词性/核心义项","Bokmålsordboka","https://ordbokene.no/bm/representere","2026-09-24"
"A2候选；Bokmålsordboka词形待核","fredspris","en fredspris","单词","名词","A2","社会与文化","和平奖","en fredspris · fredsprisen · fredspriser · fredsprisene","Nobels fredspris deles ut i Oslo. / Hun fikk en internasjonal fredspris for arbeidet sitt.","诺贝尔和平奖在奥斯陆颁发。 / 她因自己的工作获得了一项国际和平奖。","","讨论挪威社会和国际奖项时常见复合名词，暂标 A2","来源已登记：词头/词性/核心义项","词头/词性/核心义项","Bokmålsordboka","https://ordbokene.no/bm/fredspris","2026-09-24"
"A2候选；Bokmålsordboka词形待核","møtes","møtes","单词","动词","A2","社交与约见","见面；会面；相遇","å møtes · møtes · møttes · møttes","Vi møtes utenfor stasjonen klokka fem. / De møttes på norskkurset.","我们五点在车站外见面。 / 他们是在挪威语课上认识/相遇的。","","安排见面、社交和工作交流核心动词，暂标 A2","来源已登记：词头/词性/核心义项","词头/词性/核心义项","Bokmålsordboka","https://ordbokene.no/bm/m%C3%B8tes","2026-09-24"
"Bokmålsordboka/Ordbank：中性复合名词词形","speilreflekskamera","et speilreflekskamera","单词","名词","A2","摄影与科技","单反相机；数码单反相机（依语境）","et speilreflekskamera · speilreflekskameraet · speilreflekskameraer · speilreflekskameraene","Hun tok bilder av fjellene med et speilreflekskamera. / Speilreflekskameraet hennes har et nytt objektiv.","她用一台单反相机拍了群山。 / 她的单反相机配了一支新镜头。","","摄影、旅行和科技主题中的常见物品词，暂标 A2","来源已登记：课程词头/词性/英文核心义项/课文单元","课程词头/词性/英文核心义项/课文单元","NTNU LearnNoW 词汇表","https://www.ntnu.edu/learnnow/vocabulary/list","2026-09-24"
"Bokmålsordboka/Ordbank：形容词性数变化与比较级","uskarp","uskarp","单词","形容词","A2","摄影与描述","模糊的；不清晰的；不锋利的","uskarp · uskarpt · uskarpe · mer uskarp · mest uskarp","Bildet ble uskarpt fordi kameraet beveget seg. / Teksten er uskarp på den gamle skjermen.","相机移动了，所以照片拍糊了。 / 旧屏幕上的文字看不清。","","描述照片、视觉效果和表达不清晰的常用形容词，暂标 A2","来源已登记：课程词头/词性/英文核心义项/课文单元","课程词头/词性/英文核心义项/课文单元","NTNU LearnNoW 词汇表","https://www.ntnu.edu/learnnow/vocabulary/list","2026-09-24"
"NTNU NoW Vocabulary list 06P；Bokmålsordboka 名词词形","nasjonalitet","en nasjonalitet","单词","名词","A2","身份与国籍","国籍；民族身份（表格语境通常指国籍）","en nasjonalitet · nasjonaliteten · nasjonaliteter · nasjonalitetene","Du må oppgi nasjonalitet i skjemaet. / De har forskjellig nasjonalitet, men bor i samme land.","你需要在表格里填写国籍。 / 他们国籍不同，但住在同一个国家。","","填写表格和介绍个人背景常见名词；按 NoW 章节暂标 A2","来源已登记：Bokmål词头/词性/核心义项","Bokmål词头/词性/核心义项","Bokmålsordboka","https://ordbokene.no/bm/nasjonalitet","2026-09-24"
"A2候选；Bokmålsordboka词形待核","arm","en arm","单词","名词","A2","身体部位","手臂；胳膊（肩部至手部）","en arm · armen · armer · armene","Jeg har vondt i høyre arm etter treningen. / Hun løftet armen for å stille et spørsmål.","锻炼后我右胳膊疼。 / 她举起手臂准备提问。","","描述身体、衣物和日常动作的基础名词，暂标 A2","来源已登记：词头/词性/核心义项","词头/词性/核心义项","Bokmålsordboka","https://ordbokene.no/bm/arm","2026-09-24"
"Bokmålsordboka/Ordbank：中性名词词形及变格","termometer","et termometer","单词","名词","A2","身体与测量","温度计；体温计（依语境）","et termometer · termometeret · termometre · termometrene","Vi målte barnets temperatur med et termometer. / Termometeret viser fem grader.","我们用体温计测了孩子的体温。 / 温度计显示五度。","","生病、测量体温和健康照护中的常用物品词，暂标 A2","来源已登记：词头/词性/核心义项","词头/词性/核心义项","Bokmålsordboka","https://ordbokene.no/bm/termometer","2026-09-24"
"A2候选；Bokmålsordboka词形待核","panne","ei/en panne","单词","名词","A2","身体与厨房","额头；平底锅（依语境）","ei/en panne · panna/pannen · panner · pannene","Hun slo panna i skapdøra. / Jeg steker egg i ei panne.","她的额头撞到了柜门。 / 我在平底锅里煎鸡蛋。","","身体和厨房日常生活中的同形多义名词，暂标 A2","来源已登记：词头/词性/核心义项","词头/词性/核心义项","Bokmålsordboka","https://ordbokene.no/bm/panne","2026-09-24"
"Bokmålsordboka（词头、词性和身体部位义项）","bein","et bein","单词","名词","A2","身体与健康","腿；骨头；腿骨（依语境）","et bein · beinet · bein · beina / beinene","Jeg har vondt i beinet etter fotballtreningen. / Hunden fikk et bein å tygge på.","足球训练后我腿疼。 / 狗得到一根骨头啃。","","身体部位及日常饮食/运动主题常用名词，暂标 A2","来源已登记：词头/词性/核心义项","词头/词性/核心义项","Bokmålsordboka","https://ordbokene.no/bm/bein","2026-09-24"
"A2候选；Bokmålsordboka词形待核","blodåre","ei/en blodåre","单词","名词","A2","身体与健康","血管；血脉","en blodåre · blodåren · blodårer · blodårene","Sykepleieren fant en blodåre på armen. / Blodårene fører blod rundt i kroppen.","护士在手臂上找到一条血管。 / 血管把血液输送到全身。","","人体结构和医疗说明中的复合名词，暂标 A2","来源已登记：词头/词性/核心义项","词头/词性/核心义项","Bokmålsordboka","https://ordbokene.no/bm/blod%C3%A5re","2026-09-24"
"Bokmålsordboka：阳性名词词形及不规则复数","finger","en finger","单词","名词","A2","身体与健康","手指","en finger · fingeren · fingre · fingrene","Hun har en ring på fingeren. / Barna telte på fingrene.","她手指上戴着一枚戒指。 / 孩子们掰着手指头数数。","","身体部位和日常动作中的基础名词，暂标 A2","来源已登记：词头/词性/核心义项","词头/词性/核心义项","Bokmålsordboka","https://ordbokene.no/bm/finger","2026-09-24"
"Bokmålsordboka/Ordbank：阳性/阴性名词词形及身体义项","hud","ei hud","单词","名词","A2","身体与健康","皮肤；肌肤","ei hud · huda · huden · huder · hudene","Om vinteren får jeg ofte tørr hud. / Hun smører krem på huden.","冬天我的皮肤常常会变干。 / 她在皮肤上涂乳霜。","","描述身体、健康和护肤场景中的基础名词，暂标 A2","来源已登记：词头/词性/核心义项","词头/词性/核心义项","Bokmålsordboka","https://ordbokene.no/bm/hud","2026-09-24"
"Bokmålsordboka/Ordbank：名词词性与屈折形式","kinn","et kinn","单词","名词","A2","身体与健康","脸颊；面颊","et kinn · kinnet · kinn · kinnene","Hun fikk et kyss på kinnet. / Barna kom inn med røde kinn.","有人亲了她的脸颊。 / 孩子们进来时脸颊红红的。","","身体部位基础词，常见于外貌、感受和医疗语境，暂标 A2","来源已登记：Bokmål词头/词性/核心义项","Bokmål词头/词性/核心义项","Bokmålsordboka","https://ordbokene.no/bm/kinn","2026-09-24"
"A2候选；Bokmålsordboka词形待复核","leppe","ei/en leppe","单词","名词","A2","身体与健康","嘴唇；唇部","ei leppe · leppa · lepper · leppene","Hun har tørre lepper om vinteren. / Han fikk et lite sår på leppa.","她冬天嘴唇容易干。 / 他嘴唇上有个小伤口。","","面部身体部位名词，暂标 A2","来源已登记：词头/词性/核心义项","词头/词性/核心义项","Bokmålsordboka","https://ordbokene.no/bm/leppe","2026-09-24"
"A2候选；Bokmålsordboka词形待复核","lunge","ei/en lunge","单词","名词","A2","身体与健康","肺；一侧肺部","ei/en lunge · lunga/lungen · lunger · lungene","Røyking kan skade lungene. / Legen undersøker lungene hennes.","吸烟会损害肺部。 / 医生检查她的肺部。","","基础人体器官名词，暂标 A2","来源已登记：词头/词性/核心义项","词头/词性/核心义项","Bokmålsordboka","https://ordbokene.no/bm/lunge","2026-09-24"
"app.js · 核心名词; Bokmålsordboka（词头、词性、主要义项及词形）","hode","et hode","单词","名词","A2","身体与健康 / 健康与看医生","头；头部；（引申）头脑、负责人","et hode · hodet · hoder · hodene / hoda","Jeg har vondt i hodet og trenger å hvile. / Barnet la hodet forsiktig på puta. / Jeg har vondt i hodet.","我头疼，需要休息。 / 孩子轻轻把头枕在枕头上。 / 我头疼。","","身体部位基础词，按初级课程交际主题暂标 A2","来源已登记：词头/词性/核心义项","词头/词性/核心义项","Bokmålsordboka","https://ordbokene.no/bm/hode","2026-09-24"
"A2候选；Bokmålsordboka词形待核","muskel","en muskel","单词","名词","A2","身体与运动","肌肉；肌肉组织","en muskel · muskelen · muskler · musklene","Jeg har vondt i musklene etter treningen. / Denne øvelsen trener flere muskler i ryggen.","锻炼后我肌肉酸痛。 / 这个练习能锻炼背部的几块肌肉。","","描述身体、锻炼和疼痛时常用名词，暂标 A2","来源已登记：词头/词性/核心义项","词头/词性/核心义项","Bokmålsordboka","https://ordbokene.no/bm/muskel","2026-09-24"
"vocab-v2-library.js · V2 词条","forkjølelse","en forkjølelse","单词","名词","A2","身体与症状","感冒","en forkjølelse · forkjølelsen · forkjølelser · forkjølelsene","Jeg er forkjølet og blir hjemme. / Forkjølelsen varer noen dager.","我感冒了，就待在家里。 / 感冒会持续几天。","","项目内部等级标签，需抽查","来源已登记：词头/词性/核心义项","词头/词性/核心义项","Bokmålsordboka","https://ordbokene.no/bm/forkj%C3%B8lelse","2026-09-24"
"Bokmålsordboka/Ordbank：阳性名词词形及解剖义项","hals","en hals","单词","名词","A2","身体与症状","脖子；颈部；喉咙（依语境）","en hals · halsen · halser · halsene","Jeg har vondt i halsen og hoster. / Han tok på seg et skjerf rundt halsen.","我喉咙痛，还咳嗽。 / 他在脖子上围了一条围巾。","","描述身体部位、穿衣和常见症状的基础名词，暂标 A2","来源已登记：词头/词性/核心义项","词头/词性/核心义项","Bokmålsordboka","https://ordbokene.no/bm/hals","2026-09-24"
"A2候选；Bokmålsordboka词形待核","hevelse","en hevelse","单词","名词","A2","身体与症状","肿胀；肿块；浮肿","en hevelse · hevelsen · hevelser · hevelsene","Jeg har en hevelse rundt ankelen etter fallet. / Hevelsen ble mindre etter at hun la is på kneet.","我摔倒后脚踝周围肿了起来。 / 她给膝盖冰敷后，肿胀减轻了。","","看病和描述身体症状的常见名词，暂标 A2","来源已登记：词头/词性/核心义项","词头/词性/核心义项","Bokmålsordboka","https://ordbokene.no/bm/hevelse","2026-09-24"
"Bokmålsordboka/Ordbank：阴性名词词形与疾病义项","influensa","en influensa","单词","名词","A2","身体与症状","流感；流行性感冒","en influensa · influensaen · influensaer · influensaene","Hun har influensa og må holde seg hjemme. / Influensaen sprer seg ofte om vinteren.","她得了流感，得待在家里。 / 流感常在冬季传播。","","描述季节性疾病、症状和就医需求的常见名词，暂标 A2","来源已登记：词头/词性/核心义项","词头/词性/核心义项","Bokmålsordboka","https://ordbokene.no/bm/influensa","2026-09-24"
"A2候选；Bokmålsordboka词形待核","kvalm","kvalm","单词","形容词","A2","身体与症状","恶心的；想吐的；反胃的","kvalm · kvalmt · kvalme · kvalmere · kvalmest","Jeg blir kvalm når jeg leser i bilen. / Barnet er kvalmt og vil legge seg.","我在车里看书会感到恶心。 / 孩子觉得恶心，想躺下。","","描述常见身体不适的基础形容词，暂标 A2","来源已登记：词头/词性/核心义项","词头/词性/核心义项","Bokmålsordboka","https://ordbokene.no/bm/kvalm","2026-09-24"
"vocab-v2-library.js · V2 词条","resept","en resept","单词","名词","A2","身体与症状","处方","en resept · resepten · resepter · reseptene","Legen skriver ut en resept. / Jeg henter ut medisinen på apoteket etter at legen har skrevet ut resepten.","医生开了一张处方。 / 医生开出处方后，我去药房取药。","","项目内部等级标签，需抽查","来源已登记：词头/词性/核心义项","词头/词性/核心义项","Bokmålsordboka","https://ordbokene.no/bm/resept","2026-09-24"
"vocab-v2-library.js · V2 词条","smerte","en smerte","单词","名词","A2","身体与症状","疼痛","en smerte · smerten · smerter · smertene","Hun har smerter i ryggen. / Smerten blir sterkere når jeg går.","她背痛。 / 我走路时疼痛加重。","","项目内部等级标签，需抽查","来源已登记：词头/词性/核心义项","词头/词性/核心义项","Bokmålsordboka","https://ordbokene.no/bm/smerte","2026-09-24"
"A2候选；Bokmålsordboka词形待核","svimmel","svimmel","单词","形容词","A2","身体与症状","头晕的；眩晕的；感到天旋地转的","svimmel · svimmelt · svimle · mer svimmel · mest svimmel","Jeg blir svimmel hvis jeg reiser meg for fort. / Barnet var svimmelt etter karusellturen.","如果我起身太快，就会头晕。 / 坐完旋转木马后，孩子觉得头晕。","","描述头晕和失衡感的常见形容词，暂标 A2","来源已登记：词头/词性/核心义项","词头/词性/核心义项","Bokmålsordboka","https://ordbokene.no/bm/svimmel","2026-09-24"
"Bokmålsordboka/Ordbank：形容词性数变化及健康义项","syk","syk","单词","形容词","A2","身体与症状","生病的；患病的；不舒服的","syk · sykt · syke · sykere · sykest / sykeste","Barnet er sykt og blir hjemme fra skolen. / Jeg ble syk etter helgen.","孩子生病了，待在家里不去上学。 / 我周末后病倒了。","","请假、描述身体状况和看医生时的高频形容词，暂标 A2","来源已登记：词头/词性/核心义项","词头/词性/核心义项","Bokmålsordboka","https://ordbokene.no/bm/syk","2026-09-24"
"A2候选；Bokmålsordboka词形待核","utslett","et utslett","单词","名词","A2","身体与症状","皮疹；疹子；皮肤红疹","et utslett · utslettet · utslett · utslettene","Barnet har fått utslett på armene. / Utslettet klør, så jeg ringer legen.","孩子胳膊上起了皮疹。 / 疹子很痒，所以我要给医生打电话。","","就医和描述皮肤症状常用名词，暂标 A2","来源已登记：词头/词性/核心义项","词头/词性/核心义项","Bokmålsordboka","https://ordbokene.no/bm/utslett","2026-09-24"
"A2候选；Bokmålsordboka词形待核","vondt","et vondt","单词","名词","A2","身体与症状","疼痛；痛楚（常见于 ha/gjøre vondt 等表达）","et vondt · vondtet · vondt · vondta / vondtene","Det gjør vondt i halsen når jeg svelger. / Hun har vondt i magen og vil hvile.","我吞咽时喉咙疼。 / 她肚子疼，想休息。","","表达疼痛、难受或令人不快的常见形容词形式，暂标 A2","来源已登记：Bokmål词头/词性/名词变格/核心义项","Bokmål词头/词性/名词变格/核心义项","Bokmålsordboka","https://ordbokene.no/bm/vondt","2026-09-24"
"Bokmålsordboka（词头、词性及常用义项）","liv","et liv","单词","名词","A2","生活与日常","生命；生活；人生；热闹/活力（依语境）","et liv · livet · liv · liva / livene","Hun vil leve et rolig liv nær naturen. / Det er mye liv i sentrum på lørdager.","她想在靠近大自然的地方过平静的生活。 / 周六市中心很热闹。","","表达生活状态、经历和日常活动的高频名词，暂标 A2","来源已登记：词头/词性/核心义项","词头/词性/核心义项","Bokmålsordboka","https://ordbokene.no/bm/liv","2026-09-24"
"A2候选；Bokmålsordboka词形待核","bråk","et bråk","单词","名词","A2","声音与冲突","吵闹；喧哗；麻烦；争端","et bråk · bråket · bråk · bråkene","Barna laget mye bråk i gangen. / Det ble bråk om den nye regelen.","孩子们在走廊里闹得很大声。 / 新规定引起了争议。","","描述噪声、吵闹和麻烦的日常高频名词，暂标 A2","来源已登记：词头/词性/核心义项","词头/词性/核心义项","Bokmålsordboka","https://ordbokene.no/bm/br%C3%A5k","2026-09-24"
"Bokmålsordboka/Ordbank：动词词形","hyle","å hyle","单词","动词","A2","声音与反应","尖叫；嚎叫；发出刺耳声","å hyle · hyler · hylte · har hylt","Barna hylte av glede da snøen kom. / Vinden hylte rundt huset hele natta.","下雪时孩子们高兴得尖叫起来。 / 整夜风都在房子周围呼啸。","","描述尖叫、嚎叫或物体发出尖锐声时使用，暂标 A2","来源已登记：Bokmål词头/词性/核心义项","Bokmål词头/词性/核心义项","Bokmålsordboka","https://ordbokene.no/bm/hyle","2026-09-24"
"A2候选；Bokmålsordboka词形待核","hyling","en hyling","单词","名词","A2","声音与反应","嚎叫；尖叫；大声哭喊","en hyling · hylingen · hylinger · hylingene","Det var mye hyling på lekeplassen. / Hylingen fra vinden vekket barna.","游乐场里到处都是孩子们的尖叫声。 / 风的呼啸声把孩子们吵醒了。","","描述人群、动物或风声的名词，暂标 A2","来源已登记：Bokmål词头/词性/核心义项","Bokmål词头/词性/核心义项","Bokmålsordboka","https://ordbokene.no/bm/hyling","2026-09-24"
"A2候选；Bokmålsordboka 词头和完整变位","høres","å høres","单词","动词","A2","声音与印象","听起来；被听见；显得（依结构）","å høres · høres · hørtes · har hørtes","Det høres ut som en god plan. / Bankingen hørtes gjennom veggen.","这听起来像个好计划。 / 敲击声隔着墙都听得见。","","表达听起来、给人某种印象的高频动词，暂标 A2","来源已登记：词头/词性/核心义项","词头/词性/核心义项","Bokmålsordboka","https://ordbokene.no/bm/h%C3%B8res","2026-09-24"
"Bokmålsordboka/Ordbank：名词词头、词形与文化义项","nisse","en nisse","单词","名词","A2","圣诞节与民俗","圣诞小精灵；民间传说中的小矮人/精灵","en nisse · nissen · nisser · nissene","Barna håper at julenissen kommer på julaften. / I gamle fortellinger bor nissen ofte på gården.","孩子们盼着圣诞精灵在平安夜到来。 / 在古老故事里，nisse 常住在农场。","","挪威圣诞民俗和故事中的常见文化词，暂标 A2","来源已登记：Bokmål词头/词性/核心义项","Bokmål词头/词性/核心义项","Bokmålsordboka","https://ordbokene.no/bm/nisse","2026-09-24"
"Bokmålsordboka/Ordbank：中性集合名词词形","julepynt","en julepynt","单词","名词","A2","圣诞节与装饰","圣诞装饰；圣诞节装饰品（集合）","julepynt · julepynten","Vi tar fram julepynten i desember. / Barna laget julepynt av papir.","我们十二月把圣诞装饰拿出来。 / 孩子们用纸做了圣诞装饰。","","挪威圣诞节装饰与家庭传统中的常见名词，暂标 A2","来源已登记：课程词头/词性/英文核心义项/课文单元","课程词头/词性/英文核心义项/课文单元","NTNU LearnNoW 词汇表","https://www.ntnu.edu/learnnow/vocabulary/list","2026-09-24"
"A2候选；Bokmålsordboka：副词用法","før","før","单词","副词","A2","时间顺序","以前；之前；曾经","før","Har du sett denne filmen før? / Jeg har aldri vært i Tromsø før.","你以前看过这部电影吗？ / 我以前从没去过特罗姆瑟。","","表示此前、先前经历的常见时间副词，暂标 A2","来源已登记：词头/词性/核心义项","词头/词性/核心义项","Bokmålsordboka","https://ordbokene.no/bm/f%C3%B8r","2026-09-24"
"A2候选；Bokmålsordboka词形待核","fri","fri","单词","形容词","A2","时间与安排","休息的；有空的；自由的","fri · fritt · frie · friere · friest / frieste","Jeg har fri på fredag. / Er du fri etter klokka seks?","我星期五休息。 / 你六点以后有空吗？","","工作排班、假期与自由时间常用形容词，暂标 A2","来源已登记：词头/词性/核心义项","词头/词性/核心义项","Bokmålsordboka","https://ordbokene.no/bm/fri","2026-09-24"
"Bokmålsordboka/Ordbank：阴性复合名词词形","halvtime","en halvtime","单词","名词","A2","时间与安排","半小时；三十分钟","en halvtime · halvtimen · halvtimer · halvtimene","Toget er forsinket med en halvtime. / Jeg kommer tilbake om en halvtime.","火车晚点半小时。 / 我半小时后回来。","","约时间、谈持续时长和日常安排的实用名词，暂标 A2","来源已登记：词头/词性/核心义项","词头/词性/核心义项","Bokmålsordboka","https://ordbokene.no/bm/halvtime","2026-09-24"
"A2候选；Bokmålsordboka词形待复核","periode","en periode","单词","名词","A2","时间与安排","一段时期；阶段；周期","en periode · perioden · perioder · periodene","Jeg jobbet deltid i en periode. / Denne perioden har vært travel for familien.","有一段时间我做兼职。 / 这段时间全家都很忙。","","抽象时间段表达中的常见名词，暂标 A2","来源已登记：词头/词性/核心义项","词头/词性/核心义项","Bokmålsordboka","https://ordbokene.no/bm/periode","2026-09-24"
"Bokmålsordboka/Ordbank：名词词形及固定表达","slutt","en slutt","单词","名词","A2","时间与变化","结束；终点；结尾","en slutt · slutten · slutter · sluttene","Til slutt fant vi riktig adresse. / Filmen hadde en overraskende slutt.","最后我们找到了正确地址。 / 这部电影有一个出人意料的结局。","","描述结束、期限和先后顺序时高频使用的名词，暂标 A2","来源已登记：Bokmål词头/词性/核心义项","Bokmål词头/词性/核心义项","Bokmålsordboka","https://ordbokene.no/bm/slutt","2026-09-24"
"Bokmålsordboka：副词及形容词同形用法","endelig","endelig","单词","副词","A2","时间与表达","终于；总算；最终/确定的；（强调）偏要、非要（依句法和语气）","endelig","Endelig kom de. / Saken er endelig avgjort. / Hvis du endelig vil, så.","他们终于来了。 / 此事已作出最终裁决。 / 如果你非要这样的话，那就……","https://ordbokene.no/bm/endelig","表示“终于/最终”以及“最终的”时常用的高频词，暂标 A2","来源已登记：词头/词性/核心义项","词头/词性/核心义项","Bokmålsordboka","https://ordbokene.no/bm/endelig","2026-09-24"
"Bokmålsordboka/Ordbank：副词固定形式与比较形式","lenge","lenge","单词","副词","A2","时间与持续","很久；长时间；许久","lenge · lenger · lengst","Hvor lenge har du bodd i Norge? / Vi ventet lenger enn en time.","你在挪威住多久了？ / 我们等了一个多小时。","","询问时长、描述持续时间和久别情形中的高频副词，暂标 A2","来源已登记：词头/词性/核心义项","词头/词性/核心义项","Bokmålsordboka","https://ordbokene.no/bm/lenge","2026-09-24"
"A2候选；Bokmålsordboka词形待核","når","når","单词","从属连词","A2","时间与从句","当……时；什么时候（引导时间从句/间接疑问）","når","Når jeg kommer hjem, ringer jeg deg. / Vet du når toget går?","我到家时会给你打电话。 / 你知道火车什么时候开吗？","","连接时间从句、询问时间的基础高频词，暂标 A2","来源已登记：词头/词性/核心义项","词头/词性/核心义项","Bokmålsordboka","https://ordbokene.no/bm/n%C3%A5r","2026-09-24"
"A2候选；Bokmålsordboka词形待核","innen","innen","单词","介词","A2","时间与范围","在……之内；不迟于；在……范围内","innen","Du får svar innen en uke. / Søknaden må sendes innen fredag.","你会在一周内收到答复。 / 申请必须在星期五之前寄出。","","表示截止时间或范围边界的高频介词，暂标 A2","来源已登记：词头/词性/核心义项","词头/词性/核心义项","Bokmålsordboka","https://ordbokene.no/bm/innen","2026-09-24"
"Bokmålsordboka/Ordbank：阳性复合名词词形","tidsfrist","en tidsfrist","单词","名词","A2","时间与工作安排","截止日期；最后期限；期限","en tidsfrist · tidsfristen · tidsfrister · tidsfristene","Tidsfristen for oppgaven er på fredag. / Vi må levere rapporten før fristen.","这项作业的截止日期是星期五。 / 我们必须在截止时间前交报告。","","作业、项目、申请和工作任务中的常见名词，暂标 A2","来源已登记：词头/词性/核心义项","词头/词性/核心义项","Bokmålsordboka","https://ordbokene.no/bm/tidsfrist","2026-09-24"
"A2候选；Bokmålsordboka词形待核","begynnelse","en begynnelse","单词","名词","A2","时间与过程","开始；开端","en begynnelse · begynnelsen · begynnelser · begynnelsene","I begynnelsen var norsken vanskelig. / Vi må starte fra begynnelsen.","刚开始时，挪威语很难。 / 我们必须从头开始。","","日常叙述和时间表达常见名词，暂标 A2","来源已登记：词头/词性/核心义项","词头/词性/核心义项","Bokmålsordboka","https://ordbokene.no/bm/begynnelse","2026-09-24"
"A2候选；Bokmålsordboka词形待核","lenger","lenger","单词","副词","A2","时间与距离","更久；更远；不再（常见于否定句）","lenger","Jeg bor ikke lenger i Oslo. / Vi må gå litt lenger før vi finner en rasteplass.","我不再住在奥斯陆了。 / 我们还得再走远一点才能找到休息区。","","比较时间长度、距离或否定持续状态的常见副词，暂标 A2","来源已登记：词头/词性/核心义项","词头/词性/核心义项","Bokmålsordboka","https://ordbokene.no/bm/lenger","2026-09-24"
"A2候选；Bokmålsordboka词形待核","imens","imens","单词","副词","A2","时间与连接","与此同时；在此期间；当……的时候","imens","Jeg lager middag; imens kan du dekke bordet. / Hun leste avisa imens hun ventet på legen.","我做晚饭；与此同时你可以摆餐桌。 / 她等医生时看报纸。","","连接两个同时发生动作的常用副词/连接词，暂标 A2","来源已登记：词头/词性/核心义项","词头/词性/核心义项","Bokmålsordboka","https://ordbokene.no/bm/imens","2026-09-24"
"Bokmålsordboka/Ordbank：副词固定形式及语用","nettopp","nettopp","单词","副词","A2","时间与强调","刚刚；正好；恰恰；正是（依语气/语境）","nettopp","Jeg har nettopp snakket med læreren. / Det er nettopp derfor jeg spør.","我刚刚和老师谈过。 / 这正是我提问的原因。","","表示“刚刚、正是、确实”的常用副词，暂标 A2","来源已登记：词头/词性/核心义项","词头/词性/核心义项","Bokmålsordboka","https://ordbokene.no/bm/nettopp","2026-09-24"
"A2候选；Bokmålsordboka词形待核","stund","en stund","单词","名词","A2","时间与日常","一会儿；一段时间；片刻","en stund · stunden · stunder · stundene","Jeg ringer deg om en liten stund. / Vi satt stille en stund etter møtet.","我过一小会儿给你打电话。 / 会议结束后我们静静坐了一会儿。","","日常时间表达和叙事中的常用名词，暂标 A2","来源已登记：词头/词性/核心义项","词头/词性/核心义项","Bokmålsordboka","https://ordbokene.no/bm/stund","2026-09-24"
"A2候选；Bokmålsordboka词形待核","øyeblikk","et øyeblikk","单词","名词","A2","时间与日常表达","片刻；瞬间；一会儿","et øyeblikk · øyeblikket · øyeblikk · øyeblikkene","Kan du vente et øyeblikk? / Bussen kommer om et øyeblikk.","你能稍等一会儿吗？ / 公交车一会儿就到。","","日常交谈和叙事中的常用时间名词，暂标 A2","来源已登记：词头/词性/核心义项","词头/词性/核心义项","Bokmålsordboka","https://ordbokene.no/nob/bm/%C3%B8yeblikk","2026-09-24"
"A2候选；Bokmålsordboka词形待核","deretter","deretter","单词","副词","A2","时间与顺序","然后；随后；之后","deretter","Fyll først ut skjemaet. Deretter sender du det. / Vi spiste middag og gikk deretter en tur.","先填写表格，然后把它寄出去。 / 我们吃了晚饭，随后去散了步。","","叙述步骤和事件顺序常见副词，暂标 A2","来源已登记：词头/词性/核心义项","词头/词性/核心义项","Bokmålsordboka","https://ordbokene.no/bm/deretter","2026-09-24"
"A2候选；Bokmålsordboka词头、词性核对","neste","neste","单词","形容词","A2","时间与顺序","下一个；接下来的；下一次的","neste","Vi skal besøke besteforeldrene neste helg. / Toget stopper på neste stasjon.","我们下周末要去看望祖父母。 / 火车在下一站停车。","","安排未来日期、顺序和计划的基础高频形容词，暂标 A2","来源已登记：词头/词性/核心义项","词头/词性/核心义项","Bokmålsordboka","https://ordbokene.no/bm/neste","2026-09-24"
"A2候选；Bokmålsordboka词形待核","øyeblikkelig","øyeblikkelig","单词","形容词","A2","时间与速度","立即的；立刻；马上","øyeblikkelig · øyeblikkelig · øyeblikkelige · mer øyeblikkelig · mest øyeblikkelig","Pasienten trenger øyeblikkelig hjelp. / Hun svarte øyeblikkelig på meldingen.","这位病人需要紧急救助。 / 她立刻回复了消息。","","服务、紧急情境中常见词，暂标 A2","来源已登记：词头/词性/核心义项","词头/词性/核心义项","Bokmålsordboka","https://ordbokene.no/bm/%C3%B8yeblikkelig","2026-09-24"
"A2候选；Bokmålsordboka词形待核","plutselig","plutselig","单词","副词","A2","时间与叙述","突然；忽然","plutselig","Plutselig begynte det å snø. / Han ble plutselig stille.","突然开始下雪了。 / 他突然沉默了。","","叙述意外和变化时常用副词，暂标 A2","来源已登记：词头/词性/核心义项","词头/词性/核心义项","Bokmålsordboka","https://ordbokene.no/bm/plutselig","2026-09-24"
"NTNU LearnNoW 05A；Bokmålsordboka 词性与核心义项核对","smør","et smør","单词","名词","A2","食材与厨房","黄油；牛油（乳脂制品）","et smør · smøret · smør · smøra / smørene","Jeg bruker smør i sausen. / Smøret står i kjøleskapet.","我在酱汁里加黄油。 / 黄油放在冰箱里。","","课程日常饮食词；项目暂按课程顺序标 A2","来源已登记：Bokmål词头/词性/核心义项","Bokmål词头/词性/核心义项","Bokmålsordboka","https://ordbokene.no/bm/sm%C3%B8r","2026-09-24"
"A2候选；Bokmålsordboka词形待核","kjeks","en kjeks","单词","名词","A2","食物与零食","饼干；曲奇；薄脆饼","en kjeks · kjeksen · kjeks · kjeksene","Jeg kjøpte en pakke kjeks til kaffen. / Barna spiste opp kjeksen etter skolen.","我买了一包饼干配咖啡。 / 孩子们放学后把饼干吃完了。","","日常饮食、购物和招待场景常见名词，暂标 A2","来源已登记：词头/词性/核心义项","词头/词性/核心义项","Bokmålsordboka","https://ordbokene.no/bm/kjeks","2026-09-24"
"A2候选；Bokmålsordboka词形待核","skive","en skive","单词","名词","A2","食物与形状","一片；薄片；切片","ei/en skive · skiva / skiven · skiver · skivene","Kan jeg få en skive ost til? / Hun la to skiver brød i brødristeren.","我能再要一片奶酪吗？ / 她把两片面包放进了烤面包机。","","三明治、切片食物和形状描述常用名词，暂标 A2","来源已登记：词头/词性/核心义项","词头/词性/核心义项","Bokmålsordboka","https://ordbokene.no/search?dict=bm&q=skive","2026-09-24"
"Bokmålsordboka：动词义项及固定表达","forsyne","å forsyne","单词","动词","A2","食物与用餐","提供；供给；（反身）自取食物","å forsyne · forsyner · forsynte · har forsynt","Kommunen forsyner byen med rent vann. / Det står suppe på bordet, så forsyn deg.","市政部门为城市供给干净的水。 / 桌上有汤，请自便盛用。","","提供物资、餐桌待客和请人取用食物的常见动词，暂标 A2","来源已登记：Bokmål词头/词性/核心义项","Bokmål词头/词性/核心义项","Bokmålsordboka","https://ordbokene.no/bm/forsyne","2026-09-24"
"Bokmålsordboka：名词词性与主要义项","grøt","en grøt","单词","名词","A2","食物与用餐","粥；糊状食物","en grøt · grøten · grøter · grøtene","Jeg spiser havregrøt til frokost. / Barna vil ha grøt med melk.","我早餐吃燕麦粥。 / 孩子们想要加牛奶的粥。","","挪威日常饮食中的常见食物名词，暂标 A2","来源已登记：词头/词性/核心义项","词头/词性/核心义项","Bokmålsordboka","https://ordbokene.no/bm/grøt","2026-09-24"
"Bokmålsordboka/Ordbank：复合名词词形与含义","matrett","en matrett","单词","名词","A2","食物与用餐","一道菜；一种菜肴","en matrett · matretten · matretter · matrettene","Hva er dagens matrett på kafeen? / Fiskesuppe er en populær norsk matrett.","这家咖啡馆今天的特色菜是什么？ / 鱼汤是一道受欢迎的挪威菜。","","点餐、菜单和介绍饮食时的常用名词，暂标 A2","来源已登记：Bokmål词头/词性/核心义项","Bokmål词头/词性/核心义项","Bokmålsordboka","https://ordbokene.no/bm/matrett","2026-09-24"
"Bokmålsordboka/Ordbank：动词词形及餐饮义项","servere","å servere","单词","动词","A2","食物与用餐","上菜；供应；招待；（体育）发球","å servere · serverer · serverte · har servert","Restauranten serverer middag fra klokka fem. / Tennisspilleren serverte godt i det første settet.","这家餐馆从五点开始供应晚餐。 / 网球选手在第一盘发球表现很好。","","餐桌、餐馆和待客场景中的常用动词，暂标 A2","来源已登记：Bokmål词头/词性/核心义项","Bokmål词头/词性/核心义项","Bokmålsordboka","https://ordbokene.no/bm/servere","2026-09-24"
"Bokmålsordboka/Ordbank：名词词形与鱼类义项","torsk","en torsk","单词","名词","A2","食物与用餐","鳕鱼","en torsk · torsken · torsker · torskene","Vi spiser kokt torsk med poteter i dag. / Fiskeren fikk tre store torsker.","我们今天吃煮鳕鱼配土豆。 / 渔夫捕到了三条大鳕鱼。","","挪威饮食、购物和点餐中常见的鱼类名词，暂标 A2","来源已登记：Bokmål词头/词性/核心义项","Bokmål词头/词性/核心义项","Bokmålsordboka","https://ordbokene.no/bm/torsk","2026-09-24"
"NTNU LearnNoW A2 候选；Bokmålsordboka词头核验","verden","en verden","单词","名词","A2","世界与社会","世界；人类世界；某个领域/圈子","en verden · verdenen · verdener · verdenene","Folk fra hele verden besøker Norge om sommeren. / Hun drømmer om å reise ut i verden.","来自世界各地的人夏天会来挪威旅游。 / 她梦想着去世界各地旅行。","","课程词汇候选；基础义项适合初级学习，项目工作表暂列 A2","来源已登记：Bokmål词头/词性/核心义项","Bokmål词头/词性/核心义项","Bokmålsordboka","https://ordbokene.no/bm/verden","2026-09-24"
"Bokmålsordboka：完整强变化动词变位及核心义项","skje","å skje","单词","动词","A2","事件与变化","发生；出现；（事情）进行","å skje · skjer · skjedde · har skjedd","Hva skjedde på møtet i går? / Det har skjedd mye siden sist.","昨天的会议上发生了什么？ / 自上次以来发生了很多事。","","询问和描述事件发生时的超高频不规则动词，暂标 A2","来源已登记：Bokmål词头/词性/核心义项","Bokmål词头/词性/核心义项","Bokmålsordboka","https://ordbokene.no/bm/skje","2026-09-24"
"A2候选；Bokmålsordboka词形待核","passe","passe","单词","动词","A2","适合与照看","适合；合身；照看；留意","å passe · passer · passet / passa · passet / passa","Den blå jakka passer godt. / Kan du passe barna mens jeg handler?","这件蓝色夹克很合身。 / 我购物时你能帮忙照看孩子吗？","","衣物、安排与照看语境的常用动词，暂标 A2","来源已登记：词头/词性/核心义项","词头/词性/核心义项","Bokmålsordboka","https://ordbokene.no/bm/passe","2026-09-24"
"NTNU NoW Vocabulary list 03K；中性复合名词词形","passord","et passord","单词","名词","A2","手机与网络","密码；口令","et passord · passordet · passord · passordene","Jeg har glemt passordet til e-posten min. / Du bør velge et sterkt passord.","我忘了邮箱密码。 / 你应该选一个强度高的密码。","","登录网络服务、手机和账户时实用的名词；课程暂列 A2","来源已登记：Bokmål词头/词性/核心义项","Bokmål词头/词性/核心义项","Bokmålsordboka","https://ordbokene.no/bm/passord","2026-09-24"
"A2 候选；Bokmålsordboka skade 的分词形容词用法","skadet","skadet","单词","形容词","A2","受伤与损坏","受伤的；受损的；被损坏的","skadet · skadet · skadede / skadde · mer skadet · mest skadet","En skadet syklist fikk hjelp av ambulansepersonellet. / De fant et skadet dyr ved veien.","一名受伤的骑车人得到了救护人员的帮助。 / 他们在路边发现了一只受伤的动物。","","看病、事故和物品维修场景中的常用描述形式，暂标 A2","来源已登记：词头/词性/核心义项","词头/词性/核心义项","Bokmålsordboka","https://ordbokene.no/bm/skadet","2026-09-24"
"A2候选；Bokmålsordboka词形待核","tomat","en tomat","单词","名词","A2","蔬菜与食材","西红柿；番茄","en tomat · tomaten · tomater · tomatene","Jeg kjøper tomater til salaten. / Tomaten ligger på kjøkkenbenken.","我买西红柿做沙拉。 / 西红柿放在厨房台面上。","","购物、烹饪和点餐基础名词，暂标 A2","来源已登记：词头/词性/核心义项","词头/词性/核心义项","Bokmålsordboka","https://ordbokene.no/bm/tomat","2026-09-24"
"A2候选；Bokmålsordboka：数量限定词","flere","flere","单词","限定词","A2","数量与比较","更多；另外几个；若干（修饰可数名词）","flere","Jeg vil gjerne lese flere bøker på norsk. / Flere personer kom for sent til møtet.","我想多读几本挪威语书。 / 有好几个人开会迟到了。","","表达可数名词中“更多/若干”的高频数量词，暂标 A2","来源已登记：Bokmål词头/词性/核心义项","Bokmål词头/词性/核心义项","Bokmålsordboka","https://ordbokene.no/bm/flere","2026-09-24"
"Bokmålsordboka/Ordbank：形容词/副词同形用法","ekstra","ekstra","单词","形容词","A2","数量与补充","额外的；附加的；特别的","ekstra","Vi trenger en ekstra dag for å bli ferdige. / Hun jobber ekstra denne uka.","我们还需要额外一天才能完成。 / 她这周加班/额外工作。","","表达额外、附加数量或程度时常用的词，暂标 A2","来源已登记：词头/词性/核心义项","词头/词性/核心义项","Bokmålsordboka","https://ordbokene.no/nno/search?dict=bm%2Cnn&q=ekstra&scope=eif","2026-09-24"
"A2候选；Bokmålsordboka词形待核","del","en del","单词","名词","A2","数量与部分","部分；一部分；份额；方面（依语境）","en del · delen · deler · delene","En del av familien bor fortsatt i Kina. / Vi må dele arbeidet i mindre deler.","家里有一部分人仍住在中国。 / 我们得把工作分成更小的部分。","","表示部分、份额和组成部分的高频名词，暂标 A2","来源已登记：词头/词性/核心义项","词头/词性/核心义项","Bokmålsordboka","https://ordbokene.no/bm/del","2026-09-24"
"A2候选；Bokmålsordboka词形待核","stykke","et stykke","单词","名词","A2","数量与部分","一块；一段；一件作品","et stykke · stykket · stykker · stykkene","Vil du ha et stykke kake? / Vi gikk et stykke langs elva.","你想来一块蛋糕吗？ / 我们沿着河走了一段路。","","食物、艺术品和数量表达常见名词，暂标 A2","来源已登记：词头/词性/核心义项","词头/词性/核心义项","Bokmålsordboka","https://ordbokene.no/bm/stykke","2026-09-24"
"Bokmålsordboka/Ordbank：名词词头、屈折及常见数量用法","masse","en masse","单词","名词","A2","数量与程度","大量；许多；物质团块/质量","en masse · massen · masser · massene","Det kom masse folk på konserten. / Vi trenger en masse tid for å bli ferdige.","音乐会上来了很多人。 / 我们需要很多时间才能做完。","","表达数量和具体物质的高频词，暂标 A2","来源已登记：Bokmål词头/词性/核心义项","Bokmål词头/词性/核心义项","Bokmålsordboka","https://ordbokene.no/bm/masse","2026-09-24"
"Bokmålsordboka；NTNU LearnNoW 课程候选","mye","mye","单词","形容词","A2","数量与程度","很多；大量；程度很高（修饰不可数名词，也可作代词/副词）","mye · mer · mest · meste","Vi har mye tid før toget går. / Det er mye kaldere i dag.","离火车出发还有很多时间。 / 今天冷得多。","","初级数量表达；项目暂标A2","来源已登记：词头/词性/词义/词形/例句与译文","词头/词性/词义/词形/例句与译文","Bokmålsordboka / NTNU LearnNoW","https://ordbokene.no/bm/MYE","2026-09-24"
"A2候选；Bokmålsordboka词形待复核","rest","en rest","单词","名词","A2","数量与剩余","剩余部分；剩菜；余量","en rest · resten · rester · restene","Vi spiser resten av suppa til lunsj. / Det ligger noen rester i kjøleskapet.","我们午饭把剩下的汤吃掉。 / 冰箱里还放着一些剩菜。","","日常表达剩余物/部分的常见名词，暂标 A2","来源已登记：词头/词性/核心义项","词头/词性/核心义项","Bokmålsordboka","https://ordbokene.no/bm/rest","2026-09-24"
"A2候选；Bokmålsordboka词形待核","par","et par","单词","名词","A2","数量与物品","一对；一双；几个/一些（依搭配）","et par · paret · par · parene","Jeg trenger et par varme hansker. / Vi blir her et par dager til.","我需要一双暖和的手套。 / 我们还要在这里待几天。","","数量表达和日常物品语境常见名词，暂标 A2","来源已登记：词头/词性/核心义项","词头/词性/核心义项","Bokmålsordboka","https://ordbokene.no/bm/par","2026-09-24"
"A2候选；Bokmålsordboka词形待核","nok","nok","单词","副词","A2","数量与语气","足够；大概；想必（依语境）","nok","Vi har nok mat til alle. / Det går nok bra.","我们的食物够每个人吃。 / 事情大概会顺利的。","","表达足够数量和推测语气的高频副词，暂标 A2","来源已登记：词头/词性/核心义项","词头/词性/核心义项","Bokmålsordboka","https://ordbokene.no/bm/nok","2026-09-24"
"A2候选；Bokmålsordboka词头核对","begge","begge","单词","限定词","A2","数量与指代","两者都；两个都；双方","begge","Begge barna mine snakker norsk. / Vi liker begge to å gå på tur.","我的两个孩子都会说挪威语。 / 我们俩都喜欢徒步。","","表达两者全部、衔接人物与事物的常用限定词，暂标 A2","来源已登记：Bokmål词头/词性/核心义项","Bokmål词头/词性/核心义项","Bokmålsordboka","https://ordbokene.no/bm/begge","2026-09-24"
"A2候选；Bokmålsordboka词形待核","kode","en kode","单词","名词","A2","数字与科技","代码；密码；编号","en kode · koden · koder · kodene","Du må taste inn koden for å åpne døra. / Programmereren fant en feil i koden.","你必须输入门禁码才能开门。 / 程序员在代码里发现了一个错误。","","登录、门禁和数字服务中的高频名词，暂标 A2","来源已登记：词头/词性/核心义项","词头/词性/核心义项","Bokmålsordboka","https://ordbokene.no/bm/kode","2026-09-24"
"A2候选；Bokmålsordboka词形待核","elleve","elleve","单词","限定词","A2","数字与数量","十一；第十一（需序数词形式时用 ellevte）","elleve","Toget går klokka elleve. / Hun har elleve elever i gruppa.","火车十一点出发。 / 她的小组有十一名学生。","","报时、年龄和数量表达中的基础数词，暂标 A2","来源已登记：Bokmål词头/词性/核心义项","Bokmål词头/词性/核心义项","Bokmålsordboka","https://ordbokene.no/bm/elleve","2026-09-24"
"Bokmålsordboka/Ordbank：中性名词词形与多义项","tall","et tall","单词","名词","A2","数字与数量","数字；数值；数量；统计数据（依语境）","et tall · tallet · tall · tallene","Skriv tallet med bokstaver. / Tallene for hvor mange som reiser kollektivt, øker fra år til år.","请用字母把这个数字写出来。 / 乘坐公共交通的人数逐年上升。","","谈数字、统计、电话和数量信息时常见的基础名词，暂标 A2","来源已登记：词头/词性/核心义项","词头/词性/核心义项","Bokmålsordboka","https://ordbokene.no/bm/tall","2026-09-24"
"A2候选；Bokmålsordboka词形待核","sovne","å sovne","单词","动词","A2","睡眠与日常","睡着；入睡","å sovne · sovner · sovnet / sovna · har sovnet / har sovna","Barnet sovnet i bilen på vei hjem. / Jeg har vanskelig for å sovne når det er varmt.","孩子回家的路上在车里睡着了。 / 天气热时我很难入睡。","","睡眠日常表达中的常见不规则动词，暂标 A2","来源已登记：词头/词性/核心义项","词头/词性/核心义项","Bokmålsordboka","https://ordbokene.no/nob/search?dict=bm%2Cnn&q=sovne&scope=eif","2026-09-24"
"app.js · 核心动词; A2候选；Bokmålsordboka词形待核","sove","å sove","单词","动词","A2","睡眠与作息 / 待归类","睡觉；睡眠","å sove · sover · sov · sovet","Jeg sov dårlig i natt. / Barnet sover allerede. / Jeg sover godt.","我昨晚没睡好。 / 孩子已经睡着了。","","日常作息与健康话题中的核心动作动词，暂标 A2","来源已登记：词头/词性/核心义项","词头/词性/核心义项","Bokmålsordboka","https://ordbokene.no/bm/sove","2026-09-24"
"课程候选；透明复合词，pyjamas/jakke 词义参照，复合词待核","pyjamasjakke","ei pyjamasjakke","单词","名词","A2","睡衣与衣物","睡衣上衣；睡衣外套","ei pyjamasjakke · pyjamasjakka · pyjamasjakker · pyjamasjakkene","Jeg finner ikke pyjamasjakka mi. / Denne pyjamasjakka er myk og varm.","我找不到我的睡衣上衣了。 / 这件睡衣上衣柔软又暖和。","","睡衣、居家生活和服装描述中的具体名词，暂标 A2","来源已登记：词头/词性/核心义项","词头/词性/核心义项","Bokmålsordboka","https://ordbokene.no/search?dict=bm&q=pyjamasjakke&scope=eif","2026-09-24"
"A2候选；Bokmålsordboka词形待核","sakte","sakte","单词","副词","A2","速度与动作","慢慢地；缓慢地","sakte · saktere · saktest / sakteste","Kan du snakke litt saktere? / Bilen kjørte sakte på den glatte veien.","你能说得再慢一点吗？ / 汽车在湿滑的路上开得很慢。","","描述速度、说话和移动方式的常用副词，暂标 A2","来源已登记：词头/词性/核心义项","词头/词性/核心义项","Bokmålsordboka","https://ordbokene.no/bm/sakte","2026-09-24"
"A2候选；Bokmålsordboka 词性及副词用法核对","fort","fort","单词","副词","A2","速度与方式","快地；迅速地；很快","fort · fortere · fortest","Kan du snakke litt saktere? Du snakker veldig fort. / Tiden går fort når vi har det gøy.","你能说慢一点吗？你说得很快。 / 开心的时候时间过得很快。","","描述行走、说话和事情发生速度的高频形式，暂标 A2","来源已登记：词头/词性/核心义项","词头/词性/核心义项","Bokmålsordboka","https://ordbokene.no/bm/fort","2026-09-24"
"A2候选；Bokmålsordboka词头核对","deres","deres","单词","限定词","A2","所有关系","他们的；她们的；它们的；你们的（敬称/正式）","deres","Barna deres går på samme skole. / Er dette huset deres?","他们的孩子在同一所学校上学。 / 这是你们的房子吗？","","表达第三人称复数所属关系的高频限定词，暂标 A2","来源已登记：Bokmål词头/词性/核心义项","Bokmål词头/词性/核心义项","Bokmålsordboka","https://ordbokene.no/bm/deres","2026-09-24"
"A2候选；Bokmålsordboka词头核对","hennes","hennes","单词","限定词","A2","所有关系","她的","hennes","Familien hennes bor i Trondheim. / Jeg kjenner søsteren hennes.","她的家人住在特隆赫姆。 / 我认识她的姐姐（或妹妹）。","","表达女性第三人称所属关系的常用限定词，暂标 A2","来源已登记：Bokmål词头/词性/核心义项","Bokmål词头/词性/核心义项","Bokmålsordboka","https://ordbokene.no/bm/hennes","2026-09-24"
"A2候选；Bokmålsordboka词形待核","sin","sin","单词","限定词","A2","所有关系","他/她/它/他们自己的（与主语同指）","sin · sitt · sine","Hun besøker foreldrene sine hver helg. / Per tok med seg boka si.","她每个周末去看自己的父母。 / 佩尔带上了自己的书。","","第三人称反身所有关系基础限定词，暂标 A2","来源已登记：Bokmål词头/词性/核心义项","Bokmål词头/词性/核心义项","Bokmålsordboka","https://ordbokene.no/bm/sin","2026-09-24"
"Bokmålsordboka：限定词性数变化与搭配","egen","egen","单词","限定词","A2","所有与强调","自己的；本人/自身的；专属的","egen · eget · egne","Hun har sitt eget rom hjemme. / Vi lagde maten på egen hånd.","她在家有自己的房间。 / 我们靠自己做了这顿饭。","","表达“自己的/亲自的”这一高频限定含义，暂标 A2","来源已登记：Bokmål词头/词性/核心义项","Bokmål词头/词性/核心义项","Bokmålsordboka","https://ordbokene.no/bm/egen","2026-09-24"
"A2候选；Bokmålsordboka词形待核","spesiell","spesiell","单词","形容词","A2","特征与评价","特别的；特殊的；与众不同的","spesiell · spesielt · spesielle","I dag er en spesiell dag for familien. / Har du noe spesielt på hjertet?","今天对这个家庭来说是个特别的日子。 / 你有什么特别想说的吗？","","描述与众不同的事物和特别场合常用形容词，暂标 A2","来源已登记：词头/词性/核心义项","词头/词性/核心义项","Bokmålsordboka","https://ordbokene.no/bm/spesiell","2026-09-24"
"Bokmålsordboka/Ordbank：疑问副词词性与语序","hvorfor","hvorfor","单词","副词","A2","提问与交流","为什么；为何","hvorfor","Hvorfor lærer du norsk? / Hun forklarte hvorfor hun var forsinket.","你为什么学挪威语？ / 她解释了自己为什么迟到。","","询问原因、解释缘由时必备的高频疑问词，暂标 A2","来源已登记：Bokmål词头/词性/核心义项","Bokmål词头/词性/核心义项","Bokmålsordboka","https://ordbokene.no/bm/hvorfor","2026-09-24"
"Bokmålsordboka/Ordbank：中性名词词形与不规则复数","spørsmål","et spørsmål","单词","名词","A2","提问与交流","问题；疑问；提问","et spørsmål · spørsmålet · spørsmål · spørsmålene","Kan jeg stille et spørsmål om oppgaven? / Læreren svarte på alle spørsmålene.","我可以问一个关于作业的问题吗？ / 老师回答了所有问题。","","课堂、办事和日常对话中高频出现的基础名词，暂标 A2","来源已登记：词头/词性/核心义项","词头/词性/核心义项","Bokmålsordboka","https://ordbokene.no/bm/sp%C3%B8rsm%C3%A5l","2026-09-24"
"A2候选；Bokmålsordboka词形待核","olympisk","olympisk","单词","形容词","A2","体育与国际活动","奥林匹克的；奥运会的","olympisk · olympisk · olympiske · mer olympisk · mest olympisk","Hun drømmer om å delta i de olympiske lekene. / Han satte ny olympisk rekord.","她梦想参加奥运会。 / 他创造了新的奥运纪录。","","体育新闻和国际赛事中的常见形容词，暂标 A2","来源已登记：词头/词性/核心义项","词头/词性/核心义项","Bokmålsordboka","https://ordbokene.no/bm/42044","2026-09-24"
"Bokmålsordboka/Ordbank：形容词词形及温度义项","kjølig","kjølig","单词","形容词","A2","天气与感受","凉的；凉爽的；冷淡的","kjølig · kjølig · kjølige · kjøligere · kjøligst","Det er kjølig om kvelden, så ta med en jakke. / Hun fikk et kjølig svar fra kontoret.","晚上有点凉，带件夹克吧。 / 她从办公室得到一个冷淡的答复。","","天气、室内温度和人际态度中的常见形容词，暂标 A2","来源已登记：Bokmål词头/词性/核心义项","Bokmål词头/词性/核心义项","Bokmålsordboka","https://ordbokene.no/bm/kj%C3%B8lig","2026-09-24"
"A2候选；Bokmålsordboka词形待核","skinne","skinne","单词","动词","A2","天气与光线","照耀；发光；闪耀","å skinne · skinner · skinte · skint / har skint","Sola skinner, så vi går en tur. / Lampen skinte svakt i mørket.","阳光明媚，所以我们出去散步。 / 灯在黑暗中微弱地发着光。","","天气、阳光和光线描述常见动词，暂标 A2","来源已登记：词头/词性/核心义项","词头/词性/核心义项","Bokmålsordboka","https://ordbokene.no/bm/skinne","2026-09-24"
"Bokmålsordboka：动词的天气义与计算义","regne","å regne","单词","动词","A2","天气与计算","下雨；计算；估计","å regne · regner · regnet / regna · har regnet / har regna","Det regner mye i Bergen i dag. / Kan du regne ut hvor mye vi skal betale?","今天卑尔根雨下得很大。 / 你能算一下我们要付多少钱吗？","","天气预报和基础计算中的高频动词，暂标 A2","来源已登记：词头/词性/核心义项","词头/词性/核心义项","Bokmålsordboka","https://ordbokene.no/bm/regne","2026-09-24"
"Bokmålsordboka/Ordbank：强变化动词词形与多义用法","blåse","å blåse","单词","动词","A2","天气与日常动作","吹；吹气；刮风；吹奏（依语境）","å blåse · blåser · blåste · blåst","Det blåser mye ved sjøen i dag. / Hun blåste på suppa før hun smakte.","今天海边风很大。 / 她尝之前先对汤吹了吹。","","描述风、吹气和吹奏等场景的常用动词，暂标 A2","来源已登记：词头/词性/核心义项","词头/词性/核心义项","Bokmålsordboka","https://ordbokene.no/bm/bl%C3%A5se","2026-09-24"
"Bokmålsordboka/Ordbank：强变化动词及常用义项","fryse","å fryse","单词","动词","A2","天气与身体感受","觉得冷；结冰；冷冻（依句型）","å fryse · fryser · frøs · frosset","Ta på deg jakka hvis du fryser. / Vi frøs ned restene til senere.","如果你觉得冷，就把外套穿上。 / 我们把剩菜冷冻起来留着以后吃。","","谈天气、体感温度和冷冻食物时常用的动词，暂标 A2","来源已登记：词头/词性/核心义项","词头/词性/核心义项","Bokmålsordboka","https://ordbokene.no/bm/fryse","2026-09-24"
"Bokmålsordboka 词条核验；形容词词形按规范范式","våt","våt","单词","形容词","A2","天气与衣物","湿的；潮湿的；被雨淋湿的","våt · vått · våte · våtere · våtest / våteste","Jeg ble våt på vei hjem fordi det regnet. / Barna la de våte vottene på gulvet.","我回家路上被雨淋湿了。 / 孩子们把湿手套放在地板上。","","天气、衣物和日常状态常用形容词，暂标 A2","来源已登记：词头/词性/核心义项","词头/词性/核心义项","Bokmålsordboka","https://ordbokene.no/bm/v%C3%A5t","2026-09-24"
"A2候选；Bokmålsordboka词形待核","karamellpudding","en karamellpudding","单词","名词","A2","甜点与传统食物","焦糖布丁；焦糖布丁甜点","en karamellpudding · karamellpuddingen · karamellpuddinger · karamellpuddingene","Bestemor lager karamellpudding til jul. / Vi serverte karamellpuddingen med krem.","奶奶圣诞节会做焦糖布丁。 / 我们把焦糖布丁配奶油端上桌。","","挪威家庭甜点与节庆餐桌常见复合名词，暂标 A2","来源已登记：课程词头/词性/英文核心义项/课文单元","课程词头/词性/英文核心义项/课文单元","NTNU LearnNoW 词汇表","https://www.ntnu.edu/learnnow/vocabulary/list","2026-09-24"
"Bokmålsordboka/Ordbank：阴性复合名词词形","eplekake","ei eplekake","单词","名词","A2","甜点与烘焙","苹果蛋糕；苹果派式蛋糕","ei/en eplekake · eplekaka / eplekaken · eplekaker · eplekakene","Bestemor bakte eplekake med epler fra hagen. / Vi fikk et stykke varm eplekake til kaffen.","奶奶用花园里的苹果烤了苹果蛋糕。 / 我们喝咖啡时吃了一块热苹果蛋糕。","","家庭烘焙、咖啡馆和挪威饮食文化中的常见甜点名词，暂标 A2","来源已登记：词头/词性/核心义项","词头/词性/核心义项","Bokmålsordboka","https://ordbokene.no/bm/12948","2026-09-24"
"A2候选；Bokmålsordboka词形待核","sjokoladekake","en sjokoladekake","单词","名词","A2","甜点与烘焙","巧克力蛋糕","en sjokoladekake · sjokoladekaken · sjokoladekaker · sjokoladekakene","Jeg baker en sjokoladekake til bursdagen. / Sjokoladekaka står på kjøkkenbordet.","我为生日烤一个巧克力蛋糕。 / 巧克力蛋糕放在厨房桌上。","","家庭烘焙、生日和咖啡时间常见复合名词，暂标 A2","来源已登记：词头/词性/核心义项","词头/词性/核心义项","Bokmålsordboka","https://ordbokene.no/bm/sjokoladekake","2026-09-24"
"A2候选；Bokmålsordboka词形待核","bløtkake","ei/en bløtkake","单词","名词","A2","甜点与庆祝","奶油蛋糕；鲜奶油夹层蛋糕","en bløtkake · bløtkaken / bløtkaka · bløtkaker · bløtkakene","Vi serverte bløtkake i bursdagen til bestemor. / Hun pyntet bløtkaka med jordbær og krem.","我们在奶奶的生日会上端上了奶油蛋糕。 / 她用草莓和奶油装饰了蛋糕。","","挪威生日和节庆饮食文化中的常见名词，暂标 A2","来源已登记：词头/词性/核心义项","词头/词性/核心义项","Bokmålsordboka","https://ordbokene.no/bm/bl%C3%B8tkake","2026-09-24"
"Bokmålsordboka/Ordbank：阳性名词词形","pudding","en pudding","单词","名词","A2","甜点与食物","布丁；凝固/蒸制的甜咸料理（依具体菜名）","en pudding · puddingen · puddinger · puddingene","Til dessert fikk vi karamellpudding. / Puddingen står i kjøleskapet.","甜点我们吃了焦糖布丁。 / 布丁放在冰箱里。","","菜单、甜点和家庭餐食语境中的常用名词，暂标 A2","来源已登记：Bokmål词头/词性/核心义项","Bokmål词头/词性/核心义项","Bokmålsordboka","https://ordbokene.no/bm/pudding","2026-09-24"
"Bokmålsordboka/Ordbank：阳性名词词形及可数/不可数用法","sjokolade","en sjokolade","单词","名词","A2","甜食与购物","巧克力；一块/一条巧克力（依语境）","sjokolade · sjokoladen","Jeg kjøpte en plate mørk sjokolade. / Barna fikk litt sjokolade etter middagen.","我买了一板黑巧克力。 / 孩子们晚饭后吃了一点巧克力。","","购物、甜点和日常饮食中的高频名词，暂标 A2","来源已登记：词头/词性/核心义项","词头/词性/核心义项","Bokmålsordboka","https://ordbokene.no/bm/sjokolade","2026-09-24"
"A2候选；Bokmålsordboka 列出 SCONJ 用法","hvis","hvis","单词","从属连词","A2","条件与假设","如果；假如","hvis","Hvis jeg får tid, ringer jeg deg i kveld. / Ta med en jakke hvis det blir kaldt.","如果我有时间，今晚就给你打电话。 / 如果天冷，就带件夹克。","","提出条件、计划和假设的高频从属连词，暂标 A2","来源已登记：词头/词性/核心义项","词头/词性/核心义项","Bokmålsordboka","https://ordbokene.no/bm/hvis","2026-09-24"
"A2 候选；Bokmålsordboka 词性、屈折与副词用法","selvfølgelig","selvfølgelig","单词","形容词","A2","同意与回应","理所当然的；当然（作副词）","selvfølgelig · selvfølgelig · selvfølgelige","Selvfølgelig kan jeg hjelpe deg. / Det er en selvfølgelig del av jobben.","当然，我可以帮你。 / 这是工作中理所当然的一部分。","","日常答应、表达理所当然或确认时高频出现，暂标 A2","来源已登记：词头/词性/核心义项","词头/词性/核心义项","Bokmålsordboka","https://ordbokene.no/bm/selvfølgelig","2026-09-24"
"Bokmålsordboka/Ordbank：阴性名词词形及性别变体","gruppe","ei gruppe","单词","名词","A2","团队与群体","组；群；团队；类别","en gruppe · gruppen / gruppa · grupper · gruppene","Vi arbeider i ei gruppe på fire personer. / Gruppene presenterer arbeidet sitt etter lunsj.","我们四个人一组做事。 / 各小组午饭后展示他们的成果。","","描述班级、小组和社会群体时的高频名词，暂标 A2","来源已登记：词头/词性/核心义项","词头/词性/核心义项","Bokmålsordboka","https://ordbokene.no/bm/gruppe","2026-09-24"
"Bokmålsordboka/Ordbank：形容词性数变化与语义","pen","pen","单词","形容词","A2","外貌与评价","好看的；漂亮的；整洁的；工整的（依语境）","pen · pent · pene · penere · penest / peneste","Hun har veldig pen håndskrift. / De fant et pent lite hotell ved sjøen.","她的字写得很工整。 / 他们在海边找到一家漂亮的小酒店。","","描述外表、字迹、天气等“好看/整洁”的常用形容词，暂标 A2","来源已登记：词头/词性/核心义项","词头/词性/核心义项","Bokmålsordboka","https://ordbokene.no/bm/pen","2026-09-24"
"A2候选；Bokmålsordboka词形待核","høy","høy","单词","形容词","A2","外形与测量","高的；身材高的；音量大的；水平高的","høy · høyt · høye","Det er et høyt fjell bak huset. / Kan du skru ned den høye musikken?","房子后面有一座高山。 / 你能把声音很大的音乐调低一点吗？","","描述高度、音量和水平的核心形容词，暂标 A2","来源已登记：词头/词性/核心义项","词头/词性/核心义项","Bokmålsordboka","https://ordbokene.no/bm/h%C3%B8y","2026-09-24"
"Bokmålsordboka/Ordbank：中性复合名词词形","byggesett","et byggesett","单词","名词","A2","玩具与活动","拼装套件；组装模型套装","et byggesett · byggesettet · byggesett · byggesettene","Vi kjøpte et byggesett med et lite fly. / Barna bygde byggesettet sammen på gulvet.","我们买了一套小飞机拼装模型。 / 孩子们一起在地板上拼装了那套模型。","","家庭、儿童玩具和动手活动中的常用物品词，暂标 A2","来源已登记：Bokmål词头/词性/核心义项","Bokmål词头/词性/核心义项","Bokmålsordboka","https://ordbokene.no/bm/8327","2026-09-24"
"课程候选；透明复合词，构词与词形人工复核","internettilgang","en internettilgang","单词","名词","A2","网络与数字生活","互联网接入；上网条件；网络访问权限","en internettilgang · internettilgangen · internettilganger · internettilgangene","Studentene har gratis internettilgang på biblioteket. / Internettilgangen på hotellet var ustabil.","学生可以在图书馆免费上网。 / 酒店的网络连接不稳定。","","网络连接、学习和日常服务场景中的实用抽象名词，暂标 A2","来源已登记：Bokmål词头变体/词性/核心义项；课程词形与章节","Bokmål词头变体/词性/核心义项；课程词形与章节","NAOB + NTNU NoWiN 词汇表","https://naob.no/ordbok/internett-tilgang","2026-09-24"
"NTNU NoW Vocabulary list 06A；Bokmålsordboka 中性名词义","nett","et nett","单词","名词","A2","网络与通信","网；网络；互联网（依语境）","et nett · nettet · nett · nettene","Jeg fant informasjonen på nettet. / Det trådløse nettet virker ikke.","我在网上找到了这条信息。 / 无线网络不能用了。","","互联网、设备和日常网络服务话题的课程词；按 NoW 章节暂标 A2","来源已登记：词头/词性/核心义项","词头/词性/核心义项","Bokmålsordboka","https://ordbokene.no/bm/nett","2026-09-24"
"A2候选；Bokmålsordboka词形待核","ende","en ende","单词","名词","A2","位置与部分","一端；末端；尽头；结尾","en ende · enden · ender · endene","Apoteket ligger i den andre enden av gata. / Vi fant en benk ved enden av stien.","药房在街道另一头。 / 我们在小路尽头找到一张长椅。","","描述事物末端、尽头和终点的名词，暂标 A2","来源已登记：词头/词性/核心义项","词头/词性/核心义项","Bokmålsordboka","https://ordbokene.no/bm/ende","2026-09-24"
"A2候选；Bokmålsordboka词形待复核","side","ei/en side","单词","名词","A2","位置与部分","一侧；边；页；方面（依语境）","ei/en side · sida/siden · sider · sidene","Kafeen ligger på den andre siden av gata. / Les side to før timen.","咖啡馆在街道另一边。 / 上课前读第二页。","","描述方位、页面或物体部分的高频多义名词，暂标 A2","来源已登记：词头/词性/核心义项","词头/词性/核心义项","Bokmålsordboka","https://ordbokene.no/bm/side","2026-09-24"
"Bokmålsordboka/Ordbank：固定副词/介词及常见短语","innom","innom","单词","介词","A2","位置与出行","顺便到；短暂拜访；经过并进入","innom","Jeg stikker innom apoteket på vei hjem. / Kom gjerne innom oss etter jobb.","我回家路上顺道去一下药房。 / 下班后欢迎顺道来我们家。","","描述短暂停留、顺路拜访的高频词，暂标 A2","来源已登记：词头/词性/核心义项","词头/词性/核心义项","Bokmålsordboka","https://ordbokene.no/bm/innom","2026-09-24"
"A2候选；Bokmålsordboka词形待核","inni","inni","单词","介词","A2","位置与方向","在……里面；在内部；里面（依结构）","inni","Nøklene ligger inni veska. / Det regner, så barna leker inni.","钥匙在包里面。 / 正在下雨，所以孩子们在室内玩。","","描述物体或位置处于内部的常见介词/副词，暂标 A2","来源已登记：Bokmål词头/词性/核心义项","Bokmål词头/词性/核心义项","Bokmålsordboka","https://ordbokene.no/bm/inni","2026-09-24"
"Bokmålsordboka：介词词头，另列副词用法","innover","innover","单词","介词","A2","位置与方向","朝……里面；向内；向内陆方向","innover","Vi gikk lange turer innover fjellet. / Vannet flommet innover markene.","我们常常往山里走很远。 / 水向田野深处漫去。","","描述朝内、向里面移动的常用方向词，暂标 A2","来源已登记：Bokmål词头/词性/核心义项","Bokmål词头/词性/核心义项","Bokmålsordboka","https://ordbokene.no/bm/innover","2026-09-24"
"Bokmålsordboka（词头、词性和主要义项）","nede","nede","单词","副词","A2","位置与方向","在下面；楼下；较低处；停止运行（依语境）","nede","Barna venter nede ved inngangen. / Nettbanken er nede akkurat nå.","孩子们在楼下入口处等着。 / 网上银行现在暂时无法使用。","","日常描述楼层、位置和设备状态的方位副词，暂标 A2","来源已登记：Bokmål词头/词性/核心义项","Bokmål词头/词性/核心义项","Bokmålsordboka","https://ordbokene.no/bm/nede","2026-09-24"
"A2候选；Bokmålsordboka词形待核","nærmere","nærmere","单词","形容词","A2","位置与方向","更近的；更接近地；进一步；更详细地","nærmere","Kan du komme litt nærmere? Jeg hører deg ikke. / Vi skal se nærmere på saken i morgen.","你能再靠近一点吗？我听不清。 / 我们明天会进一步调查这件事。","","表示距离更近或进一步说明的常用比较级，暂标 A2","已有完整语境·待审定","","","",""
"Bokmålsordboka：位置介词词头；与 på 的搭配辨析","oppå","oppå","单词","介词","A2","位置与方向","在……上面；在……顶上","oppå","Legg nøklene oppå bordet. / Det ligger et tykt snølag oppå bilen.","把钥匙放到桌面上。 / 汽车上面覆盖着一层厚雪。","","描述物品上下位置的基础空间介词，暂标 A2","来源已登记：Bokmål词头/词性/核心义项","Bokmål词头/词性/核心义项","Bokmålsordboka","https://ordbokene.no/bm/opp%C3%A5","2026-09-24"
"A2候选；Bokmålsordboka词形待核","oppe","oppe","单词","副词","A2","位置与状态","在上面；楼上；醒着/起床了","oppe","Barna er fortsatt oppe klokka ti. / Katten sitter oppe på taket.","十点时孩子们还醒着。 / 猫坐在屋顶上面。","","位置、起床和保持清醒语境常用副词，暂标 A2","来源已登记：词头/词性/核心义项","词头/词性/核心义项","Bokmålsordboka","https://ordbokene.no/bm/oppe","2026-09-24"
"A2候选；Bokmålsordboka词形待核","søt","søt","单词","形容词","A2","味道与评价","甜的；可爱的；亲切讨喜的","søt · søtt · søte · søtere · søtest / søteste","Kaffen er litt for søt for meg. / For en søt hund!","这咖啡对我来说有点太甜了。 / 多可爱的一只狗啊！","","味道、气味和亲切评价的基础形容词，暂标 A2","来源已登记：词头/词性/核心义项","词头/词性/核心义项","Bokmålsordboka","https://ordbokene.no/bm/s%C3%B8t","2026-09-24"
"NTNU NoW Vocabulary list 08A；Bokmålsordboka 阳性复合名词词形","minusgrad","en minusgrad","单词","名词","A2","温度与天气","零下的一度；摄氏零度以下的一度","en minusgrad · minusgraden · minusgrader · minusgradene","Det blir fem minusgrader i natt. / Vi hadde åtte minusgrader på fjellet.","今晚会降到零下五度。 / 我们在山上遇到零下八度。","","描述零下温度和冬季天气的课程词；按 NoW 章节暂标 A2","来源已登记：课程词头/名词性别或词类/英文义项/词形/章节","课程词头/名词性别或词类/英文义项/词形/章节","NTNU NoW 词汇表","https://www.ntnu.edu/now/vocabulary/list","2026-09-24"
"Bokmålsordboka/Ordbank：中性名词词形","galleri","et galleri","单词","名词","A2","文化与城市","画廊；美术馆；（建筑中的）楼座","et galleri · galleriet · gallerier · galleriene","Vi besøkte et lite galleri i sentrum. / Galleriet viser bilder av norske kunstnere.","我们参观了市中心的一家小画廊。 / 这家画廊展出挪威艺术家的画作。","","城市参观、艺术与旅游场景中的常见名词，暂标 A2","来源已登记：词头/词性/核心义项","词头/词性/核心义项","Bokmålsordboka","https://ordbokene.no/bm/galleri","2026-09-24"
"A2候选；Bokmålsordboka词形待核","nasjonalgalleri","et nasjonalgalleri","单词","名词","A2","文化与地点","国家美术馆；国家级美术馆","et nasjonalgalleri · nasjonalgalleriet · nasjonalgallerier · nasjonalgalleriene","Vi besøkte et nasjonalgalleri på reisen. / Bildene skal stilles ut på nasjonalgalleriet.","我们旅行时参观了一家国家美术馆。 / 这些画将在国家美术馆展出。","","艺术与公共文化场所词汇，暂标 A2","来源已登记：课程词头/词性/英文核心义项/课文单元","课程词头/词性/英文核心义项/课文单元","NTNU LearnNoW 词汇表","https://www.ntnu.edu/learnnow/vocabulary/list","2026-09-24"
"A2候选；Bokmålsordboka词形待核","dokketeater","et dokketeater","单词","名词","A2","文化与活动","木偶戏；木偶剧场","et dokketeater · dokketeateret · dokketeatre · dokketeatrene","Barna så dokketeater på biblioteket. / Kulturskolen har et lite dokketeater.","孩子们在图书馆看了木偶戏。 / 文化学校有一个小木偶剧场。","","儿童文化活动与家庭生活词汇，暂标 A2","来源已登记：词头/词性/核心义项","词头/词性/核心义项","Bokmålsordboka","https://ordbokene.no/search?dict=bm&q=dokketeater&scope=eif","2026-09-24"
"Bokmålsordboka/Ordbank：阳性名词词形","festival","en festival","单词","名词","A2","文化与活动","节庆；艺术节；音乐节；电影节","en festival · festivalen · festivaler · festivalene","Byen arrangerer en musikkfestival hver sommer. / Festivalen varer i tre dager.","这座城市每年夏天都会举办音乐节。 / 这个音乐节持续三天。","","城市活动、音乐和文化体验中的常见名词，暂标 A2","来源已登记：词头/词性/核心义项","词头/词性/核心义项","Bokmålsordboka","https://ordbokene.no/bm/festival","2026-09-24"
"Bokmålsordboka/Ordbank：名词词性和核心义项","kultur","en kultur","单词","名词","A2","文化与社会","文化；栽培；培养物（依语境）","en kultur · kulturen · kulturer · kulturene","Museet viser fram norsk kultur og historie. / Det tar tid å bli kjent med en ny kultur.","博物馆展示挪威的文化和历史。 / 熟悉一种新文化需要时间。","","讨论社会、活动和文化差异时常见的基础名词，暂标 A2","来源已登记：Bokmål词头/词性/核心义项","Bokmål词头/词性/核心义项","Bokmålsordboka","https://ordbokene.no/bm/kultur","2026-09-24"
"Bokmålsordboka/Ordbank：名词义项及常用搭配","kunst","en kunst","单词","名词","A2","文化与社会","艺术；艺术作品/门道（依语境）","en kunst · kunsten · kunster · kunstene","Vi så moderne kunst på museet. / Det er en kunst å få alle til å le.","我们在博物馆看了现代艺术。 / 让所有人都笑出来是一门本事。","","艺术、博物馆和兴趣话题中的常见名词，暂标 A2","来源已登记：Bokmål词头/词性/核心义项","Bokmål词头/词性/核心义项","Bokmålsordboka","https://ordbokene.no/bm/kunst","2026-09-24"
"A2候选；Bokmålsordboka词形待核","ballett","en ballett","单词","名词","A2","文化与休闲","芭蕾舞；芭蕾舞剧","en ballett · balletten · balletter · ballettene","Datteren min går på ballett hver tirsdag. / Teatret setter opp en klassisk ballett.","我女儿每周二去上芭蕾课。 / 剧院正在上演一部经典芭蕾舞剧。","","文化活动常见名词，暂标 A2","来源已登记：词头/词性/核心义项","词头/词性/核心义项","Bokmålsordboka","https://ordbokene.no/bm/ballett","2026-09-24"
"Bokmålsordboka/Ordbank：阴性名词词形与多义项","forestilling","en forestilling","单词","名词","A2","文化与休闲","演出；表演；想法；印象（依语境）","en forestilling · forestillingen · forestillinger · forestillingene","Vi så en morsom forestilling på teatret. / Jeg hadde en helt annen forestilling om stedet.","我们在剧院看了一场有趣的演出。 / 我原本对那个地方的印象完全不同。","","演出、戏剧及观点表达中的常见名词，暂标 A2","来源已登记：词头/词性/核心义项","词头/词性/核心义项","Bokmålsordboka","https://ordbokene.no/bm/forestilling","2026-09-24"
"Bokmålsordboka/Ordbank：阳性名词词形及场所/活动义项","kino","en kino","单词","名词","A2","文化与休闲","电影院；看电影（活动，依语境）","en kino · kinoen · kinoer · kinoene","Skal vi gå på kino på fredag? / Kinoen åpner en halvtime før filmen.","我们星期五去看电影好吗？ / 电影院在电影开场前半小时开放。","","约周末活动、买票和城市休闲时常用的基础名词，暂标 A2","来源已登记：词头/词性/核心义项","词头/词性/核心义项","Bokmålsordboka","https://ordbokene.no/bm/kino","2026-09-24"
"Bokmålsordboka/Ordbank：阳性名词词形与音乐活动义项","konsert","en konsert","单词","名词","A2","文化与休闲","音乐会；现场演出（以音乐为主）","en konsert · konserten · konserter · konsertene","Vi skal på konsert med et norsk band. / Konserten begynner klokka åtte.","我们要去听一个挪威乐队的音乐会。 / 音乐会八点开始。","","音乐活动、购票和周末安排中的常用名词，暂标 A2","来源已登记：词头/词性/核心义项","词头/词性/核心义项","Bokmålsordboka","https://ordbokene.no/bm/konsert","2026-09-24"
"Bokmålsordboka/Ordbank：中性名词词形","kor","et kor","单词","名词","A2","文化与休闲","合唱团；合唱队","et kor · koret · kor · korene","Datteren min synger i et kor hver torsdag. / Koret øver før konserten.","我女儿每周四都参加合唱团唱歌。 / 合唱团在音乐会前排练。","","音乐、学校和社团活动中的基础名词，暂标 A2","来源已登记：Bokmål词头/词性/核心义项","Bokmål词头/词性/核心义项","Bokmålsordboka","https://ordbokene.no/bm/kor","2026-09-24"
"Bokmålsordboka/Ordbank：阴性名词词形","opera","en opera","单词","名词","A2","文化与休闲","歌剧；歌剧院（依语境）","en opera · operaen · operaer · operaene","Vi skal se en opera på fredag. / Operaen i Oslo ligger ved fjorden.","我们星期五要去看一场歌剧。 / 奥斯陆歌剧院位于峡湾边。","","文化活动与城市生活中的名词，暂标 A2","来源已登记：Bokmål词头/词性/核心义项","Bokmål词头/词性/核心义项","Bokmålsordboka","https://ordbokene.no/bm/opera","2026-09-24"
"Bokmålsordboka/Ordbank：名词词形和常用表达","sang","en sang","单词","名词","A2","文化与休闲","歌曲；歌","en sang · sangen · sanger · sangene","Barna synger en sang på norsk. / Denne sangen minner meg om sommeren.","孩子们用挪威语唱一首歌。 / 这首歌让我想起夏天。","","音乐、聚会和兴趣话题中的基础名词，暂标 A2","来源已登记：Bokmål词头/词性/核心义项","Bokmål词头/词性/核心义项","Bokmålsordboka","https://ordbokene.no/bm/sang","2026-09-24"
"Bokmålsordboka/Ordbank：中性名词词形及借词用法","show","et show","单词","名词","A2","文化与休闲","演出；综艺节目；娱乐表演","et show · showet · show · showene","Barna så et morsomt show på TV. / Det var et stort show på torget.","孩子们在电视上看了一个有趣的娱乐节目。 / 广场上有一场大型演出。","","电视、舞台和娱乐活动中的常见借词名词，暂标 A2","来源已登记：Bokmål词头/词性/核心义项","Bokmål词头/词性/核心义项","Bokmålsordboka","https://ordbokene.no/bm/show","2026-09-24"
"Bokmålsordboka/Ordbank：中性名词变格及文化义项","teater","et teater","单词","名词","A2","文化与休闲","剧院；戏剧艺术；（一场）戏","et teater · teateret · teatre · teatrene","Vi skal på teater på lørdag. / Byen har to små teatre.","我们星期六要去看戏。 / 这座城市有两家小剧院。","","文化活动、城市生活和周末计划中常见的名词，暂标 A2","来源已登记：课程词头/词性/英文核心义项/课文单元","课程词头/词性/英文核心义项/课文单元","NTNU LearnNoW 词汇表","https://www.ntnu.edu/learnnow/vocabulary/list","2026-09-24"
"A2候选；Bokmålsordboka词形待核","teaterforestilling","en teaterforestilling","单词","名词","A2","文化与休闲","戏剧演出；剧场演出","en teaterforestilling · teaterforestillingen · teaterforestillinger · teaterforestillingene","Vi skal se en teaterforestilling på lørdag. / Teaterforestillingen begynner klokka sju.","我们星期六要去看一场戏剧演出。 / 这场戏剧演出七点开始。","","剧场文化和休闲活动常见复合名词，暂标 A2","来源已登记：课程词头/词性/英文核心义项/课文单元","课程词头/词性/英文核心义项/课文单元","NTNU LearnNoW 词汇表","https://www.ntnu.edu/learnnow/vocabulary/list","2026-09-24"
"Bokmålsordboka/Ordbank：中性名词词形","dikt","et dikt","单词","名词","A2","文化与阅读","诗；诗歌（通常指一首）","et dikt · diktet · dikt · diktene","Elevene skrev et dikt om høsten. / Hun leste diktene høyt for barna.","学生们写了一首关于秋天的诗。 / 她把那些诗大声读给孩子们听。","","阅读、学校和文化活动中的常见名词，暂标 A2","来源已登记：词头/词性/核心义项","词头/词性/核心义项","Bokmålsordboka","https://ordbokene.no/bm/dikt","2026-09-24"
"Bokmålsordboka/Ordbank：中性名词词形","maleri","et maleri","单词","名词","A2","文化与阅读","绘画作品；油画；画作","et maleri · maleriet · malerier · maleriene","Hun kjøpte et maleri av en lokal kunstner. / Maleriet henger over sofaen.","她买了一幅当地艺术家的画。 / 那幅画挂在沙发上方。","","艺术、阅读和参观展览时常用的名词，暂标 A2","来源已登记：Bokmål词头/词性/核心义项","Bokmål词头/词性/核心义项","Bokmålsordboka","https://ordbokene.no/bm/maleri","2026-09-24"
"Bokmålsordboka/Ordbank：阴性名词词形","scene","en scene","单词","名词","A2","文化与阅读","舞台；场景；镜头中的一幕","en scene · scenen · scener · scenene","Skuespilleren gikk opp på scenen. / Den siste scenen i filmen var veldig sterk.","演员走上了舞台。 / 电影最后一个场景非常震撼。","","戏剧、电影和描述场景时常见的名词，暂标 A2","来源已登记：Bokmål词头/词性/核心义项","Bokmål词头/词性/核心义项","Bokmålsordboka","https://ordbokene.no/bm/scene","2026-09-24"
"Bokmålsordboka/Ordbank：中性名词词形","dokument","et dokument","单词","名词","A2","文件与材料","文件；文档；证明文件（依语境）","et dokument · dokumentet · dokumenter · dokumentene","Kan du sende dokumentet til meg på e-post? / Husk å lagre dokumentet før du lukker programmet.","你能把这个文件通过邮件发给我吗？ / 关闭程序前记得保存文档。","","学习、工作和办事时常见的文本与文件名词，暂标 A2","来源已登记：词头/词性/核心义项","词头/词性/核心义项","Bokmålsordboka","https://ordbokene.no/bm/dokument","2026-09-24"
"Bokmålsordboka 词条核验；词形按规范范式","papir","et papir","单词","名词","A2","文件与材料","纸；纸张；文件/证件（常用复数 papirer）","et papir · papiret · papirer · papirene","Kan du skrive adressen på et papir? / Hun må vise papirene sine på kontoret.","你能把地址写在一张纸上吗？ / 她必须在办公室出示自己的文件。","","学习、表格和日常办事都会用到的材料名词，暂标 A2","来源已登记：词头/词性/核心义项","词头/词性/核心义项","Bokmålsordboka","https://ordbokene.no/bm/papir","2026-09-24"
"Bokmålsordboka/Ordbank：阳性名词词形及抽象义项; Tema: fremtid · 课本专题","utfordring","en utfordring","单词","名词","A2","问题与成长 / 未来计划与目标","挑战；难题；具有挑战性的任务","en utfordring · utfordringen · utfordringer · utfordringene","Det var en utfordring å snakke norsk på møtet. / Hun tok utfordringen og søkte på jobben. / Det kan bli en spennende utfordring.","在会议上说挪威语是一项挑战。 / 她接受了挑战并申请了这份工作。 / 这可能会成为一个令人兴奋的挑战。","","讨论困难、目标和成长经历时常用的名词，暂标 A2","来源已登记：词头/词性/核心义项","词头/词性/核心义项","Bokmålsordboka","https://ordbokene.no/bm/utfordring","2026-09-24"
"Bokmålsordboka/Ordbank：动词规则变位及口语语义","fikse","å fikse","单词","动词","A2","问题与解决","修理；弄好；解决；安排（口语）","å fikse · fikser · fikset / fiksa · fikset / fiksa","Kan du fikse sykkelen før helgen? / Vi fikset alt før gjestene kom.","你能在周末前把自行车修好吗？ / 客人来之前我们把一切都安排妥当了。","","日常解决小问题、修理物品和安排事务时常用，暂标 A2","来源已登记：词头/词性/核心义项","词头/词性/核心义项","Bokmålsordboka","https://ordbokene.no/bm/fikse","2026-09-24"
"Bokmålsordboka/Ordbank：动词词形和常用搭配","løse","å løse","单词","动词","A2","问题与解决","解决；解答；解开","å løse · løser · løste · løst","Vi prøver å løse problemet sammen. / Hun løste alle oppgavene på prøven.","我们正尝试一起解决这个问题。 / 她解答了考试中的所有题目。","","解决问题、完成任务和解题时的高频动词，暂标 A2","来源已登记：词头/词性/核心义项","词头/词性/核心义项","Bokmålsordboka","https://ordbokene.no/bm/l%C3%B8se","2026-09-24"
"Bokmålsordboka/Ordbank：中性名词词形","problem","et problem","单词","名词","A2","问题与解决","问题；难题；麻烦","et problem · problemet · problemer · problemene","Jeg har et problem med innloggingen. / De fant en løsning på problemene.","我的登录出了点问题。 / 他们找到了这些问题的解决办法。","","日常沟通、学习和工作中极常见的名词，暂标 A2","来源已登记：词头/词性/核心义项","词头/词性/核心义项","Bokmålsordboka","https://ordbokene.no/bm/problem","2026-09-24"
"NTNU NoW Vocabulary list 07B；课程词汇","salsakurs","et salsakurs","单词","名词","A2","舞蹈与休闲","萨尔萨舞课程；萨尔萨舞班","et salsakurs · salsakurset · salsakurs · salsakursene","Vi meldte oss på et salsakurs i sentrum. / Salsakurset starter på torsdag.","我们报名参加了市中心的一门萨尔萨舞课。 / 萨尔萨舞班周四开课。","","报名课程、舞蹈和休闲活动场景的复合名词；按课程单元暂标 A2","来源已登记：课程词头/名词性别或词类/英文义项/词形/章节","课程词头/名词性别或词类/英文义项/词形/章节","NTNU NoWiN 词汇表","https://www.ntnu.edu/nowin/info/voc-table-s","2026-09-24"
"课程候选 08B；透明复合词 femhundre + lapp，词头与屈折待专项复核","femhundrelapp","en femhundrelapp","单词","名词","A2","现金与金额","一张500克朗纸币；五百克朗钞票","en femhundrelapp · femhundrelappen · femhundrelapper · femhundrelappene","Kan du veksle en femhundrelapp for meg? / Han betalte med en femhundrelapp.","你能帮我把一张五百克朗钞票换开吗？ / 他用一张五百克朗纸币付款。","","付款和现金场景的实用复合名词；源课程暂列 A2，实际熟悉度因支付习惯而异","来源已登记：词头/词性/核心义项","词头/词性/核心义项","Bokmålsordboka","https://ordbokene.no/bm/femhundrelapp","2026-09-24"
"NTNU NoW Vocabulary list 04K；Bokmålsordboka 词形","minibank","en minibank","单词","名词","A2","现金与银行","自动取款机；ATM","en minibank · minibanken · minibanker · minibankene","Finnes det en minibank i nærheten? / Jeg tok ut fem hundre kroner i minibanken.","附近有自动取款机吗？ / 我在 ATM 取了五百克朗。","","取现金和城市生活实用名词；课程暂列 A2","来源已登记：Bokmål词头/词性/核心义项","Bokmål词头/词性/核心义项","Bokmålsordboka","https://ordbokene.no/bm/minibank","2026-09-24"
"Bokmålsordboka/Ordbank：阳性名词词形及重音符号变体","idé","en idé","单词","名词","A2","想法与计划","想法；主意；构想","en idé · idéen/ideen · idéer/ideer · idéene/ideene","Jeg fikk en god idé på vei hjem. / Har du noen idéer til helgen?","我回家路上想到了一个好主意。 / 你对周末有什么想法吗？","","表达想法、建议和创造性计划的常用名词，暂标 A2","来源已登记：词头/词性/核心义项","词头/词性/核心义项","Bokmålsordboka","https://ordbokene.no/bm/id%C3%A9","2026-09-24"
"A2候选；Bokmålsordboka词形待核","tro","å tro","单词","动词","A2","想法与信念","相信；认为；以为；信仰","å tro · tror · trodde · har trodd","Jeg tror at bussen kommer om fem minutter. / Hun tror på seg selv og tør å snakke norsk.","我想公交车五分钟后会来。 / 她相信自己，也敢于说挪威语。","","表达相信、认为和宗教信念的高频动词，暂标 A2","来源已登记：词头/词性/核心义项","词头/词性/核心义项","Bokmålsordboka","https://ordbokene.no/bm/tro","2026-09-24"
"Bokmålsordboka（词头、词性及主要义项）","melding","ei melding","单词","名词","A2","消息与沟通","消息；通知；简短报告；短信（依语境）","ei/en melding · meldinga / meldingen · meldinger · meldingene","Jeg sender deg en melding når toget kommer. / Hun fikk melding om at timen var avlyst.","火车到了我给你发消息。 / 她收到通知，说预约取消了。","","短信、通知和日常沟通中的高频词，暂标 A2","来源已登记：词头/词性/核心义项","词头/词性/核心义项","Bokmålsordboka","https://ordbokene.no/bm/melding","2026-09-24"
"A2候选；Bokmålsordboka词形待核","nyhet","en nyhet","单词","名词","A2","新闻与信息","新闻；消息；新事物/新功能","en nyhet · nyheten / nyheta · nyheter · nyhetene","Jeg leste en viktig nyhet på nettet. / Nyhetene begynner klokka sju.","我在网上读到一条重要新闻。 / 新闻节目七点开始。","","媒体、日常交流和信息更新常用名词，暂标 A2","来源已登记：词头/词性/核心义项","词头/词性/核心义项","Bokmålsordboka","https://ordbokene.no/bm/nyhet","2026-09-24"
"Bokmålsordboka/Ordbank：阳性名词词形及消息义项","beskjed","en beskjed","单词","名词","A2","信息与沟通","消息；通知；口头/书面指示","en beskjed · beskjeden · beskjeder · beskjedene","Jeg fikk beskjed om at møtet er flyttet. / Kan du gi læreren beskjed om at jeg er syk?","我收到通知，会议时间改了。 / 你能告诉老师我生病了吗？","","收发消息、转达安排和接受指示时常用的名词，暂标 A2","来源已登记：词头/词性/核心义项","词头/词性/核心义项","Bokmålsordboka","https://ordbokene.no/bm/beskjed","2026-09-24"
"Bokmålsordboka/Ordbank：阴性名词词形及可数性","informasjon","en informasjon","单词","名词","A2","信息与沟通","信息；资料；通知内容（通常不可数）","informasjon · informasjonen","Du finner mer informasjon på nettsiden. / Jeg fikk informasjon om kurset på e-post.","你可以在网站上找到更多信息。 / 我通过邮件收到了课程信息。","","办事、学习和交流中极常见的抽象名词，暂标 A2","来源已登记：词头/词性/核心义项","词头/词性/核心义项","Bokmålsordboka","https://ordbokene.no/bm/informasjon","2026-09-24"
"Bokmålsordboka：星期名称词头；大小写与介词搭配按 Bokmål 书写","fredag","en fredag","单词","名词","A2","星期与安排","星期五；一个星期五","en fredag · fredagen · fredager · fredagene","Vi skal besøke bestemor på fredag. / Jeg jobber hjemmefra hver fredag.","我们星期五要去看望奶奶。 / 我每周五在家办公。","","日期和日程安排中的基础星期词，暂标 A2","来源已登记：词头/词性/核心义项","词头/词性/核心义项","Bokmålsordboka","https://ordbokene.no/bm/fredag","2026-09-24"
"A2候选；Bokmålsordboka词形待核","lørdag","en lørdag","单词","名词","A2","星期与安排","星期六；周六","en lørdag · lørdagen · lørdager · lørdagene","Skal vi gå på kino på lørdag? / Jeg jobber ofte på lørdager.","我们周六去看电影吗？ / 我常在周六工作。","","周末安排和日常日程常用星期名词，暂标 A2","来源已登记：词头/词性/核心义项","词头/词性/核心义项","Bokmålsordboka","https://ordbokene.no/bm/l%C3%B8rdag","2026-09-24"
"A2候选；Bokmålsordboka词形待核","søndag","en søndag","单词","名词","A2","星期与安排","星期日；周日","en søndag · søndagen · søndager · søndagene","Vi besøker besteforeldrene på søndag. / Butikken er stengt på søndager.","我们周日去看祖父母。 / 商店周日不营业。","","日程与周末生活常用星期名词，暂标 A2","来源已登记：词头/词性/核心义项","词头/词性/核心义项","Bokmålsordboka","https://ordbokene.no/bm/s%C3%B8ndag","2026-09-24"
"Bokmålsordboka/Ordbank：阳性名词词形及日期表达","torsdag","en torsdag","单词","名词","A2","星期与安排","星期四；某个星期四","en torsdag · torsdagen · torsdager · torsdagene","Jeg har norskkurs på torsdag. / Butikken stenger tidlig på torsdager.","我星期四有挪威语课。 / 这家商店每逢星期四都会早关门。","","安排日程、约会和每周活动时必备的星期名称，暂标 A2","来源已登记：词头/词性/核心义项","词头/词性/核心义项","Bokmålsordboka","https://ordbokene.no/bm/torsdag","2026-09-24"
"Bokmålsordboka/Ordbank：强变化动词词形与多义用法","følge","å følge","单词","动词","A2","行动与关系","跟随；陪同；遵守；接下来发生（依语境）","å følge · følger · fulgte · fulgt","Kan du følge meg til busstoppet? / Det er viktig å følge instruksjonene.","你能陪我走到公交站吗？ / 遵循说明很重要。","","跟随、陪同、遵循说明和表达因果关系的常用动词，暂标 A2","来源已登记：词头/词性/核心义项","词头/词性/核心义项","Bokmålsordboka","https://ordbokene.no/bm/f%C3%B8lge","2026-09-24"
"Bokmålsordboka：名词主要义项及固定搭配","form","en form","单词","名词","A2","形状与填写","形状；形式；烤模/模具；状态（依语境）","en form · formen · former · formene","Vi heller røra i en smurt form. / Hun er i god form etter treningen.","我们把面糊倒进一个抹了油的烤模里。 / 训练之后她状态很好。","","表达形状、表格和身体状态的常用多义名词，暂标 A2","来源已登记：词头/词性/核心义项","词头/词性/核心义项","Bokmålsordboka","https://ordbokene.no/bm/form","2026-09-24"
"A2 候选；Bokmålsordboka engasjere 的形容词用法","engasjert","engasjert","单词","形容词","A2","兴趣与参与","积极投入的；热心参与的；（任职）受聘的","engasjert · engasjert · engasjerte · mer engasjert · mest engasjert","Hun er engasjert i skolens miljøarbeid. / De engasjerte foreldrene hjelper til på skolen.","她积极参与学校的环保工作。 / 热心的家长们在学校帮忙。","","表达积极参与、热心投入和兴趣的常用描述词，暂标 A2","来源已登记：词头/词性/核心义项","词头/词性/核心义项","Bokmålsordboka","https://ordbokene.no/bm/engasjert","2026-09-24"
"Bokmålsordboka/Ordbank：分词形容词词形与介词搭配","interessert","interessert","单词","形容词","A2","兴趣与感受","感兴趣的；有兴趣的","interessert · interessert · interesserte · mer interessert · mest interessert","Jeg er interessert i norsk litteratur. / De interesserte elevene stilte mange spørsmål.","我对挪威文学感兴趣。 / 那些感兴趣的学生提出了很多问题。","","表达兴趣、偏好和个人介绍时的高频形容词，暂标 A2","来源已登记：词头/词性/核心义项","词头/词性/核心义项","Bokmålsordboka","https://ordbokene.no/bm/interessert","2026-09-24"
"课程候选；透明复合词，gruppe 词形与复合词人工核","klatregruppe","ei klatregruppe","单词","名词","A2","兴趣与课外活动","攀岩小组；攀岩队/社团","ei klatregruppe · klatregruppa · klatregrupper · klatregruppene","Datteren min vil begynne i ei klatregruppe. / Klatregruppa trener i hallen på tirsdager.","我女儿想加入一个攀岩小组。 / 攀岩小组每周二在馆里训练。","","介绍兴趣班、运动活动和社交安排的实用名词，暂标 A2","来源已登记：词头/词性/核心义项","词头/词性/核心义项","Bokmålsordboka","https://ordbokene.no/bm/klatregruppe","2026-09-24"
"A2候选；Bokmålsordboka词形待核","romantiker","en romantiker","单词","名词","A2","兴趣与性格","浪漫的人；浪漫主义者","en romantiker · romantikeren · romantikere · romantikerne","Han er en romantiker som alltid husker bryllupsdagen. / Mange romantikere liker dikt og kjærlighetshistorier.","他是个浪漫的人，总记得结婚纪念日。 / 许多浪漫的人喜欢诗歌和爱情故事。","","描述人的性格、兴趣和关系的名词，暂标 A2","来源已登记：Bokmål词头/词性/核心义项","Bokmål词头/词性/核心义项","Bokmålsordboka","https://ordbokene.no/bm/romantiker","2026-09-24"
"Bokmålsordboka/Ordbank：阳性名词词形","hobby","en hobby","单词","名词","A2","兴趣与休闲","爱好；业余兴趣","en hobby · hobbyen · hobbyer · hobbyene","Matlaging er hobbyen hennes. / Har du noen hobbyer?","烹饪是她的爱好。 / 你有什么爱好吗？","","介绍个人兴趣与休闲活动的高实用名词，暂标 A2","来源已登记：词头/词性/核心义项","词头/词性/核心义项","Bokmålsordboka","https://ordbokene.no/bm/hobby","2026-09-24"
"A2候选；Bokmålsordboka词形待核","fan","en fan","单词","名词","A2","兴趣与支持","粉丝；热情支持者；爱好者","en fan · fanen · fans · fanene","Hun er fan av dette bandet. / Fotballfans fra hele landet kom til kampen.","她是这个乐队的粉丝。 / 来自全国各地的足球迷都来观看比赛了。","","音乐、体育和兴趣话题中的常见人物名词，暂标 A2","来源已登记：词头/词性/核心义项","词头/词性/核心义项","Bokmålsordboka","https://ordbokene.no/bm/fan","2026-09-24"
"A2候选；Bokmålsordboka词形待核","sjenert","sjenert","单词","形容词","A2","性格与感受","害羞的；腼腆的；怕生的","sjenert · sjenert · sjenerte · mer sjenert · mest sjenert","Han var sjenert da han begynte på den nye skolen. / Hun smilte sjenert til gjestene.","刚到新学校时他很害羞。 / 她腼腆地对客人笑了笑。","","描述社交状态、性格和情绪常见形容词，暂标 A2","来源已登记：词头/词性/核心义项","词头/词性/核心义项","Bokmålsordboka","https://ordbokene.no/bm/sjenert","2026-09-24"
"Bokmålsordboka/Ordbank：形容词屈折与词义","hjelpsom","hjelpsom","单词","形容词","A2","性格与关系","乐于助人的；有帮助的","hjelpsom · hjelpsomt · hjelpsomme · hjelpsommere · hjelpsomst","Naboen var veldig hjelpsom da vi flyttet. / Takk for et hjelpsomt svar.","我们搬家时，邻居非常乐于帮忙。 / 谢谢你提供了有帮助的答复。","","描述服务、性格和人际互动的实用形容词，暂标 A2","来源已登记：词头/词性/核心义项","词头/词性/核心义项","Bokmålsordboka","https://ordbokene.no/bm/hjelpsom","2026-09-24"
"A2候选；Bokmålsordboka词形待核","stille","stille","单词","形容词","A2","性格与环境","安静的；静止的；沉默的","stille · stille · stille · stillere · stillest / stilleste","Det er stille i biblioteket. / Han ble stille da læreren spurte.","图书馆里很安静。 / 老师提问时他沉默了。","","描述声音、环境与人的常见形容词，暂标 A2","来源已登记：词头/词性/核心义项","词头/词性/核心义项","Bokmålsordboka","https://ordbokene.no/nob/bm/stille","2026-09-24"
"A2候选；Bokmålsordboka词形待核","dum","dum","单词","形容词","A2","性格与评价","愚蠢的；不明智的；糟糕的","dum · dumt · dumme · dummere · dummest / dummeste","Det var dumt å dra uten paraply. / Han følte seg dum da han glemte avtalen.","不带伞就出门真是不明智。 / 他忘了约定后觉得自己很糊涂。","","日常判断、情绪表达和评价常用形容词，暂标 A2","来源已登记：词头/词性/核心义项","词头/词性/核心义项","Bokmålsordboka","https://ordbokene.no/bm/dum","2026-09-24"
"A2候选；Bokmålsordboka词形待核","kjekk","kjekk","单词","形容词","A2","性格与评价","友好的；愉快的；好看的；实用的（依语境）","kjekk · kjekt · kjekke · kjekkere · kjekkest / kjekkeste","Vi hadde en kjekk kveld sammen. / Han er en kjekk og hjelpsom kollega.","我们一起度过了愉快的夜晚。 / 他是一位友好又乐于助人的同事。","","描述友好、愉快或有吸引力的形容词，暂标 A2","来源已登记：词头/词性/核心义项","词头/词性/核心义项","Bokmålsordboka","https://ordbokene.no/bm/kjekk","2026-09-24"
"A2候选；Bokmålsordboka词形待核","rar","rar","单词","形容词","A2","性格与评价","奇怪的；古怪的；稀奇的","rar · rart · rare · rarere · rarest / rareste","Det kom en rar lyd fra kjøkkenet. / Det var rart å møte læreren på ferie.","厨房里传来一声奇怪的声音。 / 在度假时遇到老师真是挺奇怪的。","","描述人、物或情况不同寻常的常用形容词，暂标 A2","来源已登记：词头/词性/核心义项","词头/词性/核心义项","Bokmålsordboka","https://ordbokene.no/bm/rar","2026-09-24"
"A2候选；Bokmålsordboka词形待核","snill","snill","单词","形容词","A2","性格与评价","善良的；友善的；乖的","snill · snilt · snille · snillere · snillest / snilleste","Hun er alltid snill mot de nye elevene. / Vær så snill og vent litt.","她总是很友善地对待新同学。 / 请稍等一下。","","描述性格、行为和友善态度的基础形容词，暂标 A2","来源已登记：词头/词性/核心义项","词头/词性/核心义项","Bokmålsordboka","https://ordbokene.no/bm/snill","2026-09-24"
"A2候选；Bokmålsordboka词形待核","sykkeltur","en sykkeltur","单词","名词","A2","休闲与出行","骑自行车出游；骑行","en sykkeltur · sykkelturen · sykkelturer · sykkelturene","Vi drar på sykkeltur langs fjorden. / Sykkelturen tok nesten tre timer.","我们沿着峡湾骑车出游。 / 这次骑行花了将近三个小时。","","日常休闲复合词，暂标 A2","来源已登记：词头/词性/核心义项","词头/词性/核心义项","Bokmålsordboka","https://ordbokene.no/bm/sykkeltur","2026-09-24"
"A2候选；Bokmålsordboka词形待核","danse","å danse","单词","动词","A2","休闲与活动","跳舞；舞蹈","å danse · danser · danset / dansa · danset / dansa","Vil du danse med meg? / De danset hele kvelden i bryllupet.","你愿意和我跳舞吗？ / 他们在婚礼上跳了一整晚。","","休闲活动与社交场景基础动词，暂标 A2","来源已登记：词头/词性/核心义项","词头/词性/核心义项","Bokmålsordboka","https://ordbokene.no/bm/danse","2026-09-24"
"Bokmålsordboka/Ordbank：动词词头和规则变位","fotografere","å fotografere","单词","动词","A2","休闲与活动","拍摄；给……拍照","å fotografere · fotograferer · fotograferte · har fotografert","Hun fotograferer barna i hagen. / Vi fotograferte fjellene på turen.","她在花园里给孩子们拍照。 / 我们在旅途中拍了山景。","","旅行、家庭活动和日常记录中的常用动词，暂标 A2","来源已登记：Bokmål词头/词性/核心义项","Bokmål词头/词性/核心义项","Bokmålsordboka","https://ordbokene.no/bm%2Cnn/fotografere","2026-09-24"
"Bokmålsordboka/Ordbank：阳性/阴性名词词形","fritid","ei fritid","单词","名词","A2","休闲与日常","空闲时间；闲暇；业余时间","ei fritid · fritida · fritiden · fritider","På fritida liker jeg å gå tur. / Hun bruker fritiden på å lære norsk.","空闲时我喜欢散步。 / 她把业余时间用来学挪威语。","","谈论兴趣、生活安排和工作之外时间的基础名词，暂标 A2","来源已登记：Bokmål词头/词性/核心义项","Bokmål词头/词性/核心义项","Bokmålsordboka","https://ordbokene.no/bm/fritid","2026-09-24"
"A2候选；Bokmålsordboka词形待核","fritidsaktivitet","en fritidsaktivitet","单词","名词","A2","休闲与兴趣","休闲活动；业余活动","en fritidsaktivitet · fritidsaktiviteten · fritidsaktiviteter · fritidsaktivitetene","Fotball er en populær fritidsaktivitet for barn. / Kommunen tilbyr mange fritidsaktiviteter for ungdom.","足球是孩子们很受欢迎的一种业余活动。 / 市政府为青少年提供许多休闲活动。","","谈兴趣、家庭生活和课外安排的常用复合词，暂标 A2","来源已登记：词头/词性/核心义项","词头/词性/核心义项","Bokmålsordboka","https://ordbokene.no/bm/fritidsaktivitet","2026-09-24"
"app.js · 核心动词; Bokmålsordboka（词头、词性及主要义项）","trenge","å trenge","单词","动词","A2","需要与请求 / 健康与看医生","需要；有必要；挤/穿过（较少见义）","å trenge · trenger · trengte · trengt","Vi trenger mer tid til å fylle ut skjemaet. / Hun trengte hjelp med å forstå brevet. / Jeg trenger hjelp.","我们需要更多时间填写表格。 / 她当时需要帮助来理解这封信。","","表达需要的基础动词，按初级交际任务暂标 A2","来源已登记：词头/词性/核心义项","词头/词性/核心义项","Bokmålsordboka","https://ordbokene.no/bm/trenge","2026-09-24"
"app.js · 核心动词; Bokmålsordboka/Ordbank：强变化动词词形及搭配","velge","å velge","单词","动词","A2","选择与决定 / 待归类","选择；挑选；选定","å velge · velger · valgte · valgt","Du kan velge mellom te og kaffe. / Hun valgte den blå kjolen. / Jeg velger denne.","你可以在茶和咖啡之间选择。 / 她选了那条蓝色连衣裙。","","购物、计划和表达偏好时高频使用的基础动词，暂标 A2","来源已登记：词头/词性/核心义项","词头/词性/核心义项","Bokmålsordboka","https://ordbokene.no/bm/velge","2026-09-24"
"NTNU NoW Vocabulary list 06A；课程词汇","psykologi","en psykologi","单词","名词","A2","学科与学习","心理学；心理（学科/研究领域）","en psykologi · psykologien · psykologier · psykologiene","Hun studerer psykologi ved universitetet. / Psykologien handler blant annet om hvordan mennesker tenker.","她在大学学习心理学。 / 心理学涉及人们如何思考等内容。","","大学学习与学科名称；按课程单元暂标 A2","来源已登记：Bokmål词头/词性/核心义项","Bokmål词头/词性/核心义项","Bokmålsordboka","https://ordbokene.no/bm/psykologi","2026-09-24"
"A2候选；Bokmålsordboka词形待核","kompendium","et kompendium","单词","名词","A2","学习材料","课程讲义汇编；课程资料册","et kompendium · kompendiet · kompendier · kompendiene","Læreren la kompendiet ut på nettet. / Vi må lese to kapitler i kompendiet.","老师把课程资料册放到了网上。 / 我们必须读资料册里的两章。","","课程阅读和大学学习中常见名词，暂标 A2","来源已登记：词头/词性/核心义项","词头/词性/核心义项","Bokmålsordboka","https://ordbokene.no/bm/kompendium","2026-09-24"
"Bokmålsordboka/Ordbank：阳性名词词形","blyant","en blyant","单词","名词","A2","学习用品","铅笔","en blyant · blyanten · blyanter · blyantene","Skriv svaret med blyant. / Blyanten ligger ved siden av boka.","请用铅笔写答案。 / 铅笔在书旁边。","","课堂、填写表格和做笔记时的基础物品名词，暂标 A2","来源已登记：词头/词性/核心义项","词头/词性/核心义项","Bokmålsordboka","https://ordbokene.no/bm/6615","2026-09-24"
"Bokmålsordboka/Ordbank：中性名词词形","viskelær","et viskelær","单词","名词","A2","学习用品","橡皮；橡皮擦","et viskelær · viskelæret · viskelær · viskelærene","Har du et viskelær jeg kan låne? / Viskelæret ligger i pennalet.","你有橡皮可以借我吗？ / 橡皮在笔袋里。","","写字、画图和课堂用品中的常见名词，暂标 A2","来源已登记：词头/词性/核心义项","词头/词性/核心义项","Bokmålsordboka","https://ordbokene.no/bm/viskel%C3%A6r","2026-09-24"
"A2候选；Bokmålsordboka词形待核","perm","en perm","单词","名词","A2","学习用品与文件","活页夹；文件夹；资料夹","en perm · permen · permer · permene","Jeg har lagt papirene i en blå perm. / Permen står på hylla ved kontoret.","我把文件放进一个蓝色活页夹里了。 / 文件夹放在办公室旁的架子上。","","学校、办公室和文件整理场景常见名词，暂标 A2","来源已登记：词头/词性/核心义项","词头/词性/核心义项","Bokmålsordboka","https://ordbokene.no/bm/perm","2026-09-24"
"A2候选；Bokmålsordboka词形待核","analyse","en analyse","单词","名词","A2","学习与调查","分析；化验分析；检验报告（依语境）","en analyse · analysen · analyser · analysene","Studentene skriver en analyse av artikkelen. / Legen bestilte en analyse av blodprøven.","学生们写一篇对这篇文章的分析。 / 医生要求对血样进行一项化验分析。","","学习、工作和医疗中常见的分析名词，暂标 A2","来源已登记：词头/词性/核心义项","词头/词性/核心义项","Bokmålsordboka","https://ordbokene.no/bm/analyse","2026-09-24"
"app.js · 核心名词","lærer","en lærer","单词","名词","A2","学习与工作","老师","en lærer · læreren · lærere · lærerne","Læreren hjelper elevene.","老师帮助学生们。","","LearnNoW 课程词汇表第 7 课；项目暂标 A2，非官方逐词 CEFR","词典与课程已核验：词头/词性/词形/核心义项","词头/词性/词形/核心义项/课程章节","Bokmålsordboka / NTNU LearnNoW","https://ordbokene.no/bm/36458","2026-09-24"
"Bokmålsordboka；NTNU LearnNoW 课程词汇候选","masterstudent","en masterstudent","单词","名词","A2","学习与工作","硕士生；攻读硕士课程的学生","en masterstudent · masterstudenten · masterstudenter · masterstudentene","Hun er masterstudent ved Universitetet i Oslo. / Masterstudentene skriver oppgave dette semesteret.","她是奥斯陆大学的一名硕士生。 / 这些硕士生本学期在写论文。","","初级课程与项目词库暂标A2，非官方逐词CEFR标注","来源已登记：词头/词性/词义/词形/例句与译文","词头/词性/词义/词形/例句与译文","Bokmålsordboka / NTNU LearnNoW","https://ordbokene.no/bm/122580","2026-09-24"
"Bokmålsordboka（词头、读音、词性及主要义项）","avansert","avansert","单词","形容词","A2","学习与难度","高级的；先进的；复杂的；高度发展的","avansert · avansert · avanserte · mer avansert · mest avansert","Kurset passer for dem som allerede kan norsk på et avansert nivå. / Denne appen bruker avansert teknologi.","这门课程适合已经达到较高挪威语水平的人。 / 这个应用使用先进技术。","","描述课程、技术和任务难度的实用形容词，暂标 A2","来源已登记：词头/词性/核心义项","词头/词性/核心义项","Bokmålsordboka","https://ordbokene.no/bm/avansert","2026-09-24"
"Bokmålsordboka/Ordbank：中性名词词形及课程义项","kurs","et kurs","单词","名词","A2","学习与培训","课程；培训班；培训；方向/航向（依语境）","et kurs · kurset · kurs / kurser · kursene / kursene","Jeg går på et norskkurs to ganger i uka. / Kurset varer i seks uker.","我每周上两次挪威语课程。 / 这门课程持续六周。","","语言学习、培训和职业发展中的高频名词，暂标 A2","来源已登记：词头/词性/核心义项","词头/词性/核心义项","Bokmålsordboka","https://ordbokene.no/bm/kurs","2026-09-24"
"A2候选；Bokmålsordboka词形待核","disiplin","en disiplin","单词","名词","A2","学习与习惯","纪律；自律；学科；训练项目（依语境）","en disiplin · disiplinen · disipliner · disiplinene","Det krever disiplin å øve norsk hver dag. / Lingvistikk er en akademisk disiplin.","每天练习挪威语需要自律。 / 语言学是一门学术学科。","","描述自律、规则和学习习惯的抽象名词，暂标 A2","来源已登记：词头/词性/核心义项","词头/词性/核心义项","Bokmålsordboka","https://ordbokene.no/bm/disiplin","2026-09-24"
"A2候选；Bokmålsordboka词形待核","hovedpunkt","et hovedpunkt","单词","名词","A2","学习与信息","要点；主要问题；核心项目","et hovedpunkt · hovedpunktet · hovedpunkter · hovedpunktene","Kan du oppsummere de tre hovedpunktene i artikkelen? / Hovedpunktet står i første avsnitt.","你能概括文章的三个要点吗？ / 要点写在第一段。","","总结文章、说明和会议内容的复合名词，暂标 A2","来源已登记：词头/词性/核心义项","词头/词性/核心义项","Bokmålsordboka","https://ordbokene.no/bm/hovedpunkt","2026-09-24"
"Bokmålsordboka/Ordbank：阳性名词词形及抽象义项","kunnskap","en kunnskap","单词","名词","A2","学习与知识","知识；学识；了解（通常作不可数名词）","en kunnskap · kunnskapen · kunnskaper · kunnskapene","Hun har god kunnskap om norsk historie. / Kurset gir oss ny kunnskap.","她对挪威历史有很好的了解。 / 这门课程让我们学到了新知识。","","谈论学习所得、专业能力和知识水平的基础名词，暂标 A2","来源已登记：词头/词性/核心义项","词头/词性/核心义项","Bokmålsordboka","https://ordbokene.no/bm/kunnskap","2026-09-24"
"Bokmålsordboka/Ordbank：阳性名词词形及职业义项","veileder","en veileder","单词","名词","A2","学习与指导","指导老师；导师；顾问；指南（依语境）","en veileder · veilederen · veiledere · veilederne","Jeg skal snakke med veilederen om studievalget. / Kommunen har en veileder for nye innbyggere.","我要和导师谈谈选课/专业选择。 / 市政府有一份面向新居民的指南。","","学习、求职和办事中寻求指导时的实用名词，暂标 A2","来源已登记：词头/词性/核心义项","词头/词性/核心义项","Bokmålsordboka","https://ordbokene.no/bm/veileder","2026-09-24"
"A2候选；Bokmålsordboka词形待核","matematikk","matematikk","单词","名词","A2","学校科目","数学；数学学科","matematikk · matematikken","Vi har matematikk før lunsj på tirsdag. / Matematikken blir lettere når jeg øver jevnlig.","星期二午饭前我们有数学课。 / 我定期练习后，数学变得容易多了。","","学校、课程和考试场景常见学科名词，暂标 A2","来源已登记：词头/词性/核心义项","词头/词性/核心义项","Bokmålsordboka","https://ordbokene.no/bm/matematikk","2026-09-24"
"A2候选；Bokmålsordboka词形待核","naturfag","et naturfag","单词","名词","A2","学校科目","自然科学课；自然科学学科（挪威学校课程名）","et naturfag · naturfaget · naturfag · naturfagene","Vi har naturfag på skolen hver torsdag. / Elevene gjorde et enkelt forsøk i naturfag.","我们每周四在学校上自然科学课。 / 学生们在自然科学课上做了一个简单实验。","","学校课程、实验和自然科学主题常见名词，暂标 A2","来源已登记：词头/词性/核心义项","词头/词性/核心义项","Bokmålsordboka","https://ordbokene.no/bm/naturfag","2026-09-24"
"A2候选；Bokmålsordboka词形待核","samfunnsfag","et samfunnsfag","单词","名词","A2","学校科目","社会科学课；社会学科（学校课程）","et samfunnsfag · samfunnsfaget · samfunnsfag · samfunnsfagene","Vi har samfunnsfag etter lunsj. / I samfunnsfag lærer elevene om Norge.","我们午饭后有社会科学课。 / 在社会科学课上，学生们学习有关挪威的知识。","","挪威学校常见课程名，暂标 A2","来源已登记：词头/词性/核心义项","词头/词性/核心义项","Bokmålsordboka","https://ordbokene.no/bm/samfunnsfag","2026-09-24"
"A2候选；Bokmålsordboka词形待核","skrivebok","en skrivebok","单词","名词","A2","学校用品","练习本；书写本","en skrivebok · skriveboka / skriveboken · skrivebøker · skrivebøkene","Elevene skriver svarene i skriveboka. / Jeg kjøpte en ny skrivebok til kurset.","学生们把答案写在练习本里。 / 我为课程买了一本新的练习本。","","课堂书写用品复合词，暂标 A2","来源已登记：词头/词性/核心义项","词头/词性/核心义项","Bokmålsordboka","https://ordbokene.no/bm/skrivebok","2026-09-24"
"NTNU NoW Vocabulary list 08A；课程阴性复合名词","klasseliste","ei klasseliste","单词","名词","A2","学校与班级","班级名单；班级名册","en klasseliste · klasselista / klasselisten · klasselister · klasselistene","Læreren sjekket klasselista før timen. / Navnet mitt står på klasselista.","老师上课前核对了班级名单。 / 我的名字在班级名单上。","","学校、课程和班级管理场景的实用名词；按 NoW 章节暂标 A2","来源已登记：词头/词性/核心义项","词头/词性/核心义项","Bokmålsordboka","https://ordbokene.no/bm/klasseliste","2026-09-24"
"A2候选；Bokmålsordboka词形待核","skulke","å skulke","单词","动词","A2","学校与出勤","逃课；旷课；擅自缺勤","skulke · skulker · skulket · skulket","Han skulket skolen fordi han ikke hadde gjort leksene. / Hun har aldri skulket en time før.","他因为没做作业而逃课。 / 她以前从来没有逃过课。","","谈论学校/工作缺勤时使用，暂标 A2","来源已登记：Bokmål词头/词性/核心义项","Bokmål词头/词性/核心义项","Bokmålsordboka","https://ordbokene.no/bm/skulke","2026-09-24"
"Bokmålsordboka/Ordbank：阳性名词词形与职业义项","foreleser","en foreleser","单词","名词","A2","学校与高等教育","讲师；授课教师；主讲人","en foreleser · foreleseren · forelesere · foreleserne","Foreleseren forklarte teorien med et eksempel. / Vi stilte spørsmål til foreleseren etter timen.","讲师用一个例子解释了理论。 / 下课后我们向讲师提了问题。","","高等教育、课程和课堂语境中的常见人物名词，暂标 A2","来源已登记：词头/词性/核心义项","词头/词性/核心义项","Bokmålsordboka","https://ordbokene.no/bm/foreleser","2026-09-24"
"Bokmålsordboka/Ordbank：阳性名词词形及活动义项","forelesning","en forelesning","单词","名词","A2","学校与高等教育","讲座；大学授课；课堂讲授","en forelesning · forelesningen · forelesninger · forelesningene","Jeg har en forelesning i norsk grammatikk i dag. / Forelesningen begynner klokka ti.","我今天有一堂挪威语语法课。 / 讲座十点开始。","","大学课程、讲座和学习安排中的常见名词，暂标 A2","来源已登记：词头/词性/核心义项","词头/词性/核心义项","Bokmålsordboka","https://ordbokene.no/bm/forelesning","2026-09-24"
"Bokmålsordboka/Ordbank：中性名词词形","prosjekt","et prosjekt","单词","名词","A2","学校与工作","项目；课题；计划任务","et prosjekt · prosjektet · prosjekter · prosjektene","Vi jobber med et prosjekt om norsk natur. / Prosjektet skal være ferdig i juni.","我们正在做一个关于挪威自然的项目。 / 这个项目计划在六月完成。","","学校作业、团队工作和计划任务中的常见名词，暂标 A2","来源已登记：词头/词性/核心义项","词头/词性/核心义项","Bokmålsordboka","https://ordbokene.no/bm/prosjekt","2026-09-24"
"Bokmålsordboka/Ordbank：阳性名词词形","rapport","en rapport","单词","名词","A2","学校与工作","报告；书面汇报；报道","en rapport · rapporten · rapporter · rapportene","Studentene skriver en rapport etter forsøket. / Rapporten viser resultatene fra undersøkelsen.","学生们在实验后写一份报告。 / 这份报告展示了调查结果。","","学校、工作和正式交流中的常见文本名词，暂标 A2","来源已登记：词头/词性/核心义项","词头/词性/核心义项","Bokmålsordboka","https://ordbokene.no/bm/rapport","2026-09-24"
"A2候选；Bokmålsordboka词形待核","bibliotek","et bibliotek","单词","名词","A2","学校与公共场所","图书馆；藏书室","et bibliotek · biblioteket · biblioteker · bibliotekene","Vi låner bøker på biblioteket. / Det nye biblioteket ligger ved torget.","我们在图书馆借书。 / 新图书馆在广场旁边。","","学习、阅读与公共服务核心名词，暂标 A2","来源已登记：词头/词性/核心义项","词头/词性/核心义项","Bokmålsordboka","https://ordbokene.no/bm/bibliotek","2026-09-24"
"A2候选；Bokmålsordboka词形待核","klasserom","et klasserom","单词","名词","A2","学校与教室","教室；班级教室","et klasserom · klasserommet · klasserom · klasserommene","Elevene må være i klasserommet før timen begynner. / Skolen har pusset opp tre klasserom.","上课开始前，学生们必须在教室里。 / 学校翻新了三间教室。","","学校、课堂和学习场景的基础复合名词，暂标 A2","来源已登记：词头/词性/核心义项","词头/词性/核心义项","Bokmålsordboka","https://ordbokene.no/bm/klasserom","2026-09-24"
"A2候选；Bokmålsordboka词形待核","trinn","et trinn","单词","名词","A2","学校与阶段","年级；阶段；台阶；步骤","et trinn · trinnet · trinn · trinnene","Datteren min går på femte trinn. / Dette er et viktig trinn i arbeidet.","我女儿上小学五年级。 / 这是工作中的一个重要步骤。","","学校年级及步骤语境常见词，暂标 A2","来源已登记：词头/词性/核心义项","词头/词性/核心义项","Bokmålsordboka","https://ordbokene.no/bm/trinn","2026-09-24"
"课程候选 08D；透明复合词 engelsk + prøve，词头与屈折待专项复核","engelskprøve","en engelskprøve","单词","名词","A2","学校与考试","英语测验；英语考试；英语测试","en engelskprøve · engelskprøven · engelskprøver · engelskprøvene","Vi har en engelskprøve på fredag. / Hun øver på gloser før engelskprøven.","我们星期五有一场英语测验。 / 她在英语考试前练习词汇。","","学校、语言学习和考试场景的复合名词；源课程暂列 A2，逐词等级待核","来源已登记：词头/词性/核心义项","词头/词性/核心义项","Bokmålsordboka","https://ordbokene.no/bm/engelskpr%C3%B8ve","2026-09-24"
"Bokmålsordboka/Ordbank：中性名词词形与学科义项","fag","et fag","单词","名词","A2","学校与课程","学科；课程科目；专业领域；职业/行业","et fag · faget · fag · fagene","Norsk er et viktig fag på skolen. / Hun vil lære mer om faget sitt.","挪威语是学校里一门重要的课程。 / 她想进一步了解自己的专业领域。","","学校课程、学习内容和职业领域中的基础名词，暂标 A2","来源已登记：词头/词性/核心义项","词头/词性/核心义项","Bokmålsordboka","https://ordbokene.no/nno/search?dict=bm%2Cnn&q=fag&scope=eif","2026-09-24"
"A2 候选；复合词按 Bokmål 构词与名词变格核验","favorittfag","et favorittfag","单词","名词","A2","学校与课程","最喜欢的科目；最喜欢的课程","et favorittfag · favorittfaget · favorittfag · favorittfagene","Norsk er favorittfaget mitt på skolen. / Elevene snakker om favorittfagene sine.","挪威语是我在学校最喜欢的科目。 / 学生们在谈论自己最喜欢的科目。","","谈论学校课程和个人偏好的实用名词，暂标 A2","来源已登记：词头/词性/核心义项","词头/词性/核心义项","Bokmålsordboka","https://ordbokene.no/bm/favorittfag","2026-09-24"
"A2候选；Bokmålsordboka词形待核","klasseavis","ei/en klasseavis","单词","名词","A2","学校与媒体","班级报纸；班级制作的报刊","en klasseavis · klasseavisa / klasseavisen · klasseaviser · klasseavisene","Elevene lager en klasseavis i norsktimen. / Klasseavisa inneholder intervjuer og tegninger.","学生们在挪威语课上制作一份班级报纸。 / 班级报纸里有采访和绘画。","","学校项目、写作和媒体主题中的复合名词，暂标 A2","来源已登记：词头/词性/核心义项","词头/词性/核心义项","Bokmålsordboka","https://ordbokene.no/bm/klasseavis","2026-09-24"
"Bokmålsordboka/Ordbank：阳性名词词形及多义项","karakter","en karakter","单词","名词","A2","学校与评价","成绩；分数等级；人物角色；性格特征（依语境）","en karakter · karakteren · karakterer · karakterene","Han fikk gode karakterer i norsk. / Hovedpersonen er en interessant karakter.","他的挪威语成绩不错。 / 主人公是个有趣的角色。","","学校成绩、角色和特征描述中的常见名词，暂标 A2","来源已登记：词头/词性/核心义项","词头/词性/核心义项","Bokmålsordboka","https://ordbokene.no/bm/karakter","2026-09-24"
"Bokmålsordboka/Ordbank：中性名词词形与学校义项","friminutt","et friminutt","单词","名词","A2","学校与日常","课间休息；课间休息时间","et friminutt · friminuttet · friminutt · friminuttene","Elevene spiller fotball i friminuttet. / Det lange friminuttet er etter tredje time.","学生们在课间踢足球。 / 较长的课间休息在第三节课后。","","描述学校作息与课间活动时常用的名词，暂标 A2","来源已登记：词头/词性/核心义项","词头/词性/核心义项","Bokmålsordboka","https://ordbokene.no/bm/friminutt","2026-09-24"
"A2候选；Bokmålsordboka词形待核","auditorium","et auditorium","单词","名词","A2","学校与校园","礼堂；阶梯教室；演讲厅","et auditorium · auditoriet · auditorier · auditoriene","Forelesningen er i et stort auditorium. / Auditoriet var fullt av studenter.","讲座在一间大型阶梯教室里。 / 礼堂里坐满了学生。","","大学课程与公共演讲场景常见名词，暂标 A2","来源已登记：词头/词性/核心义项","词头/词性/核心义项","Bokmålsordboka","https://ordbokene.no/bm/auditorium","2026-09-24"
"A2候选；Bokmålsordboka词形待核","campus","en campus","单词","名词","A2","学校与校园","校园；大学校区","en campus · campusen · campuser · campusene","Studentene møtes på campus etter forelesningen. / Den nye campusen ligger utenfor sentrum.","学生们讲座结束后在校园碰面。 / 新校区位于市中心外。","","大学学习与校园生活常见名词，暂标 A2","来源已登记：词头/词性/核心义项","词头/词性/核心义项","Bokmålsordboka","https://ordbokene.no/bm/campus","2026-09-24"
"A2候选；Bokmålsordboka词形待核","institutt","et institutt","单词","名词","A2","学校与校园","研究所；系；学院下属机构","et institutt · instituttet · institutter · instituttene","Hun jobber ved et institutt ved universitetet. / Instituttet tilbyr flere norskkurs.","她在大学的一个系/研究所工作。 / 该系开设了多门挪威语课程。","","大学、研究和组织结构常见名词，暂标 A2","来源已登记：词头/词性/核心义项","词头/词性/核心义项","Bokmålsordboka","https://ordbokene.no/bm/institutt","2026-09-24"
"Bokmålsordboka/Ordbank：阳性名词词形及学生义项","elev","en elev","单词","名词","A2","学校与学习","学生；学员（通常指中小学学生）","en elev · eleven · elever · elevene","Hver elev må ta med en blyant. / Elevene arbeider sammen i grupper.","每个学生都要带一支铅笔。 / 学生们分组合作。","","描述中小学学生和班级时常用的基础人物名词，暂标 A2","来源已登记：词头/词性/核心义项","词头/词性/核心义项","Bokmålsordboka","https://ordbokene.no/bm/elev","2026-09-24"
"Bokmålsordboka/Ordbank：阴性名词词形","lekse","ei lekse","单词","名词","A2","学校与学习","家庭作业；课后作业；功课","en lekse · leksa / leksen · lekser · leksene","Jeg må gjøre leksene før jeg ser på TV. / Læreren ga oss ei lekse i norsk.","我得先做完作业再看电视。 / 老师给我们布置了一项挪威语作业。","","学校、家庭作业与学习安排中的基础名词，暂标 A2","来源已登记：词头/词性/核心义项","词头/词性/核心义项","Bokmålsordboka","https://ordbokene.no/bm/lekse","2026-09-24"
"Bokmålsordboka/Ordbank：规则动词词形及句法","studere","å studere","单词","动词","A2","学校与学习","学习；攻读；研究；仔细观察","å studere · studerer · studerte · studert","Hun studerer sykepleie ved universitetet. / Jeg studerer norsk før prøven.","她在大学攻读护理专业。 / 我在考试前学习挪威语。","","描述学习课程、大学学习和认真研究某事的常用动词，暂标 A2","来源已登记：词头/词性/核心义项","词头/词性/核心义项","Bokmålsordboka","https://ordbokene.no/bm/studere","2026-09-24"
"A2候选；Bokmålsordboka词形待核","essay","et essay","单词","名词","A2","学校作业与写作","短文；随笔；论说文","et essay · essayet · essay · essayene","Vi skal skrive et essay om språk og identitet. / Læreren ga kommentarer til essayet mitt.","我们要写一篇关于语言与身份的短文。 / 老师给我的文章写了评语。","","课程写作与阅读任务常见名词，暂标 A2","来源已登记：词头/词性/核心义项","词头/词性/核心义项","Bokmålsordboka","https://ordbokene.no/bm/essay","2026-09-24"
"Bokmålsordboka/Ordbank：中性名词词形及心理状态义项","stress","et stress","单词","名词","A2","压力与健康","压力；紧张状态；匆忙忙乱","et stress · stresset · stress · stressene","Det er mye stress på jobben før fristen. / Hun prøver å redusere stresset i hverdagen.","截止日期前工作压力很大。 / 她在努力减少日常生活中的压力。","","工作、学习和日常生活中谈压力时常见的名词，暂标 A2","来源已登记：词头/词性/核心义项","词头/词性/核心义项","Bokmålsordboka","https://ordbokene.no/bm/stress","2026-09-24"
"A2候选；Bokmålsordboka词形待核","rød","rød","单词","形容词","A2","颜色与描述","红色的；脸红的","rød · rødt · røde","Vi stoppet da det ble rødt lys. / Hun ble rød i ansiktet av kulda.","红灯亮起时我们停了下来。 / 她冻得脸都红了。","","描述颜色、脸色和交通信号的基础形容词，暂标 A2","来源已登记：词头/词性/核心义项","词头/词性/核心义项","Bokmålsordboka","https://ordbokene.no/bm/r%C3%B8d","2026-09-24"
"A2候选；Bokmålsordboka词形待核","svart","svart","单词","形容词","A2","颜色与描述","黑色的；黑暗的；非常糟的（依语境）","svart · svart · svarte · svartere · svartest / svarteste","Han går med en svart jakke. / Skjermen ble helt svart.","他穿着一件黑色夹克。 / 屏幕完全黑了。","","描述颜色、屏幕与天气的常用形容词，暂标 A2","来源已登记：词头/词性/核心义项","词头/词性/核心义项","Bokmålsordboka","https://ordbokene.no/bm/svart","2026-09-24"
"A2候选；Bokmålsordboka词形待核","hvit","hvit","单词","形容词","A2","颜色与外观","白色的；白的","hvit · hvitt · hvite · hvitere · hvitest / hviteste","Det ligger hvit snø på bakken. / Hun kjøpte et hvitt skjerf og hvite hansker.","地上覆盖着白雪。 / 她买了一条白围巾和一副白手套。","","描述颜色和外观的基础形容词，暂标 A2","来源已登记：词头/词性/核心义项","词头/词性/核心义项","Bokmålsordboka","https://ordbokene.no/bm/hvit","2026-09-24"
"A2候选；Bokmålsordboka词形待核","lysebrun","lysebrun","单词","形容词","A2","颜色与外形","浅棕色的；浅褐色的","lysebrun · lysebrunt · lysebrune","Han har lysebrunt hår. / Hun kjøpte en lysebrun jakke.","他有浅棕色头发。 / 她买了一件浅棕色夹克。","","日常描述颜色的复合形容词，暂标 A2","来源已登记：词头/词性/核心义项","词头/词性/核心义项","Bokmålsordboka","https://ordbokene.no/bm/lysebrun","2026-09-24"
"Bokmålsordboka（词头、词性及主要义项）","invitasjon","en invitasjon","单词","名词","A2","邀请与社交","邀请；请柬；邀请函","en invitasjon · invitasjonen · invitasjoner · invitasjonene","Vi fikk en invitasjon til bryllupet deres. / Hun sendte invitasjonene på e-post.","我们收到了参加他们婚礼的邀请。 / 她通过电子邮件发出了邀请函。","","社交安排、聚会和书面沟通常用词，暂标 A2","来源已登记：词头/词性/核心义项","词头/词性/核心义项","Bokmålsordboka","https://ordbokene.no/bm/invitasjon","2026-09-24"
"A2 候选；透明复合词，Bokmål 构词及规则变格","halstablett","en halstablett","单词","名词","A2","药房与常见症状","润喉含片；喉片","en halstablett · halstabletten · halstabletter · halstablettene","Jeg kjøper halstabletter på apoteket fordi jeg har vondt i halsen. / Vil du ha en halstablett?","我喉咙痛，所以去药房买润喉含片。 / 你想要一片润喉含片吗？","","感冒、喉咙不适和药房对话中的实用名词，暂标 A2","来源已登记：词头/词性/核心义项","词头/词性/核心义项","Bokmålsordboka","https://ordbokene.no/bm/halstablett","2026-09-24"
"app.js · 核心名词; Bokmålsordboka（词头、词性、读音及主要义项）","apotek","et apotek","单词","名词","A2","药房与买药 / 健康与看医生","药房；药店","et apotek · apoteket · apoteker · apotekene","Jeg går på apoteket for å kjøpe hostesaft. / Det ligger et apotek ved siden av legekontoret. / Apoteket ligger nær hjemmet.","我去药房买止咳糖浆。 / 诊所旁边有一家药房。 / 药房在家附近。","","购药和处理健康需求的实用地点词，暂标 A2","来源已登记：词头/词性/核心义项","词头/词性/核心义项","Bokmålsordboka","https://ordbokene.no/bm/apotek","2026-09-24"
"app.js · 核心名词; Bokmålsordboka（词头、词性及主要义项）","medisin","en medisin","单词","名词","A2","药房与买药 / 健康与看医生","药；药物；医学（依语境）","en medisin · medisinen · medisiner · medisinene","Husk å ta medisinen etter maten. / Hun studerer medisin ved universitetet. / Hun tar medisinen hver dag.","记得饭后吃药。 / 她在大学学医学。 / 她每天吃药。","","健康、看病与用药主题的高实用度词，暂标 A2","来源已登记：词头/词性/核心义项","词头/词性/核心义项","Bokmålsordboka","https://ordbokene.no/bm/medisin","2026-09-24"
"A2候选；Bokmålsordboka词形待核","smertestillende","smertestillende","单词","形容词","A2","药物与健康","止痛的；止痛药（省略说法）","smertestillende · smertestillende · smertestillende","Legen anbefalte smertestillende medisin. / Hun tok smertestillende etter tannbehandlingen.","医生建议使用止痛药。 / 她看完牙后服了止痛药。","","看病、药房及健康说明常用词，暂标 A2","来源已登记：词头/词性/核心义项","词头/词性/核心义项","Bokmålsordboka","https://ordbokene.no/search?dict=bm&q=smertestillende&scope=eif","2026-09-24"
"Bokmålsordboka/Ordbank：形容词固定形式与药物搭配","febernedsettende","febernedsettende","单词","形容词","A2","药物与症状","退烧的；降低发热的","febernedsettende","Apoteket har et febernedsettende middel for barn. / Spør apotekeren før du gir barnet febernedsettende.","药房有儿童用的退烧药。 / 给孩子服用退烧药前先咨询药师。","","在药房描述退烧药需求时实用的健康词，暂标 A2","来源已登记：课程词头/名词性别或词类/英文义项/词形/章节","课程词头/名词性别或词类/英文义项/词形/章节","NTNU NoW 词汇表","https://www.ntnu.edu/now/vocabulary/list","2026-09-24"
"Bokmålsordboka：动词义项与强变化词形","kle","å kle","单词","动词","A2","衣物与穿着","穿衣；给……穿衣；适合/衬托某人","å kle · kler · kledde · har kledd","Du bør kle deg varmt før turen. / Den blå skjorta kler deg godt.","出发前你最好穿暖和些。 / 这件蓝衬衫很衬你。","","穿衣、穿戴和评价衣着是否合适的日常动词，暂标 A2","来源已登记：Bokmål词头/词性/核心义项","Bokmål词头/词性/核心义项","Bokmålsordboka","https://ordbokene.no/bm/kle","2026-09-24"
"Bokmålsordboka/Ordbank：中性名词词形及口语变体","skjerf","et skjerf","单词","名词","A2","衣物与穿着","围巾","et skjerf · skjerfet · skjerf · skjerfene","Ta på deg et skjerf, det blåser ute. / Jeg finner ikke skjerfet mitt.","围条围巾吧，外面在刮风。 / 我找不到我的围巾了。","","冬季穿衣与日常出行中的常见衣物名词，暂标 A2","来源已登记：Bokmål词头/词性/核心义项","Bokmål词头/词性/核心义项","Bokmålsordboka","https://ordbokene.no/bm/skjerf","2026-09-24"
"NTNU LearnNoW 03D；Bokmålsordboka词头核验","T-skjorte","en T-skjorte","单词","名词","A2","衣物与穿着","T恤；短袖上衣","en T-skjorte · T-skjorten · T-skjorter · T-skjortene","Jeg kjøpte en blå T-skjorte på salg. / Jeg kjøpte ei blå T-skjorte på salg. / Han har på seg en hvit T-skjorte.","我打折买了一件蓝色T恤。 / 我打折买了一件蓝色T恤。 / 他穿着一件白色T恤。","","初级课程单元中的日常衣物词；暂按课程顺序归入 A2","来源已登记：Bokmål词头/词性/核心义项","Bokmål词头/词性/核心义项","Bokmålsordboka","https://ordbokene.no/bm/T-skjorte","2026-09-24"
"Bokmålsordboka/Ordbank：名词词性及词形","vott","en vott","单词","名词","A2","衣物与穿着","连指手套；手套（拇指单独、其余手指并在一起）","en vott · votten · votter · vottene","Barnet tar på seg varme votter før barnehagen. / Jeg mistet den ene votten på bussen.","孩子去幼儿园前戴上暖和的连指手套。 / 我在公交车上丢了一只连指手套。","","寒冷天气和户外活动中的常见衣物名词，暂标 A2","来源已登记：Bokmål词头/词性/核心义项","Bokmål词头/词性/核心义项","Bokmålsordboka","https://ordbokene.no/bm/vott","2026-09-24"
"A2 候选；Bokmålsordboka jakke 词形与复合词构词核验","vinterjakke","ei vinterjakke","单词","名词","A2","衣物与季节","冬季外套；冬衣","ei vinterjakke · vinterjakka · vinterjakker · vinterjakkene","Ta på deg vinterjakka før du går ut. / Barna trenger varme vinterjakker når det blir kaldt.","出门前把冬季外套穿上。 / 天冷时，孩子们需要保暖的冬季外套。","","挪威冬季生活和天气话题中的高实用度名词，暂标 A2","来源已登记：词头/词性/核心义项","词头/词性/核心义项","Bokmålsordboka","https://ordbokene.no/bm/vinterjakke","2026-09-24"
"A2候选；Bokmålsordboka词形待核","stryke","å stryke","单词","动词","A2","衣物与家务","熨烫；抚摸；划掉；不及格（依语境）","å stryke · stryker · strøk · har strøket","Jeg må stryke skjorta før møtet. / Læreren strøk navnet hans fra lista.","我得在开会前把衬衫熨好。 / 老师把他的名字从名单上划掉了。","","家务和衣物护理常见动词，多义需结合语境，暂标 A2","来源已登记：词头/词性/核心义项","词头/词性/核心义项","Bokmålsordboka","https://ordbokene.no/bm/stryke","2026-09-24"
"A2候选；Bokmålsordboka词形待核","knapp","en knapp","单词","名词","A2","衣物与设备","按钮；纽扣；按键","en knapp · knappen · knapper · knappene","Trykk på den røde knappen for å stoppe. / Skjorta mangler en knapp.","按红色按钮停止。 / 这件衬衫少了一颗纽扣。","","衣服、设备操作和日常物品常见名词，暂标 A2","来源已登记：词头/词性/核心义项","词头/词性/核心义项","Bokmålsordboka","https://ordbokene.no/bm/knapp","2026-09-24"
"Bokmålsordboka/Ordbank：中性集合名词词形","regntøy","et regntøy","单词","名词","A2","衣物与天气","雨衣裤；防雨衣物；雨具（集合）","et regntøy · regntøyet","Barna må ha på seg regntøy i barnehagen. / Regntøyet henger til tørk i gangen.","孩子们在幼儿园必须穿上雨具。 / 雨具挂在门厅晾干。","","挪威多雨天气、户外活动和穿衣建议中的实用词，暂标 A2","来源已登记：词头/词性/核心义项","词头/词性/核心义项","Bokmålsordboka","https://ordbokene.no/bm/regnt%C3%B8y","2026-09-24"
"A2候选；Bokmålsordboka词形待核","støvel","en støvel","单词","名词","A2","衣物与天气","靴子；长筒靴；防水靴","en støvel · støvelen · støvler · støvlene","Barna tok på seg støvlene før de gikk ut i regnet. / Jeg trenger et par varme støvler til vinteren.","孩子们出门淋雨前穿上了靴子。 / 我需要一双适合冬天穿的保暖靴子。","","鞋类、天气和户外生活的常见名词，暂标 A2","来源已登记：词头/词性/核心义项","词头/词性/核心义项","Bokmålsordboka","https://ordbokene.no/nob/search?dict=bm&q=st%C3%B8vler&scope=eif","2026-09-24"
"Bokmålsordboka；A2候选","joggesko","en joggesko","单词","名词","A2","衣物与运动","跑鞋；运动鞋（常成双使用）","en joggesko · joggeskoen · joggesko · joggeskoa / joggeskoene","Jeg trenger et par nye joggesko før løpet. / Joggeskoene står ved døra.","比赛前我需要买一双新跑鞋。 / 跑鞋放在门边。","","服饰、购物和运动场景常见复合名词，暂标 A2","来源已登记：Bokmål词头/名词变格/核心义项","Bokmål词头/名词变格/核心义项","Bokmålsordboka","https://ordbokene.no/nno/bm/27754","2026-09-24"
"A2候选；Bokmålsordboka词形待核","kjole","en kjole","单词","名词","A2","衣着与购物","连衣裙；裙装","en kjole · kjolen · kjoler · kjolene","Hun trenger en ny kjole til festen. / Den blå kjolen passer godt.","她需要一条新连衣裙参加派对。 / 那条蓝色连衣裙很合适。","","服饰与购物高频名词，暂标 A2","来源已登记：词头/词性/核心义项","词头/词性/核心义项","Bokmålsordboka","https://ordbokene.no/bm/kjole","2026-09-24"
"A2候选；Bokmålsordboka词形待核","kåpe","en kåpe","单词","名词","A2","衣着与购物","长外套；大衣（常指女式）","en kåpe · kåpen · kåper · kåpene","Hun kjøpte en varm kåpe til vinteren. / Kåpa henger ved døra.","她买了一件暖和的大衣过冬。 / 大衣挂在门边。","","服饰与购物场景常见名词，暂标 A2","来源已登记：词头/词性/核心义项","词头/词性/核心义项","Bokmålsordboka","https://ordbokene.no/bm/k%C3%A5pe","2026-09-24"
"A2候选；Bokmålsordboka词形待核","elegant","elegant","单词","形容词","A2","衣着与评价","优雅的；雅致的；讲究的","elegant · elegant · elegante","Hun hadde på seg en elegant kjole. / Det var en enkel og elegant løsning.","她穿着一条优雅的连衣裙。 / 那是一个简洁而优雅的解决方案。","","服饰、设计与礼貌评价常用形容词，暂标 A2","来源已登记：词头/词性/核心义项","词头/词性/核心义项","Bokmålsordboka","https://ordbokene.no/bm/elegant","2026-09-24"
"A2候选；Bokmålsordboka词形待核","lue","en lue","单词","名词","A2","衣着与天气","帽子；针织帽；保暖帽","en lue · luen · luer · luene","Ta på deg lua før du går ut. / Han kjøpte ei varm lue til vinteren.","出门前把帽子戴上。 / 他买了一顶暖和的帽子过冬。","","寒冷天气与日常衣着常见名词，暂标 A2","来源已登记：词头/词性/核心义项","词头/词性/核心义项","Bokmålsordboka","https://ordbokene.no/bm/lue","2026-09-24"
"A2候选；Bokmålsordboka词形待核","hvem","hvem","单词","代词","A2","疑问与代词","谁；什么人","hvem","Hvem skal hente barna i dag? / Vet du hvem som sendte meldingen?","今天谁去接孩子？ / 你知道是谁发的消息吗？","","询问人物身份和关系的基础疑问代词，暂标 A2","来源已登记：Bokmål词头/词性/核心义项","Bokmål词头/词性/核心义项","Bokmålsordboka","https://ordbokene.no/bm/hvem","2026-09-24"
"Bokmålsordboka（词头、词性及主要义项）","utstilling","ei utstilling","单词","名词","A2","艺术与活动","展览；展出；展览会","ei utstilling / en utstilling · utstillinga / utstillingen · utstillinger · utstillingene","Vi skal se en utstilling av norske malerier. / Det er mange mennesker på utstillingen i dag.","我们要去看一个挪威绘画展。 / 今天展览上有很多人。","","参观博物馆、画廊和活动场景中的常用名词，暂标 A2","来源已登记：Bokmål词头/词性/核心义项","Bokmål词头/词性/核心义项","Bokmålsordboka","https://ordbokene.no/bm/utstilling","2026-09-24"
"课程候选；透明复合词，构词与词形人工复核","kunstutstilling","en kunstutstilling","单词","名词","A2","艺术与文化活动","艺术展览；美术展","en kunstutstilling · kunstutstillingen · kunstutstillinger · kunstutstillingene","Vi besøkte en kunstutstilling på museet. / Kunstutstillingen åpner på lørdag.","我们参观了博物馆的一场艺术展。 / 这场艺术展周六开幕。","","博物馆、城市活动和文化阅读中的实用复合名词，暂标 A2","来源已登记：词头/词性/核心义项","词头/词性/核心义项","Bokmålsordboka","https://ordbokene.no/bm/kunstutstilling","2026-09-24"
"Bokmålsordboka（词头、词性及核心搭配）","enig","enig","单词","形容词","A2","意见与沟通","意见一致的；同意的","enig · enig · enige · mer enig / mer enige · mest enig / mest enige","Jeg er enig med deg i at vi bør ta bussen. / Vi ble enige om å møtes klokka seks.","我同意你的看法，我们应该坐公交车。 / 我们商定六点见面。","","表达观点和协商的高频形容词，暂标 A2","来源已登记：词头/词性/核心义项","词头/词性/核心义项","Bokmålsordboka","https://ordbokene.no/bm/enig","2026-09-24"
"Bokmålsordboka：副词词头、义项与例句","dermed","dermed","单词","副词","A2","因果与结果","于是；因此；由此；就这样","dermed","Vi sendte søknaden i går og fikk dermed svar i dag. / Han trykket på knappen, og dermed startet maskinen.","我们昨天提交了申请，因此今天就收到了回复。 / 他按下按钮，机器随即启动了。","","用于说明行为带来的结果或由此推出结论，项目暂标 A2","来源已登记：Bokmål词头/词性/核心义项","Bokmål词头/词性/核心义项","Bokmålsordboka","https://ordbokene.no/bm/dermed","2026-09-24"
"A2候选；Bokmålsordboka词形待核","album","et album","单词","名词","A2","音乐与媒体","专辑；相册","et album · albumet · album · albumene","Bandet ga ut et nytt album i vår. / Bestemor har et album med gamle bilder.","乐队今年春天发行了一张新专辑。 / 奶奶有一本装着老照片的相册。","","音乐和照片语境常用名词，暂标 A2","来源已登记：词头/词性/核心义项","词头/词性/核心义项","Bokmålsordboka","https://ordbokene.no/bm/album","2026-09-24"
"A2候选；Bokmålsordboka 名词义及词形","hit","en hit","单词","名词","A2","音乐与影视","到这里；朝这里来；（书/分类中）归入这一处/组","en hit · hiten · hiter · hitene","Denne låta ble en stor hit i Norge. / Den nye filmen ble en hit blant ungdommene.","这首歌在挪威大受欢迎。 / 这部新电影在年轻人中很受欢迎。","","媒体、音乐和文化话题中的常见借词，暂标 A2","来源已登记：词头/词性/核心义项","词头/词性/核心义项","Bokmålsordboka","https://ordbokene.no/bm/hit","2026-09-24"
"A2候选；Bokmålsordboka词形待核","popstjerne","ei/en popstjerne","单词","名词","A2","音乐与娱乐","流行歌星；流行音乐明星","en popstjerne · popstjernen · popstjerner · popstjernene","Den unge popstjerna ga ut en ny sang. / Flere popstjerner opptrådte på festivalen.","这位年轻的流行歌星发行了一首新歌。 / 几位流行歌星在音乐节上演出。","","媒体、音乐和娱乐话题的复合名词，暂标 A2","来源已登记：词头/词性/核心义项","词头/词性/核心义项","Bokmålsordboka","https://ordbokene.no/bm/popstjerne","2026-09-24"
"课程候选；透明复合词，构词及规则变格人工核","colaboks","en colaboks","单词","名词","A2","饮料与包装","一罐可乐；可乐罐","en colaboks · colaboksen · colabokser · colaboksene","Jeg kjøpte en colaboks på kiosken. / Colaboksen skal i panteautomaten.","我在小卖部买了一罐可乐。 / 这个可乐罐要放进退瓶机。","","超市、饮料和回收分类语境中的实用名词，暂标 A2","来源已登记：词头/词性/核心义项","词头/词性/核心义项","Bokmålsordboka","https://ordbokene.no/bm/colaboks","2026-09-24"
"A2候选；Bokmålsordboka词形待核","cola","en cola","单词","名词","A2","饮料与点餐","可乐；一杯/一瓶可乐","en cola · colaen · colaer · colaene","Kan jeg få en cola uten sukker? / Colaen står i kjøleskapet.","可以给我一杯无糖可乐吗？ / 可乐在冰箱里。","","饮料、咖啡馆和餐厅点单常见名词，暂标 A2","来源已登记：词头/词性/核心义项","词头/词性/核心义项","Bokmålsordboka","https://ordbokene.no/bm/cola","2026-09-24"
"A2候选；Bokmålsordboka词形待核","te","en te","单词","名词","A2","饮料与点餐","茶；一杯茶；一种茶","en te · teen · teer · teene","Vil du ha en kopp te? / Butikken selger flere typer te.","你想喝一杯茶吗？ / 这家商店卖好几种茶。","","饮料、早餐和咖啡馆点单基础名词，暂标 A2","来源已登记：词头/词性/核心义项","词头/词性/核心义项","Bokmålsordboka","https://ordbokene.no/bm/te","2026-09-24"
"Bokmålsordboka/Ordbank：阳性名词词形与饮品义","kakao","en kakao","单词","名词","A2","饮料与食物","可可；热可可饮料","en kakao · kakaoen · kakaoer · kakaoene","Barna drakk varm kakao etter skituren. / Vil du ha kakao med kremfløte?","孩子们滑雪后喝了热可可。 / 你想要加奶油的可可吗？","","家庭、咖啡馆和户外活动常见饮品名词，暂标 A2","来源已登记：词头/词性/核心义项","词头/词性/核心义项","Bokmålsordboka","https://ordbokene.no/bm/kakao","2026-09-24"
"Bokmålsordboka/Ordbank：中性名词词形与不可数/可数用法","øl","et øl","单词","名词","A2","饮品与点餐","啤酒（饮品；点单时一杯/一份）","et øl · ølet · øl · ølene","Restauranten har også alkoholfritt øl. / Han bestilte en øl til maten.","这家餐厅也供应无酒精啤酒。 / 他点了一杯啤酒配餐。","","日常菜单和饮品场景中的常见名词，暂标 A2","来源已登记：Bokmål词头/词性/核心义项","Bokmål词头/词性/核心义项","Bokmålsordboka","https://ordbokene.no/bm/%C3%B8l","2026-09-24"
"Bokmålsordboka/Ordbank：阴性名词词形及性别变体","flaske","ei flaske","单词","名词","A2","饮品与容器","瓶子；一瓶（饮料等）","ei flaske · flaska · flasker · flaskene","Kan jeg få en flaske vann? / Hun satte den tomme flaska på bordet.","能给我一瓶水吗？ / 她把空瓶子放在桌上。","","购物、饮料和日常容器场景的基础名词，暂标 A2","来源已登记：词头/词性/核心义项","词头/词性/核心义项","Bokmålsordboka","https://ordbokene.no/bm/flaske","2026-09-24"
"A2候选；Bokmålsordboka词形待核","smake","å smake","单词","动词","A2","饮食与感官","尝；品尝；尝起来；有……味道","å smake · smaker · smakte · har smakt","Kan jeg smake på suppa før vi serverer den? / Kaka smakte godt, men den var veldig søt.","上菜前我可以尝一下汤吗？ / 蛋糕味道不错，但非常甜。","","描述食物味道和品尝动作的高频动词，暂标 A2","来源已登记：词头/词性/核心义项","词头/词性/核心义项","Bokmålsordboka","https://ordbokene.no/bm/smake","2026-09-24"
"A2候选；Bokmålsordboka词形待核","tran","tran","单词","名词","A2","饮食与健康","鱼肝油（通常指鳕鱼肝油）","tran · trana/tranen","Mange barn tar tran om vinteren. / Jeg tar en skje tran før frokost.","很多孩子冬天会服用鱼肝油。 / 我早餐前喝一勺鱼肝油。","","挪威饮食与营养文化相关名词，暂标 A2","来源已登记：词头/词性/核心义项","词头/词性/核心义项","Bokmålsordboka","https://ordbokene.no/bm/tran","2026-09-24"
"Bokmålsordboka（词头、词性及词形）","dessert","en dessert","单词","名词","A2","饮食与用餐","甜点；餐后甜食","en dessert · desserten · desserter · dessertene","Vil du ha dessert etter middagen? / Dagens dessert er sjokoladekake med is.","晚饭后你想吃甜点吗？ / 今日甜点是巧克力蛋糕配冰淇淋。","","点餐和家庭用餐主题常见名词，暂标 A2","来源已登记：词头/词性/核心义项","词头/词性/核心义项","Bokmålsordboka","https://ordbokene.no/bm/dessert","2026-09-24"
"A2候选；Bokmålsordboka词形待核","rett","en rett","单词","名词","A2","饮食与用餐","直的；正确的；合适的；正当的；径直/恰好（副词用法，依语境）","en rett · retten · retter · rettene","Finne det rette ordet.","找到合适/正确的那个词。","https://ordbokene.no/bm/rett","餐馆和家庭用餐场景常见名词，暂标 A2","来源已登记：词头/词性/核心义项","词头/词性/核心义项","Bokmålsordboka","https://ordbokene.no/bm/rett","2026-09-24"
"课程候选；透明复合词；kapsel 词形据 Bokmålsordboka，复合词待核","trankapsel","en trankapsel","单词","名词","A2","营养与保健品","鱼肝油胶囊；鳕鱼肝油胶囊","en trankapsel · trankapselen · trankapsler · trankapslene","Bestefar tar en trankapsel hver morgen. / Hun kjøpte en pakke trankapsler på apoteket.","爷爷每天早上服一粒鱼肝油胶囊。 / 她在药房买了一包鱼肝油胶囊。","","药房、营养补充剂和健康说明中的实用名词，暂标 A2","来源已登记：词头/词性/核心义项","词头/词性/核心义项","Bokmålsordboka","https://ordbokene.no/search?dict=bm&q=trankapsel&scope=eif","2026-09-24"
"NTNU NoW Vocabulary list 09A；Bokmålsordboka 名词词形","vedlegg","et vedlegg","单词","名词","A2","邮件与文件","附件；附加文件","et vedlegg · vedlegget · vedlegg · vedleggene","Jeg sender CV-en som vedlegg til e-posten. / Husk å åpne vedlegget før møtet.","我把简历作为附件随邮件发送。 / 记得在会议前打开附件。","","电子邮件、申请和文件往来中常见的实用名词；按课程单元暂标 A2","来源已登记：Bokmål词头/词性/核心义项","Bokmål词头/词性/核心义项","Bokmålsordboka","https://ordbokene.no/bm/vedlegg","2026-09-24"
"Bokmålsordboka/Ordbank：规则动词词形及句型","gjette","å gjette","单词","动词","A2","游戏与交流","猜；猜测；估计","å gjette · gjetter · gjettet · har gjettet","Kan du gjette hvor gammel han er? / Jeg gjettet feil.","你能猜猜他多大吗？ / 我猜错了。","","表达猜测、猜答案和互动游戏时常用的动词，暂标 A2","来源已登记：词头/词性/核心义项","词头/词性/核心义项","Bokmålsordboka","https://ordbokene.no/bm/gjette","2026-09-24"
"Bokmålsordboka/Ordbank：阳性名词词形及鱼类义项","ørret","en ørret","单词","名词","A2","鱼类与食物","鳟鱼；鳟鱼肉/一道鳟鱼菜（依语境）","en ørret · ørreten · ørreter · ørretene","Vi fisket en ørret i fjellvannet. / Restauranten serverer stekt ørret med grønnsaker.","我们在山间湖里钓到了一条鳟鱼。 / 餐厅供应煎鳟鱼配蔬菜。","","自然、钓鱼和菜单场景常见的鱼类名词，暂标 A2","来源已登记：Bokmål词头/词性/核心义项","Bokmål词头/词性/核心义项","Bokmålsordboka","https://ordbokene.no/bm/%C3%B8rret","2026-09-24"
"app.js · 核心名词; Bokmålsordboka/Ordbank：中性名词词形与多义项","språk","et språk","单词","名词","A2","语言与沟通 / 学习与工作","语言；说话方式；措辞/语气（依语境）","et språk · språket · språk · språkene","Norsk er et språk jeg lærer hver dag. / Teksten bruker et enkelt språk. / Norsk er et fint språk.","挪威语是我每天都在学的一种语言。 / 这篇文章用词简单。 / 挪威语是一门很美的语言。","","学习语言、讨论表达方式和社会语境中的基础名词，暂标 A2","来源已登记：词头/词性/核心义项","词头/词性/核心义项","Bokmålsordboka","https://ordbokene.no/bm/spr%C3%A5k","2026-09-24"
"A2候选；Bokmålsordboka词形待核","spansk","spansk","单词","形容词","A2","语言与国籍","西班牙的；西班牙语的；西班牙人（依名词化语境）","spansk · spansk · spanske · mer spansk · mest spansk","Hun snakker spansk med kollegaene sine. / Vi spiste spansk mat på restaurant.","她和同事说西班牙语。 / 我们在餐馆吃了西班牙菜。","","语言学习、国籍和旅行交流常见形容词，暂标 A2","来源已登记：词头/词性/核心义项","词头/词性/核心义项","Bokmålsordboka","https://ordbokene.no/bm/spansk","2026-09-24"
"A2候选；Bokmålsordboka词形待核","svensk","svensk","单词","形容词","A2","语言与国籍","瑞典的；瑞典语的；瑞典人（依名词化语境）","svensk · svensk · svenske · mer svensk · mest svensk","Naboen min er svensk, men snakker norsk også. / Vi lærte noen svenske ord på reisen.","我的邻居是瑞典人，不过也说挪威语。 / 旅行时我们学了几个瑞典语词。","","语言学习、北欧旅行和文化交流常见形容词，暂标 A2","来源已登记：词头/词性/核心义项","词头/词性/核心义项","Bokmålsordboka","https://ordbokene.no/bm/svensk","2026-09-24"
"app.js · 核心名词; Bokmålsordboka/Ordbank：中性名词词形及不规则复数","ord","et ord","单词","名词","A2","语言与文字 / 学习与工作","词；单词；话语；命令（依语境）","et ord · ordet · ord · ordene","Jeg lærte fem nye ord i dag. / Hva betyr dette ordet? / Jeg lærer fem nye ord.","我今天学了五个新词。 / 这个词是什么意思？ / 我学五个新单词。","","讨论语言、词汇和具体表达时的基础高频名词，暂标 A2","来源已登记：词头/词性/核心义项","词头/词性/核心义项","Bokmålsordboka","https://ordbokene.no/bm/ord","2026-09-24"
"A2候选；Bokmålsordboka词形待核","grammatikk","en grammatikk","单词","名词","A2","语言与学习","语法；语法体系；语法书（依语境）","en grammatikk · grammatikken · grammatikker · grammatikkene","Vi lærer norsk grammatikk på kurset. / Grammatikkboka forklarer hvordan verb bøyes i fortid.","我们在课程上学习挪威语语法。 / 语法书解释动词如何变成过去时。","","语言课堂和学习方法中的基础名词，暂标 A2","来源已登记：词头/词性/核心义项","词头/词性/核心义项","Bokmålsordboka","https://ordbokene.no/bm/grammatikk","2026-09-24"
"NTNU NoW Vocabulary list 09B；课程透明复合名词","reisebekreftelse","en reisebekreftelse","单词","名词","A2","预订与确认","旅行预订确认；行程确认单；预订确认函","en reisebekreftelse · reisebekreftelsen · reisebekreftelser · reisebekreftelsene","Jeg fikk reisebekreftelsen på e-post. / Ta med en utskrift av reisebekreftelsen.","我通过电子邮件收到了旅行预订确认。 / 带一份旅行确认单的打印件。","","预订旅行、酒店或活动后处理确认信息的实用词；按 NoW 章节暂标 A2","来源已登记：课程词头/词性/英语义项/词形/章节","课程词头/词性/英语义项/词形/章节","NTNU NoWiN 第9章词汇表","https://www.ntnu.edu/nowin/9/vocabulary","2026-09-24"
"Bokmålsordboka/Ordbank：阳性复合名词词形","tannlegetime","en tannlegetime","单词","名词","A2","预约与就医","牙医预约；看牙医的时间/诊疗预约","en tannlegetime · tannlegetimen · tannlegetimer · tannlegetimene","Jeg må bestille en tannlegetime. / Tannlegetimen er klokka ni.","我得预约一次看牙。 / 牙医预约在九点。","","预约医疗服务时实用的复合名词，暂标 A2","来源已登记：词头/词性/核心义项","词头/词性/核心义项","Bokmålsordboka","https://ordbokene.no/search?dict=bm&q=tannlegetime&scope=eif","2026-09-24"
"Bokmålsordboka/Ordbank：动词变位及从句结构; Tema: fremtid · 课本专题","håpe","å håpe","单词","动词","A2","愿望与计划 / 未来计划与目标","希望；盼望；但愿","å håpe · håper · håpet · håpet","Jeg håper at du får en fin helg. / Vi håper på bedre vær i morgen. / Jeg håper å få mer tid.","我希望你周末愉快。 / 我们希望明天天气好一些。 / 我希望能有更多时间。","","表达希望、期待和礼貌愿望的常用动词，暂标 A2","来源已登记：词头/词性/核心义项","词头/词性/核心义项","Bokmålsordboka","https://ordbokene.no/bm/håpe","2026-09-24"
"Bokmålsordboka 词条核验；词形按规范范式; Tema: fremtid · 课本专题","ønske","å ønske","单词","动词","A2","愿望与计划 / 未来计划与目标","希望；想要；祝愿；希望某人……","å ønske · ønsker · ønsket / ønska · ønsket / ønska","Barnet ønsker seg en sykkel til bursdagen. / Jeg ønsker deg en fin dag. / Jeg ønsker meg en ny jobb.","孩子想要一辆自行车作为生日礼物。 / 祝你今天愉快。 / 我希望找到一份新工作。","","表达愿望、祝愿的高频动词，暂标 A2","来源已登记：词头/词性/核心义项","词头/词性/核心义项","Bokmålsordboka","https://ordbokene.no/bm/%C3%B8nske","2026-09-24"
"Bokmålsordboka（词头、词性及多义项）; Tema: fremtid · 课本专题","drøm","en drøm","单词","名词","A2","愿望与想象 / 未来计划与目标","梦；梦想；理想愿望（依语境）","en drøm · drømmen · drømmer · drømmene","Drømmen hennes er å bli sykepleier. / Jeg hadde en merkelig drøm i natt. / Drømmen hennes er å bo nær fjellet.","她的梦想是成为护士。 / 我昨晚做了一个奇怪的梦。 / 她的梦想是住在山附近。","","谈睡眠、愿望与未来目标的常用名词，暂标 A2","来源已登记：词头/词性/核心义项","词头/词性/核心义项","Bokmålsordboka","https://ordbokene.no/bm/dr%C3%B8m","2026-09-24"
"Bokmålsordboka（词头、词性及两种主要义项）; Tema: fremtid · 课本专题","drømme","å drømme","单词","动词","A2","愿望与想象 / 未来计划与目标","做梦；梦想；想象（依结构）","å drømme · drømmer · drømte · drømt","Hun drømmer om å reise til Japan. / Jeg drømte at jeg var på skolen igjen. / Han drømmer om en ny jobb.","她梦想去日本旅行。 / 我梦见自己又回到了学校。 / 他梦想着一份新工作。","","睡眠、愿望与目标表达的常用动词，暂标 A2","来源已登记：词头/词性/核心义项","词头/词性/核心义项","Bokmålsordboka","https://ordbokene.no/bm/dr%C3%B8mme","2026-09-24"
"Bokmålsordboka/Ordbank：阴性名词词形与常见搭配","avtale","en avtale","单词","名词","A2","约定与安排","约定；预约；协议；约会（依语境）","en avtale · avtalen · avtaler · avtalene","Jeg har en avtale hos tannlegen i morgen. / Vi laget en avtale om å møtes på fredag.","我明天预约了看牙医。 / 我们约好星期五见面。","","约时间、安排见面和日常协商时高频使用，暂标 A2","来源已登记：词头/词性/核心义项","词头/词性/核心义项","Bokmålsordboka","https://ordbokene.no/bm/avtale","2026-09-24"
"Bokmålsordboka；A2候选","oktober","en oktober","单词","名词","A2","月份与季节","十月","en oktober · oktoberen · oktoberer · oktoberene","Skolen starter igjen i oktober. / Vi flyttet til Norge i oktober i fjor.","学校十月份重新开课。 / 我们去年十月搬到了挪威。","","日历月份词，暂标 A2","来源已登记：Bokmål词头/名词变格/核心义项","Bokmål词头/名词变格/核心义项","Bokmålsordboka","https://ordbokene.no/bm/oktober","2026-09-24"
"Bokmålsordboka（词头、词性及用法）","desember","desember","单词","名词","A2","月份与日期","十二月；12月","desember","Vi reiser til familien min i desember. / Vi skal ha juleavslutning på skolen i desember.","我们十二月去看我的家人。 / 学校十二月要举办圣诞学期结束活动。","","日历、生日和节日日期中的必备月份词，暂标 A2","来源已登记：词头/词性/核心义项","词头/词性/核心义项","Bokmålsordboka","https://ordbokene.no/bm/desember","2026-09-24"
"A2候选；Bokmålsordboka词形待核","bla","å bla","单词","动词","A2","阅读与翻页","翻阅；翻页；浏览；翻动","å bla · blar · bladde · bladd","Hun bladde gjennom avisa mens hun ventet. / Kan du bla om til side fem?","她等候时翻看了报纸。 / 你能翻到第五页吗？","","阅读书本、杂志和资料时常用动词，暂标 A2","来源已登记：词头/词性/核心义项","词头/词性/核心义项","Bokmålsordboka","https://ordbokene.no/bm/bla","2026-09-24"
"Bokmålsordboka：中性名词词性及多义项","eventyr","et eventyr","单词","名词","A2","阅读与故事","童话；冒险；奇妙经历","et eventyr · eventyret · eventyr · eventyrene","Bestefar leser et eventyr for barna. / Turen til fjellet ble et lite eventyr.","爷爷给孩子们读一个童话。 / 这趟山区之旅成了一次小小的冒险。","","儿童阅读、故事和旅行叙述中的常见名词，暂标 A2","来源已登记：词头/词性/核心义项","词头/词性/核心义项","Bokmålsordboka","https://ordbokene.no/bm/eventyr","2026-09-24"
"A2候选；Bokmålsordboka词形待核","artikkel","en artikkel","单词","名词","A2","阅读与媒体","文章；论文；条款；商品（依语境）","en artikkel · artikkelen · artikler · artiklene","Jeg leste en interessant artikkel om norsk skole. / Avisen publiserte tre artikler om været.","我读了一篇关于挪威学校的有趣文章。 / 报纸刊登了三篇关于天气的文章。","","阅读新闻、学习和书写时常见名词，暂标 A2","来源已登记：词头/词性/核心义项","词头/词性/核心义项","Bokmålsordboka","https://ordbokene.no/bm/artikkel","2026-09-24"
"Bokmålsordboka/Ordbank：阳性名词词形与校对义","korrektur","en korrektur","单词","名词","A2","阅读与写作","校对；校样；文字勘误","en korrektur · korrekturen · korrekturer · korrekturene","Kan du lese korrektur på e-posten før jeg sender den? / Forfatteren rettet noen feil i korrekturen.","我发邮件前你能帮我校对一下吗？ / 作者在校样中改正了几处错误。","","写作、出版和校对场景相关名词，暂标 A2","来源已登记：词头/词性/核心义项","词头/词性/核心义项","Bokmålsordboka","https://ordbokene.no/bm/korrektur","2026-09-24"
"Bokmålsordboka/Ordbank：阳性名词词形及文本义项","tekst","en tekst","单词","名词","A2","阅读与写作","文本；文章；一段文字；歌词（依语境）","en tekst · teksten · tekster · tekstene","Les teksten og svar på spørsmålene. / Hun skrev en kort tekst om familien sin.","读这篇文章并回答问题。 / 她写了一段关于自己家庭的短文。","","课堂、阅读和数字沟通中常见的基础名词，暂标 A2","来源已登记：词头/词性/核心义项","词头/词性/核心义项","Bokmålsordboka","https://ordbokene.no/bm/tekst","2026-09-24"
"A2候选；Bokmålsordboka词形待核","håndballspiller","en håndballspiller","单词","名词","A2","运动与活动","手球运动员；手球队员","en håndballspiller · håndballspilleren · håndballspillere · håndballspillerne","Datteren min vil bli håndballspiller. / Håndballspillerne trener tre ganger i uka.","我女儿想成为一名手球运动员。 / 手球队员们每周训练三次。","","体育、团队和人物身份相关复合名词，暂标 A2","来源已登记：词头/词性/核心义项","词头/词性/核心义项","Bokmålsordboka","https://ordbokene.no/bm/håndballspiller","2026-09-24"
"A2候选；Bokmålsordboka词形待核","jentelag","et jentelag","单词","名词","A2","运动与活动","女子队；女孩组成的队伍","et jentelag · jentelaget · jentelag · jentelagene","Hun spiller på jentelaget i håndballklubben. / Jentelaget vant turneringen i helga.","她在手球俱乐部的女子队打球。 / 女子队上周末赢得了锦标赛。","","团队运动和青少年活动常见复合名词，暂标 A2","来源已登记：词头/词性/核心义项","词头/词性/核心义项","Bokmålsordboka","https://ordbokene.no/bm/jentelag","2026-09-24"
"A2候选；Bokmålsordboka词形待复核","kamp","en kamp","单词","名词","A2","运动与活动","比赛；赛事；战斗；斗争（依语境）","en kamp · kampen · kamper · kampene","Laget spiller kamp på lørdag. / Kampen begynner klokka sju.","球队星期六有一场比赛。 / 比赛七点开始。","","体育、竞赛和冲突语境中常见名词，暂标 A2","来源已登记：词头/词性/核心义项","词头/词性/核心义项","Bokmålsordboka","https://ordbokene.no/bm/kamp","2026-09-24"
"A2候选；Bokmålsordboka词形待核","trener","en trener","单词","名词","A2","运动与活动","教练；训练者；指导员","en trener · treneren · trenere · trenerne","Treneren viser laget en ny øvelse. / Barna snakker med trenerne etter kampen.","教练向球队演示一个新练习。 / 孩子们赛后和教练们交谈。","","体育、健身和培训场景常用职业/人物名词，暂标 A2","来源已登记：词头/词性/核心义项","词头/词性/核心义项","Bokmålsordboka","https://ordbokene.no/bm/trener","2026-09-24"
"A2候选；Bokmålsordboka词形待核","idrettssenter","et idrettssenter","单词","名词","A2","运动与健康","体育中心；运动中心","et idrettssenter · idrettssenteret · idrettssentre · idrettssentrene","Studentene trener på idrettssenteret etter forelesningen. / Kommunen bygger et nytt idrettssenter.","学生们讲座后去体育中心锻炼。 / 市政府正在建一座新的体育中心。","","运动、校园与健身服务场景常用复合词，暂标 A2","来源已登记：词头/词性/核心义项","词头/词性/核心义项","Bokmålsordboka","https://ordbokene.no/bm/idrettssenter","2026-09-24"
"Bokmålsordboka/Ordbank：阴性名词词形及活动义项; Tema: fremtid · 课本专题","trening","ei trening","单词","名词","A2","运动与健康 / 未来计划与目标","训练；锻炼；一次训练课","ei/en trening · treninga/treningen · treninger · treningene","Jeg går på trening etter jobb. / Treningen begynner klokka seks. / Jeg skal trene tre ganger i uka.","我下班后去锻炼。 / 训练六点开始。 / 我计划每周锻炼三次。","","运动健身、日常活动和健康生活中的高频名词，暂标 A2","来源已登记：词头/词性/核心义项","词头/词性/核心义项","Bokmålsordboka","https://ordbokene.no/bm/trening","2026-09-24"
"Bokmålsordboka（词头、词性及多义项）","ball","en ball","单词","名词","A2","运动与聚会","球；球类比赛中的传球/球；舞会（另一词性/词源）","en ball · ballen · baller · ballene","Barna spiller ball i skolegården. / Han sparket ballen over gjerdet.","孩子们在学校操场上玩球。 / 他把球踢过了围栏。","","运动、游戏和活动话题常用名词，暂标 A2","来源已登记：词头/词性/核心义项","词头/词性/核心义项","Bokmålsordboka","https://ordbokene.no/nno/search?dict=bm%2Cnn&q=ball&scope=eif","2026-09-24"
"A2候选；Bokmålsordboka词形待核","keeper","en keeper","单词","名词","A2","运动与团队","守门员；门将","en keeper · keeperen · keepere · keeperne","Keeperen reddet straffesparket i siste minutt. / Laget trenger en ny keeper før sesongen.","门将在最后一分钟扑出了点球。 / 球队在赛季开始前需要一名新门将。","","球类运动和体育新闻中的常用名词，暂标 A2","来源已登记：词头/词性/核心义项","词头/词性/核心义项","Bokmålsordboka","https://ordbokene.no/bm/keeper","2026-09-24"
"A2候选；Bokmålsordboka词形待核","landslag","et landslag","单词","名词","A2","运动与团队","国家队；代表国家参赛的队伍","et landslag · landslaget · landslag · landslagene","Hun håper å spille på Norges landslag en dag. / Landslaget vant kampen i går kveld.","她希望有一天能进入挪威国家队。 / 国家队昨晚赢了比赛。","","体育新闻和国家队赛事常见名词，暂标 A2","来源已登记：词头/词性/核心义项","词头/词性/核心义项","Bokmålsordboka","https://ordbokene.no/bm/landslag","2026-09-24"
"A2候选；Bokmålsordboka词形待核","ballspill","et ballspill","单词","名词","A2","运动与休闲","球类运动；球类游戏","et ballspill · ballspillet · ballspill · ballspillene","Elevene prøvde flere ballspill i gymtimen. / Fotball er et populært ballspill.","学生们在体育课上尝试了几种球类运动。 / 足球是一种受欢迎的球类运动。","","学校体育和休闲运动复合词，暂标 A2","来源已登记：词头/词性/核心义项","词头/词性/核心义项","Bokmålsordboka","https://ordbokene.no/bm/ballspill","2026-09-24"
"A2候选；Bokmålsordboka词形待核","bordtennis","en bordtennis","单词","名词","A2","运动与休闲","乒乓球；桌上网球运动","en bordtennis · bordtennisen · bordtenniser · bordtennisene","Vi spiller bordtennis i pausen. / Bordtennisen er populær på skolen.","我们休息时打乒乓球。 / 乒乓球在学校里很受欢迎。","","运动、社交和校园活动常用名词，暂标 A2","来源已登记：Bokmål词头/词性/核心义项","Bokmål词头/词性/核心义项","Bokmålsordboka","https://ordbokene.no/bm/bordtennis","2026-09-24"
"A2候选；Bokmålsordboka词形待核","cricket","en cricket","单词","名词","A2","运动与休闲","板球；板球运动","en cricket · cricketen · cricketer · cricketene","De spiller cricket i parken om sommeren. / Cricket er svært populært i India.","他们夏天在公园里打板球。 / 板球在印度非常受欢迎。","","国际运动与文化交流话题中的体育名词，暂标 A2","来源已登记：Bokmål词头/词性/核心义项","Bokmål词头/词性/核心义项","Bokmålsordboka","https://ordbokene.no/bm/cricket","2026-09-24"
"Bokmålsordboka/Ordbank：名词词形及运动义项","håndball","en håndball","单词","名词","A2","运动与休闲","手球；手球运动；手球（球）","en håndball · håndballen · håndballer · håndballene","Datteren min spiller håndball to ganger i uka. / Treneren kastet håndballen til spillerne.","我女儿每周打两次手球。 / 教练把手球扔给了队员们。","","挪威常见团队运动和休闲活动中的实用名词，暂标 A2","来源已登记：词头/词性/核心义项","词头/词性/核心义项","Bokmålsordboka","https://ordbokene.no/bm/håndball","2026-09-24"
"Bokmålsordboka/Ordbank：名词词形及体育义项","idrett","en idrett","单词","名词","A2","运动与休闲","体育运动；体育项目；竞技运动","en idrett · idretten · idretter · idrettene","Barn bør få prøve ulike idretter. / Idretten gir henne både venner og glede.","孩子们应该有机会尝试不同的体育项目。 / 体育运动给她带来了朋友和快乐。","","学校、运动和健康生活话题中的常见集合名词，暂标 A2","来源已登记：词头/词性/核心义项","词头/词性/核心义项","Bokmålsordboka","https://ordbokene.no/bm/idrett","2026-09-24"
"A2候选；Bokmålsordboka词形待核","sport","en sport","单词","名词","A2","运动与休闲","体育运动；运动项目；体育（活动）","en sport · sporten · sporter · sportene","Sønnen min er interessert i sport, særlig fotball. / Det blir mye sport på TV i helga.","我儿子喜欢体育，尤其是足球。 / 这个周末电视上有很多体育赛事。","","讨论运动、爱好和赛事的常见名词，暂标 A2","来源已登记：词头/词性/核心义项","词头/词性/核心义项","Bokmålsordboka","https://ordbokene.no/bm/sport","2026-09-24"
"NTNU NoW Vocabulary list 06C；课程词汇","volleyball","en volleyball","单词","名词","A2","运动与休闲","排球；排球运动","en volleyball · volleyballen · volleyballer · volleyballene","Vi spiller volleyball i gymsalen hver tirsdag. / Volleyballen ligger i skapet.","我们每周二在体育馆打排球。 / 排球放在储物柜里。","","运动、健康和休闲活动中的常见名词；按课程单元暂标 A2","来源已登记：词头/词性/核心义项","词头/词性/核心义项","Bokmålsordboka","https://ordbokene.no/bm/volleyball","2026-09-24"
"A2候选；Bokmålsordboka词形待核","spiller","en spiller","单词","名词","A2","运动与职业","运动员；选手；玩家；演奏者","en spiller · spilleren · spillere · spillerne","Hun er en dyktig spiller på laget. / Spilleren vant finalen.","她是队里一名出色的选手。 / 这名选手赢得了决赛。","","体育、游戏和音乐场景常见名词，暂标 A2","来源已登记：词头/词性/核心义项","词头/词性/核心义项","Bokmålsordboka","https://ordbokene.no/bm/spiller","2026-09-24"
"A2候选；Bokmålsordboka词形待核","klatre","klatre","单词","动词","A2","运动与自然","攀爬；攀登；爬上","å klatre · klatrer · klatra / klatret · klatra / klatret","Barna klatrer i et tre i hagen. / Vi klatret opp fjellsiden til toppen.","孩子们在院子里爬树。 / 我们沿着山坡爬到了山顶。","","户外活动、运动和动作描述常见动词，暂标 A2","来源已登记：词头/词性/核心义项","词头/词性/核心义项","Bokmålsordboka","https://ordbokene.no/bm/29975","2026-09-24"
"Bokmålsordboka/Ordbank：阴性名词词形及食物义项","pannekake","ei pannekake","单词","名词","A2","早餐与甜点","薄煎饼；挪威式煎饼（常较大、薄）","en pannekake · pannekaken / pannekaka · pannekaker · pannekakene","Barna spiste pannekaker med syltetøy til middag. / Den siste pannekaka ligger på fatet.","孩子们晚餐吃了煎饼配果酱。 / 最后一张煎饼还在盘子里。","","挪威家庭餐食、食谱和点餐中的常见名词，暂标 A2","来源已登记：词头/词性/核心义项","词头/词性/核心义项","Bokmålsordboka","https://ordbokene.no/bm/pannekake","2026-09-24"
"A2候选；Bokmålsordboka词形待核","syltetøy","et syltetøy","单词","名词","A2","早餐与甜味食品","果酱；水果酱","et syltetøy · syltetøyet · syltetøy · syltetøyene","Barna liker brød med syltetøy. / Jordbærsyltetøy passer godt til vafler.","孩子们喜欢吃抹果酱的面包。 / 草莓果酱很适合搭配华夫饼。","","早餐、面包和超市购物常见名词，暂标 A2","来源已登记：词头/词性/核心义项","词头/词性/核心义项","Bokmålsordboka","https://ordbokene.no/eng/search?dict=bm%2Cnn&q=syltet%C3%B8y&scope=eif","2026-09-24"
"Bokmålsordboka/Ordbank：中性名词词形与搭配","ansvar","et ansvar","单词","名词","A2","责任与工作","责任；职责；负责的事项","et ansvar · ansvaret · ansvar · ansvarene","Hun har ansvar for prosjektet. / Foreldrene tok ansvar for barna.","她负责这个项目。 / 父母承担起照顾孩子的责任。","","工作、家庭和日常任务中常见的抽象名词，暂标 A2","来源已登记：词头/词性/核心义项","词头/词性/核心义项","Bokmålsordboka","https://ordbokene.no/bm/ansvar","2026-09-24"
"A2候选；Bokmålsordboka词形待核","kort","kort","单词","形容词","A2","长度与时间","短的；简短的；时间短的","kort · kort · korte","Vi hadde et kort møte før lunsj. / Kan du skrive en kort melding?","午饭前我们开了一个简短的会。 / 你能写一条简短的消息吗？","","描述长度、时间与简短程度的常用形容词，暂标 A2","来源已登记：词头/词性/核心义项","词头/词性/核心义项","Bokmålsordboka","https://ordbokene.no/bm/kort","2026-09-24"
"A2候选；Bokmålsordboka词形待核","pleie","å pleie","单词","动词","A2","照护与健康","照料；护理；经常/通常做（固定搭配）","å pleie · pleier · pleide · pleid","Hun pleier å gå en tur etter middag. / Sykepleieren pleier såret hver dag.","她通常晚饭后散步。 / 护士每天护理伤口。","","医疗照护和习惯表达中的常见动词，暂标 A2","来源已登记：词头/词性/核心义项","词头/词性/核心义项","Bokmålsordboka","https://ordbokene.no/bm/pleie","2026-09-24"
"A2候选；Bokmålsordboka词头、词性和屈折核对","egentlig","egentlig","单词","形容词","A2","真实情况与补充说明","真正的；实际的；本来的；（也常作副词）其实","egentlig · egentlig · egentlige","Den egentlige grunnen er at toget var forsinket. / Jeg vet egentlig ikke hva han mener.","真正的原因是火车晚点了。 / 其实我不知道他是什么意思。","","说明真实情况、实际原因或补充修正的常用词，暂标 A2","来源已登记：Bokmål词头/词性/核心义项","Bokmål词头/词性/核心义项","Bokmålsordboka","https://ordbokene.no/bm/egentlig","2026-09-24"
"A2 候选；Bokmålsordboka samla/samlet 词形用法","samlet","samlet","单词","形容词","A2","整理与汇总","合在一起的；汇总的；总计的","samlet · samlet · samlede","Det samlede beløpet er 800 kroner. / Familien var samlet rundt bordet.","总金额是 800 克朗。 / 一家人聚在桌子周围。","","描述物品归拢、费用总计和人群汇集的实用形式，暂标 A2","已有完整语境·待审定","","","",""
"NTNU NoW Vocabulary list 06A；课程复合名词","ID-kort","et ID-kort","单词","名词","A2","证件与登记","身份证件；身份卡；ID卡","et ID-kort · ID-kortet · ID-kort · ID-kortene","Du må vise fram ID-kortet ved inngangen. / Husk å ta med et gyldig ID-kort.","你必须在入口出示身份证件。 / 记得带一张有效身份证件。","","身份登记、入职和出行场景的实用词；按 NoW 章节暂标 A2","来源已登记：词头/词性/核心义项","词头/词性/核心义项","Bokmålsordboka","https://ordbokene.no/bm/ID-kort","2026-09-24"
"A2候选；Bokmålsordboka词形待核","alvorlig","alvorlig","单词","形容词","A2","症状与严重程度","严重的；严肃的；认真的","alvorlig · alvorlig · alvorlige","Hun har ikke en alvorlig sykdom. / Foreldrene snakket alvorlig med ham.","她没有严重的疾病。 / 父母严肃地和他谈了谈。","","健康、新闻和日常评价中常见形容词，暂标 A2","来源已登记：词头/词性/核心义项","词头/词性/核心义项","Bokmålsordboka","https://ordbokene.no/bm/alvorlig","2026-09-24"
"app.js · 核心动词; A2候选；Bokmålsordboka词形待核","vite","å vite","单词","动词","A2","知识与信息 / 学习与工作","知道；了解（事实或信息）","å vite · vet · visste · visst","Vet du når bussen går? / Jeg visste ikke at han var syk. / Jeg vet det.","你知道公交车几点开吗？ / 我不知道他病了。","","表达已知事实和信息的基础高频动词，暂标 A2","来源已登记：词头/词性/核心义项","词头/词性/核心义项","Bokmålsordboka","https://ordbokene.no/bm/vite","2026-09-24"
"Bokmålsordboka；A2候选","mester","en mester","单词","名词","A2","职业与成就","冠军；大师；能手；师傅（依语境）","en mester · mesteren · mestere / mestre · mesterne / mestrene","Hun ble norsk mester i svømming. / Han er en mester til å lage brød.","她成为挪威游泳冠军。 / 他做面包很有一手。","","描述技能、职业称号和比赛成就的名词，暂标 A2","来源已登记：Bokmål词头/名词变格/核心义项","Bokmål词头/名词变格/核心义项","Bokmålsordboka","https://ordbokene.no/nob/bm/mester","2026-09-24"
"A2候选；Bokmålsordboka词形待核","baker","en baker","单词","名词","A2","职业与服务","面包师；烘焙师","en baker · bakeren · bakere · bakerne","Bakerne står opp tidlig for å lage brød. / Den lokale bakeren lager ferske rundstykker hver morgen.","面包师们很早起床制作面包。 / 当地的面包师每天早上制作新鲜的小圆面包。","","职业和购买烘焙食品场景常见名词，暂标 A2","来源已登记：词头/词性/核心义项","词头/词性/核心义项","Bokmålsordboka","https://ordbokene.no/bm/baker","2026-09-24"
"A2候选；Bokmålsordboka词形待核","skomaker","en skomaker","单词","名词","A2","职业与服务","鞋匠；修鞋师傅","en skomaker · skomakeren · skomakere · skomakerne","Skomakeren kan reparere støvlene mine. / Det ligger et skomakerverksted ved torget.","鞋匠可以修我的靴子。 / 广场旁有一家修鞋店。","","描述传统职业及修理服务时使用，暂标 A2","来源已登记：Bokmål词头/词性/核心义项","Bokmål词头/词性/核心义项","Bokmålsordboka","https://ordbokene.no/bm/skomaker","2026-09-24"
"A2候选；Bokmålsordboka词形待核","ingeniør","en ingeniør","单词","名词","A2","职业与工作","工程师","en ingeniør · ingeniøren · ingeniører · ingeniørene","Broren hennes jobber som ingeniør i Bergen. / Ingeniørene planlegger en ny bro.","她的兄弟在卑尔根做工程师。 / 工程师们正在规划一座新桥。","","职业、工作和技术话题常见名词，暂标 A2","来源已登记：词头/词性/核心义项","词头/词性/核心义项","Bokmålsordboka","https://ordbokene.no/bm/ingeni%C3%B8r","2026-09-24"
"A2候选；Bokmålsordboka词形待核","konsulent","en konsulent","单词","名词","A2","职业与工作","顾问；咨询人员","en konsulent · konsulenten · konsulenter · konsulentene","Hun jobber som konsulent i et teknologiselskap. / Kommunen ansatte en konsulent til prosjektet.","她在一家科技公司做顾问。 / 市政府为这个项目聘请了一位顾问。","","工作、企业和公共服务场景常见职业名词，暂标 A2","来源已登记：词头/词性/核心义项","词头/词性/核心义项","Bokmålsordboka","https://ordbokene.no/bm/konsulent","2026-09-24"
"NTNU NoW Vocabulary list 10A；Bokmålsordboka 阳性名词词形","maler","en maler","单词","名词","A2","职业与工作","画家；油漆工；涂装工（依语境）","en maler · maleren · malere · malerne","Bestefaren min jobbet som maler. / Maleren skal male stua på nytt.","我祖父以前是油漆工（也可能是画家，需看职业背景）。 / 油漆工要把客厅重新粉刷一遍。","","职业名称和工作介绍课程词；按 NoW 章节暂标 A2","来源已登记：词头/词性/核心义项","词头/词性/核心义项","Bokmålsordboka","https://ordbokene.no/bm/maler","2026-09-24"
"A2候选；Bokmålsordboka词形待核","selger","en selger","单词","名词","A2","职业与购物","销售员；售货员；销售人员","en selger · selgeren · selgere · selgerne","Selgeren hjalp meg med å finne riktig størrelse. / Butikken søker to nye selgere.","售货员帮我找到了合适的尺码。 / 商店正在招聘两名新销售员。","","商店、服务和职业介绍中的常见名词，暂标 A2","来源已登记：词头/词性/核心义项","词头/词性/核心义项","Bokmålsordboka","https://ordbokene.no/bm/selger","2026-09-24"
"A2候选；Bokmålsordboka词形待核","pilot","en pilot","单词","名词","A2","职业与交通","飞行员；驾驶飞机的人","en pilot · piloten · piloter · pilotene","Piloten ønsket passasjerene velkommen om bord. / Hun utdanner seg til pilot i Norge.","飞行员欢迎乘客登机。 / 她正在挪威接受飞行员培训。","","职业和航空旅行主题的常见名词，暂标 A2","来源已登记：词头/词性/核心义项","词头/词性/核心义项","Bokmålsordboka","https://ordbokene.no/bm/pilot","2026-09-24"
"A2候选；Bokmålsordboka词形待核","journalist","en journalist","单词","名词","A2","职业与媒体","记者；新闻工作者","en journalist · journalisten · journalister · journalistene","Journalisten skrev en artikkel om den nye skolen. / Flere journalister møtte opp på pressekonferansen.","记者写了一篇关于新学校的文章。 / 多位记者出席了新闻发布会。","","新闻、媒体和职业介绍中的常见名词，暂标 A2","来源已登记：词头/词性/核心义项","词头/词性/核心义项","Bokmålsordboka","https://ordbokene.no/nno/search?dict=bm&q=journalist&scope=eif","2026-09-24"
"NTNU NoW Vocabulary list 10B；Bokmålsordboka 名词","prest","en prest","单词","名词","A2","职业与社会","牧师；神职人员（挪威教会语境）","en prest · presten · prester · prestene","Presten skal holde tale i kirken på søndag. / Hun snakket med en prest etter seremonien.","牧师将在星期天于教堂讲道。 / 仪式结束后，她和一位牧师交谈。","","课程社会与职业话题词汇；按 NoW 单元暂标 A2","来源已登记：Bokmål词头/词性/核心义项","Bokmål词头/词性/核心义项","Bokmålsordboka","https://ordbokene.no/bm/prest","2026-09-24"
"A2候选；Bokmålsordboka词形待核","bonde","en bonde","单词","名词","A2","职业与生活","农民；农场主；农场经营者","en bonde · bonden · bønder · bøndene","Bonden dyrker poteter og grønnsaker på gården. / Mange bønder selger maten sin på lokale markeder.","这位农场主在农场种土豆和蔬菜。 / 许多农民在当地市场出售自己生产的食物。","","职业、乡村生活和农业话题常见名词，暂标 A2","来源已登记：词头/词性/核心义项","词头/词性/核心义项","Bokmålsordboka","https://ordbokene.no/bm/bonde","2026-09-24"
"A2候选；Bokmålsordboka词形待核","fisker","en fisker","单词","名词","A2","职业与自然","渔民；捕鱼者；渔夫/渔妇","en fisker · fiskeren · fiskere · fiskerne","Fiskeren dro ut før soloppgang. / Mange fiskere arbeider langs norskekysten.","这位渔民在日出前就出海了。 / 许多渔民在挪威海岸沿线工作。","","职业、沿海生活和渔业话题相关名词，暂标 A2","来源已登记：词头/词性/核心义项","词头/词性/核心义项","Bokmålsordboka","https://ordbokene.no/bm/fisker","2026-09-24"
"A2候选；Bokmålsordboka词形待核","tre","et tre","单词","名词","A2","植物与自然","树；木材（依语境）","et tre · treet · trær · trærne","Vi plantet et tre i hagen. / Stolen er laget av tre.","我们在花园里种了一棵树。 / 这把椅子是木头做的。","","自然环境和木材生活主题的基础名词，暂标 A2","来源已登记：词头/词性/核心义项","词头/词性/核心义项","Bokmålsordboka","https://ordbokene.no/bm/tre","2026-09-24"
"A2候选；Bokmålsordboka词形待核","ordning","ei/en ordning","单词","名词","A2","制度与安排","安排；制度；方案；做法（依语境）","ei/en ordning · ordninga/ordningen · ordninger · ordningene","Kommunen innfører en ny ordning for tildeling av barnehageplasser. / Denne ordningen gjør det enklere å bestille time.","市政府推出新的幼儿园学位分配办法。 / 这项安排让预约变得更容易。","","工作、学校和公共服务中常见抽象名词，暂标 A2","来源已登记：词头/词性/核心义项","词头/词性/核心义项","Bokmålsordboka","https://ordbokene.no/nno/search?dict=bm%2Cnn&q=ordning&scope=eif","2026-09-24"
"A2候选；Bokmålsordboka词形待核","tung","tung","单词","形容词","A2","重量与难度","重的；费力的；困难的；沉重的","tung · tungt · tunge · tyngre · tyngst / tyngste","Kofferten er for tung til å bære. / Det var en tung uke på jobben.","这个行李箱太重了，提不动。 / 那是工作上很难熬的一周。","","描述重量、困难程度和沉重情绪的常用形容词，暂标 A2","来源已登记：词头/词性/核心义项","词头/词性/核心义项","Bokmålsordboka","https://ordbokene.no/bm/tung","2026-09-24"
"NTNU NoW Vocabulary list 07A；课程词汇","tema","et tema","单词","名词","A2","主题与讨论","主题；话题；题目","et tema · temaet · temaer · temaene","Vi skal skrive en tekst om et aktuelt tema. / Temaet for seminaret er språk og identitet.","我们要写一篇关于当前话题的文章。 / 研讨会的主题是语言与身份。","","课堂讨论和文章阅读中常见的主题类名词；按课程单元暂标 A2","来源已登记：词头/词性/核心义项","词头/词性/核心义项","Bokmålsordboka","https://ordbokene.no/bm/tema","2026-09-24"
"A2候选；Bokmålsordboka词形待核","terrasse","en terrasse","单词","名词","A2","住房与户外空间","露台；平台；房屋外的休闲平台","en terrasse · terrassen · terrasser · terrassene","Vi spiser middag på terrassen når det er varmt. / Leiligheten har en liten terrasse mot sør.","天气暖和时我们在露台上吃晚饭。 / 这套公寓有一个朝南的小露台。","","住房、房屋介绍和户外生活常见名词，暂标 A2","来源已登记：词头/词性/核心义项","词头/词性/核心义项","Bokmålsordboka","https://ordbokene.no/nob/bm/terrasse","2026-09-24"
"A2候选；Bokmålsordboka词形待核","utedo","et utedo","单词","名词","A2","住房与设施","户外厕所；旱厕；简易厕所","et utedo · utedoen · utedo · utedoene","Hytta har ikke innlagt vann, så vi bruker utedoen. / Det står et lite utedo bak huset.","小木屋没有自来水，所以我们用户外厕所。 / 房子后面有一间小旱厕。","","乡村住所和户外生活相关复合名词，暂标 A2","来源已登记：Bokmål词头/词性/核心义项","Bokmål词头/词性/核心义项","Bokmålsordboka","https://ordbokene.no/bm/65181","2026-09-24"
"Bokmålsordboka/Ordbank：中性名词词形","hotell","et hotell","单词","名词","A2","住宿与旅行","酒店；旅馆","et hotell · hotellet · hoteller · hotellene","Vi bodde på hotell i Bergen. / Hotellet ligger nær togstasjonen.","我们在卑尔根住了酒店。 / 这家酒店在火车站附近。","","旅行住宿、预订和出行沟通中的基础高频名词，暂标 A2","来源已登记：词头/词性/核心义项","词头/词性/核心义项","Bokmålsordboka","https://ordbokene.no/bm/hotell","2026-09-24"
"Bokmålsordboka/Ordbank：中性复合名词词形","hotellrom","et hotellrom","单词","名词","A2","住宿与旅行","酒店房间；旅馆客房","et hotellrom · hotellrommet · hotellrom · hotellrommene","Vi bestilte et hotellrom nær stasjonen. / Hotellrommet har utsikt mot fjorden.","我们订了一间车站附近的酒店客房。 / 酒店房间可以看到峡湾。","","旅行住宿、预订和酒店沟通中的高频名词，暂标 A2","来源已登记：词头/词性/核心义项","词头/词性/核心义项","Bokmålsordboka","https://ordbokene.no/nno/search?dict=bm%2Cnn&q=hotellrom&scope=eif","2026-09-24"
"Bokmålsordboka/Ordbank：动词词头和规则变位","overnatte","å overnatte","单词","动词","A2","住宿与旅行","过夜；住宿一晚","å overnatte · overnatter · overnattet · har overnattet","Vi overnatter hos søsteren min i helga. / De måtte overnatte på et hotell nær flyplassen.","这个周末我们住在我姐姐家过夜。 / 他们不得不在机场附近的酒店住一晚。","","旅行、探亲和住宿场景中的常用动词，暂标 A2","来源已登记：Bokmål词头/词性/核心义项","Bokmål词头/词性/核心义项","Bokmålsordboka","https://ordbokene.no/bm/overnatte","2026-09-24"
"Bokmålsordboka/Ordbank：阴性名词词形及挪威文化义项","hytte","ei hytte","单词","名词","A2","住宿与自然","小木屋；度假小屋；山间/乡间小屋","en hytte · hytta / hytten · hytter · hyttene","Vi drar på hytta i helgen. / Hytta ligger ved en liten innsjø.","我们周末要去度假小屋。 / 这间小屋在一个小湖边。","","挪威度假、户外和家庭生活中的重要文化词，暂标 A2","来源已登记：词头/词性/核心义项","词头/词性/核心义项","Bokmålsordboka","https://ordbokene.no/bm/hytte","2026-09-24"
"Bokmålsordboka/Ordbank：中性名词词形","glitter","et glitter","单词","名词","A2","装饰与手工","闪粉；亮片粉；闪烁的光泽","et glitter · glitteret","Barna brukte glitter og lim til kortene. / Det var glitter på kjolen etter festen.","孩子们用闪粉和胶水做卡片。 / 派对后裙子上还留着亮粉。","","手工、装饰、衣物和节庆场景中的常见名词，暂标 A2","来源已登记：Bokmål词头/词性/核心义项","Bokmål词头/词性/核心义项","Bokmålsordboka","https://ordbokene.no/bm/glitter","2026-09-24"
"Bokmålsordboka/Ordbank：副词固定形式和语义","akkurat","akkurat","单词","副词","A2","准确与时间","恰好；正好；确切地；刚刚（依语境）","akkurat","Bussen kommer akkurat klokka åtte. / Det var akkurat det jeg mente.","公交车正好八点到。 / 我想表达的正是这个。","","表示确切、恰好和刚刚的高频副词，暂标 A2","来源已登记：词头/词性/核心义项","词头/词性/核心义项","Bokmålsordboka","https://ordbokene.no/bm/akkurat","2026-09-24"
"A2候选；Bokmålsordboka词形待核","bokstav","en bokstav","单词","名词","A2","字母与书写","字母；文字字符","en bokstav · bokstaven · bokstaver · bokstavene","Navnet hennes begynner med bokstaven M. / Husk stor bokstav i begynnelsen av setningen.","她的名字以字母 M 开头。 / 记得在句子开头使用大写字母。","","拼写、姓名和语言学习中的基础名词，暂标 A2","来源已登记：词头/词性/核心义项","词头/词性/核心义项","Bokmålsordboka","https://ordbokene.no/bm/bokstav","2026-09-24"
"A2候选；Bokmålsordboka词形待核","skogsvei","en skogsvei","单词","名词","A2","自然与出行","林间道路；森林里的路","en skogsvei · skogsveien · skogsveier · skogsveiene","Vi gikk en rolig tur på en skogsvei. / Skogsveien var glatt etter regnet.","我们沿着一条林间道路悠闲地散步。 / 下雨后林间道路很滑。","","日常户外出行复合词，暂标 A2","来源已登记：词头/词性/核心义项","词头/词性/核心义项","Bokmålsordboka","https://ordbokene.no/bm/skogsvei","2026-09-24"
"Bokmålsordboka/Ordbank：词义与名词词形核对","sti","en sti","单词","名词","A2","自然与方向","小径；步道；山间/林间小路","en sti · stien · stier · stiene","Vi fulgte en smal sti opp til hytta. / Stien går gjennom skogen og ned til sjøen.","我们沿着一条狭窄的小径走到小木屋。 / 这条步道穿过森林，一直通到海边。","","户外活动、问路和自然环境中的基础名词，暂标 A2","来源已登记：Bokmål词头/词性/核心义项","Bokmål词头/词性/核心义项","Bokmålsordboka","https://ordbokene.no/bm/sti","2026-09-24"
"Bokmålsordboka（词头、词性、义项及完整词形）","utsikt","en utsikt","单词","名词","A2","自然与风景","景色；视野；前景/可能性（依语境）","en utsikt · utsikten · utsikter · utsiktene","Leiligheten har utsikt over fjorden. / Fra toppen kan vi nyte den vakre utsikten.","这套公寓可以俯瞰峡湾。 / 从山顶我们可以欣赏美丽的景色。","","住房、旅行和风景描述中常用的名词，暂标 A2","来源已登记：Bokmål词头/词性/核心义项","Bokmål词头/词性/核心义项","Bokmålsordboka","https://ordbokene.no/bm/utsikt","2026-09-24"
"Bokmålsordboka 词条核验；词形按规范范式","fjell","et fjell","单词","名词","A2","自然与户外","山；山地；高山","et fjell · fjellet · fjell · fjellene","Vi går en tur på fjellet hvis været er fint. / Det høyeste fjellet i området er dekket av snø.","如果天气好，我们就去山里走走。 / 这个地区最高的山被积雪覆盖。","","挪威日常、旅行与户外活动的高频自然词，暂标 A2","来源已登记：词头/词性/核心义项","词头/词性/核心义项","Bokmålsordboka","https://ordbokene.no/bm/fjell","2026-09-24"
"A2候选；Bokmålsordboka词形待核","fjelltur","en fjelltur","单词","名词","A2","自然与户外","山地徒步；登山旅行；去山里走一趟","en fjelltur · fjellturen · fjellturer · fjellturene","Vi planlegger en fjelltur i helga hvis været holder. / Husk å ta med vann på fjellturen.","如果天气稳定，我们计划周末去山里徒步。 / 记得徒步时带上水。","","挪威户外生活和徒步活动常见复合名词，暂标 A2","来源已登记：词头/词性/核心义项","词头/词性/核心义项","Bokmålsordboka","https://ordbokene.no/bm/fjelltur","2026-09-24"
"Bokmålsordboka（词头、词性及主要义项）","natur","en natur","单词","名词","A2","自然与户外","自然；大自然；天性/性质（依语境）","en natur · naturen · naturer · naturene","Vi liker å gå tur i naturen i helgene. / Hun er rolig av natur.","我们喜欢周末到大自然里散步。 / 她天生性格沉稳。","","居住环境、旅行和休闲话题常用抽象名词，暂标 A2","来源已登记：Bokmål词头/词性/核心义项","Bokmål词头/词性/核心义项","Bokmålsordboka","https://ordbokene.no/bm/natur","2026-09-24"
"A2候选；Bokmålsordboka词形待核","skogstur","en skogstur","单词","名词","A2","自然与户外","森林徒步；去森林里散步/远足","en skogstur · skogsturen · skogsturer · skogsturene","Vi går en skogstur etter frokost hvis været er fint. / Skogsturen tok omtrent to timer.","如果天气好，早餐后我们去森林里走走。 / 这次森林徒步大约花了两个小时。","","挪威户外生活和休闲活动的常见复合名词，暂标 A2","来源已登记：词头/词性/核心义项","词头/词性/核心义项","Bokmålsordboka","https://ordbokene.no/search?dict=bm&q=skogstur&scope=eif","2026-09-24"
"Bokmålsordboka/Ordbank：阴性抽象名词词形","fiskelykke","ei fiskelykke","单词","名词","A2","自然与休闲","钓鱼运气；钓到鱼的好运","ei/en fiskelykke · fiskelykka/fiskelykken","Vi hadde god fiskelykke ved innsjøen. / Jeg ønsker deg fiskelykke i helgen.","我们在湖边钓鱼收获不错。 / 祝你周末钓鱼好运。","","户外、钓鱼与休闲活动中的复合名词，暂标 A2","来源已登记：词头/词性/核心义项","词头/词性/核心义项","Bokmålsordboka","https://ordbokene.no/search?dict=bm&q=fiskelykke&scope=eif","2026-09-24"
"Bokmålsordboka/Ordbank：复合名词词形","fiskestang","en fiskestang","单词","名词","A2","自然与休闲","鱼竿；钓鱼竿","en fiskestang · fiskestanga/fiskestangen · fiskestenger · fiskestengene","Bestefar lærte meg å fiske med fiskestang. / Vi tok med fiskestengene ned til vannet.","爷爷教我用鱼竿钓鱼。 / 我们把鱼竿带到了湖边。","","户外活动与钓鱼语境中的常见复合名词，暂标 A2","来源已登记：词头/词性/核心义项","词头/词性/核心义项","Bokmålsordboka","https://ordbokene.no/search?dict=bm&q=fiskestang&scope=eif","2026-09-24"
"app.js · 核心动词","bestå","å bestå","单词","动词","待分级","待归类","通过考试；持续存在；由……组成（bestå av）","bestå – består – besto – bestått","Jeg består B1-eksamen. / Vann består av hydrogen og oksygen.","我通过 B1 考试。 / 水由氢和氧组成。","https://ordbokene.no/bm/best%C3%A5","主题标为 A1–A2，需人工定级","已有词形与基础例句·待核","","","",""
"app.js · 核心动词","søke","å søke","单词","动词","待分级","学习与工作","寻找；寻求；申请；前往（依结构）","søke – søker – søkte – søkt","Jeg søker på en jobb. / Hjelpemannskaper har søkt i hele natt.","我申请一份工作。 / 救援人员整夜都在搜寻。","https://ordbokene.no/bm/s%C3%B8ke","主题标为 A1–A2，需人工定级","已有词形与基础例句·待核","","","",""
"Tema: fremtid · 课本专题","aktivitet","en aktivitet","单词","名词","待拆级","未来计划与目标","活动；活跃状态（看语境）","en aktivitet – aktiviteten – aktiviteter – aktivitetene","Vi skal velge en aktivitet for helgen. / Hun er i aktivitet hele dagen.","我们要为周末选一项活动。 / 她一整天都在活动。","https://ordbokene.no/bm/aktivitet","专题整体标 A2–B1，单条尚未分级","专题词条·待拆级复核","","","",""
"Tema: fremtid · 课本专题","beslutning","en beslutning","单词","名词","待拆级","未来计划与目标","决定；决议（作出判断或决定这一行为/结果）","en beslutning – beslutningen – beslutninger – beslutningene","Hun skal ta en viktig beslutning. / Styret har fattet følgende beslutning.","她要做一个重要决定。 / 董事会作出了以下决定。","https://ordbokene.no/bm/beslutning","专题整体标 A2–B1，单条尚未分级","专题词条·待拆级复核","","","",""
"Tema: fremtid · 课本专题","endring","en endring","单词","名词","待拆级","未来计划与目标","变化；改变（可指变化过程或变化后的结果）","en endring – endringen – endringer – endringene","Jeg vil gjøre noen endringer. / Jeg foreslår noen få endringer.","我想做一些改变。 / 我建议做几处小改动。","https://ordbokene.no/bm/endring","专题整体标 A2–B1，单条尚未分级","专题词条·待拆级复核","","","",""
"Tema: fremtid · 课本专题","energisk","energisk","单词","形容词","待拆级","未来计划与目标","精力充沛的；干劲十足的","mer energisk – mest energisk","En god rutine gjør meg mer energisk. / Hun er et energisk menneske.","良好的习惯让我更有精力。 / 她是一个精力充沛、做事很有干劲的人。","https://ordbokene.no/bm/energisk","专题整体标 A2–B1，单条尚未分级","专题词条·待拆级复核","","","",""
"Tema: fremtid · 课本专题","fokusere","å fokusere","单词","动词","待拆级","未来计划与目标","专注；集中注意力","fokuserer – fokuserte – har fokusert","Jeg skal fokusere mer på norsk. / Vi må fokusere på å løse problemene.","我会更专注于挪威语。 / 我们必须把注意力集中在解决问题上。","https://ordbokene.no/bm/fokusere","专题整体标 A2–B1，单条尚未分级","专题词条·待拆级复核","","","",""
"Tema: fremtid · 课本专题","fokusert","fokusert","单词","形容词","待拆级","未来计划与目标","专注的；注意力集中的（常用 fokusert på）","mer fokusert – mest fokusert","Jeg vil være mer fokusert på norsk. / Jeg vil være mer fokusert på norsk.","我想更专注于挪威语。 / 我想把更多注意力放在挪威语上。","https://ordbokene.no/bm/fokusere","专题整体标 A2–B1，单条尚未分级","专题词条·待拆级复核","","","",""
"Tema: fremtid · 课本专题","forandre","å forandre","单词","动词","待拆级","未来计划与目标","改变；使变化","forandrer – forandret – har forandret","Små steg kan forandre hverdagen. / Tidene forandrer seg.","小小的进步可以改变日常生活。 / 时代在变化。","https://ordbokene.no/bm/forandre%20seg","专题整体标 A2–B1，单条尚未分级","专题词条·待拆级复核","","","",""
"Tema: fremtid · 课本专题","forbedre","å forbedre","单词","动词","待拆级","未来计划与目标","改善；提高","forbedrer – forbedret – har forbedret","Jeg vil forbedre norsken min. / Mye kan forbedres her.","我想提高自己的挪威语。 / 这里有很多方面可以改进。","https://ordbokene.no/bm/forbedre","专题整体标 A2–B1，单条尚未分级","专题词条·待拆级复核","","","",""
"Tema: fremtid · 课本专题","forbedring","en forbedring","单词","名词","待拆级","未来计划与目标","改善；改进；进步（相较之前变得更好）","en forbedring – forbedringen – forbedringer – forbedringene","Jeg merker en forbedring i norsken min. / Dette er en klar forbedring.","我感觉自己的挪威语有了进步。 / 这是一个明显的改进。","https://ordbokene.no/bm/forbedring","专题整体标 A2–B1，单条尚未分级","专题词条·待拆级复核","","","",""
"Tema: fremtid · 课本专题","forsett","et forsett","单词","名词","待拆级","未来计划与目标","打算；意图；决心（新年计划常见于 nyttårsforsett）","et forsett – forsettet – forsetter – forsettene","Nyttårsforsettet mitt er å lese mer. / Jeg har et urokkelig forsett.","我的新年计划是多读书。 / 我有一个坚定不移的决心。","https://ordbokene.no/bm/forsett","专题整体标 A2–B1，单条尚未分级","专题词条·待拆级复核","","","",""
"Tema: fremtid · 课本专题","framgang","en framgang","单词","名词","待拆级","未来计划与目标","进展；进步（朝更好的方向发展）","en framgang – framgangen – framganger – framgangene","Jeg har hatt god framgang. / Framgangen fra i fjor er merkbar.","我进步很大。 / 和去年相比，进步很明显。","https://ordbokene.no/bm/fremgang","专题整体标 A2–B1，单条尚未分级","专题词条·待拆级复核","","","",""
"Tema: fremtid · 课本专题","framtid","en framtid","单词","名词","待拆级","未来计划与目标","未来；前景（指将来的处境或发展可能）","en framtid – framtiden – framtider – framtidene","Vi snakker om framtiden. / Framtiden ligger åpen foran deg.","我们在谈论未来。 / 你的未来有无限可能。","https://ordbokene.no/bm/framtid","专题整体标 A2–B1，单条尚未分级","专题词条·待拆级复核","","","",""
"Tema: fremtid · 课本专题","fullføre","å fullføre","单词","动词","待拆级","未来计划与目标","完成；做完（把课程、任务等进行到底）","fullfører – fullførte – har fullført","Jeg skal fullføre kurset. / De fullfører et studium.","我准备完成这门课程。 / 他们完成一项学业。","https://ordbokene.no/bm/fullf%C3%B8re","专题整体标 A2–B1，单条尚未分级","专题词条·待拆级复核","","","",""
"Tema: fremtid · 课本专题","glede","en glede","单词","名词","待拆级","未来计划与目标","喜悦；快乐；令人高兴的事（依语境）","en glede – gleden – gleder – gledene","Det blir en glede å møte familien. / Hun sprer glede til alle rundt seg.","见到家人会是一件开心的事。 / 她把快乐带给身边的每一个人。","https://ordbokene.no/bm/glede","专题整体标 A2–B1，单条尚未分级","专题词条·待拆级复核","","","",""
"Tema: fremtid · 课本专题","glede seg","å glede seg","短语","动词短语","待拆级","未来计划与目标","期待；因……感到高兴（分别用 glede seg til / over）","gleder seg – gledet seg – har gledet seg","Jeg gleder meg til reisen. / Jeg gleder meg til jul. / Jeg gleder meg over de fine høstfargene.","我很期待这次旅行。 / 我很期待圣诞节。 / 看到美丽的秋色，我感到很开心。","https://ordbokene.no/bm%2Cnn/glede%20seg%20til / https://ordbokene.no/bm%2Cnn/glede%20seg","专题整体标 A2–B1，单条尚未分级","专题词条·待拆级复核","","","",""
"Tema: fremtid · 课本专题","håp","et håp","单词","名词","待拆级","未来计划与目标","希望；盼望；有望实现的好结果","et håp – håpet – håp – håpene","Jeg håper at det blir fint vær. / Det er fortsatt håp om at han kan bli frisk.","我希望天气会很好。 / 他仍有康复的希望。","https://ordbokene.no/bm/h%C3%A5p","专题整体标 A2–B1，单条尚未分级","专题词条·待拆级复核","","","",""
"Tema: fremtid · 课本专题","innsats","en innsats","单词","名词","待拆级","未来计划与目标","努力；投入；贡献（依语境）","en innsats – innsatsen – innsatser – innsatsene","Med jevn innsats lærer jeg mer. / Hun har gjort en stor innsats for norsk teater.","持续努力，我就能学得更多。 / 她为挪威戏剧事业作出了很大贡献。","https://ordbokene.no/bm/innsats","专题整体标 A2–B1，单条尚未分级","专题词条·待拆级复核","","","",""
"Tema: fremtid · 课本专题","karriere","en karriere","单词","名词","待拆级","未来计划与目标","职业生涯；职业发展（马术语境另有“疾驰”义）","en karriere – karrieren – karrierer – karrierene","Hun vil starte en ny karriere. / Hun satser på en karriere som kunstner.","她想开启一段新的职业生涯。 / 她立志以艺术家为职业发展方向。","https://ordbokene.no/bm%2Cnn/karriere","专题整体标 A2–B1，单条尚未分级","专题词条·待拆级复核","","","",""
"Tema: fremtid · 课本专题","komme til å","å komme til å","短语","动词结构","待拆级","未来计划与目标","将会；预计会（表达预测；另有“碰巧/得以”义）","kommer til å – kom til å – har kommet til å","Det kommer til å regne i kveld. / Hun kommer til å greie oppgaven.","今晚会下雨。 / 她会完成这项任务。","https://ordbokene.no/bm/komme%20til%20%C3%A5","专题整体标 A2–B1，单条尚未分级","专题词条·待拆级复核","","","",""
"Tema: fremtid · 课本专题","kreativ","kreativ","单词","形容词","待拆级","未来计划与目标","有创意的；善于产生并实现新想法的","mer kreativ – mest kreativ","Hun vil være mer kreativ på jobben. / Hun er en kreativ kunstner.","她想在工作中更有创造力。 / 她是一位有创意的艺术家。","https://ordbokene.no/bm/kreativ","专题整体标 A2–B1，单条尚未分级","专题词条·待拆级复核","","","",""
"Tema: fremtid · 课本专题","løsning","en løsning","单词","名词","待拆级","未来计划与目标","解决办法；解决方案；（化学）溶液","en løsning – løsningen – løsninger – løsningene","Vi skal finne en god løsning. / Vi må finne fram til en helhetlig løsning.","我们会找到一个好办法。 / 我们必须找到一个全面的解决方案。","https://ordbokene.no/bm/l%C3%B8sning","专题整体标 A2–B1，单条尚未分级","专题词条·待拆级复核","","","",""
"Tema: fremtid · 课本专题","mer","mer","单词","副词","待拆级","未来计划与目标","更多；更加（表示数量或程度增加）","mer","Jeg vil lese mer. / Du må trene mer.","我想多读一些。 / 你得多锻炼。","https://ordbokene.no/bm/mer","专题整体标 A2–B1，单条尚未分级","专题词条·待拆级复核","","","",""
"Tema: fremtid · 课本专题","motivasjon","en motivasjon","单词","名词","待拆级","未来计划与目标","行动意愿；动力（做某事的意愿）","en motivasjon – motivasjonen – motivasjoner – motivasjonene","Familien gir meg motivasjon. / Mange mangler motivasjon for langvarig skolegang.","家人给我动力。 / 很多人缺乏长期求学的动力。","https://ordbokene.no/bm/motivasjon","专题整体标 A2–B1，单条尚未分级","专题词条·待拆级复核","","","",""
"Tema: fremtid · 课本专题","motivert","motivert","单词","形容词","待拆级","未来计划与目标","有动力的；对……有积极性的（常用 motivert for）","mer motivert – mest motivert","Jeg føler meg mer motivert nå. / Hun er motivert for oppgaven.","我现在感觉更有动力了。 / 她对这项任务很有动力。","https://ordbokene.no/bm/%C3%A5%20motivere","专题整体标 A2–B1，单条尚未分级","专题词条·待拆级复核","","","",""
"Tema: fremtid · 课本专题","neste","neste","单词","限定词/形容词","待拆级","未来计划与目标","下一个；接下来的（按时间或顺序）","neste","Vi reiser neste sommer. / Toget stopper ikke på neste stasjon.","我们明年夏天旅行。 / 火车不会在下一站停车。","https://ordbokene.no/bm/neste","专题整体标 A2–B1，单条尚未分级","专题词条·待拆级复核","","","",""
"Tema: fremtid · 课本专题","nyttår","et nyttår","单词","名词","待拆级","未来计划与目标","新年；岁末年初/新年时段","et nyttår – nyttåret – nyttår – nyttårene","Vi skal feire nyttår med familien. / Han kommer over nyttår.","我们要和家人一起庆祝新年。 / 他过了新年就来。","https://ordbokene.no/bm/nytt%C3%A5r","专题整体标 A2–B1，单条尚未分级","专题词条·待拆级复核","","","",""
"Tema: fremtid · 课本专题","nær","nær","单词","介词","待拆级","未来计划与目标","靠近；距离不远（nær + 地点）","nær","Marta vil bo nær fjell og natur. / Vi bor nær byen.","Marta 想住在靠近山和自然的地方。 / 我们住在城附近。","https://ordbokene.no/nno/bm/n%C3%A6r","专题整体标 A2–B1，单条尚未分级","专题词条·待拆级复核","","","",""
"Tema: fremtid · 课本专题","om","om","单词","介词","待拆级","未来计划与目标","关于；（时间）……后/……时（依时间表达）","om","Vi snakker om framtida. / Vi snakker om framtida.","我们在谈论未来。 / 我们在谈论未来。","https://ordbokene.no/nob/bm/42048","专题整体标 A2–B1，单条尚未分级","专题词条·待拆级复核","","","",""
"Tema: fremtid · 课本专题","om fem år","om fem år","短语","时间短语","待拆级","未来计划与目标","五年后（从现在起计算）","om + 时间段 = ……之后","Hvor bor du om fem år? / Om fem år bor jeg fortsatt i Norge.","五年后你住在哪里？ / 五年后我仍住在挪威。","https://ordbokene.no/nob/bm/42048","专题整体标 A2–B1，单条尚未分级","专题词条·待拆级复核","","","",""
"Tema: fremtid · 课本专题","oppdage","å oppdage","单词","动词","待拆级","未来计划与目标","发现；察觉/注意到；（首次）发现某地或现象","oppdager – oppdaget – har oppdaget","Jeg kommer til å oppdage nye steder. / Plutselig oppdaget han en mann fra hjemstedet.","我会发现一些新地方。 / 他突然发现一个来自家乡的人。","https://ordbokene.no/bm/oppdage","专题整体标 A2–B1，单条尚未分级","专题词条·待拆级复核","","","",""
"Tema: fremtid · 课本专题","opplevelse","en opplevelse","单词","名词","待拆级","未来计划与目标","亲身经历；体验；经历的事情","en opplevelse – opplevelsen – opplevelser – opplevelsene","Reisen blir en fin opplevelse. / Konserten ble en minneverdig opplevelse.","这次旅行会是一次美好的体验。 / 这场音乐会成了一段难忘的经历。","https://ordbokene.no/bm/opplevelse","专题整体标 A2–B1，单条尚未分级","专题词条·待拆级复核","","","",""
"Tema: fremtid · 课本专题","oppnå","å oppnå","单词","动词","待拆级","未来计划与目标","达到；实现","oppnår – oppnådde – har oppnådd","Jeg håper å oppnå målet mitt. / Hun oppnådde et godt resultat.","我希望实现自己的目标。 / 她取得了好成绩。","https://ordbokene.no/bm/oppn%C3%A5","专题整体标 A2–B1，单条尚未分级","专题词条·待拆级复核","","","",""
"Tema: fremtid · 课本专题","plan","en plan","单词","名词","待拆级","未来计划与目标","计划；方案；打算/意图（依语境）","en plan – planen – planer – planene","Vi har en plan for neste år. / Hvilke planer har du for framtiden?","我们对明年有一个计划。 / 你对未来有什么计划？","https://ordbokene.no/bm/plan","专题整体标 A2–B1，单条尚未分级","专题词条·待拆级复核","","","",""
"Tema: fremtid · 课本专题","positiv","positiv","单词","形容词","待拆级","未来计划与目标","积极的；正面的；（检测结果）阳性的（依语境）","mer positiv – mest positiv","Jeg prøver å være mer positiv. / Hun har en positiv innstilling.","我努力让自己更积极。 / 她抱着积极的态度。","https://ordbokene.no/bm/positiv","专题整体标 A2–B1，单条尚未分级","专题词条·待拆级复核","","","",""
"Tema: fremtid · 课本专题","prioritere","å prioritere","单词","动词","待拆级","未来计划与目标","优先考虑；优先处理；按优先级排列","prioriterer – prioriterte – har prioritert","Jeg vil prioritere helsa mi. / Denne saken bør prioriteres.","我想把健康放在优先位置。 / 这件事应该优先处理。","https://ordbokene.no/bm/46226","专题整体标 A2–B1，单条尚未分级","专题词条·待拆级复核","","","",""
"Tema: fremtid · 课本专题","reise","ei reise","单词","名词","待拆级","未来计划与目标","一次旅行；旅程（名词；动词 å reise 表示旅行/出行）","en/ei reise – reisen/reisa – reiser – reisene","Jeg skal planlegge ei reise. / Jeg drar på en reise til Paris.","我打算计划一次旅行。 / 我要去巴黎旅行。","https://ordbokene.no/bm/reise","专题整体标 A2–B1，单条尚未分级","专题词条·待拆级复核","","","",""
"Tema: fremtid · 课本专题","rolig","rolig","单词","形容词","待拆级","未来计划与目标","平静的；安静的；从容的（依语境）","roligere – roligst","Det blir roligere etter ferien. / Sjøen var rolig.","假期后会安静一些。 / 海面很平静。","https://ordbokene.no/bm/rolig","专题整体标 A2–B1，单条尚未分级","专题词条·待拆级复核","","","",""
"Tema: fremtid · 课本专题","rutine","en rutine","单词","名词","待拆级","未来计划与目标","日常习惯；固定程序；熟练经验（依语境）","en rutine – rutinen – rutiner – rutinene","Jeg skal lage en ny rutine. / Hun hadde en fast rutine hver morgen.","我打算建立一个新的日常习惯。 / 她每天早上都有固定的习惯。","https://ordbokene.no/nob/bm/rutine","专题整体标 A2–B1，单条尚未分级","专题词条·待拆级复核","","","",""
"Tema: fremtid · 课本专题","se for seg","å se for seg","短语","动词短语","待拆级","未来计划与目标","想象；设想（在脑中形成画面或情景）","ser for seg – så for seg – har sett for seg","Jeg ser for meg en roligere hverdag. / De ser for seg en sydhavsøy.","我想象一种更平静的日常生活。 / 他们想象着一座南太平洋岛屿。","https://ordbokene.no/nob/bm/se%20for%20seg","专题整体标 A2–B1，单条尚未分级","专题词条·待拆级复核","","","",""
"Tema: fremtid · 课本专题","skape","å skape","单词","动词","待拆级","未来计划与目标","创造；产生；造成（依语境）","skaper – skapte – har skapt","Vi kan skape en god rutine. / Vi vil skape noe nytt.","我们可以建立一个好习惯。 / 我们想创造一些新事物。","https://ordbokene.no/nob/bm/skape","专题整体标 A2–B1，单条尚未分级","专题词条·待拆级复核","","","",""
"Tema: fremtid · 课本专题","spare","å spare","单词","动词","待拆级","未来计划与目标","存钱；节省","sparer – sparte – har spart","Jeg vil spare mer penger. / Du sparer penger på å handle der.","我想多存一些钱。 / 在那儿购物能省钱。","https://ordbokene.no/bm/spare","专题整体标 A2–B1，单条尚未分级","专题词条·待拆级复核","","","",""
"Tema: fremtid · 课本专题","suksess","en suksess","单词","名词","待拆级","未来计划与目标","成功；顺利的结果","en suksess – suksessen – suksesser – suksessene","Små steg kan føre til suksess. / Boka ble en suksess.","小小的进步也能带来成功。 / 这本书大获成功。","https://ordbokene.no/bm/suksess","专题整体标 A2–B1，单条尚未分级","专题词条·待拆级复核","","","",""
"Tema: fremtid · 课本专题","sunn","sunn","单词","形容词","待拆级","未来计划与目标","健康的；有益健康的；明智/稳健的（依语境）","sunnere – sunnest","Jeg vil spise sunnere. / Mosjon og rikelig med søvn er sunt.","我想吃得更健康。 / 锻炼和充足的睡眠有益健康。","https://ordbokene.no/bm/sunn","专题整体标 A2–B1，单条尚未分级","专题词条·待拆级复核","","","",""
"Tema: fremtid · 课本专题","trene","å trene","单词","动词","待拆级","未来计划与目标","锻炼；训练；训练/执教某人（依结构）","trener – trente – har trent","Jeg skal trene tre ganger i uka. / Hun trener for å ta vare på kroppen.","我每周要锻炼三次。 / 她锻炼是为了保持身体健康。","https://ordbokene.no/bm/TRENE","专题整体标 A2–B1，单条尚未分级","专题词条·待拆级复核","","","",""
"Tema: fremtid · 课本专题","tålmodig","tålmodig","单词","形容词","待拆级","未来计划与目标","有耐心的；能等待或忍耐的","mer tålmodig – mest tålmodig","Jeg skal være tålmodig og øve litt hver dag. / Han var tålmodig med barna.","我会耐心一些，每天练习一点。 / 他对孩子们很有耐心。","https://ordbokene.no/bm/t%C3%A5lmodig","专题整体标 A2–B1，单条尚未分级","专题词条·待拆级复核","","","",""
"Tema: fremtid · 课本专题","utvikling","en utvikling","单词","名词","待拆级","未来计划与目标","发展；变化过程；（论述）展开/说明（依语境）","en/ei utvikling – utviklingen/utviklinga – utviklinger – utviklingene","Jeg ser en positiv utvikling. / En ny metode er under utvikling.","我看到了积极的发展趋势。 / 一种新方法正在研发中。","https://ordbokene.no/bm/utvikling","专题整体标 A2–B1，单条尚未分级","专题词条·待拆级复核","","","",""
"Tema: fremtid · 课本专题","valg","et valg","单词","名词","待拆级","未来计划与目标","选择；（政治）选举/投票","et valg – valget – valg – valgene","Det er et viktig valg. / Jeg står foran et vanskelig valg.","这是一个重要的选择。 / 我正面临一个艰难的选择。","https://ordbokene.no/bm/valg","专题整体标 A2–B1，单条尚未分级","专题词条·待拆级复核","","","",""
"Tema: fremtid · 课本专题","vennskap","et vennskap","单词","名词","待拆级","未来计划与目标","友谊；朋友间的良好关系","et vennskap – vennskapet – vennskap – vennskapene","Et godt vennskap betyr mye. / Det er godt vennskap mellom dem.","一段美好的友谊很重要。 / 他们之间有着良好的友谊。","https://ordbokene.no/bm/vennskap","专题整体标 A2–B1，单条尚未分级","专题词条·待拆级复核","","","",""
