"lemma","originalCandidate","pos","candidateLevel","article","sourceCourses","courseUnits","firstChapter","sourceInflections","officialForms","officialPOS","officialHeadwordFound","zh","exampleNb","exampleZh","resolution"
"bil","bil","名词","A1","en","NTNU LearnNoW; NTNU NoW1; NorweigenLearn 当前词库","01P; 03B","1","bilen, biler, bilene / en bil · bilen · biler · bilene","bil · bilen · bilene · biler","NOUN","True","汽车","Vi kjører bil til byen.","我们开车去城里。","Ordbank 词头匹配"
"bli","bli","动词","A1","å","NTNU LearnNoW; NTNU NoW1; NorweigenLearn 当前词库","01P; 03D","1","bli – blir – ble – blitt / blir, ble, har blitt","ble · blei · bleiv · blev · bli · blir · blis · blitt · blitte · blivende","VERB","True","变成、成为","Jeg blir bedre.","","Ordbank 词头匹配"
"bo","bo","动词","A1","å","NTNU LearnNoW; NTNU NoW1; NorweigenLearn 当前词库","01K; 02A; 03A","1","bo – bor – bodde – bodd / bor, bodde, har bodd","bo · boa · bodd · bodde · boende · boene · boet · bor · bos","VERB","True","居住","Jeg bor i Norge.","","Ordbank 词头匹配"
"by","by","名词","A1","en","NTNU LearnNoW; NTNU NoW1; NorweigenLearn 当前词库","01M; 06A","1","byen, byer, byene / en by · byen · byer · byene","bød · bøy · budt · budte · by · bydd · bydde · byen · byende · byene · byer · byr · bys","NOUN","True","城市","Oslo er en stor by.","奥斯陆是一座大城市。","Ordbank 词头匹配"
"dag","dag","名词","A1","en","NTNU LearnNoW; NTNU NoW1; NorweigenLearn 当前词库","01B; 01M","1","dagen, dager, dagene / en dag · dagen · dager · dagene","dag · dagen · dagene · dager","NOUN","True","天","Hver dag lærer jeg litt norsk.","每天我学一点挪威语。","Ordbank 词头匹配"
"familie","familie","名词","A1","en","NTNU LearnNoW; NTNU NoW1; NorweigenLearn 当前词库","01K; 03B","1","en familie · familien · familier · familiene / familien, familier, familiene","familie · familien · familiene · familier","NOUN","True","家庭","Familien min bor i Norge.","我的家人住在挪威。","Ordbank 词头匹配"
"gjøre","gjøre","动词","A1","å","NTNU LearnNoW; NTNU NoW1; NorweigenLearn 当前词库","01A; 03A; 07D; 08C; 11D","1","gjør, gjorde, har gjort / gjøre – gjør – gjorde – gjort / gjøre, gjør, har gjort","gjør · gjorde · gjøre · gjørende · gjøres · gjort · gjorte","VERB","True","做","Jeg gjør en innsats.","","Ordbank 词头匹配"
"ha","ha","动词","A1","å","NTNU LearnNoW; NTNU NoW1; NorweigenLearn 当前词库","01K; 02B; 07B","1","ha – har – hadde – hatt / har, hadde, har hatt","ha · hadde · haende · har · has · hatt","VERB","True","有","Jeg har tid.","","Ordbank 词头匹配"
"jente","jente","名词","A1","ei","NTNU LearnNoW; NTNU NoW1; NorweigenLearn 当前词库","01K; 02B","1","ei jente · jenta · jenter · jentene / jenta, jenter, jentene","jenta · jente · jenten · jentene · jenter","NOUN","True","女孩；年轻女性","Jenta går på skolen. / Det står to jenter utenfor.","这个女孩去上学。 / 外面站着两个女孩。","Ordbank 词头匹配"
"jobbe","jobbe","动词","A1","å","NTNU LearnNoW; NTNU NoW1; NorweigenLearn 当前词库","01A; 03A","1","jobbe – jobber – jobbet – jobbet / jobber, jobbet, har jobbet","jobb · jobba · jobbe · jobbede · jobbende · jobber · jobbes · jobbet · jobbete","VERB","True","工作","Jeg jobber i Oslo.","","Ordbank 词头匹配"
"komme","komme","动词","A1","å","NTNU LearnNoW; NTNU NoW1; NorweigenLearn 当前词库","01D; 01K; 02A; 07B","1","komme – kommer – kom – kommet / kommer, kom, har kommet","kom · komma · komme · kommen · kommende · kommene · kommer · kommes · kommet · komne","VERB","True","来","Jeg kommer snart.","","Ordbank 词头匹配"
"være","være","动词","A1","å","NTNU LearnNoW; NorweigenLearn 当前词库","01C; 02B; 07B; 08A","1","er, var, har vært / være – er – var – vært","er · vær · væra · være · værede · værende · værer · væres · været · værete · vært · var","VERB","True","是、处于","Jeg er hjemme.","","Ordbank 词头匹配"
"betale","betale","动词","A1","å","NTNU LearnNoW; NTNU NoW1; NorweigenLearn 当前词库","02K; 05C","2","betale – betaler – betalte – betalt / betaler, betalte, har betalt","betal · betale · betalende · betaler · betales · betalt · betalte","VERB","True","支付","Jeg betaler regningen.","","Ordbank 词头匹配"
"billett","billett","名词","A1","en","NTNU LearnNoW; NTNU NoW1; NorweigenLearn 当前词库","02M; 11D","2","billetten, billetter, billettene / en billett · billetten · billetter · billettene","billett · billetten · billettene · billetter","NOUN","True","票","Jeg kjøper en billett.","我买一张票。","Ordbank 词头匹配"
"buss","buss","名词","A1","en","NTNU LearnNoW; NTNU NoW1; NorweigenLearn 当前词库","02A; 09A","2","bussen, busser, bussene / en buss · bussen · busser · bussene","buss · bussen · bussene · busser","NOUN","True","公交车","Jeg tar bussen til jobb.","我坐公交去上班。","Ordbank 词头匹配"
"drikke","drikke","动词","A1","å","NTNU LearnNoW; NTNU NoW1; NorweigenLearn 当前词库","02P; 04A","2","drikke – drikker – drakk – drukket / drikker, drakk, har drukket","drakk · drikk · drikka · drikke · drikken · drikkende · drikkene · drikker · drikkes · drikket · drukken · drukket · drukne","VERB","True","喝","Jeg drikker kaffe.","","Ordbank 词头匹配"
"få","få","动词","A1","å","NTNU LearnNoW; NTNU NoW1; NorweigenLearn 当前词库","02M; 04C; 08A","2","få – får – fikk – fått / får, fikk, har fått","få · fående · får · fås · fått · fåtte · fikk","VERB","True","得到；有孩子","Jeg får hjelp.","","Ordbank 词头匹配"
"finne","finne","动词","A1","å","NTNU LearnNoW; NTNU NoW1; NorweigenLearn 当前词库","02M; 03A; 09A; 12D","2","finne – finner – fant – funnet / finner, fant, har funnet","fant · finn · finne · finnen · finnende · finnene · finner · finnes · funne · funnen · funnet","VERB","True","找到","Jeg finner en løsning.","","Ordbank 词头匹配"
"gå","gå","动词","A1","å","NTNU LearnNoW; NTNU NoW1; NorweigenLearn 当前词库","02A; 02D; 07B; 08A","2","gå – går – gikk – gått / går, gikk, har gått","gå · gående · går · gås · gått · gåtte · gikk","VERB","True","走、去","Jeg går til jobben.","","Ordbank 词头匹配"
"gutt","gutt","名词","A1","en","NTNU LearnNoW; NTNU NoW1; NorweigenLearn 当前词库","02B; 06A","2","en gutt · gutten · gutter · guttene / gutten, gutter, guttene","gutt · gutten · guttene · gutter","NOUN","True","男孩","Gutten leker i hagen. / To gutter venter på bussen.","男孩在花园里玩。 / 两个男孩在等公交车。","Ordbank 词头匹配"
"hjelpe","hjelpe","动词","A1","å","NTNU LearnNoW; NTNU NoW1; NorweigenLearn 当前词库","02A; 03B","2","hjelpe – hjelper – hjalp – hjulpet / hjelper, hjalp, har hjulpet","hjalp · hjelp · hjelpe · hjelpende · hjelper · hjelpes · hjulpen · hjulpet · hjulpne","VERB","True","帮助","Jeg hjelper meg.","","Ordbank 词头匹配"
"hjem","hjem","名词","A1","et","NTNU LearnNoW; NTNU NoW1; NorweigenLearn 当前词库","02D; 07B","2","et hjem · hjemmet · hjem · hjemmene / hjemmet, hjem, hjemmene","hjem · hjemma · hjemmene · hjemmet","NOUN","True","家","Jeg går hjem etter jobb.","下班后我回家。","Ordbank 词头匹配"
"kaffe","kaffe","名词","A1","en","NTNU LearnNoW; NTNU NoW1; NorweigenLearn 当前词库","02P; 04A","2","en kaffe · kaffen · kaffer · kaffene / kaffen, kaffer, kaffene","kaffe · kaffen · kaffene · kaffer","NOUN","True","咖啡","Vil du ha en kopp kaffe?","你想喝一杯咖啡吗？","Ordbank 词头匹配"
"kjøpe","kjøpe","动词","A1","å","NTNU LearnNoW; NTNU NoW1; NorweigenLearn 当前词库","02P; 03C","2","kjøpe – kjøper – kjøpte – kjøpt / kjøper, kjøpte, har kjøpt","kjøp · kjøpe · kjøpende · kjøper · kjøpes · kjøpt · kjøpte","VERB","True","买","Jeg kjøper mat.","","Ordbank 词头匹配"
"kjøre","kjøre","动词","A1","å","NTNU LearnNoW; NTNU NoW1; NorweigenLearn 当前词库","02D; 02K","2","kjøre – kjører – kjørte – kjørt / kjører, kjørte, har kjørt","kjør · kjøre · kjørende · kjører · kjøres · kjørt · kjørte","VERB","True","开车","Jeg kjører til Oslo.","","Ordbank 词头匹配"
"kopp","kopp","名词","A1","en","NTNU LearnNoW; NTNU NoW1; NorweigenLearn 当前词库","02P; 05A","2","en kopp · koppen · kopper · koppene / koppen, kopper, koppene","kopp · koppen · koppene · kopper","NOUN","True","杯子；一杯","Vil du ha en kopp te? / Koppene står i skapet.","你想喝一杯茶吗？ / 杯子在柜子里。","Ordbank 词头匹配"
"år","år","名词","A1","et","NTNU LearnNoW; NorweigenLearn 当前词库","02A","2","året, år, årene / et år · året · år · årene","år · åra · årene · året","NOUN","True","年","Jeg har bodd her i fem år.","我在这里住了五年。","Ordbank 词头匹配"
"gammel","gammel","形容词","A1","","NTNU LearnNoW; NorweigenLearn 当前词库","02A","2","gammel · gammelt · gamle · eldre · eldst / gammelt, gamle","eldre · eldst · eldste · gamle · gammel · gammelt","ADJ","True","旧的；年老的","Jeg bor i et gammelt hus. / Han er eldre enn broren sin.","我住在一栋老房子里。 / 他比自己的兄弟年长。","Ordbank 词头匹配"
"mann","mann","名词","A1","en","NTNU LearnNoW; NorweigenLearn 当前词库","02C","2","en mann · mannen · menn · mennene / mannen, menn, mennene","mann · mannen · menn · mennene","NOUN","True","男人；丈夫","En mann venter på bussen.","一个男人在等公交车。","Ordbank 词头匹配"
"reise","reise","动词","A1","å","NTNU LearnNoW; NorweigenLearn 当前词库","02A","2","reise – reiser – reiste – reist / reiser, reiste, har reist","reis · reisa · reise · reisen · reisende · reisene · reiser · reises · reist · reiste","VERB","True","旅行、出行","Jeg reiser til Sverige.","","Ordbank 词头匹配"
"sammen","sammen","副词","A1","","NTNU LearnNoW; NorweigenLearn 当前词库","02A","2","sammen","sammen","ADV","True","一起；共同","Vi spiser middag sammen. / Hun bor sammen med familien sin.","我们一起吃晚饭。 / 她和家人住在一起。","Ordbank 词头匹配"
"se","se","动词","A1","å","NTNU LearnNoW; NorweigenLearn 当前词库","02D; 09B; 12C","2","se – ser – så – sett / ser, så, har sett","så · se · seende · sees · ser · ses · sett · sette","VERB","True","看、看见","Jeg ser filmen.","","Ordbank 词头匹配"
"sitte","sitte","动词","A1","å","NTNU LearnNoW; NorweigenLearn 当前词库","02B; 12C","2","sitte – sitter – satt – sittet / sitter, satt, har sittet","satt · sitne · sitt · sitte · sitten · sittende · sitter · sittes · sittet","VERB","True","坐","Jeg sitter på en kafé.","","Ordbank 词头匹配"
"snakke","snakke","动词","A1","å","NTNU LearnNoW; NorweigenLearn 当前词库","02A; 07D","2","snakke – snakker – snakket – snakket / snakker, snakket, har snakket","snakk · snakka · snakke · snakkede · snakkende · snakker · snakkes · snakket · snakkete","VERB","True","说话、交谈","Jeg snakker med naboen.","","Ordbank 词头匹配"
"stå","stå","动词","A1","å","NTNU LearnNoW; NorweigenLearn 当前词库","02D","2","stå – står – sto – stått / står, sto, har stått","stå · ståen · stående · ståene · ståer · står · stås · stått · ståtte · sto · stod","VERB","True","站；放置","Jeg står utenfor.","","Ordbank 词头匹配"
"ta","ta","动词","A1","å","NTNU LearnNoW; NorweigenLearn 当前词库","02D; 10C","2","ta – tar – tok – tatt / tar, tok, har tatt","ta · takende · tar · tas · tatt · tatte · tok","VERB","True","拿；乘坐","Jeg tar bussen.","","Ordbank 词头匹配"
"trøtt","trøtt","形容词","A1","","NTNU LearnNoW; NorweigenLearn 当前词库","02D","2","trøtt · trøtt · trøtte · trøttere · trøttest / trøtt, trøtte","trøtt · trøtte · trøttere · trøttest · trøtteste","ADJ","True","累的；困倦的","Jeg er trøtt etter jobb. / Barna er trøtte i kveld.","我下班后很累。 / 孩子们今晚很困。","Ordbank 词头匹配"
"vente","vente","动词","A1","å","NTNU LearnNoW; NorweigenLearn 当前词库","02A","2","vente – venter – ventet – ventet / venter, ventet, har ventet","vent · venta · vente · ventede · ventende · venter · ventes · ventet · ventete","VERB","True","等待","Jeg venter på bussen.","","Ordbank 词头匹配"
"bad","bad","名词","A1","et","NTNU LearnNoW; NTNU NoW1; NorweigenLearn 当前词库","03C; 03P","3","badet, bad, badene / et bad · badet · bad · badene","bad · bada · badene · badet","NOUN","True","浴室；洗澡","Badet ligger ved siden av soverommet. / Barnet liker å ta et bad.","浴室在卧室旁边。 / 孩子喜欢洗澡。","Ordbank 词头匹配"
"bord","bord","名词","A1","et","NTNU LearnNoW; NTNU NoW1; NorweigenLearn 当前词库","03A; 03K","3","bordet, bord, bordene / et bord · bordet · bord · bordene","bord · borda · borden · bordene · border · bordet","NOUN","True","桌子","Boka ligger på bordet.","书在桌子上。","Ordbank 词头匹配"
"brød","brød","名词","A1","et","NTNU LearnNoW; NTNU NoW1; NorweigenLearn 当前词库","03P; 05A","3","brødet, brød, brødene / et brød · brødet · brød · brødene","brød · brøda · brødene · brødet","NOUN","True","面包","Jeg kjøper brød på butikken.","我在商店买面包。","Ordbank 词头匹配"
"dør","dør","名词","A1","ei","NTNU LearnNoW; NTNU NoW1; NorweigenLearn 当前词库","03A; 03D","3","døra, dører, dørene / ei dør · døra · dører · dørene","dør · døra · døren · dørene · dører","NOUN","True","门","Lukk døra, takk.","请把门关上。","Ordbank 词头匹配"
"far","far","名词","A1","en","NTNU LearnNoW; NTNU NoW1; NorweigenLearn 当前词库","03A; 10B","3","en far · faren · fedre · fedrene / faren, fedre, fedrene","far · fara · faren · farene · faret · fedre · fedrene","NOUN","True","爸爸","Faren min jobber i Oslo.","我爸爸在奥斯陆工作。","Ordbank 词头匹配"
"frokost","frokost","名词","A1","en","NTNU LearnNoW; NTNU NoW1; NorweigenLearn 当前词库","03A; 03P","3","en frokost · frokosten · frokoster · frokostene / frokosten, frokoster, frokostene","frokost · frokosten · frokostene · frokoster","NOUN","True","早餐","Vi spiser frokost klokka sju.","我们七点吃早餐。","Ordbank 词头匹配"
"hus","hus","名词","A1","et","NTNU LearnNoW; NTNU NoW1; NorweigenLearn 当前词库","03B; 06M","3","et hus · huset · hus · husene / huset, hus, husene","hus · husa · husene · huset","NOUN","True","房子","De bor i et stort hus.","他们住在一栋大房子里。","Ordbank 词头匹配"
"jakke","jakke","名词","A1","ei","NTNU LearnNoW; NTNU NoW1; NorweigenLearn 当前词库","03D; 04A","3","ei jakke · jakka · jakker · jakkene / jakka, jakker, jakkene","jakka · jakke · jakken · jakkene · jakker","NOUN","True","外套；夹克","Ta på deg jakka, det er kaldt ute. / Jeg trenger ei varm jakke.","穿上外套，外面很冷。 / 我需要一件暖和的外套。","Ordbank 词头匹配"
"kjøkken","kjøkken","名词","A1","et","NTNU LearnNoW; NTNU NoW1; NorweigenLearn 当前词库","03A; 03C","3","et kjøkken · kjøkkenet · kjøkken · kjøkkenene / kjøkkenet, kjøkken, kjøkkenene","kjøkken · kjøkkena · kjøkkenene · kjøkkener · kjøkkenet","NOUN","True","厨房","Kjøkkenet er lite.","厨房很小。","Ordbank 词头匹配"
"kjøleskap","kjøleskap","名词","A1","et","NTNU LearnNoW; NTNU NoW1; NorweigenLearn 当前词库","03C; 03P","3","et kjøleskap · kjøleskapet · kjøleskap · kjøleskapene / kjøleskapet, kjøleskap, kjøleskapene","kjøleskap · kjøleskapa · kjøleskapene · kjøleskapet","NOUN","True","冰箱","Melka står i kjøleskapet. / Vi trenger et nytt kjøleskap.","牛奶在冰箱里。 / 我们需要一台新冰箱。","Ordbank 词头匹配"
"kveld","kveld","名词","A1","en","NTNU LearnNoW; NorweigenLearn 当前词库","03D","3","en kveld · kvelden · kvelder · kveldene / kvelden, kvelder, kveldene","kveld · kvelden · kveldene · kvelder","NOUN","True","晚上","Vi leser om kvelden.","我们晚上读书。","Ordbank 词头匹配"
"leilighet","leilighet","名词","A1","en","NTNU LearnNoW; NorweigenLearn 当前词库","03C","3","en leilighet · leiligheten · leiligheter · leilighetene / leiligheten, leiligheter, leilighetene","leilighet · leiligheta · leiligheten · leilighetene · leiligheter","NOUN","True","公寓","Vi har ei lita leilighet.","我们有一套小公寓。","Ordbank 词头匹配"
"ligge","ligge","动词","A1","å","NTNU LearnNoW; NorweigenLearn 当前词库","03A","3","ligge – ligger – lå – ligget / ligger, lå, har ligget","lå · ligg · ligge · liggen · liggende · ligger · ligges · ligget · ligne","VERB","True","躺；位于","Jeg ligger i Norge.","","Ordbank 词头匹配"
"like","like","动词","A1","å","NTNU LearnNoW; NorweigenLearn 当前词库","03C","3","like – liker – likte – likt / liker, likte, har likt","lik · like · liken · likende · likene · liker · likes · likt · likte","VERB","True","喜欢","Jeg liker å lære norsk.","","Ordbank 词头匹配"
"morgen","morgen","名词","A1","en","NTNU LearnNoW; NorweigenLearn 当前词库","03A","3","en morgen · morgenen · morgener · morgenene / morgenen, morgener, morgenene","morgen · morgenen · morgenene · morgener · morgnene · morgner","NOUN","True","早晨","Om morgenen drikker jeg kaffe.","早晨我喝咖啡。","Ordbank 词头匹配"
"møte","møte","动词","A1","å","NTNU LearnNoW; NorweigenLearn 当前词库","03B","3","møte – møter – møtte – møtt / møter, møtte, har møtt","møt · møta · møte · møtende · møtene · møter · møtes · møtet · møtt · møtte","VERB","True","遇见、会见","Jeg møter læreren.","","Ordbank 词头匹配"
"nabo","nabo","名词","A1","en","NTNU LearnNoW; NorweigenLearn 当前词库","03B","3","en nabo · naboen · naboer · naboene / naboen, naboer, naboene","nabo · naboen · naboene · naboer","NOUN","True","邻居","Jeg snakker norsk med naboen. / Naboene våre er hyggelige.","我和邻居说挪威语。 / 我们的邻居们很友好。","Ordbank 词头匹配"
"rom","rom","名词","A1","et","NTNU LearnNoW; NorweigenLearn 当前词库","03D","3","et rom · rommet · rom · rommene / rommet, rom, rommene","rom · romen · romene · romer · romma · romme · rommen · rommene · rommer · rommere · rommest · rommeste · rommet · romt","NOUN","True","房间","Barnet er på rommet sitt.","孩子在自己的房间里。","Ordbank 词头匹配"
"seng","seng","名词","A1","ei","NTNU LearnNoW; NorweigenLearn 当前词库","03D","3","ei seng · senga · senger · sengene / senga, senger, sengene","seng · senga · sengen · sengene · senger","NOUN","True","床","Senga står på soverommet.","床在卧室里。","Ordbank 词头匹配"
"sko","sko","名词","A1","en","NTNU LearnNoW; NorweigenLearn 当前词库","03D","3","en sko · skoen · sko · skoene / skoen, sko, skoene","sko · skoa · skodd · skodde · skoen · skoende · skoene · skor · skos","NOUN","True","鞋；一只鞋","Hvor er skoene mine? / Han har kjøpt nye sko.","我的鞋在哪里？ / 他买了新鞋。","Ordbank 词头匹配"
"spise","spise","动词","A1","å","NTNU LearnNoW; NorweigenLearn 当前词库","03A; 07A","3","spise – spiser – spiste – spist / spiser, spiste, har spist","spis · spise · spisen · spisende · spisene · spiser · spises · spist · spiste","VERB","True","吃","Jeg spiser frokost.","","Ordbank 词头匹配"
"spørre","spørre","动词","A1","å","NTNU LearnNoW; NorweigenLearn 当前词库","03C; 07D; 08D","3","spør, spurte, har spurt / spørre – spør – spurte – spurt","spør · spørre · spørrende · spørres · spurt · spurte","VERB","True","问","Jeg spør læreren.","","Ordbank 词头匹配"
"stol","stol","名词","A1","en","NTNU LearnNoW; NorweigenLearn 当前词库","03B","3","en stol · stolen · stoler · stolene / stolen, stoler, stolene","stol · stolen · stolene · stoler","NOUN","True","椅子","Jeg sitter på en stol.","我坐在椅子上。","Ordbank 词头匹配"
"stor","stor","形容词","A1","","NTNU LearnNoW; NorweigenLearn 当前词库","03C","3","stor · stort · store · større · størst / stort, store","stor · store · større · størst · største · stort","ADJ","True","大；大的","De bor i et stort hus. / Denne bilen er større enn den gamle.","他们住在一栋大房子里。 / 这辆车比那辆旧车大。","Ordbank 词头匹配"
"telefon","telefon","名词","A1","en","NTNU LearnNoW; NorweigenLearn 当前词库","03C","3","en telefon · telefonen · telefoner · telefonene / telefonen, telefoner, telefonene","telefon · telefonen · telefonene · telefoner","NOUN","True","电话；手机","Telefonen min ligger på kjøkkenet. / Jeg ringer deg senere.","我的手机在厨房。 / 我晚些时候给你打电话。","Ordbank 词头匹配"
"vaske","vaske","动词","A1","å","NTNU LearnNoW; NorweigenLearn 当前词库","03C","3","vaske – vasker – vasket – vasket / vasker, vasket, har vasket","vask · vaska · vaske · vaskede · vaskende · vasker · vaskes · vasket · vaskete","VERB","True","洗、清洁","Jeg vasker klær.","","Ordbank 词头匹配"
"venn","venn","名词","A1","en","NTNU LearnNoW; NorweigenLearn 当前词库","03A","3","en venn · vennen · venner · vennene / vennen, venner, vennene","venn · vennen · vennene · venner","NOUN","True","朋友","Jeg snakker med en venn.","我和一个朋友聊天。","Ordbank 词头匹配"
"vindu","vindu","名词","A1","et","NTNU LearnNoW; NorweigenLearn 当前词库","03D","3","et vindu · vinduet · vinduer · vinduene / vinduet, vinduer, vinduene","vindu · vindua · vinduene · vinduer · vinduet","NOUN","True","窗户","Kan du åpne vinduet? / Leiligheten har store vinduer.","你能把窗户打开吗？ / 公寓有大窗户。","Ordbank 词头匹配"
"barn","barn","名词","A1","et","NTNU LearnNoW; NTNU NoW1; NorweigenLearn 当前词库","04B; 07A","4","barnet, barn, barna / et barn · barnet · barn · barna","barn · barna · barnene · barnet","NOUN","True","孩子","Barnet leser en bok.","孩子在读一本书。","Ordbank 词头匹配"
"begynne","begynne","动词","A1","å","NTNU LearnNoW; NTNU NoW1; NorweigenLearn 当前词库","04A; 04M","4","begynne – begynner – begynte – begynt / begynner, begynte, har begynt","begynn · begynne · begynnende · begynner · begynnes · begynt · begynte","VERB","True","开始","Jeg begynner å jobbe.","","Ordbank 词头匹配"
"butikk","butikk","名词","A1","en","NTNU LearnNoW; NTNU NoW1; NorweigenLearn 当前词库","04A","4","butikken, butikker, butikkene / en butikk · butikken · butikker · butikkene","butikk · butikken · butikkene · butikker","NOUN","True","商店","Jeg går til butikken.","我去商店。","Ordbank 词头匹配"
"eple","eple","名词","A1","et","NTNU LearnNoW; NTNU NoW1; NorweigenLearn 当前词库","04K; 05B","4","eplet, epler, eplene / et eple · eplet · epler · eplene","epla · eple · eplene · epler · eplet","NOUN","True","苹果","Barnet spiser et eple. / Eplene ligger i kjøleskapet.","孩子在吃一个苹果。 / 苹果在冰箱里。","Ordbank 词头匹配"
"forelder","forelder","名词","A1","en","NTNU LearnNoW; NTNU NoW1; NorweigenLearn 当前词库","04D; 07A","4","en forelder · forelderen · foreldre · foreldrene / forelderen, foreldre, foreldrene","forelder · forelderen · foreldra · foreldre · foreldrene","NOUN","True","父亲或母亲；家长","En forelder må signere skjemaet. / Foreldrene mine bor i Norge.","一位家长必须在表格上签字。 / 我的父母住在挪威。","Ordbank 词头匹配"
"fortelle","fortelle","动词","A1","å","NTNU LearnNoW; NTNU NoW1; NorweigenLearn 当前词库","04P; 07B","4","fortelle – forteller – fortalte – fortalt / forteller, fortalte, har fortalt","fortalt · fortalte · fortell · fortelle · fortellende · forteller · fortelles","VERB","True","告诉、讲述","Jeg forteller meg det.","","Ordbank 词头匹配"
"jobb","jobb","名词","A1","en","NTNU LearnNoW; NorweigenLearn 当前词库","04B","4","en jobb · jobben · jobber · jobbene / jobben, jobber, jobbene","jobb · jobben · jobbene · jobber","NOUN","True","工作","Jeg går på jobb om morgenen.","我早上去上班。","Ordbank 词头匹配"
"lære","lære","动词","A1","å","NTNU LearnNoW; NorweigenLearn 当前词库","04D","4","lære – lærer – lærte – lært / lærer, lærte, har lært","lær · læra · lære · læren · lærende · lærene · lærer · læres · læret · lært · lærte","VERB","True","学习","Jeg lærer norsk.","","Ordbank 词头匹配"
"lage","lage","动词","A1","å","NTNU LearnNoW; NorweigenLearn 当前词库","04B","4","lage – lager – laget – laget / lager, lagde, har lagd","lag · laga · lagd · lagde · lage · lagede · lagende · lager · lages · laget · lagete","VERB","True","做、制作","Jeg lager middag.","","Ordbank 词头匹配"
"legge","legge","动词","A1","å","NTNU LearnNoW; NorweigenLearn 当前词库","04D; 10A","4","legge – legger – la – lagt / legger, la, har lagt","la · lagt · lagte · legg · legge · leggende · legger · legges","VERB","True","放下；躺下","Jeg legger seg ned.","","Ordbank 词头匹配"
"mor","mor","名词","A1","ei","NTNU LearnNoW; NorweigenLearn 当前词库","04C","4","ei mor · mora · mødre · mødrene / mora, mødre, mødrene","mødre · mødrene · mødrer · mor · mora · moren","NOUN","True","妈妈","Mora mi lager middag.","我妈妈做晚饭。","Ordbank 词头匹配"
"vei","vei","名词","A1","en","NTNU LearnNoW; NorweigenLearn 当前词库","04C","4","en vei · veien · veier · veiene / veien, veier, veiene","vei · veien · veiene · veier","NOUN","True","道路；路；方式","Vi er på vei til legen. / Denne veien går til sentrum.","我们正在去医生那里的路上。 / 这条路通往市中心。","Ordbank 词头匹配"
"glemme","glemme","动词","A1","å","NTNU LearnNoW; NTNU NoW1; NorweigenLearn 当前词库","05M; 08D","5","glemme – glemmer – glemte – glemt / glemmer, glemte, har glemt","glem · glemme · glemmende · glemmer · glemmes · glemt · glemte","VERB","True","忘记","Jeg glemmer nøklene.","","Ordbank 词头匹配"
"alltid","alltid","副词","A1","","NTNU LearnNoW; NorweigenLearn 当前词库","05B","5","alltid","alltid","ADV","True","总是；一直","Jeg drikker alltid kaffe om morgenen. / Hun er alltid presis.","我早上总是喝咖啡。 / 她总是很准时。","Ordbank 词头匹配"
"himmel","himmel","名词","A1","en","NTNU LearnNoW; NorweigenLearn 当前词库","05B","5","en himmel · himmelen · himler · himlene / himmelen, himler, himlene","himlene · himler · himmel · himmelen","NOUN","True","天空；天；（宗教语境）天堂","Himmelen er blå i dag. / Det er en sky på himmelen.","今天天空很蓝。 / 天空中有一朵云。","Ordbank 词头匹配"
"lunsj","lunsj","名词","A1","en","NTNU LearnNoW; NorweigenLearn 当前词库","05B","5","en lunsj · lunsjen · lunsjer · lunsjene / lunsjen, lunsjer, lunsjene","lunsj · lunsjen · lunsjene · lunsjer","NOUN","True","午餐","Vi spiser lunsj klokka tolv. / Lunsjen i dag var god.","我们十二点吃午饭。 / 今天的午餐很好吃。","Ordbank 词头匹配"
"mat","mat","名词","A1","","NTNU LearnNoW; NorweigenLearn 当前词库","05A","5","mat · maten · — · — / maten (uncountable)","mat · maten · matene · mater","NOUN","True","食物","Vi lager mat hjemme.","我们在家做饭。","Ordbank 词头匹配"
"melk","melk","名词","A1","","NTNU LearnNoW; NorweigenLearn 当前词库","05A","5","melk · melken · — · — / melken (uncountable)","melk · melka · melken · melkene · melker","NOUN","True","牛奶","Barnet drikker melk.","孩子喝牛奶。","Ordbank 词头匹配"
"ny","ny","形容词","A1","","NTNU LearnNoW; NorweigenLearn 当前词库","05D","5","ny · nytt · nye · nyere · nyest / nytt, nye","ny · nya · nye · nyene · nyer · nyere · nyest · nyeste · nyet · nytt","ADJ","True","新的；刚来的","Hun har fått en ny jobb. / Vi kjøpte et nytt bord.","她找到了一份新工作。 / 我们买了一张新桌子。","Ordbank 词头匹配"
"pose","pose","名词","A1","en","NTNU LearnNoW; NorweigenLearn 当前词库","05C","5","en pose · posen · poser · posene / posen, poser, posene","pos · posa · pose · posede · posen · posende · posene · poser · poses · poset · posete","NOUN","True","袋子；购物袋","Vil du ha en pose? / Jeg legger varene i posen.","你要一个袋子吗？ / 我把商品放进袋子里。","Ordbank 词头匹配"
"prøve","prøve","动词","A1","å","NTNU LearnNoW; NorweigenLearn 当前词库","05D","5","prøve – prøver – prøvde – prøvd / prøver, prøvde, har prøvd","prøv · prøva · prøvd · prøvde · prøve · prøven · prøvende · prøvene · prøver · prøves","VERB","True","尝试","Jeg prøver å snakke norsk.","","Ordbank 词头匹配"
"sette","sette","动词","A1","å","NTNU LearnNoW; NorweigenLearn 当前词库","05D","5","sette – setter – satte – satt / setter, satte, har satt","satt · satte · sett · sette · settende · setter · settes","VERB","True","放置；使坐下","Jeg setter seg ned.","","Ordbank 词头匹配"
"sol","sol","名词","A1","ei","NTNU LearnNoW; NorweigenLearn 当前词库","05B","5","ei sol · sola · soler · solene / sola, soler, solene","sol · sola · solen · solene · soler","NOUN","True","太阳；阳光","Sola skinner i dag. / Vi sitter i sola på terrassen.","今天阳光明媚。 / 我们坐在露台上晒太阳。","Ordbank 词头匹配"
"huske","huske","动词","A1","å","NTNU LearnNoW; NTNU NoW1; NorweigenLearn 当前词库","06A; 11A","6","huske – husker – husket – husket / husker, husket, har husket","husk · huska · huske · huskede · husken · huskende · huskene · husker · huskes · husket · huskete","VERB","True","记得","Jeg husker det.","","Ordbank 词头匹配"
"etterpå","etterpå","副词","A1","","NTNU LearnNoW; NorweigenLearn 当前词库","06A","6","etterpå","etterpå","ADV","True","之后；过一会儿；后来","Vi spiser først, og så går vi en tur etterpå. / Jeg ringer deg etterpå.","我们先吃饭，然后再去散步。 / 我过一会儿给你打电话。","Ordbank 词头匹配"
"glad","glad","形容词","A1","","NTNU LearnNoW; NorweigenLearn 当前词库","06A","6","glad · glad · glade · gladere · gladest / glad, glade","glad · glada · glade · gladene · gladere · gladest · gladeste · gladet","ADJ","True","高兴的；开心的；乐意的","Jeg er glad for at du kan komme. / Barna er glade i besteforeldrene sine.","我很高兴你能来。 / 孩子们喜欢 / 爱他们的祖父母。","Ordbank 词头匹配"
"kniv","kniv","名词","A1","en","NTNU LearnNoW; NorweigenLearn 当前词库","06A","6","en kniv · kniven · kniver · knivene / kniven, kniver, knivene","kniv · kniven · knivene · kniver","NOUN","True","刀；餐刀","Kan jeg få en kniv? / Kniven ligger ved siden av tallerkenen.","可以给我一把刀吗？ / 餐刀在盘子旁边。","Ordbank 词头匹配"
"liten","liten","形容词","A1","","NTNU LearnNoW; NorweigenLearn 当前词库","06B","6","lita(f), lite(n), små(pl), det/det lille, de små / liten · lite · små · mindre · minst","lille · lita · lite · liten · mindre · minst · minste · små · smått · vesle","ADJ","True","小；小的","Vi har et lite kjøkken. / Det minste rommet er barnets.","我们有一个小厨房。 / 最小的房间是孩子的。","Ordbank 词头匹配"
"penge","penger","名词","A1","","NTNU LearnNoW; NorweigenLearn 当前词库","06D","6","pengene (plural word) / penger · pengene · — · —","penger","NOUN","True","钱","Jeg betaler med penger.","我用钱付款。","按 Ordbank 屈折形式归回词头"
"pris","pris","名词","A1","en","NTNU LearnNoW; NorweigenLearn 当前词库","06C","6","en pris · prisen · priser · prisene / prisen, priser, prisene","pris · prisen · prisene · priser","NOUN","True","价格","Hva er prisen på denne jakka? / Prisene har gått opp.","这件外套多少钱？ / 价格上涨了。","Ordbank 词头匹配"
"sentrum","sentrum","名词","A1","et","NTNU LearnNoW; NorweigenLearn 当前词库","06A","6","et sentrum · sentrumet · sentrum · sentrumene / sentret, sentre, sentrene","sentra · sentraene · sentre · sentrene · sentrum · sentruma · sentrumene · sentrumet","NOUN","True","市中心；中心区域","Butikken ligger i sentrum. / Vi tar bussen til sentrum.","商店在市中心。 / 我们坐公交去市中心。","Ordbank 词头匹配"
"sulten","sulten","形容词","A1","","NTNU LearnNoW; NorweigenLearn 当前词库","06D","6","sulten · sultent · sultne · sultnere · sultnest / sultent, sultne","sulten · sultent · sultne · sultnere · sultnest · sultneste","ADJ","True","饿的","Er du sulten? Maten er klar. / Barna er sultne etter turen.","你饿了吗？饭做好了。 / 孩子们散步后饿了。","Ordbank 词头匹配"
"tallerken","tallerken","名词","A1","en","NTNU LearnNoW; NorweigenLearn 当前词库","06A","6","en tallerken · tallerkenen · tallerkener · tallerkenene / tallerkenen, tallerkner, tallerknene","tallerken · tallerkenen · tallerkenene · tallerkener","NOUN","True","盘子","Jeg setter tallerkenen på bordet. / Vi trenger flere tallerkener.","我把盘子放在桌上。 / 我们还需要几个盘子。","Ordbank 词头匹配"
"tørst","tørst","形容词","A1","","NTNU LearnNoW; NorweigenLearn 当前词库","06D","6","tørst · tørst · tørste / tørst, tørste","tørst · tørste · tørsten · tørstene · tørster · tørstere · tørstest · tørsteste","ADJ","True","渴的","Jeg er tørst. Kan jeg få vann? / De er tørste etter treningen.","我渴了。可以给我水吗？ / 他们锻炼后口渴。","Ordbank 词头匹配"
"vann","vann","名词","A1","et","NTNU LearnNoW; NorweigenLearn 当前词库","06A; 11B","6","vann · vannet · — · — / vannet (uncountable) / vannet, vann, vannene","vann · vanna · vannene · vannet","NOUN","True","水","Jeg drikker vann hver dag.","我每天喝水。","Ordbank 词头匹配"
"datter","datter","名词","A1","ei","NTNU NoW1; NorweigenLearn 当前词库","07A","7","ei datter · dattera · døtre · døtrene","datter · dattera · datteren · døtre · døtrene · døtrer","NOUN","True","女儿","Dattera mi er fem år. / De har to døtre.","我女儿五岁。 / 他们有两个女儿。","Ordbank 词头匹配"
"møte","møte","名词","A1","et","NTNU LearnNoW; NorweigenLearn 当前词库","07B","7","et møte · møtet · møter · møtene / møtet, møter, møtene","møt · møta · møte · møtende · møtene · møter · møtes · møtet · møtt · møtte","NOUN","True","会议；会面","Jeg har et møte klokka ni. / Møtet begynner snart.","我九点有个会议。 / 会议很快开始。","Ordbank 词头匹配"
"uke","uke","名词","A1","ei","NTNU LearnNoW; NorweigenLearn 当前词库","07B","7","ei uke · uka · uker · ukene / uka, uker, ukene","uka · uke · uken · ukene · uker","NOUN","True","星期；周","Jeg lærer norsk hver uke.","我每周学挪威语。","Ordbank 词头匹配"
"feber","feber","名词","A1","en","NTNU LearnNoW; NTNU NoW1; NorweigenLearn 当前词库","08B; 10A","8","feber · feberen / feberen, febere, feberne","feber · febere · feberen · feberne · febre · febrene · febrer","NOUN","True","发烧；发热","Barnet har feber i dag. / Feberen gikk ned etter medisinen.","孩子今天发烧。 / 吃药后烧退了。","Ordbank 词头匹配"
"helg","helg","名词","A1","ei","NTNU LearnNoW; NTNU NoW1; NorweigenLearn 当前词库","08A; 10D","8","ei helg · helga · helger · helgene / helga, helger, helgene","helg · helga · helgen · helgene · helger","NOUN","True","周末","Hva skal du gjøre i helga? / Vi har fri denne helga.","你这个周末打算做什么？ / 这个周末我们休息。","Ordbank 词头匹配"
"høst","høst","名词","A1","en","NTNU LearnNoW; NTNU NoW1; NorweigenLearn 当前词库","08A; 10B","8","en høst · høsten · høster · høstene / høsten, høster, høstene","høst · høsten · høstene · høster","NOUN","True","秋天","Trærne skifter farge om høsten. / Høsten er fin på fjellet.","树木在秋天变色。 / 秋天的山间很美。","Ordbank 词头匹配"
"hånd","hånd","名词","A1","ei","NTNU LearnNoW; NorweigenLearn 当前词库","08A","8","hånd · hånda · hånden · hender · hendene / hånda, hender, hendene","hånd · hånda · hånden · hendene · hender","NOUN","True","手（手掌及手腕部分）","Barnet holder moren i hånda. / Husk å vaske hendene før du lager mat.","孩子牵着妈妈的手。 / 做饭前记得洗手。","Ordbank 词头匹配"
"oppgave","oppgave","名词","A1","ei","NTNU LearnNoW; NorweigenLearn 当前词库","08D","8","ei oppgave · oppgaven · oppgaver · oppgavene / oppgava, oppgaver, oppgavene","oppgava · oppgave · oppgaven · oppgavene · oppgaver","NOUN","True","任务；作业；题目","Jeg gjør oppgavene etter kurset. / Læreren gir oss ei ny oppgave.","我在课程结束后做作业。 / 老师给我们一项新任务。","Ordbank 词头匹配"
"pause","pause","名词","A1","en","NTNU LearnNoW; NorweigenLearn 当前词库","08B","8","en pause · pausen · pauser · pausene / pausen, pauser, pausene","pause · pausen · pausene · pauser","NOUN","True","休息；休息时间","Vi tar en pause etter timen. / Pausen varer i ti minutter.","下课后我们休息一下。 / 休息时间持续十分钟。","Ordbank 词头匹配"
"regn","regn","名词","A1","et","NTNU LearnNoW; NorweigenLearn 当前词库","08C","8","regn · regnet / regnet","regn · regna · regnene · regnet","NOUN","True","雨；降雨","Det kommer til å regne i morgen. / Vi fikk mye regn i helga.","明天会下雨。 / 周末下了很多雨。","Ordbank 词头匹配"
"skog","skog","名词","A1","en","NTNU LearnNoW; NorweigenLearn 当前词库","08C","8","en skog · skogen · skoger · skogene / skogen, skoger, skogene","skog · skogen · skogene · skoger","NOUN","True","森林；树林","Vi går en tur i skogen etter lunsj. / Det er mange små skoger i området.","午饭后我们去森林里散步。 / 这个地区有许多小片树林。","Ordbank 词头匹配"
"vind","vind","名词","A1","en","NTNU LearnNoW; NorweigenLearn 当前词库","08C","8","en vind · vinden · vinder · vindene / vinden, vinder, vindene","vind · vinde · vinden · vindene · vinder · vindere · vindest · vindeste · vindt","NOUN","True","风","Det blåser en kald vind i dag. / Vinden kommer fra nord.","今天刮着冷风。 / 风从北方吹来。","Ordbank 词头匹配"
"navn","navn","名词","A1","et","NTNU LearnNoW; NorweigenLearn 当前词库","09C","9","et navn · navnet · navn · navnene / navnet, navn, navnene","navn · navna · navnene · navnet","NOUN","True","名字","Hva er navnet ditt?","你叫什么名字？","Ordbank 词头匹配"
"ofte","ofte","副词","A1","","NTNU LearnNoW; NorweigenLearn 当前词库","09C","9","ofte · oftere · oftest","ofte · oftere · oftest","ADV","True","经常；常常","Jeg tar ofte bussen til jobb. / Vi besøker familien oftere om sommeren.","我经常坐公交上班。 / 夏天我们更常去看家人。","Ordbank 词头匹配"
"tid","tid","名词","A1","ei","NTNU LearnNoW; NorweigenLearn 当前词库","09C","9","ei tid · tida · tider · tidene / tida, tider, tidene","tid · tida · tiden · tidene · tider","NOUN","True","时间","Jeg har tid i dag.","我今天有时间。","Ordbank 词头匹配"
"vanligvis","vanligvis","副词","A1","","NTNU LearnNoW; NorweigenLearn 当前词库","09C","9","vanligvis","vanligvis","ADV","True","通常；一般来说","Jeg jobber vanligvis hjemme på fredager. / Vanligvis går toget hvert kvarter.","我通常周五在家工作。 / 通常火车每十五分钟一班。","Ordbank 词头匹配"
"aldri","aldri","副词","A1","","NTNU LearnNoW; NorweigenLearn 当前词库","10D","10","aldri","aldri","ADV","True","从不；从来没有","Jeg kommer aldri for sent på jobb. / Han har aldri vært i Bergen.","我上班从不迟到。 / 他从来没有去过卑尔根。","Ordbank 词头匹配"
"hjerte","hjerte","名词","A1","et","NTNU LearnNoW; NorweigenLearn 当前词库","10C","10","et hjerte · hjertet · hjerter · hjertene / hjertet, hjerter, hjertene","hjerta · hjerte · hjertene · hjerter · hjertet","NOUN","True","心脏；心（情感或象征义）","Hjertet slår raskere når jeg løper. / Hun tegnet et rødt hjerte på kortet.","我跑步时心跳得更快。 / 她在卡片上画了一颗红心。","Ordbank 词头匹配"
"kald","kald","形容词","A1","","NTNU LearnNoW; NorweigenLearn 当前词库","10A; 12A","10","kald · kaldt · kalde · kaldere · kaldest / kald, kaldt, kalde / kaldt, kalde","kald · kalde · kaldere · kaldest · kaldeste · kaldt","ADJ","True","冷的；凉的","Det er kaldt ute i dag. / Vannet er kaldt.","今天外面很冷。 / 水是凉的。","Ordbank 词头匹配"
"kropp","kropp","名词","A1","en","NTNU LearnNoW; NorweigenLearn 当前词库","10D","10","en kropp · kroppen · kropper · kroppene / kroppen, kropper, kroppene","kropp · kroppen · kroppene · kropper","NOUN","True","身体","Hele kroppen er trøtt etter turen. / Kroppen trenger hvile.","散步之后全身都累。 / 身体需要休息。","Ordbank 词头匹配"
"natt","natt","名词","A1","ei","NTNU LearnNoW; NorweigenLearn 当前词库","10A","10","ei natt · natta/natten · netter · nettene / natta, netter, nettene","natt · natta · natten · nettene · netter","NOUN","True","夜；夜晚（通常指睡觉的一段夜间时间）","Jeg sov dårlig i natt. / Det var tre kalde netter på rad.","我昨晚没睡好。 / 连续有三个寒冷的夜晚。","Ordbank 词头匹配"
"varm","varm","形容词","A1","","NTNU LearnNoW; NorweigenLearn 当前词库","10A","10","varm · varmt · varme · varmere · varmest / varmt, varme","varm · varme · varmere · varmest · varmeste · varmt","ADJ","True","暖和的；热的","Jeg trenger ei varm jakke. / Suppa er varm nå.","我需要一件暖和的外套。 / 汤现在是热的。","Ordbank 词头匹配"
"vinter","vinter","名词","A1","en","NTNU LearnNoW; NorweigenLearn 当前词库","10B","10","en vinter · vinteren · vintre · vintrene / vinteren, vintre, vintrene","vinter · vintere · vinteren · vinterne · vintre · vintrene · vintrer","NOUN","True","冬天","Det snør ofte om vinteren. / Vinteren var kald i fjor.","冬天经常下雪。 / 去年的冬天很冷。","Ordbank 词头匹配"
"nese","nese","名词","A1","en","NTNU LearnNoW; NorweigenLearn 当前词库","12A","12","en nese · nesen · neser · nesene / nesen, neser, nesene","nesa · nese · nesen · nesene · neser","NOUN","True","鼻子","Jeg puster gjennom nesen. / Barnet er forkjølet og har rennende nese.","我用鼻子呼吸。 / 孩子感冒了，还流鼻涕。","Ordbank 词头匹配"
"blod","blod","名词（通常不可数）","A1","","NorweigenLearn 当前词库","","","et blod · blodet · blod · blodene","blod · bloda · blodene · blodet","NOUN","True","血；血液","Legen tar en blodprøve. / Blodet er viktig for kroppen.","医生抽取一份血液样本。 / 血液对身体很重要。","Ordbank 词头匹配"
"blomst","blomst","名词","A1","","NorweigenLearn 当前词库","","","en blomst · blomsten · blomster · blomstene","blomst · blomsten · blomstene · blomster","NOUN","True","花；一朵花","Hun kjøper en blomst til læreren. / Blomstene trenger vann.","她给老师买了一朵花。 / 这些花需要水。","Ordbank 词头匹配"
"egg","egg","名词","A1","","NorweigenLearn 当前词库","","","et egg · egget · egg · eggene","egg · egga · eggen · eggene · egger · egget","NOUN","True","鸡蛋","Jeg koker et egg til frokost. / Eggene er ferdige.","我早餐煮一个鸡蛋。 / 鸡蛋做好了。","Ordbank 词头匹配"
"fugl","fugl","名词","A1","","NorweigenLearn 当前词库","","","en fugl · fuglen · fugler · fuglene","fugl · fuglen · fuglene · fugler","NOUN","True","鸟；一只鸟","Det sitter en fugl i treet. / Fuglene synger tidlig om morgenen.","树上停着一只鸟。 / 鸟儿一大早就在唱歌。","Ordbank 词头匹配"
"gaffel","gaffel","名词","A1","","NorweigenLearn 当前词库","","","en gaffel · gaffelen · gafler · gaflene","gaffel · gaffelen · gaflene · gafler","NOUN","True","叉子","Vi trenger en gaffel til. / Gaflene ligger i skuffen.","我们还需要一把叉子。 / 叉子在抽屉里。","Ordbank 词头匹配"
"handleliste","handleliste","名词","A1","","NorweigenLearn 当前词库","","","ei handleliste · handlelista · handlelister · handlelistene","handlelista · handleliste · handlelisten · handlelistene · handlelister","NOUN","True","购物清单","Jeg skriver ei handleliste før jeg går til butikken. / Handlelista ligger på kjøkkenbordet.","我去商店前先写一份购物清单。 / 购物清单在厨房桌上。","Ordbank 词头匹配"
"hav","hav","名词","A1","","NorweigenLearn 当前词库","","","et hav · havet · hav · havene","hav · hava · havene · havet","NOUN","True","海；海洋","Barna svømmer i havet. / Vi bor nær havet.","孩子们在海里游泳。 / 我们住在海边附近。","Ordbank 词头匹配"
"holdeplass","holdeplass","名词","A1","","NorweigenLearn 当前词库","","","en holdeplass · holdeplassen · holdeplasser · holdeplassene","holdeplass · holdeplassen · holdeplassene · holdeplasser","NOUN","True","车站；公交停靠站","Bussen stopper ved holdeplassen. / Vi går til bussholdeplassen.","公交车在站点停靠。 / 我们走去公交站。","Ordbank 词头匹配"
"klær","klær","名词（复数）","A1","","NorweigenLearn 当前词库","","","klær · klærne","klær · klærne","NOUN","True","衣服","Jeg legger fram klær til i morgen. / Klærne er tørre nå.","我把明天要穿的衣服准备好。 / 衣服现在干了。","Ordbank 词头匹配"
"kvinne","kvinne","名词","A1","","NorweigenLearn 当前词库","","","ei kvinne · kvinna · kvinner · kvinnene","kvinna · kvinne · kvinnen · kvinnene · kvinner","NOUN","True","女人","Kvinnen snakker norsk.","这位女士说挪威语。","Ordbank 词头匹配"
"måne","måne","名词","A1","","NorweigenLearn 当前词库","","","en måne · månen · måner · månene","måne · månen · månene · måner","NOUN","True","月亮；月球","Månen lyser over fjorden. / Vi så en stor måne på bildet.","月亮照亮了峡湾上空。 / 我们在图片上看到一个很大的月亮。","Ordbank 词头匹配"
"nøkkel","nøkkel","名词","A1","","NorweigenLearn 当前词库","","","en nøkkel · nøkkelen · nøkler · nøklene","nøkkel · nøkkelen · nøklene · nøkler","NOUN","True","钥匙","Jeg finner ikke husnøkkelen min. / Hun legger nøklene på bordet.","我找不到我的家门钥匙。 / 她把钥匙放在桌子上。","Ordbank 词头匹配"
"sky","sky","名词","A1","","NorweigenLearn 当前词库","","","ei sky · skya · skyer · skyene","sky · skya · skydd · skydde · skye · skyen · skyende · skyene · skyer · skyere · skyest · skyeste · skyr · skys","NOUN","True","云；一朵云","Det ligger mørke skyer over byen. / En liten sky dekker sola.","城市上空乌云密布。 / 一小片云遮住了太阳。","Ordbank 词头匹配"
"slutte","slutte","动词","A1","","NorweigenLearn 当前词库","","","slutte – slutter – sluttet – sluttet","slutt · slutta · slutte · sluttede · sluttende · slutter · sluttes · sluttet · sluttete","VERB","True","停止、结束","Jeg slutter klokka fire.","","Ordbank 词头匹配"
"snø","snø","名词（通常不可数）","A1","","NorweigenLearn 当前词库","","","en snø · snøen · snøer · snøene","snø · snødd · snødde · snøen · snøende · snøene · snøer · snør · snøs","NOUN","True","雪；降雪","Det ligger mye snø på bakken. / Snøen smelter om våren.","地上积了很多雪。 / 雪在春天融化。","Ordbank 词头匹配"
"sommer","sommer","名词","A1","","NorweigenLearn 当前词库","","","en sommer · sommeren · somre · somrene","sommer · sommere · sommeren · sommerne · somre · somrene · somrer","NOUN","True","夏天","Vi reiser ofte bort om sommeren. / Sommeren i Norge kan være varm.","我们夏天经常外出旅行。 / 挪威的夏天有时很暖和。","Ordbank 词头匹配"
"sønn","sønn","名词","A1","","NorweigenLearn 当前词库","","","en sønn · sønnen · sønner · sønnene","sønn · sønnen · sønnene · sønner","NOUN","True","儿子","Sønnen min går i barnehagen. / De har tre sønner.","我儿子上幼儿园。 / 他们有三个儿子。","Ordbank 词头匹配"
"stasjon","stasjon","名词","A1","","NorweigenLearn 当前词库","","","en stasjon · stasjonen · stasjoner · stasjonene","stasjon · stasjonen · stasjonene · stasjoner","NOUN","True","车站；火车站","Vi møtes på stasjonen klokka seks. / Toget går fra spor fire på stasjonen.","我们六点在车站见。 / 火车从车站的四号站台出发。","Ordbank 词头匹配"
"stein","stein","名词","A1","","NorweigenLearn 当前词库","","","en stein · steinen · steiner · steinene","stein · steine · steinen · steinene · steiner · steinere · steinest · steineste","NOUN","True","石头；石块","Barnet fant en fin stein på stranda. / Steinene ligger ved inngangen.","孩子在海滩上找到一块漂亮的石头。 / 石头放在入口旁边。","Ordbank 词头匹配"
"stjerne","stjerne","名词","A1","","NorweigenLearn 当前词库","","","ei stjerne · stjerna · stjerner · stjernene","stjerna · stjerne · stjernen · stjernene · stjerner","NOUN","True","星星；恒星；明星","Vi så mange stjerner på himmelen. / Hun er en kjent norsk stjerne.","我们在天空中看到了许多星星。 / 她是一位知名的挪威明星。","Ordbank 词头匹配"
"tidlig","tidlig","副词/形容词","A1","","NorweigenLearn 当前词库","","","tidlig · tidligere · tidligst","tidlig · tidlige · tidligere · tidligst · tidligste","ADJ","True","早；早的","Jeg står opp tidlig på hverdager. / Vi kom tidligere enn planlagt.","我工作日早起。 / 我们比计划更早到了。","Ordbank 词头匹配"
"tog","tog","名词","A1","","NorweigenLearn 当前词库","","","et tog · toget · tog · togene","tog · toga · togene · toget","NOUN","True","火车","Toget kommer klokka åtte.","火车八点到。","Ordbank 词头匹配"
"trist","trist","形容词","A1","","NorweigenLearn 当前词库","","","trist · trist · triste · tristere · tristest","trist · triste · tristere · tristest · tristeste","ADJ","True","难过的；伤心的；令人遗憾的","Hun er trist fordi hunden er syk. / Det var en trist nyhet.","她很难过，因为狗生病了。 / 那是一个令人难过的消息。","Ordbank 词头匹配"
"vår","vår","名词","A1","","NorweigenLearn 当前词库","","","en vår · våren · vårer · vårene","vår · våre · våren · vårene · vårer · vårt","NOUN","True","春天","Det blir lysere om våren. / Våren kommer tidlig i år.","春天白天会变得更长。 / 今年春天来得早。","Ordbank 词头匹配"
"vekkerklokke","vekkerklokke","名词","A1","","NorweigenLearn 当前词库","","","en vekkerklokke · vekkerklokka · vekkerklokker · vekkerklokkene","vekkerklokka · vekkerklokke · vekkerklokken · vekkerklokkene · vekkerklokker","NOUN","True","闹钟","Jeg setter vekkerklokka på seks. / Vekkerklokka ringer tidlig.","我把闹钟设到六点。 / 闹钟很早响。","Ordbank 词头匹配"
"si","si","动词","A2","å","NTNU LearnNoW; NorweigenLearn 当前词库","03A; 09A","3","si – sier – sa – sagt / sier, sa, har sagt","sa · sagt · sagte · si · sien · siende · siene · sier · sies","VERB","True","说（内容）","Jeg sier det.","","Ordbank 词头匹配"
"trenge","trenge","动词","A2","å","NTNU LearnNoW; NorweigenLearn 当前词库","05C","5","trenge – trenger – trengte – trengt / trenger, trengte, har trengt","treng · trenge · trengende · trenger · trenges · trengt · trengte","VERB","True","需要","Jeg trenger hjelp.","","Ordbank 词头匹配"
"apotek","apotek","名词","A2","et","NTNU LearnNoW; NorweigenLearn 当前词库","06B","6","apoteket, apoteker, apotekene / et apotek · apoteket · apotek · apotekene","apotek · apoteka · apotekene · apoteker · apoteket","NOUN","True","药房","Apoteket ligger nær hjemmet.","药房在家附近。","Ordbank 词头匹配"
"lege","lege","名词","A2","en","NTNU LearnNoW; NorweigenLearn 当前词库","09D","9","en lege · legen · leger · legene / legen, leger, legene","leg · lega · lege · legede · legen · legende · legene · leger · leges · leget · legete · legt · legte","NOUN","True","医生","Jeg skal snakke med legen.","我准备和医生谈谈。","Ordbank 词头匹配"
"hode","hode","名词","A2","et","NTNU LearnNoW; NorweigenLearn 当前词库","10D","10","et hode · hodet · hoder · hodene / hodet, hoder, hodene","hoda · hode · hodene · hoder · hodet","NOUN","True","头","Jeg har vondt i hodet.","我头疼。","Ordbank 词头匹配"
"resept","resept","名词","A2","en","NTNU LearnNoW; NorweigenLearn 当前词库","10C","10","en resept · resepten · resepter · reseptene / resepten, resepter, reseptene","resept · resepten · reseptene · resepter","NOUN","True","处方","Legen skriver ut en resept. / Jeg henter medisinen på resepten.","医生开了一张处方。 / 我凭处方取药。","Ordbank 词头匹配"
"temperatur","temperatur","名词","A2","en","NTNU LearnNoW; NorweigenLearn 当前词库","10A","10","en temperatur · temperaturen · temperaturer · temperaturene / temperaturen, temperaturer, temperaturene","temperatur · temperaturen · temperaturene · temperaturer","NOUN","True","温度","Temperaturen er fem grader nå. / Det er store temperaturforskjeller her.","现在温度是五度。 / 这里温差很大。","Ordbank 词头匹配"
"forkjølelse","forkjølelse","名词","A2","","NorweigenLearn 当前词库","","","en forkjølelse · forkjølelsen · forkjølelser · forkjølelsene","forkjølelse · forkjølelsen · forkjølelsene · forkjølelser","NOUN","True","感冒","Jeg er forkjølet og blir hjemme. / Forkjølelsen varer noen dager.","我感冒了，就待在家里。 / 感冒会持续几天。","Ordbank 词头匹配"
"medisin","medisin","名词","A2","","NorweigenLearn 当前词库","","","en medisin · medisinen · medisiner · medisinene","medisin · medisinen · medisinene · medisiner","NOUN","True","药","Hun tar medisinen hver dag.","她每天吃药。","Ordbank 词头匹配"
"smerte","smerte","名词","A2","","NorweigenLearn 当前词库","","","en smerte · smerten · smerter · smertene","smert · smerta · smerte · smertede · smerten · smertende · smertene · smerter · smertes · smertet · smertete","NOUN","True","疼痛","Hun har smerter i ryggen. / Smerten blir sterkere når jeg går.","她背痛。 / 我走路时疼痛加重。","Ordbank 词头匹配"
"søsken","søsken","名词","A2","","NorweigenLearn 当前词库","","","et søsken · søskenet · søsken · søskena","søsken · søskena · søskenet · søsknene","NOUN","True","兄弟姐妹中的一位","Har du søsken? / Søskena mine bor i Kina.","你有兄弟姐妹吗？ / 我的兄弟姐妹住在中国。","Ordbank 词头匹配"
"avis","avis","名词","","ei","NTNU LearnNoW; NTNU NoW1","01P; 07C","1","avisa, aviser, avisene","avis · avisa · avisen · avisene · aviser","NOUN","True","","","","Ordbank 词头匹配"
"bensinstasjon","bensinstasjon","名词","","en","NTNU LearnNoW; NTNU NoW1","01P; 04C","1","bensinstasjonen, bensinstasjoner, bensinstasjonene","bensinstasjon · bensinstasjonen · bensinstasjonene · bensinstasjoner","NOUN","True","","","","Ordbank 词头匹配"
"brus","brus","名词","","en","NTNU LearnNoW; NTNU NoW1","01P; 04A","1","brusen, brus, brusene","brus · brusa · brusen · brusene · bruset","NOUN","True","","","","Ordbank 词头匹配"
"dame","dame","名词","","ei","NTNU LearnNoW; NTNU NoW1","01K; 02A","1","dama, damer, damene","dama · dame · damen · damene · damer","NOUN","True","","","","Ordbank 词头匹配"
"de","de","代词","","","NTNU LearnNoW; NTNU NoW1","01P; 02B","1","","de · dem","PRON; DET; ADP","True","","","","Ordbank 词头匹配"
"du","deg","代词","","","NTNU LearnNoW; NTNU NoW1","01M; 02B","1","","deg · du","PRON","True","","","","常见屈折形式/透明构词人工归一；待复核"
"den","den","代词","","","NTNU LearnNoW; NTNU NoW1","01M; 03C","1","","den","PRON; DET","True","","","","Ordbank 词头匹配"
"dere","dere","代词","","","NTNU LearnNoW; NTNU NoW1","01P; 02C","1","","dere","PRON","True","","","","Ordbank 词头匹配"
"det","det","代词","","","NTNU LearnNoW; NTNU NoW1","01M; 02B","1","","det","PRON; DET","True","","","","Ordbank 词头匹配"
"du","du","代词","","","NTNU LearnNoW; NTNU NoW1","01A; 01K","1","","deg · du","PRON","True","","","","Ordbank 词头匹配"
"ei","ei","副词","","","NTNU LearnNoW; NTNU NoW1","01K; 02A","1","","ei","ADV","True","","","","Ordbank 词头匹配"
"ekspeditør","ekspeditør","名词","","en","NTNU LearnNoW; NTNU NoW1","01P; 06C","1","ekspeditøren, ekspeditører, ekspeditørene","ekspeditør · ekspeditøren · ekspeditørene · ekspeditører","NOUN","True","","","","Ordbank 词头匹配"
"en","en","代词","","","NTNU LearnNoW; NTNU NoW1","01P; 02B","1","","ei · en · et","PRON; DET; ADV","True","","","","Ordbank 词头匹配"
"en","et","限定词","","","NTNU LearnNoW; NTNU NoW1","01P; 02B","1","","ei · en · et","PRON; DET; ADV","True","","","","常见屈折形式/透明构词人工归一；待复核"
"fly","fly","名词","","et","NTNU LearnNoW; NTNU NoW1","01A; 02A","1","flyet, fly, flyene","fløy · fløyen · fløyet · fløyne · fly · flya · flydd · flydde · flyen · flyende · flyene · flyer · flyet · flyr · flys","NOUN","True","","","","Ordbank 词头匹配"
"god","god","形容词","","","NTNU LearnNoW; NorweigenLearn 当前词库","01B","1","bedre – best（不规则） / godt, gode","bedre · best · beste · god · gode · godt","ADJ","True","好的；擅长的","Det blir bedre neste år.","明年会更好。","Ordbank 词头匹配"
"hallo","hallo","感叹词","","","NTNU LearnNoW; NTNU NoW1","01C; 01M","1","","hallo · halloa · halloene · halloer · halloet","NOUN; INTJ","True","","","","常见屈折形式/透明构词人工归一；待复核"
"han","han","代词","","","NTNU LearnNoW; NTNU NoW1","01K; 02A","1","","ham · han","PRON","True","","","","Ordbank 词头匹配"
"hei","hei","感叹词","","","NTNU LearnNoW; NTNU NoW1","01A; 02A","1","","hei · heia · heien · heiene · heier","NOUN; INTJ","True","","","","常见屈折形式/透明构词人工归一；待复核"
"hete","hete","动词","","å","NTNU LearnNoW; NTNU NoW1","01A; 01B; 01K","1","heter, het, har hett","het · heta · hete · hetede · heten · hetende · hetene · heter · hetes · hetet · hetete · hett · hette","VERB","True","","","","Ordbank 词头匹配"
"hilse","hilse","动词","","å","NTNU LearnNoW; NTNU NoW1","01B; 01M","1","hilser, hilste, har hilst","hils · hilse · hilsende · hilser · hilses · hilst · hilste","VERB","True","","","","Ordbank 词头匹配"
"hun","hun","名词","","","NTNU LearnNoW; NTNU NoW1","01K; 02A","1","","henne · hun · hunen · hunene · huner","NOUN; PRON","True","","","","Ordbank 词头匹配"
"hva","hva","代词","","","NTNU LearnNoW; NTNU NoW1","01A; 01K","1","","hva","PRON","True","","","","Ordbank 词头匹配"
"hvor","hvor","副词","","","NTNU LearnNoW; NTNU NoW1","01D; 01K","1","","hvor","ADV","True","","","","Ordbank 词头匹配"
"hvordan","hvordan","副词","","","NTNU LearnNoW; NTNU NoW1","01M; 02D","1","","hvordan","ADV","True","","","","Ordbank 词头匹配"
"ja","ja","名词","","","NTNU LearnNoW; NTNU NoW1","01K; 02B","1","","ja · jaa · jaene · jaer · jaet","NOUN; INTJ","True","","","","Ordbank 词头匹配"
"jeg","jeg","名词","","","NTNU LearnNoW; NTNU NoW1","01A; 01K","1","","jeg · jega · jegene · jeger · jeget · meg","NOUN; PRON","True","","","","Ordbank 词头匹配"
"kart","kart","名词","","et","NTNU LearnNoW; NTNU NoW1","01P; 04D","1","kartet, kart, kartene","kart · karta · karten · kartene · karter · kartet","NOUN","True","","","","Ordbank 词头匹配"
"kilometer","kilometer","名词","","en","NTNU LearnNoW; NTNU NoW1","01P; 04D","1","kilometeren, kilometer, kilometerne","kilometer · kilometeren · kilometerne","NOUN","True","","","","Ordbank 词头匹配"
"koste","koste","动词","","å","NTNU LearnNoW; NTNU NoW1","01P; 06C","1","koster, kostet, har kostet","kost · kosta · koste · kostede · kostende · koster · kostes · kostet · kostete","VERB","True","","","","Ordbank 词头匹配"
"krone","krone","名词","","ei","NTNU LearnNoW; NTNU NoW1","01P; 05C","1","krona, kroner, kronene","kron · krona · krone · kronede · kronen · kronende · kronene · kroner · krones · kronet · kronete · kront · kronte","NOUN","True","","","","Ordbank 词头匹配"
"på","på","介词","","","NTNU LearnNoW; NorweigenLearn 当前词库","01B","1","固定搭配中学习","på","ADP","True","在；到；关于（依搭配）","Hun søker på en ny jobb.","她在申请一份新工作。","Ordbank 词头匹配"
"antropologi","antropologi","名词","","en","NTNU NoW1","01A","1","","antropologi · antropologien · antropologiene · antropologier","NOUN","True","","","","Ordbank 词头匹配"
"arkitektur","arkitektur","名词","","en","NTNU NoW1","01A","1","","arkitektur · arkitekturen · arkitekturene · arkitekturer","NOUN","True","","","","Ordbank 词头匹配"
"bare","bare","动词","","","NTNU NoW1","01M","1","","bar · bara · bare · barede · barende · barer · bares · baret · barete","VERB; SCONJ; ADV","True","","","","Ordbank 词头匹配"
"båt","båt","名词","","en","NTNU NoW1","01M","1","","båt · båten · båtene · båter","NOUN","True","","","","Ordbank 词头匹配"
"bra","bra","形容词","","","NTNU NoW1","01M","1","","bedre · best · beste · bra","ADJ","True","","","","Ordbank 词头匹配"
"der","der","副词","","","NTNU NoW1","01P","1","","der","ADV","True","","","","Ordbank 词头匹配"
"engelsk","engelsk","名词","","","NTNU NoW1","01A","1","","engelsk · engelske · engelsken · engelskene · engelsker","NOUN; ADJ","True","","","","Ordbank 词头匹配"
"flink","flink","形容词","","","NTNU NoW1","01A","1","","flink · flinke · flinkere · flinkest · flinkeste · flinkt","ADJ","True","","","","Ordbank 词头匹配"
"fra","fra","从属连词","","","NTNU NoW1","01K","1","","fra","SCONJ; ADP","True","","","","Ordbank 词头匹配"
"fra","fra","介词","","","NTNU LearnNoW","01D","1","","fra","ADP","True","","","","Ordbank 词头匹配"
"gammel","gammel","形容词","","","NTNU NoW1","01K","1","","eldre · eldst · eldste · gamle · gammel · gammelt","ADJ","True","","","","Ordbank 词头匹配"
"gift","gift","名词","","","NTNU NoW1","01K","1","","gift · gifta · gifte · giften · giftene · gifter","NOUN; ADJ","True","","","","Ordbank 词头匹配"
"god","god","形容词","","","NTNU NoW1","01M","1","","bedre · best · beste · god · gode · godt","ADJ","True","","","","Ordbank 词头匹配"
"her","her","副词","","","NTNU NoW1","01M","1","","her","ADV","True","","","","Ordbank 词头匹配"
"hyggelig","hyggelig","形容词","","","NTNU LearnNoW","01B","1","hyggelig, hyggelige","hyggelig · hyggelige · hyggeligere · hyggeligst · hyggeligste","ADJ","True","","","","Ordbank 词头匹配"
"hyggelig","hyggelig","形容词","","","NTNU NoW1","01M","1","","hyggelig · hyggelige · hyggeligere · hyggeligst · hyggeligste","ADJ","True","","","","Ordbank 词头匹配"
"i","i","名词","","","NTNU NoW1","01K","1","","I · I-en · I-ene · I-er","NOUN; SYM; ADP","True","","","","Ordbank 词头匹配"
"ikke","ikke","副词","","","NTNU NoW1","01A","1","","ikke","ADV","True","","","","Ordbank 词头匹配"
"italiensk","italiensk","名词","","","NTNU NoW1","01A","1","","italiensk · italienske · italiensken · italienskene · italiensker","NOUN; ADJ","True","","","","Ordbank 词头匹配"
"kanskje","kanskje","副词","","","NTNU NoW1","01M","1","","kanskje","ADV","True","","","","Ordbank 词头匹配"
"norsk","norsk","形容词","","","NTNU LearnNoW","01C","1","norsk, norske","norsk · norske · norsken · norskene · norsker · norskere · norskest · norskeste","ADJ","True","","","","Ordbank 词头匹配"
"være","være","动词","","","NTNU NoW1","01K","1","","er · vær · væra · være · værede · værende · værer · væres · været · værete · vært · var","VERB; NOUN","True","","","","Ordbank 词头匹配"
"bruke","bruke","动词","","å","NTNU LearnNoW; NTNU NoW1; NorweigenLearn 当前词库","02M; 07D","2","bruke – bruker – brukte – brukt / bruker, brukte, har brukt","bruk · bruke · brukende · bruker · brukes · brukt · brukte","VERB","True","使用、花费","Jeg bruker mobilen.","","Ordbank 词头匹配"
"kunne","kunne","动词","","å","NTNU LearnNoW; NTNU NoW1; NorweigenLearn 当前词库","02K; 03B","2","kan, kunne, har kunnet / kunne – kan – kunne – kunnet","kan · kunne · kunnende · kunnes · kunnet","VERB","True","能、会","Jeg kan snakke norsk.","","Ordbank 词头匹配"
"adresse","adresse","名词","","ei","NTNU LearnNoW; NTNU NoW1","02K; 03B","2","adressa, adresser, adressene","adressa · adresse · adressen · adressene · adresser","NOUN","True","","","","Ordbank 词头匹配"
"at","at","符号","","","NTNU LearnNoW; NTNU NoW1","02M; 08D","2","","At","SYM; SCONJ; ADV","True","","","","Ordbank 词头匹配"
"bussjåfør","bussjåfør","名词","","en","NTNU LearnNoW; NTNU NoW1","02A; 09A","2","bussjåføren,bussjåfører, bussjåførene","bussjåfør · bussjåføren · bussjåførene · bussjåfører","NOUN","True","","","","Ordbank 词头匹配"
"bytte","bytte","动词","","å","NTNU LearnNoW; NTNU NoW1","02M; 03D","2","bytter, byttet, har byttet","bytt · bytta · bytte · byttede · byttende · byttene · bytter · byttes · byttet · byttete","VERB","True","","","","Ordbank 词头匹配"
"de","dem","代词","","","NTNU LearnNoW; NTNU NoW1","02P; 03C","2","","de · dem","PRON; DET; ADP","True","","","","常见屈折形式/透明构词人工归一；待复核"
"dra","dra","动词","","å","NTNU LearnNoW; NTNU NoW1","02D; 02K; 07B","2","drar, dro, har dratt","dra · dradd · dradde · dragende · drar · dras · dratt · dratte · dro · drog","VERB","True","","","","Ordbank 词头匹配"
"én","ett","数词","","","NTNU LearnNoW; NTNU NoW1","02P; 03B","2","","éi · én · ett","DET","True","","","","常见屈折形式/透明构词人工归一；待复核"
"ettermiddag","ettermiddag","名词","","en","NTNU LearnNoW; NTNU NoW1","02P; 03C","2","ettermiddagen, ettermiddager, ettermiddagene","ettermiddag · ettermiddagen · ettermiddagene · ettermiddager","NOUN","True","","","","Ordbank 词头匹配"
"fem","fem","限定词","","","NTNU LearnNoW; NTNU NoW1","02A; 06K","2","","fem","DET","True","","","","Ordbank 词头匹配"
"flytte","flytte","动词","","å","NTNU LearnNoW; NTNU NoW1","02C; 08B","2","flytter, flyttet, har flyttet","flytt · flytta · flytte · flyttede · flyttende · flytter · flyttes · flyttet · flyttete","VERB","True","","","","Ordbank 词头匹配"
"ham","ham","名词","","","NTNU LearnNoW; NTNU NoW1","02A; 04A","2","","ham · hammen · hammene · hammer","NOUN","True","","","","Ordbank 词头匹配"
"hjelp","hjelp","名词","","en","NTNU LearnNoW; NTNU NoW1","02A; 04C","2","hjelpen, hjelper, hjelpene","hjelp · hjelpa · hjelpen · hjelpene · hjelper","NOUN","True","","","","Ordbank 词头匹配"
"hvilken","hvilken","限定词","","","NTNU LearnNoW; NTNU NoW1","02M; 04C","2","","hvilke · hvilken · hvilket","DET","True","","","","Ordbank 词头匹配"
"kafé","kafé","名词","","en","NTNU LearnNoW; NTNU NoW1","02B; 02P","2","kafeen, kafeer, kafeene","kafé · kafeen · kaféen · kafeene · kaféene · kafeer · kaféer","NOUN","True","","","","Ordbank 词头匹配"
"kjøpesenter","kjøpesenter","名词","","et","NTNU LearnNoW; NTNU NoW1","02P; 06A","2","kjøpesenteret, kjøpesentre, kjøpesentrene","kjøpesenter · kjøpesentera · kjøpesenteret · kjøpesentre · kjøpesentrene","NOUN","True","","","","Ordbank 词头匹配"
"kort","kort","名词","","et","NTNU LearnNoW; NTNU NoW1","02A; 06D","2","kortet, kort, kortene","kort · korta · korte · kortene · kortere · kortest · korteste · kortet","NOUN","True","","","","Ordbank 词头匹配"
"med","med","介词","","","NTNU LearnNoW; NorweigenLearn 当前词库","02A","2","搭配决定具体意思","med · meda · medene · medet","ADP","True","和；用；带着","Jeg skal reise med familien.","我会和家人一起旅行。","Ordbank 词头匹配"
"til","til","介词","","","NTNU LearnNoW; NorweigenLearn 当前词库","02A","2","komme til å + V1","til","ADP","True","到；去；为了","Det kommer til å regne.","这将会下雨。","Ordbank 词头匹配"
"av","av","缩写","","","NTNU NoW1","02K","2","","AV","ABBR; ADP","True","","","","Ordbank 词头匹配"
"bagasje","bagasje","名词","","en","NTNU NoW1","02K","2","","bagasje · bagasjen · bagasjene · bagasjer","NOUN","True","","","","Ordbank 词头匹配"
"bare","bare","副词","","","NTNU LearnNoW","02D","2","","bar · bara · bare · barede · barende · barer · bares · baret · barete","ADV","True","","","","Ordbank 词头匹配"
"bety","bety","动词","","å","NTNU NoW1","02M","2","","betød · bety · betydd · betydde · betyende · betyr · betys","VERB","True","","","","Ordbank 词头匹配"
"bra","bra","形容词","","","NTNU LearnNoW","02C","2","bra, bra","bedre · best · beste · bra","ADJ","True","","","","Ordbank 词头匹配"
"bussrute","bussrute","名词","","ei","NTNU NoW1","02M","2","","bussruta · bussrute · bussruten · bussrutene · bussruter","NOUN","True","","","","Ordbank 词头匹配"
"busstur","busstur","名词","","en","NTNU NoW1","02A","2","","busstur · bussturen · bussturene · bussturer","NOUN","True","","","","Ordbank 词头匹配"
"endelig","endelig","形容词","","","NTNU NoW1","02M","2","","endelig · endelige","ADJ","True","","","","Ordbank 词头匹配"
"etterpå","etterpå","副词","","","NTNU NoW1","02P","2","","etterpå","ADV","True","","","","Ordbank 词头匹配"
"fjorten","fjorten","限定词","","","NTNU LearnNoW","02C","2","","fjorten","DET","True","","","","Ordbank 词头匹配"
"flott","flott","名词","","","NTNU NoW1","02A","2","","flott · flotta · flotte · flotten · flottene · flotter · flottere · flottest · flotteste · flottet","NOUN; ADJ","True","","","","Ordbank 词头匹配"
"flybuss","flybuss","名词","","en","NTNU NoW1","02A","2","","flybuss · flybussen · flybussene · flybusser","NOUN","True","","","","Ordbank 词头匹配"
"for","for","名词","","","NTNU NoW1","02A","2","","for · fora · forene · foret","NOUN; CCONJ; ADV; ADP","True","","","","Ordbank 词头匹配"
"forbi","forbi","介词","","","NTNU NoW1","02P","2","","forbi","ADP","True","","","","Ordbank 词头匹配"
"først","først","副词","","","NTNU NoW1","02P","2","","først","ADV","True","","","","Ordbank 词头匹配"
"førti","førti","限定词","","","NTNU LearnNoW","02B","2","","førti","DET","True","","","","Ordbank 词头匹配"
"fram","fram","副词","","","NTNU NoW1","02P","2","","fram","ADV","True","","","","Ordbank 词头匹配"
"fransk","fransk","形容词","","","NTNU LearnNoW","02B","2","fransk, franske","fransk · franske · fransken · franskene · fransker","ADJ","True","","","","Ordbank 词头匹配"
"gift","gift","形容词","","","NTNU LearnNoW","02B","2","gift, gifte","gift · gifta · gifte · giften · giftene · gifter","ADJ","True","","","","Ordbank 词头匹配"
"gjerne","gjerne","副词","","","NTNU NoW1","02K","2","","gjerne · heller · helst","ADV","True","","","","Ordbank 词头匹配"
"halv","halv","形容词","","","NTNU NoW1","02M","2","","halv · halve · halvt","ADJ; NOUN","True","","","","Ordbank 词头匹配"
"her","her","副词","","","NTNU LearnNoW","02B","2","","her","ADV","True","","","","Ordbank 词头匹配"
"hjem","hjem","副词","","","NTNU LearnNoW","02D","2","","hjem · hjemma · hjemmene · hjemmet","ADV","True","","","","Ordbank 词头匹配"
"høyre","høyre","名词","","","NTNU NoW1","02P","2","","høyra · høyre · høyren · høyrene · høyrer","NOUN; ADJ","True","","","","Ordbank 词头匹配"
"i","i","介词","","","NTNU LearnNoW","02A","2","","I · I-en · I-ene · I-er","ADP","True","","","","Ordbank 词头匹配"
"igjen","igjen","副词","","","NTNU LearnNoW","02D","2","","igjen","ADV","True","","","","Ordbank 词头匹配"
"ikke","ikke","副词","","","NTNU LearnNoW","02C","2","","ikke","ADV","True","","","","Ordbank 词头匹配"
"inn","inn","形容词","","","NTNU NoW1","02A","2","","inn","ADJ; ADV","True","","","","Ordbank 词头匹配"
"klokke","klokke","名词","","ei","NTNU NoW1","02K","2","","klokk · klokka · klokke · klokkede · klokken · klokkende · klokkene · klokker · klokkes · klokket · klokkete","NOUN","True","","","","Ordbank 词头匹配"
"koffert","koffert","名词","","en","NTNU NoW1","02A","2","","koffert · kofferten · koffertene · kofferter","NOUN","True","","","","Ordbank 词头匹配"
"kontrollere","kontrollere","动词","","å","NTNU LearnNoW","02C","2","kontrollerer, kontrollerte, har kontrollert","kontroller · kontrollere · kontrollerende · kontrollerer · kontrolleres · kontrollert · kontrollerte","VERB","True","","","","Ordbank 词头匹配"
"kunne","kunne","动词","","","NTNU NoW1","02K","2","","kan · kunne · kunnende · kunnes · kunnet","VERB","True","","","","Ordbank 词头匹配"
"lang","lang","形容词","","","NTNU LearnNoW","02D","2","langt, lange","lang · lange · langt · lengre · lengst · lengste","ADJ","True","","","","Ordbank 词头匹配"
"ledig","ledig","形容词","","","NTNU LearnNoW","02B","2","ledig, ledige","ledig · ledige · ledigere · ledigst · ledigste","ADJ","True","","","","Ordbank 词头匹配"
"like","like","动词","","","NTNU LearnNoW","02B","2","","lik · like · liken · likende · likene · liker · likes · likt · likte","VERB; NOUN; ADJ; ADV","True","","","","Ordbank 词头匹配"
"lufthavn","lufthavn","名词","","ei","NTNU LearnNoW","02B","2","lufthavna, lufthavner, lufthavnene","lufthavn · lufthavna · lufthavnen · lufthavnene · lufthavner","NOUN","True","","","","Ordbank 词头匹配"
"mamma","mamma","名词","","en","NTNU LearnNoW","02A","2","mammaen, mammaer, mammaene","mamma · mammaen · mammaene · mammaer","NOUN","True","","","","Ordbank 词头匹配"
"måte","måte","名词","","en","NTNU LearnNoW","02B","2","måten, måter, måtene","måt · måta · måte · måtede · måten · måtende · måtene · måter · måtes · måtet · måtete","NOUN","True","","","","Ordbank 词头匹配"
"men","men","名词","","","NTNU LearnNoW","02C","2","","men · mena · menene · mener · menet","NOUN; CCONJ","True","","","","Ordbank 词头匹配"
"nå","nå","副词","","","NTNU LearnNoW","02B","2","","nå · nåa · nådd · nådde · nående · nåene · nået · når · nås","ADV","True","","","","Ordbank 词头匹配"
"nei","nei","名词","","","NTNU LearnNoW","02C","2","","nei · neia · neiene · neiet","NOUN; INTJ","True","","","","Ordbank 词头匹配"
"og","og","符号","","","NTNU LearnNoW","02A","2","","Og","SYM; ADV; CCONJ","True","","","","Ordbank 词头匹配"
"også","også","副词","","","NTNU LearnNoW","02B","2","","også","ADV","True","","","","Ordbank 词头匹配"
"orden","orden","名词","","en","NTNU LearnNoW","02C","2","ordenen, ordner, ordnene","orden · ordenen · ordenene · ordener","NOUN","True","","","","Ordbank 词头匹配"
"vi","oss","代词","","","NTNU LearnNoW","02A","2","","oss · vi","PRON","True","","","","常见屈折形式/透明构词人工归一；待复核"
"pappa","pappa","名词","","en","NTNU LearnNoW","02A","2","pappaen, pappaer, pappaene","pappa · pappaen · pappaene · pappaer","NOUN","True","","","","Ordbank 词头匹配"
"pass","pass","名词","","et","NTNU LearnNoW","02C","2","passet, pass, passene","pass · passa · passen · passene · passer · passet","NOUN","True","","","","Ordbank 词头匹配"
"passkontroll","passkontroll","名词","","en","NTNU LearnNoW","02C","2","passkontrollen, passkontroller, passkontrollene","passkontroll · passkontrollen · passkontrollene · passkontroller","NOUN","True","","","","Ordbank 词头匹配"
"rope","rope","动词","","å","NTNU LearnNoW","02D","2","roper, ropte, har ropt","rop · rope · ropende · roper · ropes · ropt · ropte","VERB","True","","","","Ordbank 词头匹配"
"så","så","副词","","","NTNU LearnNoW","02B; 03D","2","","så · såa · sådd · sådde · såen · sående · såene · såer · sår · sås","ADV","True","","","","Ordbank 词头匹配"
"takk","takk","名词","","en","NTNU LearnNoW","02B","2","takken","takk · takka · takken · takkene · takker","NOUN","True","","","","Ordbank 词头匹配"
"takk","takk","名词","","","NTNU LearnNoW","02B","2","","takk · takka · takken · takkene · takker","NOUN; INTJ","True","","","","Ordbank 词头匹配"
"time","time","名词","","en","NTNU LearnNoW","02D; 08B","2","timen, timer, timene","tim · tima · time · timede · timen · timende · timene · timer · times · timet · timete","NOUN","True","","","","Ordbank 词头匹配"
"trettiåtte","trettiåtte","数词","","","NTNU LearnNoW","02C","2","","","","False","","","","常见屈折形式/透明构词人工归一；待复核"
"unnskyld","unnskyld","感叹词","","","NTNU LearnNoW","02B","2","","unnskyld","INTJ","True","","","","Ordbank 词头匹配"
"velkommen","velkommen","名词","","","NTNU LearnNoW","02D","2","","velkommen · velkomment · velkomne","NOUN; ADJ","True","","","","Ordbank 词头匹配"
"vi","vi","代词","","","NTNU LearnNoW","02A","2","","oss · vi","PRON","True","","","","Ordbank 词头匹配"
"bære","bære","动词","","å","NTNU LearnNoW; NTNU NoW1; NorweigenLearn 当前词库","03A; 03B","3","bære – bærer – bar – båret / bærer, bar, har båret","bær · bære · bærende · bærer · bæres · bar · båren · båret · bårne","VERB","True","搬、拿、背","Jeg bærer denne.","","Ordbank 词头匹配"
"forstå","forstå","动词","","å","NTNU LearnNoW; NTNU NoW1; NorweigenLearn 当前词库","03K; 04D","3","forstå – forstår – forsto – forstått / forstår, forstod, har forstått","forstå · forstående · forstår · forstås · forstått · forståtte · forsto · forstod","VERB","True","理解","Jeg forstår litt norsk.","","Ordbank 词头匹配"
"høre","høre","动词","","å","NTNU LearnNoW; NTNU NoW1; NorweigenLearn 当前词库","03D; 06P","3","høre – hører – hørte – hørt / hører, hørte, har hørt","hør · høre · hørende · hører · høres · hørt · hørte","VERB","True","听见","Jeg hører deg.","","Ordbank 词头匹配"
"andre","andre","形容词","","","NTNU LearnNoW; NTNU NoW1","03A; 04D","3","","andre","ADJ","True","","","","Ordbank 词头匹配"
"barnehage","barnehage","名词","","en","NTNU LearnNoW; NTNU NoW1","03A; 07A","3","barnehagen, barnehager, barnehagene","barnehage · barnehagen · barnehagene · barnehager","NOUN","True","","","","Ordbank 词头匹配"
"besøk","besøk","名词","","et","NTNU LearnNoW; NTNU NoW1","03C; 05P","3","besøket, besøk, besøkene","besøk · besøka · besøkene · besøket","NOUN","True","","","","Ordbank 词头匹配"
"besøke","besøke","动词","","å","NTNU LearnNoW; NTNU NoW1","03C; 10A","3","besøker, besøkte, har besøkt","besøk · besøke · besøkende · besøker · besøkes · besøkt · besøkte","VERB","True","","","","Ordbank 词头匹配"
"bilde","bilde","名词","","et","NTNU LearnNoW; NTNU NoW1","03D; 06M","3","bildet, bilder, bildene","bilda · bilde · bildene · bilder · bildet","NOUN","True","","","","Ordbank 词头匹配"
"brødskive","brødskive","名词","","ei","NTNU LearnNoW; NTNU NoW1","03P; 05A","3","brødskiva, brødskiver, brødskivene","brødskiva · brødskive · brødskiven · brødskivene · brødskiver","NOUN","True","","","","Ordbank 词头匹配"
"bror","bror","名词","","en","NTNU LearnNoW; NTNU NoW1","03M; 12A","3","broren, brødre, brødrene","brødre · brødrene · bror · broren","NOUN","True","","","","Ordbank 词头匹配"
"bygning","bygning","名词","","en","NTNU LearnNoW; NTNU NoW1","03K; 11C","3","bygningen, bygninger, bygningene","bygning · bygninga · bygningen · bygningene · bygninger","NOUN","True","","","","Ordbank 词头匹配"
"dette","dette","动词","","","NTNU LearnNoW; NTNU NoW1","03B; 04K","3","","datt · dett · dette · dettede · dettende · detter · dettes · dettet · dettete","VERB; DET","True","","","","Ordbank 词头匹配"
"din","din","限定词","","","NTNU LearnNoW; NTNU NoW1","03B; 07A","3","di, ditt, dine","di · din · dine · ditt","DET","True","","","","Ordbank 词头匹配"
"dusj","dusj","名词","","en","NTNU LearnNoW; NTNU NoW1","03C; 03P","3","dusjen, dusjer, dusjene","dusj · dusjen · dusjene · dusjer","NOUN","True","","","","Ordbank 词头匹配"
"etasje","etasje","名词","","en","NTNU LearnNoW; NTNU NoW1","03K; 05B","3","etasjen, etasjer, etasjene","etasje · etasjen · etasjene · etasjer","NOUN","True","","","","Ordbank 词头匹配"
"fire","fire","动词","","","NTNU LearnNoW; NTNU NoW1","03B; 04M","3","","fir · fira · fire · firede · firende · firer · fires · firet · firete · firt · firte","VERB; DET","True","","","","Ordbank 词头匹配"
"gang","gang","名词","","en","NTNU LearnNoW; NTNU NoW1","03C; 05P","3","gangen, ganger, gangene","gang · gangen · gangene · ganger","NOUN","True","","","","Ordbank 词头匹配"
"gitar","gitar","名词","","en","NTNU LearnNoW; NTNU NoW1","03M; 11C","3","gitaren, gitarer, gitarene","gitar · gitaren · gitarene · gitarer","NOUN","True","","","","Ordbank 词头匹配"
"gjest","gjest","名词","","en","NTNU LearnNoW; NTNU NoW1","03M; 12B","3","gjesten, gjester, gjestene","gjest · gjesten · gjestene · gjester","NOUN","True","","","","Ordbank 词头匹配"
"henne","henne","副词","","","NTNU LearnNoW; NTNU NoW1","03A; 04C","3","","henne","ADV","True","","","","Ordbank 词头匹配"
"hente","hente","动词","","å","NTNU LearnNoW; NTNU NoW1","03D; 03K","3","henter, hentet, har hentet","hent · henta · hente · hentede · hentende · henter · hentes · hentet · hentete","VERB","True","","","","Ordbank 词头匹配"
"kjenne","kjenne","动词","","å","NTNU LearnNoW; NTNU NoW1","03A; 10B","3","kjenner, kjente, har kjent","kjenn · kjenna · kjenne · kjennende · kjennene · kjenner · kjennes · kjennet · kjent · kjente","VERB","True","","","","Ordbank 词头匹配"
"koke","koke","动词","","å","NTNU LearnNoW; NTNU NoW1","03M; 06A","3","koker, kokte, har kokt","kok · koka · koke · koken · kokende · kokene · koker · kokes · kokt · kokte","VERB","True","","","","Ordbank 词头匹配"
"kone","kone","名词","","ei","NTNU LearnNoW; NTNU NoW1","03B; 07A","3","kona, koner, konene","kona · kone · konen · konene · koner","NOUN","True","","","","Ordbank 词头匹配"
"kontrakt","kontrakt","名词","","en","NTNU LearnNoW; NTNU NoW1","03K; 09B","3","kontrakten, kontrakter, kontraktene","kontrakt · kontrakten · kontraktene · kontrakter","NOUN","True","","","","Ordbank 词头匹配"
"løpe","løpe","动词","","å","NTNU LearnNoW; NorweigenLearn 当前词库","03C","3","løpe – løper – løp – løpt / løper, løp, har løpt","løp · løpe · løpende · løper · løpes · løpet · løpt · løpte","VERB","True","跑","Jeg løper hjem.","","Ordbank 词头匹配"
"måtte","måtte","动词","","å","NTNU LearnNoW; NorweigenLearn 当前词库","03A","3","må, måtte, har måttet / måtte – må – måtte – måttet","må · måtte · måttet","VERB","True","必须","Jeg må øve.","","Ordbank 词头匹配"
"skole","skole","名词","","en","NTNU LearnNoW; NorweigenLearn 当前词库","03A","3","en skole · skolen · skoler · skolene / skolen, skoler, skolene","skol · skole · skolen · skolende · skolene · skoler · skoles · skolt · skolte","NOUN","True","学校","Barnet går på skolen.","孩子去上学。","Ordbank 词头匹配"
"skulle","skulle","动词","","å","NTNU LearnNoW; NorweigenLearn 当前词库","03A","3","skal, skulle, har skullet / skulle – skal – skulle – skullet","skal · skulle · skullende · skullet","VERB","True","将要、计划","Jeg skal jobbe.","","Ordbank 词头匹配"
"tenke","tenke","动词","","å","NTNU LearnNoW; NorweigenLearn 当前词库","03A","3","tenke – tenker – tenkte – tenkt / tenker, tenkte, har tenkt","tenk · tenke · tenkende · tenker · tenkes · tenkt · tenkte","VERB","True","想、思考","Jeg tenker på framtida.","","Ordbank 词头匹配"
"ville","ville","动词","","å","NTNU LearnNoW; NorweigenLearn 当前词库","03C","3","vil, ville, har villet / ville – vil – ville – villet","vil · villa · ville · villede · villen · villende · villene · viller · villes · villet · villete","VERB","True","想、愿意","Jeg vil lære norsk.","","Ordbank 词头匹配"
"aldri","aldri","副词","","","NTNU NoW1","03A","3","","aldri","ADV","True","","","","Ordbank 词头匹配"
"alene","alene","副词","","","NTNU LearnNoW","03D","3","","alene","ADV","True","","","","Ordbank 词头匹配"
"av","av","介词","","","NTNU LearnNoW","03B","3","","AV","ADP","True","","","","Ordbank 词头匹配"
"balkong","balkong","名词","","en","NTNU LearnNoW","03C","3","balkongen, balkonger, balkongene","balkong · balkongen · balkongene · balkonger","NOUN","True","","","","Ordbank 词头匹配"
"benk","benk","名词","","en","NTNU LearnNoW","03C","3","benken, benker, benkene","benk · benken · benkene · benker","NOUN","True","","","","Ordbank 词头匹配"
"bluse","bluse","名词","","ei","NTNU LearnNoW","03D","3","blusa, bluser, blusene","blusa · bluse · blusen · blusene · bluser","NOUN","True","","","","Ordbank 词头匹配"
"bokhylle","bokhylle","名词","","ei","NTNU NoW1","03A","3","","bokhylla · bokhylle · bokhyllen · bokhyllene · bokhyller","NOUN","True","","","","Ordbank 词头匹配"
"borte","borte","副词","","","NTNU LearnNoW","03C","3","","borte","ADV","True","","","","Ordbank 词头匹配"
"bror","brødre","名词","","","NTNU NoW1","03M","3","","brødre · brødrene · bror · broren","NOUN","True","","","","常见屈折形式/透明构词人工归一；待复核"
"brun","brun","形容词","","","NTNU NoW1","03A","3","","brun · brune · brunere · brunest · bruneste · brunt","ADJ","True","","","","Ordbank 词头匹配"
"bukse","bukse","名词","","ei","NTNU LearnNoW","03D","3","buksa, bukser, buksene","buksa · bukse · buksen · buksene · bukser","NOUN","True","","","","Ordbank 词头匹配"
"da","da","符号","","","NTNU NoW1","03P; 05M","3","","da","SYM; SCONJ; ADV","True","","","","Ordbank 词头匹配"
"dele","dele","动词","","å","NTNU NoW1","03A","3","","del · dela · dele · delende · delene · deler · deles · delet · delt · delte","VERB","True","","","","Ordbank 词头匹配"
"der","der","副词","","","NTNU LearnNoW","03C","3","","der","ADV","True","","","","Ordbank 词头匹配"
"dessverre","dessverre","副词","","","NTNU NoW1","03K","3","","dessverre","ADV","True","","","","Ordbank 词头匹配"
"ennå","ennå","副词","","","NTNU NoW1","03K","3","","ennå","ADV","True","","","","Ordbank 词头匹配"
"etter","etter","介词","","","NTNU LearnNoW","03B","3","","etter","ADP","True","","","","Ordbank 词头匹配"
"etternavn","etternavn","名词","","et","NTNU NoW1","03K","3","","etternavn · etternavna · etternavnene · etternavnet","NOUN","True","","","","Ordbank 词头匹配"
"fæl","fæl","形容词","","","NTNU NoW1","03A","3","","fæl · fæle · fælere · fælest · fæleste · fælt","ADJ","True","","","","Ordbank 词头匹配"
"fin","fin","形容词","","","NTNU NoW1","03M","3","","fin · fine · finere · finest · fineste · fint","ADJ","True","","","","Ordbank 词头匹配"
"flyttebil","flyttebil","名词","","en","NTNU LearnNoW","03A","3","flyttebilen, flyttebiler, flyttebilene","","","False","","","","存在多个可能词头；需人工消歧"
"flyttebyrå","flyttebyrå","名词","","et","NTNU LearnNoW","03B","3","flyttebyrået, flyttebyråer, flyttebyråene","flyttebyrå · flyttebyråa · flyttebyråene · flyttebyråer · flyttebyrået","NOUN","True","","","","Ordbank 词头匹配"
"fødselsdato","fødselsdato","名词","","en","NTNU NoW1","03K","3","","","","False","","","","存在多个可能词头；需人工消歧"
"for","for","介词","","","NTNU LearnNoW","03D","3","","for · fora · forene · foret","ADP","True","","","","Ordbank 词头匹配"
"foran","foran","介词","","","NTNU LearnNoW","03D","3","","foran","ADP","True","","","","Ordbank 词头匹配"
"formiddag","formiddag","名词","","en","NTNU LearnNoW","03B","3","formiddagen, formiddager, formiddagene","formiddag · formiddagen · formiddagene · formiddager","NOUN","True","","","","Ordbank 词头匹配"
"første","første","形容词","","","NTNU NoW1","03K","3","","første","ADJ","True","","","","Ordbank 词头匹配"
"garasje","garasje","名词","","en","NTNU LearnNoW","03C","3","garasjen, garasjer, garasjene","garasje · garasjen · garasjene · garasjer","NOUN","True","","","","Ordbank 词头匹配"
"gardin","gardin","名词","","et","NTNU NoW1","03A","3","","gardin · gardina · gardinen · gardinene · gardiner · gardinet","NOUN","True","","","","Ordbank 词头匹配"
"gjennom","gjennom","介词","","","NTNU NoW1","03A","3","","gjennom","ADP","True","","","","Ordbank 词头匹配"
"grei","grei","形容词","","","NTNU LearnNoW","03C","3","greit, greie","grei · greie · greiere · greiest · greieste · greit","ADJ","True","","","","Ordbank 词头匹配"
"grei","greit","形容词","","","NTNU NoW1","03K","3","","grei · greie · greiere · greiest · greieste · greit","ADJ","True","","","","常见屈折形式/透明构词人工归一；待复核"
"hår","hår","名词","","et","NTNU LearnNoW","03D","3","håret, hår, hårene","hår · håra · hårene · håret","NOUN","True","","","","Ordbank 词头匹配"
"hjemme","hjemme","副词","","","NTNU NoW1","03A","3","","hjemme","ADV","True","","","","Ordbank 词头匹配"
"hjemme","hjemme","副词","","","NTNU LearnNoW","03A","3","","hjemme","ADV","True","","","","Ordbank 词头匹配"
"hjørne","hjørne","名词","","et","NTNU LearnNoW","03C","3","hjørnet, hjørner, hjørnene","hjørna · hjørne · hjørnene · hjørner · hjørnet","NOUN","True","","","","Ordbank 词头匹配"
"hoppe","hoppe","动词","","å","NTNU LearnNoW","03C","3","hopper, hoppet, har hoppet","hopp · hoppa · hoppe · hoppede · hoppen · hoppende · hoppene · hopper · hoppes · hoppet · hoppete","VERB","True","","","","Ordbank 词头匹配"
"høy","høy","名词","","","NTNU NoW1","03A; 09B","3","","høy · høya · høye · høyene · høyere · høyest · høyeste · høyet · høyt","NOUN; ADJ","True","","","","Ordbank 词头匹配"
"hybel","hybel","名词","","en","NTNU NoW1","03K","3","","hybel · hybelen · hyblene · hybler","NOUN","True","","","","Ordbank 词头匹配"
"hylle","hylle","名词","","ei","NTNU LearnNoW","03D","3","hylla, hyller, hyllene","hyll · hylla · hylle · hyllede · hyllen · hyllende · hyllene · hyller · hylles · hyllet · hyllete","NOUN","True","","","","Ordbank 词头匹配"
"inn","inn","副词","","","NTNU LearnNoW","03A","3","","inn","ADV","True","","","","Ordbank 词头匹配"
"inne","inne","副词","","","NTNU NoW1","03P","3","","inne","ADV","True","","","","Ordbank 词头匹配"
"instrument","instrument","名词","","et","NTNU NoW1","03M","3","","instrument · instrumenta · instrumentene · instrumenter · instrumentet","NOUN","True","","","","Ordbank 词头匹配"
"inventarliste","inventarliste","名词","","ei","NTNU NoW1","03K","3","","inventarlista · inventarliste · inventarlisten · inventarlistene · inventarlister","NOUN","True","","","","Ordbank 词头匹配"
"italiener","italiener","名词","","en","NTNU NoW1","03P","3","","italiener · italienere · italieneren · italienerne","NOUN","True","","","","Ordbank 词头匹配"
"jus","jus","名词","","en","NTNU NoW1","03P","3","","jus · jusen · jusene · juser · jussen · jussene · jusser","NOUN","True","","","","Ordbank 词头匹配"
"kalle","kalle","动词","","å","NTNU LearnNoW","03B","3","kaller, kalte, har kalt","kall · kalle · kallende · kaller · kalles · kalt · kalte","VERB","True","","","","Ordbank 词头匹配"
"kamera","kamera","名词","","et","NTNU LearnNoW","03D","3","kameraet, kameraer, kameraene","kamera · kameraene · kameraer · kameraet","NOUN","True","","","","Ordbank 词头匹配"
"kjempefin","kjempefint","形容词","","","NTNU LearnNoW","03D","3","kjempefint, kjempefine","kjempefint","ADJ","True","","","","按 Ordbank 屈折形式归回词头"
"kjempeflink","kjempeflink","形容词","","","NTNU NoW1","03M","3","","","","False","","","","常见屈折形式/透明构词人工归一；待复核"
"kjempesulten","kjempesulten","形容词","","","NTNU NoW1","03P","3","","","","False","","","","常见屈折形式/透明构词人工归一；待复核"
"kjøkkenbenk","kjøkkenbenk","名词","","en","NTNU NoW1","03M","3","","kjøkkenbenk · kjøkkenbenken · kjøkkenbenkene · kjøkkenbenker","NOUN","True","","","","Ordbank 词头匹配"
"klesskap","klesskap","名词","","et","NTNU LearnNoW","03D","3","klesskapet, klesskap, klesskapene","klesskap · klesskapa · klesskapene · klesskapet","NOUN","True","","","","Ordbank 词头匹配"
"komfyr","komfyr","名词","","en","NTNU LearnNoW","03C","3","komfyren, komfyrer, komfyrene","komfyr · komfyren · komfyrene · komfyrer","NOUN","True","","","","Ordbank 词头匹配"
"kommode","kommode","名词","","en","NTNU LearnNoW","03D","3","kommoden, kommoder, kommodene","kommode · kommoden · kommodene · kommoder","NOUN","True","","","","Ordbank 词头匹配"
"kvarter","kvarter","名词","","et","NTNU LearnNoW","03B","3","kvarteret, kvarterer, kvarterene","kvarter · kvartera · kvarterene · kvarterer · kvarteret","NOUN","True","","","","Ordbank 词头匹配"
"lastebil","lastebil","名词","","en","NTNU LearnNoW","03B","3","lastebilen, lastebiler, lastebilene","lastebil · lastebilen · lastebilene · lastebiler","NOUN","True","","","","Ordbank 词头匹配"
"le","le","动词","","å","NTNU LearnNoW","03A","3","ler, lo, har ledd","le · lea · ledd · ledde · leende · leene · leet · ler · les · lo","VERB","True","","","","Ordbank 词头匹配"
"lenestol","lenestol","名词","","en","NTNU LearnNoW","03C","3","lenestolen, lenestoler, lenestolene","lenestol · lenestolen · lenestolene · lenestoler","NOUN","True","","","","Ordbank 词头匹配"
"madrass","madrass","名词","","en","NTNU LearnNoW","03A","3","madrassen, madrasser, madrassene","madrass · madrassen · madrassene · madrasser","NOUN","True","","","","Ordbank 词头匹配"
"mandag","mandag","名词","","en","NTNU LearnNoW","03A","3","mandagen,  mandager,  mandagene","mandag · mandagen · mandagene · mandager","NOUN","True","","","","Ordbank 词头匹配"
"jeg","meg","代词","","","NTNU LearnNoW","03B","3","","jeg · jega · jegene · jeger · jeget · meg","NOUN; PRON","True","","","","常见屈折形式/透明构词人工归一；待复核"
"mellom","mellom","介词","","","NTNU LearnNoW","03D","3","","mellom","ADP","True","","","","Ordbank 词头匹配"
"min","min","限定词","","","NTNU LearnNoW","03B; 08D","3","mi, mitt, mine / min, mitt, mine","mi · min · mine · mitt","DET; ABBR","True","","","","Ordbank 词头匹配"
"møbel","møbel","名词","","et","NTNU LearnNoW","03B","3","møbelet, møbler, møblene","møbel · møbelet · møbla · møblene · møbler","NOUN","True","","","","Ordbank 词头匹配"
"morfar","morfar","名词","","en","NTNU LearnNoW","03C","3","morfaren, morfedre, morfedrene","morfar · morfaren · morfedre · morfedrene","NOUN","True","","","","Ordbank 词头匹配"
"mormor","mormor","名词","","ei","NTNU LearnNoW","03C","3","mormora, mormødre, mormødrene","mormødre · mormødrene · mormødrer · mormor · mormora · mormoren","NOUN","True","","","","Ordbank 词头匹配"
"morsom","morsom","形容词","","","NTNU LearnNoW","03A","3","morsomt, morsomme","morsom · morsomme · morsommere · morsomst · morsomste · morsomt","ADJ","True","","","","Ordbank 词头匹配"
"musikk","musikk","名词","","en","NTNU LearnNoW","03D","3","musikken (uncountable)","musikk · musikken · musikkene · musikker","NOUN","True","","","","Ordbank 词头匹配"
"nabohus","nabohus","名词","","et","NTNU LearnNoW","03B","3","nabohuset, nabohus, nabohusene","nabohus · nabohusa · nabohusene · nabohuset","NOUN","True","","","","Ordbank 词头匹配"
"oppvaskmaskin","oppvaskmaskin","名词","","en","NTNU LearnNoW","03C","3","oppvaskmaskinen, oppvaskmaskiner, oppvaskmaskinene","oppvaskmaskin · oppvaskmaskinen · oppvaskmaskinene · oppvaskmaskiner","NOUN","True","","","","Ordbank 词头匹配"
"ordne","ordne","动词","","å","NTNU LearnNoW","03D","3","ordner, ordnet, har ordnet","ordn · ordna · ordne · ordnede · ordnende · ordner · ordnes · ordnet · ordnete","VERB","True","","","","Ordbank 词头匹配"
"plass","plass","名词","","en","NTNU LearnNoW","03C","3","plassen, plasser, plassene","plass · plassen · plassene · plasser","NOUN","True","","","","Ordbank 词头匹配"
"riktig","riktig","形容词","","","NTNU LearnNoW","03B","3","riktig, riktige","riktig · riktige · riktigere · riktigst · riktigste","ADJ","True","","","","Ordbank 词头匹配"
"ringe","ringe","动词","","å","NTNU LearnNoW","03C","3","ringer, ringte, har ringt","ring · ringa · ringe · ringede · ringen · ringende · ringene · ringer · ringes · ringet · ringete · ringt · ringte","VERB","True","","","","Ordbank 词头匹配"
"rundt","rundt","介词","","","NTNU LearnNoW","03A","3","","rundt","ADP","True","","","","Ordbank 词头匹配"
"salongbord","salongbord","名词","","et","NTNU LearnNoW","03C","3","salongbordet, salongbord, salongbordene","salongbord · salongborda · salongbordene · salongborder · salongbordet","NOUN","True","","","","Ordbank 词头匹配"
"seks","seks","限定词","","","NTNU LearnNoW","03C","3","","seks","DET","True","","","","Ordbank 词头匹配"
"sjåfør","sjåfør","名词","","en","NTNU LearnNoW","03B","3","sjåføren, sjåfører, sjåførene","sjåfør · sjåføren · sjåførene · sjåfører","NOUN","True","","","","Ordbank 词头匹配"
"skap","skap","名词","","et","NTNU LearnNoW","03D","3","skapet, skap, skapene","skap · skapa · skapene · skapet","NOUN","True","","","","Ordbank 词头匹配"
"skjørt","skjørt","名词","","et","NTNU LearnNoW","03D","3","skjørtet, skjørt, skjørtene","skjørt · skjørta · skjørtene · skjørter · skjørtet","NOUN","True","","","","Ordbank 词头匹配"
"skrivebord","skrivebord","名词","","et","NTNU LearnNoW","03D","3","skrivebordet, skrivebord, skrivebordene","skrivebord · skriveborda · skrivebordene · skriveborder · skrivebordet","NOUN","True","","","","Ordbank 词头匹配"
"smile","smile","动词","","å","NTNU LearnNoW","03A","3","smiler, smilte, har smilt","smil · smile · smilende · smiler · smiles · smilt · smilte","VERB","True","","","","Ordbank 词头匹配"
"sminke","sminke","名词","","en","NTNU LearnNoW","03D","3","sminken, sminker, sminkene","smink · sminka · sminke · sminkede · sminken · sminkende · sminkene · sminker · sminkes · sminket · sminkete","NOUN","True","","","","Ordbank 词头匹配"
"snart","snart","副词","","","NTNU LearnNoW","03C","3","snart, snare","snarere · snarest · snart","ADV","True","","","","Ordbank 词头匹配"
"sofa","sofa","名词","","en","NTNU LearnNoW","03C","3","sofaen, sofaer, sofaene","sofa · sofaen · sofaene · sofaer","NOUN","True","","","","Ordbank 词头匹配"
"soverom","soverom","名词","","et","NTNU LearnNoW","03C","3","soveromet, soverom, soverommene","soverom · soveromma · soverommene · soverommet","NOUN","True","","","","Ordbank 词头匹配"
"speil","speil","名词","","et","NTNU LearnNoW","03D","3","speilet, speil, speilene","speil · speila · speilene · speilet","NOUN","True","","","","Ordbank 词头匹配"
"spisebord","spisebord","名词","","et","NTNU LearnNoW","03C","3","spisebordet, spisebord, spisebordene","spisebord · spiseborda · spisebordene · spiseborder · spisebordet","NOUN","True","","","","Ordbank 词头匹配"
"stoppe","stoppe","动词","","å","NTNU LearnNoW","03B","3","stopper, stoppet, har stoppet","stopp · stoppa · stoppe · stoppede · stoppende · stopper · stoppes · stoppet · stoppete","VERB","True","","","","Ordbank 词头匹配"
"stue","stue","名词","","ei","NTNU LearnNoW","03C","3","stua, stuer, stuene","stu · stua · stue · stuede · stuen · stuende · stuene · stuer · stues · stuet · stuete","NOUN","True","","","","Ordbank 词头匹配"
"synge","synge","动词","","å","NTNU LearnNoW","03D","3","synger, sang, har sunget","sang · sungen · sunget · sungne · syng · synge · syngende · synger · synges","VERB","True","","","","Ordbank 词头匹配"
"tirsdag","tirsdag","名词","","en","NTNU LearnNoW","03C","3","tirsdagen, tirsdager, tirsdagene","tirsdag · tirsdagen · tirsdagene · tirsdager","NOUN","True","","","","Ordbank 词头匹配"
"to","to","名词","","","NTNU LearnNoW","03B","3","","to · toa · toen · toene · toer · toet","NOUN; DET","True","","","","Ordbank 词头匹配"
"trapp","trapp","名词","","ei","NTNU LearnNoW","03C","3","trappa, trapper, trappene","trapp · trappa · trappen · trappene · trapper","NOUN","True","","","","Ordbank 词头匹配"
"tre","tre","动词","","","NTNU LearnNoW","03C","3","","trådt · trådte · trær · trærne · tre · trea · tredd · tredde · tredende · treende · treet · trer · tres","VERB; NOUN; DET","True","","","","Ordbank 词头匹配"
"undertøy","undertøy","名词","","et","NTNU LearnNoW","03D","3","undertøyet, undertøy, undertøyene","undertøy · undertøya · undertøyene · undertøyer · undertøyet","NOUN","True","","","","Ordbank 词头匹配"
"ut","ut","副词","","","NTNU LearnNoW","03B","3","","UT","ADV","True","","","","Ordbank 词头匹配"
"utenfor","utenfor","介词","","","NTNU LearnNoW","03B","3","","utenfor","ADP","True","","","","Ordbank 词头匹配"
"våken","våken","形容词","","","NTNU LearnNoW","03A","3","våkent, våkne","våken · våkent · våkne · våknere · våknest · våkneste","ADJ","True","","","","Ordbank 词头匹配"
"våkne","våkne","动词","","å","NTNU LearnNoW","03A","3","våkner, våknet, har våknet","våkn · våkna · våkne · våknede · våknende · våkner · våknes · våknet · våknete","VERB","True","","","","Ordbank 词头匹配"
"vaskemaskin","vaskemaskin","名词","","en","NTNU LearnNoW","03C","3","vaskemaskinen, vaskemaskiner, vaskemaskinene","vaskemaskin · vaskemaskinen · vaskemaskinene · vaskemaskiner","NOUN","True","","","","Ordbank 词头匹配"
"ved","ved","介词","","","NTNU LearnNoW","03D","3","","ved · veden · vedene · veder","ADP","True","","","","Ordbank 词头匹配"
"vegg","vegg","名词","","en","NTNU LearnNoW","03D","3","veggen, vegger, veggene","vegg · veggen · veggene · vegger","NOUN","True","","","","Ordbank 词头匹配"
"bok","bok","名词","","ei","NTNU LearnNoW; NTNU NoW1; NorweigenLearn 当前词库","04M; 08A","4","boka, bøker, bøkene / ei bok · boka · bøker · bøkene","bok · boka · boken · bokene · bøkene · boker · bøker","NOUN","True","书","Jeg leser ei bok på norsk.","我读一本挪威语书。","Ordbank 词头匹配"
"gi","gi","动词","","å","NTNU LearnNoW; NTNU NoW1; NorweigenLearn 当前词库","04A; 07A","4","gi – gir – ga – gitt / gir, ga, har gitt","ga · gav · gi · giende · gir · gis · gitt · gitte","VERB","True","给","Jeg gir ham boka.","","Ordbank 词头匹配"
"banan","banan","名词","","en","NTNU LearnNoW; NTNU NoW1","04K; 05D","4","bananen, bananer, bananene","banan · bananen · bananene · bananer","NOUN","True","","","","Ordbank 词头匹配"
"bestemme","bestemme","动词","","å","NTNU LearnNoW; NTNU NoW1","04M; 08B","4","bestemmer, bestemte, har bestemt","bestem · bestemme · bestemmende · bestemmer · bestemmes · bestemt · bestemte","VERB","True","","","","Ordbank 词头匹配"
"denne","denne","限定词","","","NTNU LearnNoW; NTNU NoW1","04K; 06A","4","dette, disse","denne","DET","True","","","","Ordbank 词头匹配"
"disse","disse","动词","","","NTNU LearnNoW; NTNU NoW1","04K; 06A","4","","diss · dissa · disse · dissede · dissen · dissende · dissene · disser · disses · disset · dissete","VERB; NOUN; DET","True","","","","Ordbank 词头匹配"
"dusje","dusje","动词","","å","NTNU LearnNoW; NTNU NoW1","04B; 06K","4","dusjer, dusjet, har dusjet","dusj · dusja · dusje · dusjede · dusjende · dusjer · dusjes · dusjet · dusjete","VERB","True","","","","Ordbank 词头匹配"
"eller","eller","并列连词","","","NTNU LearnNoW; NTNU NoW1","04D; 06M","4","","eller","CCONJ","True","","","","Ordbank 词头匹配"
"fotball","fotball","名词","","en","NTNU LearnNoW; NTNU NoW1","04A; 06M","4","fotballen, fotballer, fotballene","fotball · fotballen · fotballene · fotballer","NOUN","True","","","","Ordbank 词头匹配"
"gave","gave","名词","","en","NTNU LearnNoW; NTNU NoW1","04C; 10B","4","gaven, gaver, gavene","gava · gave · gaven · gavene · gaver","NOUN","True","","","","Ordbank 词头匹配"
"genser","genser","名词","","en","NTNU LearnNoW; NTNU NoW1","04A; 12A","4","genseren, gensere, genserne","genser · gensere · genseren · genserne","NOUN","True","","","","Ordbank 词头匹配"
"handle","handle","动词","","å","NTNU LearnNoW; NTNU NoW1","04K; 05C","4","handler, handlet, har handlet","handl · handla · handle · handlede · handlende · handler · handles · handlet · handlete","VERB","True","","","","Ordbank 词头匹配"
"hans","hans","限定词","","","NTNU LearnNoW; NTNU NoW1","04B; 07A","4","","hans","DET","True","","","","Ordbank 词头匹配"
"hver","hver","限定词","","","NTNU LearnNoW; NTNU NoW1","04A; 07B","4","hvert","hver · hvert","DET","True","","","","Ordbank 词头匹配"
"hvilken","hvilket","限定词","","","NTNU LearnNoW; NTNU NoW1","04C; 04K","4","","hvilke · hvilken · hvilket","DET","True","","","","常见屈折形式/透明构词人工归一；待复核"
"invitere","invitere","动词","","å","NTNU LearnNoW; NTNU NoW1","04P; 11A","4","inviterer, inviterte, har invitert","inviter · invitere · inviterende · inviterer · inviteres · invitert · inviterte","VERB","True","","","","Ordbank 词头匹配"
"kake","kake","名词","","ei","NTNU LearnNoW; NTNU NoW1","04M; 06D","4","kaka, kaker, kakene","kak · kaka · kake · kakede · kaken · kakende · kakene · kaker · kakes · kaket · kakete","NOUN","True","","","","Ordbank 词头匹配"
"kakestykke","kakestykke","名词","","et","NTNU LearnNoW; NTNU NoW1","04M; 06D","4","kakestykket, kakestykker, kakestykkene","kakestykka · kakestykke · kakestykkene · kakestykker · kakestykket","NOUN","True","","","","Ordbank 词头匹配"
"kasse","kasse","名词","","ei","NTNU LearnNoW; NTNU NoW1","04K; 05C","4","kassa, kasser, kassene","kassa · kasse · kassen · kassene · kasser","NOUN","True","","","","Ordbank 词头匹配"
"klasse","klasse","名词","","en","NTNU LearnNoW; NTNU NoW1","04D; 07B","4","klassen, klasser, klassene","klass · klassa · klasse · klassede · klassen · klassende · klassene · klasser · klasses · klasset · klassete","NOUN","True","","","","Ordbank 词头匹配"
"klem","klem","名词","","en","NTNU LearnNoW; NTNU NoW1","04A; 08B","4","klemmen, klemmer, klemmene","klem · klemmen · klemmene · klemmer","NOUN","True","","","","Ordbank 词头匹配"
"klesbutikk","klesbutikk","名词","","en","NTNU LearnNoW; NTNU NoW1","04A; 06C","4","klesbutikken, klesbutikker, klesbutikkene","klesbutikk · klesbutikken · klesbutikkene · klesbutikker","NOUN","True","","","","Ordbank 词头匹配"
"kontor","kontor","名词","","et","NTNU LearnNoW; NTNU NoW1","04B; 06K","4","kontoret, kontorer, kontorene","kontor · kontora · kontorene · kontorer · kontoret","NOUN","True","","","","Ordbank 词头匹配"
"lese","lese","动词","","å","NTNU LearnNoW; NorweigenLearn 当前词库","04D","4","lese – leser – leste – lest / leser, leste, har lest","les · lese · lesende · leser · leses · lest · leste","VERB","True","读","Jeg leser ei bok.","","Ordbank 词头匹配"
"mene","mene","动词","","å","NTNU LearnNoW; NorweigenLearn 当前词库","04C","4","mene – mener – mente – ment / mener, mente, har ment","men · mene · menende · mener · menes · ment · mente","VERB","True","认为；意思是","Jeg mener det.","","Ordbank 词头匹配"
"treffe","treffe","动词","","å","NTNU LearnNoW; NorweigenLearn 当前词库","04B; 07D","4","treffe – treffer – traff – truffet / treffer, traff, har truffet","traff · treff · treffe · treffende · treffer · treffes · truffen · truffet · trufne","VERB","True","见到、碰见","Jeg treffer henne.","","Ordbank 词头匹配"
"allerede","allerede","副词","","","NTNU LearnNoW","04B","4","","allerede","ADV","True","","","","Ordbank 词头匹配"
"allerede","allerede","副词","","","NTNU NoW1","04M","4","","allerede","ADV","True","","","","Ordbank 词头匹配"
"annen","annen","限定词","","","NTNU NoW1","04P","4","","andre · anna · annen · annet","DET; ADJ","True","","","","Ordbank 词头匹配"
"åpne","åpne","动词","","å","NTNU LearnNoW","04C","4","åpner, åpnet, har åpnet","åpn · åpna · åpne · åpnede · åpnende · åpner · åpnes · åpnet · åpnete","VERB","True","","","","Ordbank 词头匹配"
"åtte","åtte","限定词","","","NTNU LearnNoW","04B","4","","åtte","DET","True","","","","Ordbank 词头匹配"
"august","august","名词","","","NTNU LearnNoW","04C","4","","august · augusten · augustene · auguster","NOUN","True","","","","Ordbank 词头匹配"
"bagett","bagett","名词","","en","NTNU NoW1","04M","4","","bagett · bagetten · bagettene · bagetter","NOUN","True","","","","Ordbank 词头匹配"
"bakeri","bakeri","名词","","et","NTNU NoW1","04M","4","","bakeri · bakeria · bakeriene · bakerier · bakeriet","NOUN","True","","","","Ordbank 词头匹配"
"banke","banke","动词","","å","NTNU NoW1","04M","4","","bank · banka · banke · bankede · banken · bankende · bankene · banker · bankes · banket · bankete","VERB","True","","","","Ordbank 词头匹配"
"bekreftelse","bekreftelse","名词","","en","NTNU NoW1","04P","4","","bekreftelse · bekreftelsen · bekreftelsene · bekreftelser","NOUN","True","","","","Ordbank 词头匹配"
"billig","billig","形容词","","","NTNU NoW1","04K","4","","billig · billige · billigere · billigst · billigste","ADJ","True","","","","Ordbank 词头匹配"
"blå","blå","形容词","","","NTNU NoW1","04A","4","","blå · blåe · blåere · blåest · blåeste · blått","ADJ","True","","","","Ordbank 词头匹配"
"bokhandel","bokhandel","名词","","en","NTNU NoW1","04M","4","","bokhandel · bokhandelen · bokhandlene · bokhandler","NOUN","True","","","","Ordbank 词头匹配"
"bolle","bolle","名词","","ei","NTNU NoW1","04K","4","","boll · bolla · bolle · bollede · bollen · bollende · bollene · boller · bolles · bollet · bollete","NOUN","True","","","","Ordbank 词头匹配"
"brev","brev","名词","","et","NTNU NoW1","04P","4","","brev · breva · brevene · brever · brevet","NOUN","True","","","","Ordbank 词头匹配"
"brødhylle","brødhylle","名词","","ei","NTNU NoW1","04K","4","","","","False","","","","存在多个可能词头；需人工消歧"
"da","da","副词","","","NTNU LearnNoW","04D","4","","da","ADV","True","","","","Ordbank 词头匹配"
"derfor","derfor","副词","","","NTNU NoW1","04P","4","","derfor","ADV","True","","","","Ordbank 词头匹配"
"dessuten","dessuten","副词","","","NTNU NoW1","04A","4","","dessuten","ADV","True","","","","Ordbank 词头匹配"
"dit","dit","副词","","","NTNU NoW1","04P","4","","dit","ADV","True","","","","Ordbank 词头匹配"
"dyne","dyne","名词","","ei","NTNU NoW1","04M","4","","dyna · dyne · dynen · dynene · dyner","NOUN","True","","","","Ordbank 词头匹配"
"dyr","dyr","名词","","","NTNU NoW1","04K","4","","dyr · dyra · dyre · dyrene · dyrere · dyrest · dyreste · dyret · dyrt","NOUN; ADJ","True","","","","Ordbank 词头匹配"
"faktisk","faktisk","形容词","","","NTNU NoW1","04M","4","","faktisk · faktiske","ADJ","True","","","","Ordbank 词头匹配"
"fin","fin","形容词","","","NTNU LearnNoW","04B","4","fint, fine","fin · fine · finere · finest · fineste · fint","ADJ","True","","","","Ordbank 词头匹配"
"fødselsdag","fødselsdag","名词","","en","NTNU LearnNoW","04C","4","fødselsdagen, fødselsdager, fødselsdagene","fødselsdag · fødselsdagen · fødselsdagene · fødselsdager","NOUN","True","","","","Ordbank 词头匹配"
"forklare","forklare","动词","","å","NTNU LearnNoW","04D","4","forklarer, forklarte, har forklart","forklar · forklare · forklarende · forklarer · forklares · forklart · forklarte","VERB","True","","","","Ordbank 词头匹配"
"fornøyd","fornøyd","形容词","","","NTNU NoW1","04A","4","","fornøyd · fornøyde","ADJ","True","","","","Ordbank 词头匹配"
"forresten","forresten","副词","","","NTNU NoW1","04K","4","","forresten","ADV","True","","","","Ordbank 词头匹配"
"først","først","副词","","","NTNU LearnNoW","04D","4","","først","ADV","True","","","","Ordbank 词头匹配"
"fotoautomat","fotoautomat","名词","","en","NTNU NoW1","04P","4","","","","False","","","","存在多个可能词头；需人工消歧"
"fram","fram","副词","","","NTNU LearnNoW","04D","4","","fram","ADV","True","","","","Ordbank 词头匹配"
"frimerke","frimerke","名词","","et","NTNU NoW1","04K","4","","frimerka · frimerke · frimerkene · frimerker · frimerket","NOUN","True","","","","Ordbank 词头匹配"
"fruktdisk","fruktdisk","名词","","en","NTNU NoW1","04K","4","","","","False","","","","存在多个可能词头；需人工消歧"
"ganske","ganske","副词","","","NTNU NoW1","04A","4","","ganske","ADV","True","","","","Ordbank 词头匹配"
"gebyr","gebyr","名词","","et","NTNU NoW1","04P","4","","gebyr · gebyra · gebyrene · gebyrer · gebyret","NOUN","True","","","","Ordbank 词头匹配"
"gjerne","gjerne","副词","","","NTNU LearnNoW","04C","4","","gjerne · heller · helst","ADV","True","","","","Ordbank 词头匹配"
"gøy","gøy","形容词","","","NTNU LearnNoW","04A","4","","gøy · gøye · gøyere · gøyest · gøyeste","ADJ","True","","","","Ordbank 词头匹配"
"grå","grå","形容词","","","NTNU NoW1","04A","4","","grå · gråe · gråere · gråest · gråeste · grått","ADJ","True","","","","Ordbank 词头匹配"
"grønn","grønn","形容词","","","NTNU NoW1","04A","4","","grønn · grønne · grønnere · grønnest · grønneste · grønt","ADJ","True","","","","Ordbank 词头匹配"
"halv","halv","形容词","","","NTNU LearnNoW","04B","4","halvt, halve","halv · halve · halvt","ADJ","True","","","","Ordbank 词头匹配"
"handlekurv","handlekurv","名词","","en","NTNU NoW1","04M","4","","handlekurv · handlekurva · handlekurven · handlekurvene · handlekurver","NOUN","True","","","","Ordbank 词头匹配"
"handlevogn","handlevogn","名词","","ei","NTNU NoW1","04K","4","","handlevogn · handlevogna · handlevognen · handlevognene · handlevogner","NOUN","True","","","","Ordbank 词头匹配"
"heldigvis","heldigvis","副词","","","NTNU NoW1","04K","4","","heldigvis","ADV","True","","","","Ordbank 词头匹配"
"helseforsikring","helseforsikring","名词","","en","NTNU NoW1","04P","4","","","","False","","","","存在多个可能词头；需人工消歧"
"hjem","hjem","名词","","","NTNU NoW1","04K","4","","hjem · hjemma · hjemmene · hjemmet","NOUN; ADV","True","","","","Ordbank 词头匹配"
"hm","hm","感叹词","","","NTNU LearnNoW","04D","4","","hm","INTJ","True","","","","Ordbank 词头匹配"
"hos","hos","介词","","","NTNU LearnNoW","04A","4","","hos","ADP","True","","","","Ordbank 词头匹配"
"høyre","høyre","形容词","","","NTNU LearnNoW","04D","4","","høyra · høyre · høyren · høyrene · høyrer","ADJ","True","","","","Ordbank 词头匹配"
"humør","humør","名词","","et","NTNU NoW1","04M","4","","humør · humøra · humørene · humøret","NOUN","True","","","","Ordbank 词头匹配"
"hundre","hundre","名词","","","NTNU LearnNoW","04D","4","","hundra · hundre · hundrene · hundrer · hundret","NOUN; DET","True","","","","Ordbank 词头匹配"
"ingen","ingen","限定词","","","NTNU LearnNoW","04A","4","","inga · ingen · intet","DET","True","","","","Ordbank 词头匹配"
"ingenting","ingenting","名词","","","NTNU LearnNoW","04D","4","","ingenting","NOUN; DET","True","","","","Ordbank 词头匹配"
"interessant","interessant","形容词","","","NTNU NoW1","04M","4","","interessant · interessante","ADJ","True","","","","Ordbank 词头匹配"
"interiørbutikk","interiørbutikk","名词","","en","NTNU NoW1","04M","4","","","","False","","","","存在多个可能词头；需人工消歧"
"is","is","名词","","en","NTNU LearnNoW","04A","4","isen, iser, isene","is · isen · isene · iser","NOUN","True","","","","Ordbank 词头匹配"
"jernbanestasjon","jernbanestasjon","名词","","en","NTNU NoW1","04P","4","","jernbanestasjon · jernbanestasjonen · jernbanestasjonene · jernbanestasjoner","NOUN","True","","","","Ordbank 词头匹配"
"kald","kald","形容词","","","NTNU NoW1","04A","4","","kald · kalde · kaldere · kaldest · kaldeste · kaldt","ADJ","True","","","","Ordbank 词头匹配"
"kjær","kjær","形容词","","","NTNU LearnNoW","04D","4","kjært, kjære","kjær · kjære · kjærere · kjærest · kjæreste · kjært","ADJ","True","","","","Ordbank 词头匹配"
"kjempebra","kjempebra","形容词","","","NTNU NoW1","04M","4","","kjempebra","ADJ","True","","","","Ordbank 词头匹配"
"kjøledisk","kjøledisk","名词","","en","NTNU NoW1","04K","4","","kjøledisk · kjøledisken · kjølediskene · kjøledisker","NOUN","True","","","","Ordbank 词头匹配"
"klokke","klokka","名词","","","NTNU LearnNoW","04B","4","","klokk · klokka · klokke · klokkede · klokken · klokkende · klokkene · klokker · klokkes · klokket · klokkete","VERB; NOUN","True","","","","常见屈折形式/透明构词人工归一；待复核"
"koselig","koselig","形容词","","","NTNU NoW1","04M","4","","koselig · koselige · koseligere · koseligst · koseligste","ADJ","True","","","","Ordbank 词头匹配"
"koselig","koselig","形容词","","","NTNU LearnNoW","04A","4","koselig, koselige","koselig · koselige · koseligere · koseligst · koseligste","ADJ","True","","","","Ordbank 词头匹配"
"kryss","kryss","名词","","et","NTNU LearnNoW","04C","4","krysset, kryss, kryssene","kryss · kryssa · kryssene · krysset","NOUN","True","","","","Ordbank 词头匹配"
"kvart","kvart","名词","","","NTNU LearnNoW","04B","4","","kvart · kvarte · kvarten · kvartene · kvarter","NOUN; ADJ","True","","","","Ordbank 词头匹配"
"løfte","løfte","动词","","å","NTNU LearnNoW","04A","4","løfter, løftet, har løftet","løft · løfta · løfte · løftede · løftende · løftene · løfter · løftes · løftet · løftete","VERB","True","","","","Ordbank 词头匹配"
"lomme","lomme","名词","","ei","NTNU LearnNoW","04D","4","lomma, lommer, lommene","lomma · lomme · lommen · lommene · lommer","NOUN","True","","","","Ordbank 词头匹配"
"lyskryss","lyskryss","名词","","et","NTNU LearnNoW","04C","4","lyskrysset, lyskryss, lyskryssene","lyskryss · lyskryssa · lyskryssene · lyskrysset","NOUN","True","","","","Ordbank 词头匹配"
"matbu","matbu","名词","","ei","NTNU LearnNoW","04C","4","matbua, matbuer, matbuene","matbu · matbua · matbuen · matbuene · matbuer","NOUN","True","","","","Ordbank 词头匹配"
"meter","meter","名词","","en","NTNU LearnNoW","04D","4","meteren, meter, metrene","meter · metere · meteren · meterne","NOUN","True","","","","Ordbank 词头匹配"
"minutt","minutt","名词","","et","NTNU LearnNoW","04A","4","minuttet, minutter, minuttene","minutt · minutta · minuttene · minutter · minuttet","NOUN","True","","","","Ordbank 词头匹配"
"nabolag","nabolag","名词","","et","NTNU LearnNoW","04B","4","nabolaget, nabolag, nabolagene","nabolag · nabolaga · nabolagene · nabolaget","NOUN","True","","","","Ordbank 词头匹配"
"nær","nær","形容词","","","NTNU LearnNoW","04B","4","nært, nære","nær · nære · nærere · nærest · næreste · nærmere · nærmest · nærmeste · nært","ADJ","True","","","","Ordbank 词头匹配"
"nærhet","nærhet","名词","","en","NTNU LearnNoW","04B","4","nærheten, - , nærhetene","nærhet · nærheta · nærheten · nærhetene · nærheter","NOUN","True","","","","Ordbank 词头匹配"
"niende","niende","形容词","","","NTNU LearnNoW","04D","4","","niende","ADJ","True","","","","Ordbank 词头匹配"
"onsdag","onsdag","名词","","en","NTNU LearnNoW","04D","4","onsdagen, onsdager, onsdagene","onsdag · onsdagen · onsdagene · onsdager","NOUN","True","","","","Ordbank 词头匹配"
"opp","opp","副词","","","NTNU LearnNoW","04A","4","","opp","ADV","True","","","","Ordbank 词头匹配"
"over","over","介词","","","NTNU LearnNoW","04B","4","","over","ADP","True","","","","Ordbank 词头匹配"
"pakke","pakke","名词","","en","NTNU LearnNoW","04C","4","pakken, pakker, pakkene","pakk · pakka · pakke · pakkede · pakken · pakkende · pakkene · pakker · pakkes · pakket · pakkete","NOUN","True","","","","Ordbank 词头匹配"
"postkontor","postkontor","名词","","en","NTNU LearnNoW","04C","4","posten / postkontoret, postkontor, postkontorene","postkontor · postkontora · postkontorene · postkontorer · postkontoret","NOUN","True","","","","Ordbank 词头匹配"
"retning","retning","名词","","en","NTNU LearnNoW","04C","4","retningen, retninger, retningene","retning · retninga · retningen · retningene · retninger","NOUN","True","","","","Ordbank 词头匹配"
"rett","rett","形容词","","","NTNU LearnNoW","04C","4","rett, rette","rett · rette · retten · rettene · retter · rettere · rettest · retteste","ADJ","True","","","","Ordbank 词头匹配"
"samme","samme","限定词","","","NTNU LearnNoW","04C","4","","samme","DET","True","","","","Ordbank 词头匹配"
"sann","sann","形容词","","","NTNU LearnNoW","04A","4","sant, sanne","sann · sanne · sannere · sannest · sanneste · sant","ADJ","True","","","","Ordbank 词头匹配"
"sein","sein","形容词","","","NTNU LearnNoW","04C","4","seint, seine","sein · seine · seinere · seinest · seineste · seint","ADJ","True","","","","Ordbank 词头匹配"
"sende","sende","动词","","å","NTNU LearnNoW","04C","4","sender, sendte, har sendt","send · sende · sendende · sender · sendes · sendt · sendte","VERB","True","","","","Ordbank 词头匹配"
"siden","siden","副词","","","NTNU LearnNoW","04C","4","","siden","ADV","True","","","","Ordbank 词头匹配"
"sist","sist","形容词","","","NTNU LearnNoW","04B","4","sist, siste","sist · siste","ADJ","True","","","","Ordbank 词头匹配"
"sju","sju","限定词","","","NTNU LearnNoW","04B","4","","sju","DET","True","","","","Ordbank 词头匹配"
"spille","spille","动词","","å","NTNU LearnNoW","04A","4","spiller, spilte, har spilt","spill · spille · spillende · spiller · spilles · spilt · spilte","VERB","True","","","","Ordbank 词头匹配"
"straks","straks","副词","","","NTNU LearnNoW","04C","4","","straks · straksen · straksene · strakser","ADV","True","","","","Ordbank 词头匹配"
"sykehus","sykehus","名词","","et","NTNU LearnNoW","04B","4","sykehuset, sykehus, sykehusene","sykehus · sykehusa · sykehusene · sykehuset","NOUN","True","","","","Ordbank 词头匹配"
"takke","takke","动词","","å","NTNU LearnNoW","04C","4","takker, takket, har takket","takk · takka · takke · takkede · takken · takkende · takkene · takker · takkes · takket · takkete","VERB","True","","","","Ordbank 词头匹配"
"tegne","tegne","动词","","å","NTNU LearnNoW","04D","4","tegner, tegnet, har tegnet","tegn · tegna · tegne · tegnede · tegnende · tegner · tegnes · tegnet · tegnete","VERB","True","","","","Ordbank 词头匹配"
"ti","ti","符号","","","NTNU LearnNoW","04A","4","","Ti · tien · tiene · tier","SYM; NOUN; ADV; DET","True","","","","Ordbank 词头匹配"
"tiende","tiende","名词","","","NTNU LearnNoW","04C","4","","tiende · tienden · tiendene · tiender","NOUN; ADJ","True","","","","Ordbank 词头匹配"
"tur","tur","名词","","en","NTNU LearnNoW","04C","4","turen, turer, turene","tur · turen · turene · turer","NOUN","True","","","","Ordbank 词头匹配"
"tusen","tusen","名词","","","NTNU LearnNoW","04C","4","","tusen · tusena · tusenene · tusener · tusenet","NOUN; DET","True","","","","Ordbank 词头匹配"
"ungdomsskole","ungdomsskole","名词","","en","NTNU LearnNoW","04D","4","ungdomsskolen, ungdomsskoler, ungdomsskolene","ungdomsskole · ungdomsskolen · ungdomsskolene · ungdomsskoler","NOUN","True","","","","Ordbank 词头匹配"
"veikryss","veikryss","名词","","et","NTNU LearnNoW","04C","4","veikrysset, veikryss, veikryssene","veikryss · veikryssa · veikryssene · veikrysset","NOUN","True","","","","Ordbank 词头匹配"
"vekke","vekke","动词","","å","NTNU LearnNoW","04B","4","vekker, vekket, har vekket","vakt · vakte · vekk · vekka · vekke · vekkede · vekken · vekkende · vekkene · vekker · vekkes · vekket · vekkete · vekt · vekte","VERB","True","","","","Ordbank 词头匹配"
"vel","vel","副词","","","NTNU LearnNoW","04D","4","","vel · vela · velene · velet","ADV","True","","","","Ordbank 词头匹配"
"venstre","venstre","名词","","","NTNU LearnNoW","04D","4","","venstra · venstre · venstren · venstrene · venstrer","NOUN; ADJ","True","","","","Ordbank 词头匹配"
"vise","vise","动词","","å","NTNU LearnNoW","04D","4","viser, viste, har vist","vis · visa · vise · visen · visende · visene · viser · vises · vist · viste","VERB","True","","","","Ordbank 词头匹配"
"holde","holde","动词","","å","NTNU LearnNoW; NTNU NoW1; NorweigenLearn 当前词库","05M; 09C","5","holde – holder – holdt – holdt / holder, holdt, har holdt","hold · holde · holdende · holder · holdes · holdt · holdte","VERB","True","拿住；保持","Jeg holder døra.","","Ordbank 词头匹配"
"alle","alle","名词","","","NTNU LearnNoW; NTNU NoW1","05B; 06K","5","","alle · alleen · alleene · alleer","NOUN","True","","","","Ordbank 词头匹配"
"appelsin","appelsin","名词","","en","NTNU LearnNoW; NTNU NoW1","05D; 08A","5","appelsinen, appelsiner, appelsinene","appelsin · appelsinen · appelsinene · appelsiner","NOUN","True","","","","Ordbank 词头匹配"
"bestemor","bestemor","名词","","ei","NTNU LearnNoW; NTNU NoW1","05D; 07A","5","bestemora, bestemødre, bestemødrene","bestemødre · bestemødrene · bestemødrer · bestemor · bestemora · bestemoren","NOUN","True","","","","Ordbank 词头匹配"
"bestille","bestille","动词","","å","NTNU LearnNoW; NTNU NoW1","05M; 06D","5","bestiller, bestilte, har bestilt","bestill · bestille · bestillende · bestiller · bestilles · bestilt · bestilte","VERB","True","","","","Ordbank 词头匹配"
"bygge","bygge","动词","","å","NTNU LearnNoW; NTNU NoW1","05P; 07C","5","bygger, bygde, har bygd","bygd · bygde · bygg · bygge · byggede · byggende · bygger · bygges · bygget · byggete","VERB","True","","","","Ordbank 词头匹配"
"diskutere","diskutere","动词","","å","NTNU LearnNoW; NTNU NoW1","05B; 07B","5","diskuterer, diskuterte, har diskutert","diskuter · diskutere · diskuterende · diskuterer · diskuteres · diskutert · diskuterte","VERB","True","","","","Ordbank 词头匹配"
"én","én","限定词","","","NTNU LearnNoW; NTNU NoW1","05B; 09A","5","","éi · én · ett","DET","True","","","","Ordbank 词头匹配"
"flink","flink","形容词","","","NTNU LearnNoW; NorweigenLearn 当前词库","05B","5","flinkere – flinkest / flinkt, flinke","flink · flinke · flinkere · flinkest · flinkeste · flinkt","ADJ","True","擅长的；能干的","Hun blir flinkere til å snakke norsk.","她会越来越擅长说挪威语。","Ordbank 词头匹配"
"gågate","gågate","名词","","ei","NTNU LearnNoW; NTNU NoW1","05A; 06B","5","gågata, gågater, gågatene","gågata · gågate · gågaten · gågatene · gågater","NOUN","True","","","","Ordbank 词头匹配"
"gate","gate","名词","","ei","NTNU LearnNoW; NTNU NoW1","05A; 06B","5","gata, gater, gatene","gata · gate · gaten · gatene · gater","NOUN","True","","","","Ordbank 词头匹配"
"greie","greie","动词","","å","NTNU LearnNoW; NTNU NoW1","05A; 09D","5","greier, greide, har greid","grei · greia · greid · greide · greie · greien · greiende · greiene · greier · greies · greiet","VERB","True","","","","Ordbank 词头匹配"
"historie","historie","名词","","ei","NTNU LearnNoW; NTNU NoW1","05A; 08D","5","historia, historier, historiene","historia · historie · historien · historiene · historier","NOUN","True","","","","Ordbank 词头匹配"
"hverandre","hverandre","代词","","","NTNU LearnNoW; NTNU NoW1","05M; 07D","5","","hverandre","PRON","True","","","","Ordbank 词头匹配"
"kanskje","kanskje","副词","","","NTNU LearnNoW; NorweigenLearn 当前词库","05C","5","不变形","kanskje","ADV","True","也许；可能","Kanskje flytter jeg neste år.","也许我明年会搬家。","Ordbank 词头匹配"
"kantine","kantine","名词","","ei","NTNU LearnNoW; NTNU NoW1","05B; 09A","5","kantina, kantiner, kantinene","kantina · kantine · kantinen · kantinene · kantiner","NOUN","True","","","","Ordbank 词头匹配"
"kirke","kirke","名词","","ei","NTNU LearnNoW; NTNU NoW1","05P; 06B","5","kirka, kirker, kirkene","kirka · kirke · kirken · kirkene · kirker","NOUN","True","","","","Ordbank 词头匹配"
"kollega","kollega","名词","","en","NTNU LearnNoW; NTNU NoW1","05B; 10B","5","kollegaen, kollegaer, kollegaene","kollega · kollegaen · kollegaene · kollegaer · kollegene · kolleger","NOUN","True","","","","Ordbank 词头匹配"
"konge","konge","名词","","en","NTNU LearnNoW; NTNU NoW1","05P; 11B","5","kongen, konger, kongene","konge · kongen · kongene · konger","NOUN","True","","","","Ordbank 词头匹配"
"mål","mål","名词","","et","NTNU LearnNoW; NorweigenLearn 当前词库","05B","5","et mål – målet – mål – målene / målet, mål, målene","mål · måla · målene · målet","NOUN","True","目标","Målet mitt er å snakke bedre norsk.","我的目标是把挪威语说得更好。","Ordbank 词头匹配"
"administrasjon","administrasjon","名词","","en","NTNU LearnNoW","05C","5","administrasjonen, -er, -ene","administrasjon · administrasjonen · administrasjonene · administrasjoner","NOUN","True","","","","Ordbank 词头匹配"
"ansikt","ansikt","名词","","et","NTNU NoW1","05M","5","","ansikt · ansikta · ansiktene · ansikter · ansiktet","NOUN","True","","","","Ordbank 词头匹配"
"arbeide","arbeide","动词","","å","NTNU LearnNoW","05C","5","arbeider, arbeidet, har arbeidet","arbeid · arbeida · arbeidd · arbeidde · arbeide · arbeidede · arbeidende · arbeider · arbeides · arbeidet · arbeidete","VERB","True","","","","Ordbank 词头匹配"
"atten","atten","限定词","","","NTNU LearnNoW","05C","5","","atten","DET","True","","","","Ordbank 词头匹配"
"bestefar","bestefar","名词","","en","NTNU NoW1","05M","5","","bestefar · bestefaren · bestefedre · bestefedrene","NOUN","True","","","","Ordbank 词头匹配"
"blå","blå","形容词","","","NTNU LearnNoW","05D","5","blått, blåe","blå · blåe · blåere · blåest · blåeste · blått","ADJ","True","","","","Ordbank 词头匹配"
"bli","bli","动词","","","NTNU NoW1","05P","5","","ble · blei · bleiv · blev · bli · blir · blis · blitt · blitte · blivende","VERB","True","","","","Ordbank 词头匹配"
"brenne","brenne","动词","","","NTNU NoW1","05P","5","","brant · brenn · brenne · brennende · brenner · brennes · brent · brente","VERB","True","","","","Ordbank 词头匹配"
"brenne","brenne","动词","","å","NTNU NoW1","05P","5","","brant · brenn · brenne · brennende · brenner · brennes · brent · brente","VERB","True","","","","Ordbank 词头匹配"
"brosjyre","brosjyre","名词","","en","NTNU NoW1","05A","5","","brosjyre · brosjyren · brosjyrene · brosjyrer","NOUN","True","","","","Ordbank 词头匹配"
"bygge","bygge","动词","","","NTNU NoW1","05P","5","","bygd · bygde · bygg · bygge · byggede · byggende · bygger · bygges · bygget · byggete","VERB","True","","","","Ordbank 词头匹配"
"bytur","bytur","名词","","en","NTNU NoW1","05K","5","","bytur · byturen · byturene · byturer","NOUN","True","","","","Ordbank 词头匹配"
"ca","ca","符号","","","NTNU NoW1","05P","5","","Ca","SYM","True","","","","Ordbank 词头匹配"
"dessverre","dessverre","副词","","","NTNU LearnNoW","05B","5","","dessverre","ADV","True","","","","Ordbank 词头匹配"
"dø","dø","动词","","å","NTNU NoW1","05P","5","","dø · dødd · dødde · døde · døende · dør · døs","VERB","True","","","","Ordbank 词头匹配"
"dø","dø","动词","","","NTNU NoW1","05P","5","","dø · dødd · dødde · døde · døende · dør · døs","VERB","True","","","","Ordbank 词头匹配"
"dra","dra","动词","","","NTNU NoW1","05A","5","","dra · dradd · dradde · dragende · drar · dras · dratt · dratte · dro · drog","VERB","True","","","","Ordbank 词头匹配"
"drikke","drikke","动词","","","NTNU NoW1","05K; 08A","5","","drakk · drikk · drikka · drikke · drikken · drikkende · drikkene · drikker · drikkes · drikket · drukken · drukket · drukne","VERB; NOUN","True","","","","Ordbank 词头匹配"
"dyr","dyr","形容词","","","NTNU LearnNoW","05B","5","dyrt, dyre","dyr · dyra · dyre · dyrene · dyrere · dyrest · dyreste · dyret · dyrt","ADJ","True","","","","Ordbank 词头匹配"
"elske","elske","动词","","å","NTNU LearnNoW","05D","5","elsker, elsket, har elsket","elsk · elska · elske · elskede · elskende · elsker · elskes · elsket · elskete","VERB","True","","","","Ordbank 词头匹配"
"engelsk","engelsk","形容词","","","NTNU LearnNoW","05B","5","engelsk, engelske","engelsk · engelske · engelsken · engelskene · engelsker","ADJ","True","","","","Ordbank 词头匹配"
"etter","etter","从属连词","","","NTNU NoW1","05K","5","","etter","SCONJ; ADP","True","","","","Ordbank 词头匹配"
"få","få","动词","","","NTNU NoW1","05M; 06A","5","","få · fående · får · fås · fått · fåtte · fikk","VERB; DET","True","","","","Ordbank 词头匹配"
"farge","farge","名词","","en","NTNU NoW1","05M","5","","farg · farga · farge · fargede · fargen · fargende · fargene · farger · farges · farget · fargete","NOUN","True","","","","Ordbank 词头匹配"
"fattig","fattig","形容词","","","NTNU NoW1","05M","5","","fattig · fattige · fattigere · fattigst · fattigste","ADJ","True","","","","Ordbank 词头匹配"
"ferdig","ferdig","形容词","","","NTNU LearnNoW","05C","5","ferdig, ferdige","ferdig · ferdige","ADJ","True","","","","Ordbank 词头匹配"
"fersk","fersk","形容词","","","NTNU LearnNoW","05B","5","ferskt, ferske","fersk · ferske · ferskere · ferskest · ferskeste · ferskt","ADJ","True","","","","Ordbank 词头匹配"
"finne","finne","动词","","","NTNU NoW1","05K","5","","fant · finn · finne · finnen · finnende · finnene · finner · finnes · funne · funnen · funnet","VERB; NOUN","True","","","","Ordbank 词头匹配"
"fisk","fisk","名词","","en","NTNU LearnNoW","05C","5","fisken, fisker, fiskene","fisk · fisken · fiskene · fisker","NOUN","True","","","","Ordbank 词头匹配"
"fiskemarked","fiskemarked","名词","","et","NTNU NoW1","05A","5","","","","False","","","","存在多个可能词头；需人工消歧"
"foran","foran","介词","","","NTNU NoW1","05A","5","","foran","ADP","True","","","","Ordbank 词头匹配"
"forrige","forrige","形容词","","","NTNU NoW1","05A","5","","forrige","ADJ","True","","","","Ordbank 词头匹配"
"forskjellig","forskjellig","形容词","","","NTNU NoW1","05M","5","","forskjellig · forskjellige · forskjelligere · forskjelligst · forskjelligste","ADJ","True","","","","Ordbank 词头匹配"
"fortsette","fortsette","动词","","å","NTNU LearnNoW","05C","5","fortsetter, forsatte, har fortsatt","fortsatt · fortsatte · fortsett · fortsette · fortsettende · fortsetter · fortsettes","VERB","True","","","","Ordbank 词头匹配"
"fotballspiller","fotballspiller","名词","","en","NTNU LearnNoW","05B","5","fotballspilleren, fotballspillere, fotballspillerne","fotballspiller · fotballspillere · fotballspilleren · fotballspillerne","NOUN","True","","","","Ordbank 词头匹配"
"frukt","frukt","名词","","en","NTNU LearnNoW","05C","5","frukten, frukter, fruktene","frukt · frukta · frukten · fruktene · frukter","NOUN","True","","","","Ordbank 词头匹配"
"gå","gå","动词","","","NTNU NoW1","05K; 06P","5","","gå · gående · går · gås · gått · gåtte · gikk","VERB","True","","","","Ordbank 词头匹配"
"gjennom","gjennom","介词","","","NTNU LearnNoW","05B","5","","gjennom","ADP","True","","","","Ordbank 词头匹配"
"glad","glad","名词","","","NTNU NoW1","05M","5","","glad · glada · glade · gladene · gladere · gladest · gladeste · gladet","NOUN; ADJ","True","","","","Ordbank 词头匹配"
"glass","glass","名词","","et","NTNU LearnNoW","05A","5","glasset, glass, glassene","glass · glassa · glassene · glasset","NOUN","True","","","","Ordbank 词头匹配"
"grav","grav","名词","","en","NTNU NoW1","05P","5","","grav · grava · graven · gravene · graver · gravet","NOUN","True","","","","Ordbank 词头匹配"
"greie","greide","动词","","","NTNU NoW1","05A","5","","grei · greia · greid · greide · greie · greien · greiende · greiene · greier · greies · greiet","VERB; NOUN","True","","","","常见屈折形式/透明构词人工归一；待复核"
"grønnsak","grønnsak","名词","","en","NTNU LearnNoW","05C","5","grønnsaken, grønnsaker, grønnsakene","grønnsak · grønnsaka · grønnsaken · grønnsakene · grønnsaker","NOUN","True","","","","Ordbank 词头匹配"
"grov","grov","形容词","","","NTNU LearnNoW","05C","5","grovt, grove","grov · grove · grovere · grovest · groveste · grøvst · grøvste · grovt","ADJ","True","","","","Ordbank 词头匹配"
"guide","guide","名词","","en","NTNU NoW1","05P","5","","guid · guida · guide · guidede · guiden · guidende · guidene · guider · guides · guidet · guidete","NOUN","True","","","","Ordbank 词头匹配"
"gul","gul","形容词","","","NTNU LearnNoW","05A","5","gult, gule","gul · gule · gulere · gulest · guleste · gult","ADJ","True","","","","Ordbank 词头匹配"
"gulrot","gulrot","名词","","ei","NTNU LearnNoW","05C","5","gulrota, gulrøtter, gulrøttene","gulrot · gulrota · gulroten · gulrøttene · gulrøtter","NOUN","True","","","","Ordbank 词头匹配"
"ha","ha","动词","","","NTNU NoW1","05A","5","","ha · hadde · haende · har · has · hatt","VERB; SYM; INTJ","True","","","","Ordbank 词头匹配"
"hel","hel","名词","","","NTNU NoW1","05M","5","","hel · hele · helt","NOUN; ADJ","True","","","","Ordbank 词头匹配"
"hemmelig","hemmelig","形容词","","","NTNU NoW1","05M","5","","hemmelig · hemmelige · hemmeligere · hemmeligst · hemmeligste","ADJ","True","","","","Ordbank 词头匹配"
"hjelpe","hjelpe","动词","","","NTNU NoW1","05A","5","","hjalp · hjelp · hjelpe · hjelpende · hjelper · hjelpes · hjulpen · hjulpet · hjulpne","VERB","True","","","","Ordbank 词头匹配"
"hvilken","hvilke","限定词","","","NTNU LearnNoW","05B","5","","hvilke · hvilken · hvilket","DET","True","","","","常见屈折形式/透明构词人工归一；待复核"
"igjen","igjen","副词","","","NTNU NoW1","05P","5","","igjen","ADV","True","","","","Ordbank 词头匹配"
"katedral","katedral","名词","","en","NTNU NoW1","05P","5","","katedral · katedralen · katedralene · katedraler","NOUN","True","","","","Ordbank 词头匹配"
"katt","katt","名词","","en","NTNU LearnNoW","05A","5","katten, katter, kattene","katt · katten · kattene · katter","NOUN","True","","","","Ordbank 词头匹配"
"kilo","kilo","名词","","et","NTNU LearnNoW","05C","5","kiloet, kiloer, kiloene","kilo · kiloa · kiloen · kiloene · kiloet","NOUN","True","","","","Ordbank 词头匹配"
"kjær","kjær","形容词","","","NTNU NoW1","05M","5","","kjær · kjære · kjærere · kjærest · kjæreste · kjært","ADJ","True","","","","Ordbank 词头匹配"
"kjempegod","kjempegod","形容词","","","NTNU NoW1","05M","5","","kjempegod · kjempegode · kjempegodt","ADJ","True","","","","Ordbank 词头匹配"
"kjøtt","kjøtt","名词","","et","NTNU LearnNoW","05C","5","kjøttet","kjøtt · kjøtta · kjøttene · kjøttet","NOUN","True","","","","Ordbank 词头匹配"
"klappe","klappe","动词","","å","NTNU LearnNoW","05A","5","klapper, klappet, har klappet","klapp · klappa · klappe · klappede · klappende · klapper · klappes · klappet · klappete","VERB","True","","","","Ordbank 词头匹配"
"klar","klar","形容词","","","NTNU LearnNoW","05B; 08C","5","klart, klare","klar · klare · klarere · klarest · klareste · klart","ADJ","True","","","","Ordbank 词头匹配"
"kylling","kylling","名词","","en","NTNU LearnNoW","05C","5","kyllingen, kyllinger, kyllingene","kylling · kyllingen · kyllingene · kyllinger","NOUN","True","","","","Ordbank 词头匹配"
"lag","lag","名词","","et","NTNU LearnNoW","05B","5","laget, lag, lagene","lag · laga · lagene · laget","NOUN","True","","","","Ordbank 词头匹配"
"laks","laks","名词","","en","NTNU LearnNoW","05C","5","laksen, lakser, laksene","laks · laksen · laksene · lakser","NOUN","True","","","","Ordbank 词头匹配"
"liter","liter","名词","","en","NTNU LearnNoW","05C","5","literen, liter, literne","liter · literen · literne","NOUN","True","","","","Ordbank 词头匹配"
"litt","litt","形容词","","","NTNU LearnNoW","05C","5","","litt","DET","True","","","","Ordbank 词头匹配"
"loff","loff","名词","","en","NTNU LearnNoW","05C","5","loffen, loffer, loffene","loff · loffen · loffene · loffer","NOUN","True","","","","Ordbank 词头匹配"
"lyst","lyst","名词","","en","NTNU LearnNoW","05D","5","lysten, lyster, lystene","lyst · lysta · lysten · lystene · lyster","NOUN","True","","","","Ordbank 词头匹配"
"mange","mange","形容词","","","NTNU LearnNoW","05B","5","","fler · flere · flest · fleste · mange","ADJ","True","","","","Ordbank 词头匹配"
"mens","mens","名词","","","NTNU LearnNoW","05B","5","","mens · mensen · mensene · menser","NOUN; SCONJ","True","","","","Ordbank 词头匹配"
"mer","mer","形容词","","","NTNU LearnNoW","05C","5","","mer","ADJ","True","","","","Ordbank 词头匹配"
"mett","mett","形容词","","","NTNU LearnNoW","05A","5","mett, mette","mett · mette · mettere · mettest · metteste","ADJ","True","","","","Ordbank 词头匹配"
"middag","middag","名词","","en","NTNU LearnNoW","05C","5","middagen, middager, middagene","middag · middagen · middagene · middager","NOUN","True","","","","Ordbank 词头匹配"
"mot","mot","介词","","","NTNU LearnNoW","05B","5","","mot · mota · motene · motet","ADP","True","","","","Ordbank 词头匹配"
"noen","noen","限定词","","","NTNU LearnNoW","05B","5","","noe · noen","DET","True","","","","Ordbank 词头匹配"
"nr","nr","名词","","","NTNU LearnNoW","05B","5","","","","False","","","","存在多个可能词头；需人工消歧"
"nummer","nummer","名词","","et","NTNU LearnNoW","05B","5","nummeret, nummer/numre, numrene","nummer · nummera · nummeret · numre · numrene","NOUN","True","","","","Ordbank 词头匹配"
"nysgjerrig","nysgjerrig","形容词","","","NTNU LearnNoW","05D","5","nysgjerrig, nysgjerrige","nysgjerrig · nysgjerrige · nysgjerrigere · nysgjerrigst · nysgjerrigste","ADJ","True","","","","Ordbank 词头匹配"
"oi","oi","感叹词","","","NTNU LearnNoW","05D","5","","oi","INTJ","True","","","","Ordbank 词头匹配"
"om","om","名词","","","NTNU LearnNoW","05B","5","","om · omen · omene · omer","NOUN; ADP; SCONJ","True","","","","Ordbank 词头匹配"
"ost","ost","名词","","en","NTNU LearnNoW","05A","5","osten, oster, ostene","ost · osten · ostene · oster","NOUN","True","","","","Ordbank 词头匹配"
"pålegg","pålegg","名词","","et","NTNU LearnNoW","05C","5","pålegget, pålegg, påleggene","pålegg · pålegga · påleggene · pålegget","NOUN","True","","","","Ordbank 词头匹配"
"paprika","paprika","名词","","en","NTNU LearnNoW","05C","5","paprikaen, paprikaer, paprikaene","paprika · paprikaen · paprikaene · paprikaer","NOUN","True","","","","Ordbank 词头匹配"
"potet","potet","名词","","en","NTNU LearnNoW","05C","5","poteten, poteter, potetene","potet · poteta · poteten · potetene · poteter","NOUN","True","","","","Ordbank 词头匹配"
"prate","prate","动词","","å","NTNU LearnNoW","05D","5","prater, pratet, har pratet","prat · prata · prate · pratede · pratende · prater · prates · pratet · pratete","VERB","True","","","","Ordbank 词头匹配"
"rød","rød","形容词","","","NTNU LearnNoW","05B","5","rødt, røde","rød · røde · rødere · rødest · rødeste · rødt","ADJ","True","","","","Ordbank 词头匹配"
"rundstykke","rundstykke","名词","","et","NTNU LearnNoW","05B","5","rundstykket, rundstykker, rundstykkene","rundstykka · rundstykke · rundstykkene · rundstykker · rundstykket","NOUN","True","","","","Ordbank 词头匹配"
"sakte","sakte","副词","","","NTNU LearnNoW","05D","5","","sakt · sakta · sakte · saktede · saktende · sakter · saktere · saktes · saktest · sakteste · saktet · saktete","VERB; ADJ","True","","","","Ordbank 词头匹配"
"salami","salami","名词","","en","NTNU LearnNoW","05C","5","salamien, salamier, salamiene","salami · salamien · salamiene · salamier","NOUN","True","","","","Ordbank 词头匹配"
"seg","seg","代词","","","NTNU LearnNoW","05D","5","","seg","PRON","True","","","","Ordbank 词头匹配"
"selvfølgelig","selvfølgelig","形容词","","","NTNU LearnNoW","05B","5","selvfølgelig, selvfølgelige","selvfølgelig · selvfølgelige","ADJ","True","","","","Ordbank 词头匹配"
"skinke","skinke","名词","","en","NTNU LearnNoW","05A","5","skinken, skinker, skinkene","skinka · skinke · skinken · skinkene · skinker","NOUN","True","","","","Ordbank 词头匹配"
"skinne","skinne","动词","","å","NTNU LearnNoW","05B","5","skinner, skinte, har skint","skein · skinn · skinna · skinne · skinnen · skinnende · skinnene · skinner · skinnes · skint · skinte","VERB","True","","","","Ordbank 词头匹配"
"skive","skive","名词","","ei","NTNU LearnNoW","05A","5","skiva, skiver, skivene","skiv · skiva · skive · skivede · skiven · skivende · skivene · skiver · skives · skivet · skivete","NOUN","True","","","","Ordbank 词头匹配"
"søt","søt","形容词","","","NTNU LearnNoW","05A","5","søtt, søte","søt · søte · søtere · søtest · søteste · søtt","ADJ","True","","","","Ordbank 词头匹配"
"spansk","spansk","形容词","","","NTNU LearnNoW","05B","5","spansk, spanske","spansk · spanske · spansken · spanskene · spansker","ADJ","True","","","","Ordbank 词头匹配"
"spesiell","spesiell","形容词","","","NTNU LearnNoW","05B","5","spesielt, spesielle","spesiell · spesielle · spesielt","ADJ","True","","","","Ordbank 词头匹配"
"spiller","spiller","名词","","en","NTNU LearnNoW","05B","5","spilleren, spillere, spillerne","spiller · spillere · spilleren · spillerne","NOUN","True","","","","Ordbank 词头匹配"
"svensk","svensk","形容词","","","NTNU LearnNoW","05B","5","svensk, svenske","svensk · svenske · svensken · svenskene · svensker","ADJ","True","","","","Ordbank 词头匹配"
"sykepleier","sykepleier","名词","","en","NTNU LearnNoW","05C","5","sykepleieren, sykepleiere, sykepleierne","sykepleier · sykepleiere · sykepleieren · sykepleierne","NOUN","True","","","","Ordbank 词头匹配"
"syltetøy","syltetøy","名词","","et","NTNU LearnNoW","05C","5","syltetøyet, syltetøy, syltetøyene","syltetøy · syltetøya · syltetøyene · syltetøyer · syltetøyet","NOUN","True","","","","Ordbank 词头匹配"
"te","te","名词","","","NTNU LearnNoW","05A","5","teen (uncountable)","te · tedd · tedde · teen · teende · teene · teer · ter · tes","NOUN","True","","","","Ordbank 词头匹配"
"terrasse","terrasse","名词","","en","NTNU LearnNoW","05B","5","terrassen, terrasser, terrassene","terrasse · terrassen · terrassene · terrasser","NOUN","True","","","","Ordbank 词头匹配"
"tolv","tolv","限定词","","","NTNU LearnNoW","05B","5","","tolv","DET","True","","","","Ordbank 词头匹配"
"ung","ung","形容词","","","NTNU LearnNoW","05B","5","ungt, unge","ung · unge · ungt · yngre · yngst · yngste","ADJ","True","","","","Ordbank 词头匹配"
"ute","ute","副词","","","NTNU LearnNoW","05A","5","","ute","ADV","True","","","","Ordbank 词头匹配"
"vær","vær","名词","","","NTNU LearnNoW","05B","5","været (uncountable)","vær · væra · væren · værene · værer · været","NOUN","True","","","","Ordbank 词头匹配"
"vår","vår","名词","","","NTNU LearnNoW","05A","5","","vår · våre · våren · vårene · vårer · vårt","NOUN; DET","True","","","","Ordbank 词头匹配"
"veldig","veldig","形容词","","","NTNU LearnNoW","05B","5","veldig, veldige","veldig · veldige","ADJ","True","","","","Ordbank 词头匹配"
"venninne","venninne","名词","","ei","NTNU LearnNoW","05D","5","venninna, venninner, venninnene","venninna · venninne · venninnen · venninnene · venninner","NOUN","True","","","","Ordbank 词头匹配"
"verden","verden","名词","","en","NTNU LearnNoW","05B","5","verdenen, verdener, verdenene","verden · verdenen · verdenene · verdener","NOUN","True","","","","Ordbank 词头匹配"
"vinne","vinne","动词","","å","NTNU LearnNoW","05B; 11A","5","vinner, vant, har vunnet","vant · vinn · vinna · vinne · vinnen · vinnende · vinnene · vinner · vinnes · vint · vinte · vunne · vunnen · vunnet","VERB","True","","","","Ordbank 词头匹配"
"håpe","håpe","动词","","å","NTNU LearnNoW; NTNU NoW1; NorweigenLearn 当前词库","06P; 09A","6","håper – håpet – har håpet / håper, håpet, har håpet","håp · håpa · håpe · håpede · håpende · håper · håpes · håpet · håpete · håpt · håpte","VERB","True","希望","Jeg håper å få mer tid.","我希望能有更多时间。","Ordbank 词头匹配"
"anbefale","anbefale","动词","","å","NTNU LearnNoW; NTNU NoW1","06C; 10A","6","anbefaler, anbefalte, har anbefalt","anbefal · anbefale · anbefalende · anbefaler · anbefales · anbefalt · anbefalte","VERB","True","","","","Ordbank 词头匹配"
"begge","begge","限定词","","","NTNU LearnNoW; NTNU NoW1","06P; 08D","6","","begge","DET","True","","","","Ordbank 词头匹配"
"bibliotek","bibliotek","名词","","et","NTNU LearnNoW; NTNU NoW1","06A; 06D","6","biblioteket, biblioteker, bibliotekene","bibliotek · biblioteka · bibliotekene · biblioteker · biblioteket","NOUN","True","","","","Ordbank 词头匹配"
"bygg","bygg","名词","","et","NTNU LearnNoW; NTNU NoW1","06K; 07B","6","bygget, bygg, byggene","bygg · bygga · byggen · byggene · bygger · bygget","NOUN","True","","","","Ordbank 词头匹配"
"e-post","e-post","名词","","en","NTNU LearnNoW; NTNU NoW1","06K; 07B","6","e-posten, e-poster, e-postene","e-post · e-posten · e-postene · e-poster","NOUN","True","","","","Ordbank 词头匹配"
"fordi","fordi","从属连词","","","NTNU LearnNoW; NTNU NoW1","06P; 08D","6","","fordi","SCONJ","True","","","","Ordbank 词头匹配"
"kino","kino","名词","","en","NTNU LearnNoW; NTNU NoW1","06D; 07B","6","kinoen, kinoer, kinoene","kino · kinoen · kinoene · kinoer","NOUN","True","","","","Ordbank 词头匹配"
"konsert","konsert","名词","","en","NTNU LearnNoW; NTNU NoW1","06M; 11D","6","konserten, konserter, konsertene","konsert · konserten · konsertene · konserter","NOUN","True","","","","Ordbank 词头匹配"
"kurs","kurs","名词","","et","NTNU LearnNoW; NTNU NoW1","06P; 08B","6","kurset, kurs, kursene","kurs · kursa · kursen · kursene · kurser · kurset","NOUN","True","","","","Ordbank 词头匹配"
"sove","sove","动词","","å","NTNU LearnNoW; NorweigenLearn 当前词库","06A","6","sove – sover – sov – sovet / sover, sov, har sovet","sov · sove · soven · sovende · sover · soves · sovet · sovne","VERB","True","睡","Jeg sover godt.","","Ordbank 词头匹配"
"synes","synes","动词","","å","NTNU LearnNoW; NorweigenLearn 当前词库","06C","6","synes – synes – syntes – syntes / synes, syntes, har syntes","synes · syns · syntes","VERB","True","觉得、认为","Jeg synes det.","","Ordbank 词头匹配"
"vite","vite","动词","","å","NTNU LearnNoW; NorweigenLearn 当前词库","06C; 07C; 11B","6","vet, visste, har visst / vite – vet – visste – visst","veit · vet · visst · visste · vit · vite · vitende · vites","VERB","True","知道","Jeg vet det.","","Ordbank 词头匹配"
"akkurat","akkurat","副词","","","NTNU LearnNoW","06C","6","","akkurat","ADV","True","","","","Ordbank 词头匹配"
"annen","annen","形容词","","","NTNU LearnNoW","06C; 06D","6","anna (f), annet (n), andre (pl)","andre · anna · annen · annet","ADJ","True","","","","Ordbank 词头匹配"
"arkitektstudent","arkitektstudent","名词","","en","NTNU NoW1","06A","6","","","","False","","","","存在多个可能词头；需人工消歧"
"arrangement","arrangement","名词","","et","NTNU NoW1","06M","6","","arrangement · arrangementa · arrangementene · arrangementer · arrangementet","NOUN","True","","","","Ordbank 词头匹配"
"arrangere","arrangere","动词","","å","NTNU NoW1","06M","6","","arranger · arrangere · arrangerende · arrangerer · arrangeres · arrangert · arrangerte","VERB","True","","","","Ordbank 词头匹配"
"auditorium","auditorium","名词","","et","NTNU NoW1","06P","6","","auditoria · auditoriene · auditorier · auditoriet · auditorium","NOUN","True","","","","Ordbank 词头匹配"
"avgift","avgift","名词","","en","NTNU NoW1","06K","6","","avgift · avgifta · avgiften · avgiftene · avgifter","NOUN","True","","","","Ordbank 词头匹配"
"bank","bank","名词","","en","NTNU LearnNoW","06B","6","banken, banker, bankene","bank · banka · banken · bankene · banker · banket","NOUN","True","","","","Ordbank 词头匹配"
"barne-TV","barne-TV","名词","","en","NTNU LearnNoW","06B","6","barne-TV-en, barne-TV-er, barne-TV-ene","barne-TV · barne-TV-en · barne-TV-ene · barne-TV-er","NOUN","True","","","","Ordbank 词头匹配"
"billig","billig","形容词","","","NTNU LearnNoW","06C","6","billig, billige","billig · billige · billigere · billigst · billigste","ADJ","True","","","","Ordbank 词头匹配"
"bok","bok","名词","","","NTNU NoW1","06K","6","","bok · boka · boken · bokene · bøkene · boker · bøker","NOUN","True","","","","Ordbank 词头匹配"
"bokstav","bokstav","名词","","en","NTNU LearnNoW","06C","6","bokstaven, bokstaver, bokstavene","bokstav · bokstaven · bokstavene · bokstaver","NOUN","True","","","","Ordbank 词头匹配"
"brun","brun","形容词","","","NTNU LearnNoW","06A","6","brunt, brune","brun · brune · brunere · brunest · bruneste · brunt","ADJ","True","","","","Ordbank 词头匹配"
"campus","campus","名词","","en","NTNU NoW1","06K","6","","campus · campusen · campusene · campuser","NOUN","True","","","","Ordbank 词头匹配"
"cola","cola","名词","","en","NTNU LearnNoW","06D","6","colaen, colaer, colaene","cola · colaen · colaene · colaer","NOUN","True","","","","Ordbank 词头匹配"
"dagsbillett","dagsbillett","名词","","en","NTNU NoW1","06M","6","","","","False","","","","存在多个可能词头；需人工消歧"
"danse","danse","动词","","å","NTNU NoW1","06M","6","","dans · dansa · danse · dansede · dansende · danser · danses · danset · dansete","VERB","True","","","","Ordbank 词头匹配"
"dekke","dekke","动词","","å","NTNU LearnNoW","06A","6","dekker, dekket, har dekket","dekk · dekka · dekke · dekkede · dekkende · dekkene · dekker · dekkes · dekket · dekkete · dekt · dekte","VERB","True","","","","Ordbank 词头匹配"
"disk","disk","名词","","en","NTNU LearnNoW","06D","6","disken, disker, diskene","disk · disken · diskene · disker","NOUN","True","","","","Ordbank 词头匹配"
"dit","dit","副词","","","NTNU LearnNoW","06B","6","","dit","ADV","True","","","","Ordbank 词头匹配"
"eksempel","eksempel","名词","","et","NTNU LearnNoW","06C","6","eksempelet, eksempler, eksemplene","eksempel · eksempelet · eksempla · eksemplene · eksempler","NOUN","True","","","","Ordbank 词头匹配"
"elegant","elegant","形容词","","","NTNU LearnNoW","06C","6","elegant, elegante","elegant · elegante","ADJ","True","","","","Ordbank 词头匹配"
"elleve","elleve","限定词","","","NTNU LearnNoW","06C","6","","elleve","DET","True","","","","Ordbank 词头匹配"
"eplekake","eplekake","名词","","ei","NTNU LearnNoW","06D","6","eplekaka, eplekaker, eplekakene","eplekaka · eplekake · eplekaken · eplekakene · eplekaker","NOUN","True","","","","Ordbank 词头匹配"
"femhundrelapp","femhundrelapp","名词","","en","NTNU LearnNoW","06C","6","femhundrelappen, femhundrelapper, femhundrelappene","","","False","","","","存在多个可能词头；需人工消歧"
"festival","festival","名词","","en","NTNU NoW1","06M","6","","festival · festivalen · festivalene · festivaler","NOUN","True","","","","Ordbank 词头匹配"
"flaske","flaske","名词","","ei","NTNU LearnNoW","06D","6","flaska, flasker, flaskene","flask · flaska · flaske · flaskede · flasken · flaskende · flaskene · flasker · flaskes · flasket · flaskete","NOUN","True","","","","Ordbank 词头匹配"
"før","før","形容词","","","NTNU NoW1","06K","6","","før · føre · førere · førest · føreste · ført","ADJ; SCONJ; ADP","True","","","","Ordbank 词头匹配"
"foreleser","foreleser","名词","","en","NTNU NoW1","06A","6","","foreleser · forelesere · foreleseren · foreleserne","NOUN","True","","","","Ordbank 词头匹配"
"forelesning","forelesning","名词","","en","NTNU NoW1","06A","6","","forelesning · forelesninga · forelesningen · forelesningene · forelesninger","NOUN","True","","","","Ordbank 词头匹配"
"forskjellig","forskjellig","形容词","","","NTNU LearnNoW","06B","6","forskjellig, forskjellige","forskjellig · forskjellige · forskjelligere · forskjelligst · forskjelligste","ADJ","True","","","","Ordbank 词头匹配"
"fortelle","fortelle","动词","","","NTNU NoW1","06P","6","","fortalt · fortalte · fortell · fortelle · fortellende · forteller · fortelles","VERB","True","","","","Ordbank 词头匹配"
"gjette","gjette","动词","","å","NTNU LearnNoW","06A","6","gjetter, gjettet, har gjettet","gjett · gjetta · gjette · gjettede · gjettende · gjetter · gjettes · gjettet · gjettete","VERB","True","","","","Ordbank 词头匹配"
"gjøre","gjøre","动词","","","NTNU NoW1","06A; 07B","6","","gjør · gjorde · gjøre · gjørende · gjøres · gjort · gjorte","VERB","True","","","","Ordbank 词头匹配"
"grønn","grønn","形容词","","","NTNU LearnNoW","06C","6","grønt, grønne","grønn · grønne · grønnere · grønnest · grønneste · grønt","ADJ","True","","","","Ordbank 词头匹配"
"grovbrød","grovbrød","名词","","et","NTNU LearnNoW","06A","6","grovbrødet, grovbrød, grovbrødene","grovbrød · grovbrøda · grovbrødene · grovbrødet","NOUN","True","","","","Ordbank 词头匹配"
"helårskort","helårskort","名词","","et","NTNU NoW1","06M","6","","","","False","","","","存在多个可能词头；需人工消歧"
"helt","helt","副词","","","NTNU LearnNoW","06C","6","","helt · helten · heltene · helter","NOUN","True","","","","Ordbank 词头匹配"
"høre","høre","动词","","","NTNU NoW1","06P","6","","hør · høre · hørende · hører · høres · hørt · hørte","VERB","True","","","","Ordbank 词头匹配"
"høy","høy","形容词","","","NTNU LearnNoW","06C; 10D","6","høyt, høye","høy · høya · høye · høyene · høyere · høyest · høyeste · høyet · høyt","ADJ","True","","","","Ordbank 词头匹配"
"hud","hud","名词","","en","NTNU LearnNoW","06A","6","huden, huder, hudene","hud · huda · huden · hudene · huder","NOUN","True","","","","Ordbank 词头匹配"
"hvit","hvit","形容词","","","NTNU LearnNoW","06A","6","hvitt, hvite","hvit · hvite · hvitere · hvitest · hviteste · hvitt","ADJ","True","","","","Ordbank 词头匹配"
"hvorfor","hvorfor","副词","","","NTNU LearnNoW","06D","6","","hvorfor","ADV","True","","","","Ordbank 词头匹配"
"idé","idé","名词","","en","NTNU LearnNoW","06D","6","ideen, ideer, ideene","idé · ideen · idéen · ideene · idéene · ideer · idéer","NOUN","True","","","","Ordbank 词头匹配"
"idrettssenter","idrettssenter","名词","","et","NTNU NoW1","06M","6","","idrettssenter · idrettssentera · idrettssenteret · idrettssentre · idrettssentrene","NOUN","True","","","","Ordbank 词头匹配"
"inne","inne","副词","","","NTNU LearnNoW","06C","6","","inne","ADV","True","","","","Ordbank 词头匹配"
"inngang","inngang","名词","","en","NTNU NoW1","06K","6","","inngang · inngangen · inngangene · innganger","NOUN","True","","","","Ordbank 词头匹配"
"institutt","institutt","名词","","et","NTNU NoW1","06K","6","","institutt · institutta · instituttene · institutter · instituttet","NOUN","True","","","","Ordbank 词头匹配"
"interessant","interessant","形容词","","","NTNU LearnNoW","06C","6","interessant, interessante","interessant · interessante","ADJ","True","","","","Ordbank 词头匹配"
"kåpe","kåpe","名词","","ei","NTNU LearnNoW","06C","6","kåpa, kåper, kåpene","kåpa · kåpe · kåpen · kåpene · kåper","NOUN","True","","","","Ordbank 词头匹配"
"kjempegod","kjempegod","形容词","","","NTNU LearnNoW","06D","6","kjempegodt, kjempegode","kjempegod · kjempegode · kjempegodt","ADJ","True","","","","Ordbank 词头匹配"
"kjempekoselig","kjempekoselig","形容词","","","NTNU LearnNoW","06B","6","kjempekoselig, kjempekoselige","","","False","","","","存在多个可能词头；需人工消歧"
"kjole","kjole","名词","","en","NTNU LearnNoW","06C","6","kjolen, kjoler, kjolene","kjole · kjolen · kjolene · kjoler","NOUN","True","","","","Ordbank 词头匹配"
"klær","klær","名词","","","NTNU LearnNoW","06C","6","klærne","klær · klærne","NOUN","True","","","","Ordbank 词头匹配"
"kode","kode","名词","","en","NTNU LearnNoW","06D","6","koden, koder, kodene","kod · koda · kode · kodede · koden · kodende · kodene · koder · kodes · kodet · kodete","NOUN","True","","","","Ordbank 词头匹配"
"komme","komme","动词","","","NTNU NoW1","06P","6","","kom · komma · komme · kommen · kommende · kommene · kommer · kommes · kommet · komne","VERB; NOUN","True","","","","Ordbank 词头匹配"
"kompendium","kompendium","名词","","et","NTNU NoW1","06A","6","","kompendia · kompendiene · kompendier · kompendiet · kompendium","NOUN","True","","","","Ordbank 词头匹配"
"konsulent","konsulent","名词","","en","NTNU NoW1","06K","6","","konsulent · konsulenten · konsulentene · konsulenter","NOUN","True","","","","Ordbank 词头匹配"
"kort","kort","形容词","","","NTNU LearnNoW","06A","6","kort, korte","kort · korta · korte · kortene · kortere · kortest · korteste · kortet","ADJ","True","","","","Ordbank 词头匹配"
"kvittering","kvittering","名词","","en","NTNU LearnNoW","06C","6","kvitteringen, kvitteringer, kvitteringene","kvittering · kvitteringa · kvitteringen · kvitteringene · kvitteringer","NOUN","True","","","","Ordbank 词头匹配"
"lav","lav","形容词","","","NTNU LearnNoW","06C","6","lavt, lave","lav · lava · lave · laven · lavene · laver · lavere · lavest · laveste · lavet · lavt","ADJ","True","","","","Ordbank 词头匹配"
"lekebutikk","lekebutikk","名词","","en","NTNU LearnNoW","06C","6","lekebutikken, lekebutikker, lekebutikkene","","","False","","","","存在多个可能词头；需人工消歧"
"lenge","lenge","副词","","","NTNU LearnNoW","06C","6","lenger, lengst","lenga · lenge · lengen · lengene · lenger · lengst","ADV","True","","","","Ordbank 词头匹配"
"lenger","lenger","副词","","","NTNU LearnNoW","06D","6","","lenger","ADV","True","","","","Ordbank 词头匹配"
"lørdag","lørdag","名词","","en","NTNU LearnNoW","06A","6","lørdagen, lørdager, lørdagene","lørdag · lørdagen · lørdagene · lørdager","NOUN","True","","","","Ordbank 词头匹配"
"lue","lue","名词","","ei","NTNU LearnNoW","06C","6","lua, luer, luene","lu · lua · lue · luede · luen · luende · luene · luer · lues · luet · luete","NOUN","True","","","","Ordbank 词头匹配"
"lys","lys","形容词","","","NTNU LearnNoW","06C","6","lyst, lyse","lys · lysa · lyse · lysene · lysere · lysest · lyseste · lyset · lyst","ADJ","True","","","","Ordbank 词头匹配"
"lysebrun","lysebrun","形容词","","","NTNU LearnNoW","06C","6","lysebrunt, lysebrune","lysebrun · lysebrune · lysebrunt","ADJ","True","","","","Ordbank 词头匹配"
"moderne","moderne","形容词","","","NTNU LearnNoW","06B","6","moderne, moderne","moderne","ADJ","True","","","","Ordbank 词头匹配"
"møtes","møtes","动词","","å","NTNU LearnNoW","06C","6","møtes, møttes, har møttes","møtes · møttes","VERB","True","","","","Ordbank 词头匹配"
"når","når","从属连词","","","NTNU LearnNoW","06C","6","","når","SCONJ; ADV","True","","","","Ordbank 词头匹配"
"naturligvis","naturligvis","副词","","","NTNU LearnNoW","06C","6","","naturligvis","ADV","True","","","","Ordbank 词头匹配"
"ned","ned","副词","","","NTNU LearnNoW","06A","6","","ned","ADV","True","","","","Ordbank 词头匹配"
"nok","nok","副词","","","NTNU LearnNoW","06D","6","","NOK","ADV","True","","","","Ordbank 词头匹配"
"nydelig","nydelig","形容词","","","NTNU LearnNoW","06C","6","nydelig, nydelige","nydelig · nydelige · nydeligere · nydeligst · nydeligste","ADJ","True","","","","Ordbank 词头匹配"
"øyeblikk","øyeblikk","名词","","et","NTNU LearnNoW","06C","6","øyeblikket, øyeblikk, øyeblikkene","øyeblikk · øyeblikka · øyeblikkene · øyeblikket","NOUN","True","","","","Ordbank 词头匹配"
"par","par","名词","","et","NTNU LearnNoW","06C","6","paret, par, parene","par · para · parene · paret","NOUN","True","","","","Ordbank 词头匹配"
"parkere","parkere","动词","","å","NTNU LearnNoW","06B","6","parkerer, parkerte, har parkert","parker · parkere · parkerende · parkerer · parkeres · parkert · parkerte","VERB","True","","","","Ordbank 词头匹配"
"parkeringsplass","parkeringsplass","名词","","en","NTNU LearnNoW","06B","6","parkeringsplassen,parkeringsplasser, parkeringsplassene","parkeringsplass · parkeringsplassen · parkeringsplassene · parkeringsplasser","NOUN","True","","","","Ordbank 词头匹配"
"passe","passe","动词","","å","NTNU LearnNoW","06C","6","passer, passet, har passet","pass · passa · passe · passede · passee · passende · passer · passes · passet · passete","VERB","True","","","","Ordbank 词头匹配"
"plutselig","plutselig","副词","","","NTNU LearnNoW","06C","6","","plutselig · plutselige","ADJ","True","","","","Ordbank 词头匹配"
"pusse","pusse","动词","","å","NTNU LearnNoW","06A","6","pusser, pusset, har pusset","puss · pussa · pusse · pussede · pussende · pusser · pusses · pusset · pussete","VERB","True","","","","Ordbank 词头匹配"
"rabatt","rabatt","名词","","en","NTNU LearnNoW","06C","6","rabatten, rabatter, rabattene","rabatt · rabatten · rabattene · rabatter","NOUN","True","","","","Ordbank 词头匹配"
"salg","salg","名词","","et","NTNU LearnNoW","06B","6","salget, salg, salgene","salg · salga · salgene · salget","NOUN","True","","","","Ordbank 词头匹配"
"sein","seinere","形容词","","","NTNU LearnNoW","06A","6","","sein · seine · seinere · seinest · seineste · seint","ADJ","True","","","","按 Ordbank 屈折形式归回词头"
"selv","selv","名词","","","NTNU LearnNoW","06A","6","","selv · selva · selve · selvene · selvet","NOUN; DET","True","","","","Ordbank 词头匹配"
"sikkert","sikkert","副词","","","NTNU LearnNoW","06C","6","","","","False","","","","存在多个可能词头；需人工消歧"
"sjiraff","sjiraff","名词","","en","NTNU LearnNoW","06C","6","sjiraffen, sjiraffer, sjiraffene","sjiraff · sjiraffen · sjiraffene · sjiraffer","NOUN","True","","","","Ordbank 词头匹配"
"sjokoladekake","sjokoladekake","名词","","ei","NTNU LearnNoW","06D","6","sjokoladekaka, sjokoladekaker, sjokoladekakene","sjokoladekaka · sjokoladekake · sjokoladekaken · sjokoladekakene · sjokoladekaker","NOUN","True","","","","Ordbank 词头匹配"
"skjære","skjære","动词","","å","NTNU LearnNoW","06A","6","skjærer, skar, har skåret","skar · skåren · skåret · skårne · skjær · skjæra · skjære · skjæren · skjærende · skjærene · skjærer · skjæres","VERB","True","","","","Ordbank 词头匹配"
"skobutikk","skobutikk","名词","","en","NTNU LearnNoW","06C","6","skobutikken, skobutikker, skobutikkene","skobutikk · skobutikken · skobutikkene · skobutikker","NOUN","True","","","","Ordbank 词头匹配"
"smil","smil","名词","","et","NTNU LearnNoW","06A","6","smilet, smil, smilene","smil · smila · smilene · smilet","NOUN","True","","","","Ordbank 词头匹配"
"smør","smør","名词","","et","NTNU LearnNoW","06A","6","smøret","smør · smøra · smørene · smøret","NOUN","True","","","","Ordbank 词头匹配"
"snill","snill","形容词","","","NTNU LearnNoW","06A","6","snilt, snille","snill · snille · snillere · snillest · snilleste · snilt","ADJ","True","","","","Ordbank 词头匹配"
"sted","sted","名词","","et","NTNU LearnNoW","06D","6","stedet, steder, stedene","sted · stedene · steder · stedet","NOUN","True","","","","Ordbank 词头匹配"
"stykke","stykke","名词","","et","NTNU LearnNoW","06D","6","stykket, stykker, stykkene","stykk · stykka · stykke · stykkede · stykkende · stykkene · stykker · stykkes · stykket · stykkete · stykt · stykte","NOUN","True","","","","Ordbank 词头匹配"
"svart","svart","形容词","","","NTNU LearnNoW","06C","6","svart, svarte","svart · svarte · svartere · svartest · svarteste","ADJ","True","","","","Ordbank 词头匹配"
"syttito","syttito","数词","","","NTNU LearnNoW","06D","6","","","","False","","","","常见屈折形式/透明构词人工归一；待复核"
"tast","tast","名词","","en","NTNU LearnNoW","06D","6","tasten, taster, tastene","tast · tasten · tastene · taster","NOUN","True","","","","Ordbank 词头匹配"
"tidlig","tidlig","形容词","","","NTNU LearnNoW","06A","6","tidlig, tidlige","tidlig · tidlige · tidligere · tidligst · tidligste","ADJ","True","","","","Ordbank 词头匹配"
"tilbake","tilbake","副词","","","NTNU LearnNoW","06C","6","","tilbake","ADV","True","","","","Ordbank 词头匹配"
"tilbud","tilbud","名词","","et","NTNU LearnNoW","06C","6","tilbudet, tilbud, tilbudene","tilbud · tilbuda · tilbudene · tilbudet","NOUN","True","","","","Ordbank 词头匹配"
"tohundrelapp","tohundrelapp","名词","","en","NTNU LearnNoW","06D","6","tohundrelappen, tohundrelapper, tohundrelappene","tohundrelapp · tohundrelappen · tohundrelappene · tohundrelapper","NOUN","True","","","","Ordbank 词头匹配"
"tomat","tomat","名词","","en","NTNU LearnNoW","06A","6","tomaten, tomater, tomatene","tomat · tomaten · tomatene · tomater","NOUN","True","","","","Ordbank 词头匹配"
"torg","torg","名词","","et","NTNU LearnNoW","06B","6","torget, torg, torgene","torg · torga · torgene · torget","NOUN","True","","","","Ordbank 词头匹配"
"tørke","tørke","动词","","å","NTNU LearnNoW","06A","6","tørker, tørket, har tørket","tørk · tørka · tørke · tørkede · tørken · tørkende · tørkene · tørker · tørkes · tørket · tørkete","VERB","True","","","","Ordbank 词头匹配"
"vanlig","vanlig","形容词","","","NTNU LearnNoW","06C","6","vanlig, vanlige","vanlig · vanlige · vanligere · vanligst · vanligste","ADJ","True","","","","Ordbank 词头匹配"
"vinterjakke","vinterjakke","名词","","ei","NTNU LearnNoW","06C","6","vinterjakka, vinterjakker, vinterjakkene","","","False","","","","存在多个可能词头；需人工消歧"
"deres","deres","限定词","","","NTNU LearnNoW; NTNU NoW1","07A; 09A","7","","deres","DET","True","","","","Ordbank 词头匹配"
"hennes","hennes","限定词","","","NTNU LearnNoW; NTNU NoW1","07A; 07D","7","","hennes","DET","True","","","","Ordbank 词头匹配"
"hvis","hvis","代词","","","NTNU LearnNoW; NTNU NoW1","07B; 10B","7","","hvis","PRON; SCONJ","True","","","","Ordbank 词头匹配"
"ingeniør","ingeniør","名词","","en","NTNU LearnNoW; NTNU NoW1","07A; 07B","7","ingeniøren, ingeniører, ingeniørene","ingeniør · ingeniøren · ingeniørene · ingeniører","NOUN","True","","","","Ordbank 词头匹配"
"jo","jo","名词","","","NTNU LearnNoW; NTNU NoW1","07C; 09A","7","","jo · joen · joene · joer","NOUN; ADV; INTJ","True","","","","Ordbank 词头匹配"
"kontakt","kontakt","名词","","en","NTNU LearnNoW; NTNU NoW1","07A; 09B","7","kontakten, kontakter, kontaktene","kontakt · kontakten · kontaktene · kontakter","NOUN","True","","","","Ordbank 词头匹配"
"lærer","lærer","名词","","en","NTNU LearnNoW; NorweigenLearn 当前词库","07D","7","en lærer · læreren · lærere · lærerne / læreren, lærere, lærerne","lærer · lærere · læreren · lærerne","NOUN","True","老师","Læreren hjelper elevene.","老师帮助学生们。","Ordbank 词头匹配"
"lykkelig","lykkelig","形容词","","","NTNU LearnNoW; NorweigenLearn 当前词库","07C","7","lykkelig, lykkelige / lykkeligere – lykkeligst","lykkelig · lykkelige · lykkeligere · lykkeligst · lykkeligste","ADJ","True","幸福的","Jeg blir lykkelig av tid med familien.","和家人在一起让我幸福。","Ordbank 词头匹配"
"skrive","skrive","动词","","å","NTNU LearnNoW; NorweigenLearn 当前词库","07B","7","skrive – skriver – skrev – skrevet / skriver, skrev, skrevet","skreiv · skrev · skreven · skrevet · skrevne · skriv · skrive · skrivende · skriver · skrives","VERB","True","写","Jeg skriver en melding.","","Ordbank 词头匹配"
"album","album","名词","","et","NTNU NoW1","07A","7","","album · albuma · albumene · albumer · albumet","NOUN","True","","","","Ordbank 词头匹配"
"alvorlig","alvorlig","形容词","","","NTNU LearnNoW","07C","7","alvorlig, alvorlige","alvorlig · alvorlige · alvorligere · alvorligst · alvorligste","ADJ","True","","","","Ordbank 词头匹配"
"amerikansk","amerikansk","名词","","","NTNU NoW1","07B","7","","amerikansk · amerikanske · amerikansken · amerikanskene · amerikansker","NOUN; ADJ","True","","","","Ordbank 词头匹配"
"arbeidsdag","arbeidsdag","名词","","en","NTNU LearnNoW","07B","7","arbeidsdagen, arbeidsdager, arbeidsdagene","arbeidsdag · arbeidsdagen · arbeidsdagene · arbeidsdager","NOUN","True","","","","Ordbank 词头匹配"
"bak","bak","介词","","","NTNU LearnNoW","07A","7","","bak · baka · baken · bakene · baker · baket","ADP","True","","","","Ordbank 词头匹配"
"ballett","ballett","名词","","en","NTNU NoW1","07B","7","","ballett · balletten · ballettene · balletter","NOUN","True","","","","Ordbank 词头匹配"
"ballspill","ballspill","名词","","et","NTNU NoW1","07B","7","","ballspill · ballspilla · ballspillene · ballspillet","NOUN","True","","","","Ordbank 词头匹配"
"begynnelse","begynnelse","名词","","en","NTNU LearnNoW","07C","7","begynnelsen, begynnelser, begynnelsene","begynnelse · begynnelsen · begynnelsene · begynnelser","NOUN","True","","","","Ordbank 词头匹配"
"begynnerkurs","begynnerkurs","名词","","et","NTNU NoW1","07B","7","","","","False","","","","存在多个可能词头；需人工消歧"
"best","best","名词","","","NTNU NoW1","07B","7","","best · besta · beste · bestene · bestet","NOUN; ADJ","True","","","","Ordbank 词头匹配"
"besteforelder","besteforeldre","名词","","","NTNU NoW1","07A","7","","besteforelder · besteforelderen · besteforeldra · besteforeldre · besteforeldrene","NOUN","True","","","","常见屈折形式/透明构词人工归一；待复核"
"bestevenn","bestevenn","名词","","en","NTNU LearnNoW","07C","7","bestevennen, bestevenner, bestevennene","bestevenn · bestevennen · bestevennene · bestevenner","NOUN","True","","","","Ordbank 词头匹配"
"bordtennis","bordtennis","名词","","","NTNU NoW1","07B","7","","bordtennis · bordtennisen · bordtennisene · bordtenniser","NOUN","True","","","","Ordbank 词头匹配"
"bort","bort","副词","","","NTNU LearnNoW","07C","7","","bort","ADV","True","","","","Ordbank 词头匹配"
"bråk","bråk","名词","","et","NTNU LearnNoW","07D","7","bråket","brækene · bræker · bråk · bråka · bråken · bråkene · bråket","NOUN","True","","","","Ordbank 词头匹配"
"byggfirma","byggfirma","名词","","et","NTNU LearnNoW","07B","7","byggfirmaet, byggfirmaer, byggfirmaene","","","False","","","","存在多个可能词头；需人工消歧"
"cricket","cricket","名词","","","NTNU NoW1","07B","7","","cricket · cricketen · cricketene · cricketer","NOUN","True","","","","Ordbank 词头匹配"
"dårlig","dårlig","形容词","","","NTNU LearnNoW","07C","7","dårlig, dårlige","dårlig · dårlige · dårligere · dårligst · dårligste · verre · verst · verste","ADJ","True","","","","Ordbank 词头匹配"
"deretter","deretter","副词","","","NTNU LearnNoW","07A","7","","deretter","ADV","True","","","","Ordbank 词头匹配"
"dessuten","dessuten","副词","","","NTNU LearnNoW","07D","7","","dessuten","ADV","True","","","","Ordbank 词头匹配"
"dimensjon","dimensjon","名词","","en","NTNU LearnNoW","07B","7","dimensjonen, dimensjoner, dimensjonene","dimensjon · dimensjonen · dimensjonene · dimensjoner","NOUN","True","","","","Ordbank 词头匹配"
"dum","dum","形容词","","","NTNU LearnNoW","07D","7","dumt, dumme","dum · dumme · dummere · dummest · dummeste · dumt","ADJ","True","","","","Ordbank 词头匹配"
"elev","elev","名词","","en","NTNU LearnNoW","07D","7","eleven, elever, elevene","elev · eleven · elevene · elever","NOUN","True","","","","Ordbank 词头匹配"
"enebarn","enebarn","名词","","et","NTNU NoW1","07A","7","","enebarn · enebarna · enebarnene · enebarnet","NOUN","True","","","","Ordbank 词头匹配"
"essay","essay","名词","","et","NTNU NoW1","07A","7","","essay · essaya · essayene · essayer · essayet","NOUN","True","","","","Ordbank 词头匹配"
"farfar","farfar","名词","","en","NTNU NoW1","07A","7","","farfar · farfaren · farfedre · farfedrene","NOUN","True","","","","Ordbank 词头匹配"
"farmor","farmor","名词","","ei","NTNU NoW1","07A","7","","farmødre · farmødrene · farmødrer · farmor · farmora · farmoren","NOUN","True","","","","Ordbank 词头匹配"
"firma","firma","名词","","et","NTNU LearnNoW","07B","7","firmaet, firmaer, firmaene","firma · firmaene · firmaer · firmaet","NOUN","True","","","","Ordbank 词头匹配"
"fjernkontroll","fjernkontroll","名词","","en","NTNU LearnNoW","07A","7","fjernkontrollen, fjernkontroller, fjernkontrollene","fjernkontroll · fjernkontrollen · fjernkontrollene · fjernkontroller","NOUN","True","","","","Ordbank 词头匹配"
"flott","flott","形容词","","","NTNU LearnNoW","07C","7","flott, flotte","flott · flotta · flotte · flotten · flottene · flotter · flottere · flottest · flotteste · flottet","ADJ","True","","","","Ordbank 词头匹配"
"forelder","forelder","名词","","","NTNU NoW1","07A","7","","forelder · forelderen · foreldra · foreldre · foreldrene","NOUN","True","","","","Ordbank 词头匹配"
"fornavn","fornavn","名词","","et","NTNU LearnNoW","07D","7","fornavnet, fornavn, fornavnene","fornavn · fornavna · fornavnene · fornavnet","NOUN","True","","","","Ordbank 词头匹配"
"fornøyd","fornøyd","形容词","","","NTNU LearnNoW","07D","7","fornøyd, fornøyde","fornøyd · fornøyde","ADJ","True","","","","Ordbank 词头匹配"
"første","første","副词","","","NTNU LearnNoW","07D","7","","første","ADJ","True","","","","Ordbank 词头匹配"
"fort","fort","副词","","","NTNU LearnNoW","07C","7","","fort · forta · forte · fortene · forter · fortere · fortest · forteste · fortet","NOUN; ADJ","True","","","","Ordbank 词头匹配"
"fort","fort","名词","","","NTNU NoW1","07A","7","","fort · forta · forte · fortene · forter · fortere · fortest · forteste · fortet","NOUN; ADJ","True","","","","Ordbank 词头匹配"
"fritid","fritid","名词","","","NTNU NoW1","07B","7","","fritid · fritida · fritiden · fritidene · fritider","NOUN","True","","","","Ordbank 词头匹配"
"fritidsaktivitet","fritidsaktivitet","名词","","en","NTNU NoW1","07B","7","","fritidsaktivitet · fritidsaktiviteten · fritidsaktivitetene · fritidsaktiviteter","NOUN","True","","","","Ordbank 词头匹配"
"ganske","ganske","副词","","","NTNU LearnNoW","07D","7","","ganske","ADV","True","","","","Ordbank 词头匹配"
"gi","gi","动词","","","NTNU NoW1","07A; 08A","7","","ga · gav · gi · giende · gir · gis · gitt · gitte","VERB","True","","","","Ordbank 词头匹配"
"gøy","gøy","名词","","","NTNU NoW1","07B","7","","gøy · gøye · gøyere · gøyest · gøyeste","NOUN; ADJ","True","","","","Ordbank 词头匹配"
"grammatikk","grammatikk","名词","","en","NTNU NoW1","07A","7","","grammatikk · grammatikken · grammatikkene · grammatikker","NOUN","True","","","","Ordbank 词头匹配"
"gruppe","gruppe","名词","","ei","NTNU NoW1","07A","7","","gruppa · gruppe · gruppen · gruppene · grupper","NOUN","True","","","","Ordbank 词头匹配"
"heldigvis","heldigvis","副词","","","NTNU LearnNoW","07A","7","","heldigvis","ADV","True","","","","Ordbank 词头匹配"
"heller","heller","名词","","","NTNU NoW1","07B","7","","heller · hellere · helleren · hellerne","NOUN; ADV","True","","","","Ordbank 词头匹配"
"hjemland","hjemland","名词","","et","NTNU NoW1","07B","7","","hjemland · hjemlanda · hjemlandene · hjemlandet","NOUN","True","","","","Ordbank 词头匹配"
"hobby","hobby","名词","","en","NTNU NoW1","07B","7","","hobby · hobbyen · hobbyene · hobbyer","NOUN","True","","","","Ordbank 词头匹配"
"iblant","iblant","介词","","","NTNU NoW1","07B","7","","iblant","ADP","True","","","","Ordbank 词头匹配"
"informasjon","informasjon","名词","","en","NTNU LearnNoW","07B","7","informasjonen, informasjoner, informasjonene","informasjon · informasjonen · informasjonene · informasjoner","NOUN","True","","","","Ordbank 词头匹配"
"kamerat","kamerat","名词","","en","NTNU LearnNoW","07C","7","kameraten, kamerater, kameratene","kamerat · kameraten · kameratene · kamerater","NOUN","True","","","","Ordbank 词头匹配"
"kjekk","kjekk","形容词","","","NTNU LearnNoW","07D","7","kjekt, kjekke","kjekk · kjekke · kjekkere · kjekkest · kjekkeste · kjekt","ADJ","True","","","","Ordbank 词头匹配"
"kjempemorsom","kjempemorsom","形容词","","","NTNU NoW1","07B","7","","","","False","","","","常见屈折形式/透明构词人工归一；待复核"
"kjempesøt","kjempesøt","形容词","","","NTNU NoW1","07A","7","","","","False","","","","常见屈折形式/透明构词人工归一；待复核"
"klatre","klatre","动词","","å","NTNU NoW1","07B","7","","klatr · klatra · klatre · klatrede · klatrende · klatrer · klatres · klatret · klatrete","VERB","True","","","","Ordbank 词头匹配"
"klatregruppe","klatregruppe","名词","","ei","NTNU NoW1","07B","7","","","","False","","","","存在多个可能词头；需人工消歧"
"knapp","knapp","名词","","en","NTNU LearnNoW","07A","7","knappen, knapper, knappene","knapp · knappe · knappen · knappene · knapper · knappere · knappest · knappeste · knapt","NOUN","True","","","","Ordbank 词头匹配"
"lego","lego","名词","","en","NTNU LearnNoW","07C","7","legoen, legoer, legoene","","","False","","","","存在多个可能词头；需人工消歧"
"leke","leke","动词","","å","NTNU LearnNoW","07C","7","leker, lekte, har lekt","lek · leka · leke · leken · lekende · lekene · leker · lekes · lekt · lekte","VERB","True","","","","Ordbank 词头匹配"
"lekse","lekse","名词","","ei","NTNU LearnNoW","07D","7","leksa, lekser, leksene","leks · leksa · lekse · leksede · leksen · leksende · leksene · lekser · lekses · lekset · leksete","NOUN","True","","","","Ordbank 词头匹配"
"løse","løse","动词","","å","NTNU LearnNoW","07B","7","løser, løste, har løst","løs · løse · løsende · løser · løses · løst · løste","VERB","True","","","","Ordbank 词头匹配"
"modell","modell","名词","","en","NTNU LearnNoW","07B","7","modellen, modeller, modellene","modell · modellen · modellene · modeller","NOUN","True","","","","Ordbank 词头匹配"
"mye","mye","形容词","","","NTNU LearnNoW","07A","7","","mer · mest · meste · mye","ADJ","True","","","","Ordbank 词头匹配"
"nervøs","nervøs","形容词","","","NTNU LearnNoW","07D","7","nervøst, nervøse","nervøs · nervøse · nervøsere · nervøsest · nervøseste · nervøst","ADJ","True","","","","Ordbank 词头匹配"
"nesten","nesten","副词","","","NTNU LearnNoW","07B","7","","nesten","ADV","True","","","","Ordbank 词头匹配"
"nokså","nokså","副词","","","NTNU LearnNoW","07D","7","","nokså","ADV","True","","","","Ordbank 词头匹配"
"nyhet","nyhet","名词","","en","NTNU LearnNoW","07C","7","nyheten, nyheter, nyhetene","nyhet · nyheta · nyheten · nyhetene · nyheter","NOUN","True","","","","Ordbank 词头匹配"
"oppe","oppe","副词","","","NTNU LearnNoW","07A","7","","oppe","ADV","True","","","","Ordbank 词头匹配"
"perm","perm","名词","","en","NTNU LearnNoW","07B","7","permen, permer, permene","perm · permen · permene · permer","NOUN","True","","","","Ordbank 词头匹配"
"personale","personale","名词","","et","NTNU LearnNoW","07C","7","personalet, personaler, personalene","personala · personale · personalene · personaler · personalet","NOUN","True","","","","Ordbank 词头匹配"
"problem","problem","名词","","et","NTNU LearnNoW","07B","7","problemet, problemer, problemene","problem · problema · problemene · problemer · problemet","NOUN","True","","","","Ordbank 词头匹配"
"prosjekt","prosjekt","名词","","et","NTNU LearnNoW","07B","7","prosjektet, prosjekter, prosjektene","prosjekt · prosjekta · prosjektene · prosjekter · prosjektet","NOUN","True","","","","Ordbank 词头匹配"
"rapport","rapport","名词","","en","NTNU LearnNoW","07B","7","rapporten, rapporter, rapportene","rapport · rapporten · rapportene · rapporter","NOUN","True","","","","Ordbank 词头匹配"
"rar","rar","形容词","","","NTNU LearnNoW","07D","7","rart, rare","rar · rare · rarere · rarest · rareste · rart","ADJ","True","","","","Ordbank 词头匹配"
"sint","sint","形容词","","","NTNU LearnNoW","07D","7","sint, sinte","sint · sinte · sintere · sintest · sinteste","ADJ","True","","","","Ordbank 词头匹配"
"sjef","sjef","名词","","en","NTNU LearnNoW","07B","7","sjefen, sjefer, sjefene","sjef · sjefen · sjefene · sjefer","NOUN","True","","","","Ordbank 词头匹配"
"sjenert","sjenert","形容词","","","NTNU LearnNoW","07C","7","sjenert, sjenerte","sjenert · sjenerte","ADJ","True","","","","Ordbank 词头匹配"
"skremme","skremme","动词","","å","NTNU LearnNoW","07A","7","skremmer, skremte, har skremt","skrem · skremme · skremmende · skremmer · skremmes · skremt · skremte","VERB","True","","","","Ordbank 词头匹配"
"søndag","søndag","名词","","en","NTNU LearnNoW","07A","7","søndagen, søndager, søndagene","søndag · søndagen · søndagene · søndager","NOUN","True","","","","Ordbank 词头匹配"
"spennende","spennende","形容词","","","NTNU LearnNoW","07C","7","spennende, spennende","spennende","ADJ","True","","","","Ordbank 词头匹配"
"stille","stille","形容词","","","NTNU LearnNoW","07A","7","","still · stilla · stille · stillede · stillen · stillende · stillene · stiller · stillere · stilles · stillest · stilleste · stillet · stillete · stilt · stilte","ADJ","True","","","","Ordbank 词头匹配"
"sur","sur","形容词","","","NTNU LearnNoW","07D","7","surt, sure","sur · sure · surere · surest · sureste · surt","ADJ","True","","","","Ordbank 词头匹配"
"ting","ting","名词","","en","NTNU LearnNoW","07C","7","tingen, ting, tingene","ting · tinga · tingen · tingene · tinget","NOUN","True","","","","Ordbank 词头匹配"
"trykke","trykke","动词","","å","NTNU LearnNoW","07A","7","trykker, trykket, har trykket","trykk · trykke · trykkede · trykkende · trykker · trykkes · trykket · trykkete · trykt · trykte","VERB","True","","","","Ordbank 词头匹配"
"under","under","介词","","","NTNU LearnNoW","07A","7","","under · undera · undere · underet · underne · undre · undrene","ADP","True","","","","Ordbank 词头匹配"
"viktig","viktig","形容词","","","NTNU LearnNoW","07B","7","viktig, viktige","viktig · viktige · viktigere · viktigst · viktigste","ADJ","True","","","","Ordbank 词头匹配"
"virke","virke","动词","","å","NTNU LearnNoW","07C","7","virker, virket, har virket","virk · virka · virke · virkede · virkende · virkene · virker · virkes · virket · virkete","VERB","True","","","","Ordbank 词头匹配"
"bedring","bedring","名词","","ei","NTNU LearnNoW; NTNU NoW1","08B; 10B","8","bedringa, bedringer, bedringene","bedring · bedringa · bedringen · bedringene · bedringer","NOUN","True","","","","Ordbank 词头匹配"
"beskjed","beskjed","名词","","en","NTNU LearnNoW; NTNU NoW1","08A","8","beskjeden, beskjeder, beskjedene","beskjed · beskjeden · beskjedene · beskjeder","NOUN","True","","","","Ordbank 词头匹配"
"enn","enn","从属连词","","","NTNU LearnNoW; NTNU NoW1","08A; 10B","8","","enn","SCONJ; ADV","True","","","","Ordbank 词头匹配"
"fest","fest","名词","","en","NTNU LearnNoW; NTNU NoW1","08B; 11A","8","festen, fester, festene","fest · festen · festene · fester","NOUN","True","","","","Ordbank 词头匹配"
"føle","føle","动词","","å","NTNU LearnNoW; NTNU NoW1","08B; 09C","8","føler, følte, har følt","føl · føle · følende · føler · føles · følt · følte","VERB","True","","","","Ordbank 词头匹配"
"fryse","fryse","动词","","å","NTNU LearnNoW; NTNU NoW1","08A; 12B","8","fryser, frøs, har frosset","frøs · frosne · frossen · frosset · frøys · frys · fryse · frysende · fryser · fryses · fryst · fryste","VERB","True","","","","Ordbank 词头匹配"
"gulv","gulv","名词","","et","NTNU LearnNoW; NTNU NoW1","08B; 12D","8","gulvet, gulv, gulvene","gulv · gulva · gulvene · gulvet","NOUN","True","","","","Ordbank 词头匹配"
"hals","hals","名词","","en","NTNU LearnNoW; NTNU NoW1","08B; 10A","8","halsen, halser, halsene","hals · halsen · halsene · halser","NOUN","True","","","","Ordbank 词头匹配"
"huff","huff","名词","","","NTNU LearnNoW; NTNU NoW1","08A; 10B","8","","huff · huffa · huffene · huffet","NOUN; INTJ","True","","","","Ordbank 词头匹配"
"hytte","hytte","名词","","ei","NTNU LearnNoW; NTNU NoW1","08A; 08C","8","hytta, hytter, hyttene","hytt · hytta · hytte · hyttede · hytten · hyttende · hyttene · hytter · hyttes · hyttet · hyttete","NOUN","True","","","","Ordbank 词头匹配"
"hyttetur","hyttetur","名词","","en","NTNU LearnNoW; NTNU NoW1","08A; 11B","8","hytteturen, hytteturer, hytteturene","hyttetur · hytteturen · hytteturene · hytteturer","NOUN","True","","","","Ordbank 词头匹配"
"influensa","influensa","名词","","en","NTNU LearnNoW; NTNU NoW1","08B; 10A","8","influensaen, influensaer, influensaene","influensa · influensaen · influensaene · influensaer","NOUN","True","","","","Ordbank 词头匹配"
"øve","øve","动词","","å","NTNU LearnNoW; NorweigenLearn 当前词库","08D","8","øve – øver – øvde – øvd / øver, øvde, har øvd","øv · øvd · øvde · øve · øvede · øvende · øver · øves · øvet · øvete","VERB","True","练习","Jeg øver hver dag.","","Ordbank 词头匹配"
"språk","språk","名词","","et","NTNU LearnNoW; NorweigenLearn 当前词库","08B","8","et språk · språket · språk · språkene / språket, språk, språkene","språk · språka · språkene · språket","NOUN","True","语言","Norsk er et fint språk.","挪威语是一门很美的语言。","Ordbank 词头匹配"
"aha","aha","感叹词","","","NTNU LearnNoW","08B","8","","aha","INTJ","True","","","","Ordbank 词头匹配"
"akkurat","akkurat","副词","","","NTNU NoW1","08B","8","","akkurat","ADV","True","","","","Ordbank 词头匹配"
"alene","alene","副词","","","NTNU NoW1","08B","8","","alene","ADV","True","","","","Ordbank 词头匹配"
"alvorlig","alvorlig","形容词","","","NTNU NoW1","08B","8","","alvorlig · alvorlige · alvorligere · alvorligst · alvorligste","ADJ","True","","","","Ordbank 词头匹配"
"arm","arm","名词","","en","NTNU LearnNoW","08A","8","armen, armer, armene","arm · arme · armen · armene · armer · armere · armest · armeste · armt","NOUN","True","","","","Ordbank 词头匹配"
"bål","bål","名词","","et","NTNU NoW1","08A","8","","bål · båla · bålene · bålet","NOUN","True","","","","Ordbank 词头匹配"
"bedre","bedre","动词","","","NTNU NoW1","08A","8","","bedr · bedra · bedre · bedrede · bedrende · bedrer · bedres · bedret · bedrete","VERB; ADJ","True","","","","Ordbank 词头匹配"
"bekymret","bekymret","形容词","","","NTNU NoW1","08A","8","","bekymrede · bekymret · bekymrete","ADJ","True","","","","Ordbank 词头匹配"
"best","best","形容词","","","NTNU LearnNoW","08D","8","god, best, beste","best · besta · beste · bestene · bestet","ADJ","True","","","","Ordbank 词头匹配"
"bestemt","bestemt","形容词","","","NTNU LearnNoW","08C","8","bestemt, bestemte","bestemt · bestemte","ADJ","True","","","","Ordbank 词头匹配"
"bla","bla","动词","","å","NTNU LearnNoW","08C","8","blar, bladde, har bladd","bla · bladd · bladde · blaende · blar · blas","VERB","True","","","","Ordbank 词头匹配"
"blåse","blåse","动词","","å","NTNU NoW1","08A","8","","blås · blåsa · blåse · blåsen · blåsende · blåsene · blåser · blåses · blåst · blåste","VERB","True","","","","Ordbank 词头匹配"
"blyant","blyant","名词","","en","NTNU LearnNoW","08B","8","blyanten, blyanter, blyantene","blyant · blyanten · blyantene · blyanter","NOUN","True","","","","Ordbank 词头匹配"
"bort","bort","副词","","","NTNU NoW1","08B","8","","bort","ADV","True","","","","Ordbank 词头匹配"
"borte","borte","副词","","","NTNU NoW1","08A","8","","borte","ADV","True","","","","Ordbank 词头匹配"
"dårlig","dårlig","形容词","","","NTNU NoW1","08A","8","","dårlig · dårlige · dårligere · dårligst · dårligste · verre · verst · verste","ADJ","True","","","","Ordbank 词头匹配"
"deltaker","deltaker","名词","","en","NTNU LearnNoW","08B","8","deltakeren, deltakere, deltakerne","deltaker · deltakere · deltakeren · deltakerne","NOUN","True","","","","Ordbank 词头匹配"
"derfor","derfor","副词","","","NTNU LearnNoW","08B","8","","derfor","ADV","True","","","","Ordbank 词头匹配"
"disiplin","disiplin","名词","","en","NTNU LearnNoW","08D","8","disiplinen, disipliner, disiplinene","disiplin · disiplinen · disiplinene · disipliner","NOUN","True","","","","Ordbank 词头匹配"
"ekstra","ekstra","形容词","","","NTNU LearnNoW","08C","8","ekstra, ekstra","ekstra","ADJ","True","","","","Ordbank 词头匹配"
"elektrisitet","elektrisitet","名词","","","NTNU NoW1","08A","8","","elektrisitet · elektrisiteten · elektrisitetene · elektrisiteter","NOUN","True","","","","Ordbank 词头匹配"
"elendig","elendig","形容词","","","NTNU NoW1","08B","8","","elendig · elendige · elendigere · elendigst · elendigste","ADJ","True","","","","Ordbank 词头匹配"
"enda","enda","副词","","","NTNU LearnNoW","08A","8","","enda","ADV","True","","","","Ordbank 词头匹配"
"engelskprøve","engelskprøve","名词","","en","NTNU LearnNoW","08D","8","engelskprøven, engelskprøver, engelskprøvene","","","False","","","","存在多个可能词头；需人工消歧"
"enkel","enkel","形容词","","","NTNU NoW1","08A","8","","enkel · enkelt · enkle · enklere · enklest · enkleste","ADJ","True","","","","Ordbank 词头匹配"
"ensom","ensom","形容词","","","NTNU NoW1","08B","8","","ensom · ensomme · ensommere · ensomst · ensomste · ensomt","ADJ","True","","","","Ordbank 词头匹配"
"fag","fag","名词","","et","NTNU LearnNoW","08D","8","faget, fag, fagene","fag · faga · fagene · faget","NOUN","True","","","","Ordbank 词头匹配"
"fastlege","fastlege","名词","","en","NTNU NoW1","08B","8","","fastlege · fastlegen · fastlegene · fastleger","NOUN","True","","","","Ordbank 词头匹配"
"favorittfag","favorittfag","名词","","et","NTNU LearnNoW","08D","8","favorittfaget, favorittfag, favorittfagene","","","False","","","","存在多个可能词头；需人工消歧"
"febernedsettende","febernedsettende","形容词","","","NTNU NoW1","08B","8","","febernedsettende","ADJ","True","","","","Ordbank 词头匹配"
"få","fikk","动词","","","NTNU LearnNoW","08D","8","","få · fående · får · fås · fått · fåtte · fikk","VERB","True","","","","按 Ordbank 屈折形式归回词头"
"finere","finere","动词","","","NTNU NoW1","08A","8","","finer · finere · finerende · finerer · fineres · finert · finerte","VERB","True","","","","Ordbank 词头匹配"
"flau","flau","形容词","","","NTNU LearnNoW","08A","8","flaut, flaue","flau · flaue · flauere · flauest · flaueste · flaut","ADJ","True","","","","Ordbank 词头匹配"
"flere","flere","形容词","","","NTNU LearnNoW","08C","8","","flere","DET","True","","","","Ordbank 词头匹配"
"følge","følge","动词","","å","NTNU LearnNoW","08C","8","følger, fulgte, har fulgt","følg · følga · følge · følgen · følgende · følgene · følger · følges · følget · fulgt · fulgte","VERB","True","","","","Ordbank 词头匹配"
"før","før","副词","","","NTNU LearnNoW","08B","8","","før · føre · førere · førest · føreste · ført","ADJ; SCONJ; ADP","True","","","","Ordbank 词头匹配"
"fri","fri","形容词","","","NTNU LearnNoW","08D","8","fritt, frie","fri · fridd · fridde · frie · friende · friere · friest · frieste · frir · fris · fritt","ADJ","True","","","","Ordbank 词头匹配"
"friminutt","friminutt","名词","","et","NTNU LearnNoW","08D","8","friminuttet, friminutter, friminuttene","friminutt · friminutta · friminuttene · friminutter · friminuttet","NOUN","True","","","","Ordbank 词头匹配"
"frisk","frisk","名词","","","NTNU NoW1","08B","8","","frisk · friske · friskere · friskest · friskeste · friskt","NOUN; ADJ","True","","","","Ordbank 词头匹配"
"fyre","fyre","动词","","å","NTNU NoW1","08A","8","","fyr · fyre · fyrende · fyrer · fyres · fyrt · fyrte","VERB","True","","","","Ordbank 词头匹配"
"grille","grille","动词","","å","NTNU NoW1","08A","8","","grill · grilla · grille · grillede · grillen · grillende · grillene · griller · grilles · grillet · grillete","VERB","True","","","","Ordbank 词头匹配"
"gryterett","gryterett","名词","","en","NTNU NoW1","08A","8","","gryterett · gryteretten · gryterettene · gryteretter","NOUN","True","","","","Ordbank 词头匹配"
"gubbe","gubbe","名词","","en","NTNU LearnNoW","08A","8","gubben, gubber, gubbene","gubbe · gubben · gubbene · gubber","NOUN","True","","","","Ordbank 词头匹配"
"halstablett","halstablett","名词","","en","NTNU NoW1","08B","8","","","","False","","","","存在多个可能词头；需人工消歧"
"halvtime","halvtime","名词","","en","NTNU LearnNoW","08C","8","halvtimen, halvtimer, halvtimene","halvtime · halvtimen · halvtimene · halvtimer","NOUN","True","","","","Ordbank 词头匹配"
"heldig","heldig","形容词","","","NTNU LearnNoW","08A","8","heldig, heldige","heldig · heldige · heldigere · heldigst · heldigste","ADJ","True","","","","Ordbank 词头匹配"
"hit","hit","名词","","","NTNU NoW1","08B","8","","hit · hita · hiten · hitene · hiter","NOUN; ADV","True","","","","Ordbank 词头匹配"
"hit","hit","副词","","","NTNU LearnNoW","08B","8","","hit · hita · hiten · hitene · hiter","ADV","True","","","","Ordbank 词头匹配"
"høres","høres","动词","","å","NTNU LearnNoW","08C","8","","høres · hørtes","VERB","True","","","","Ordbank 词头匹配"
"høstdag","høstdag","名词","","en","NTNU LearnNoW","08C","8","høstdagen, høstdager, høstdagene","høstdag · høstdagen · høstdagene · høstdager","NOUN","True","","","","Ordbank 词头匹配"
"høstsalg","høstsalg","名词","","et","NTNU LearnNoW","08C","8","høstsalget, høstsalg, høstsalgene","høstsalg · høstsalga · høstsalgene · høstsalget","NOUN","True","","","","Ordbank 词头匹配"
"hotell","hotell","名词","","et","NTNU NoW1","08A","8","","hotell · hotella · hotellene · hoteller · hotellet","NOUN","True","","","","Ordbank 词头匹配"
"hyggelig","hyggeligere","形容词","","","NTNU NoW1","08A","8","","hyggelig · hyggelige · hyggeligere · hyggeligst · hyggeligste","ADJ","True","","","","常见屈折形式/透明构词人工归一；待复核"
"inni","inni","介词","","","NTNU NoW1","08A","8","","inni","ADP","True","","","","Ordbank 词头匹配"
"jippi","jippi","感叹词","","","NTNU LearnNoW","08A","8","","jippi","INTJ","True","","","","Ordbank 词头匹配"
"kakao","kakao","名词","","","NTNU NoW1","08A","8","","kakao · kakaoen · kakaoene · kakaoer","NOUN","True","","","","Ordbank 词头匹配"
"kald","kaldere","形容词","","","NTNU NoW1","08A","8","","kald · kalde · kaldere · kaldest · kaldeste · kaldt","ADJ","True","","","","常见屈折形式/透明构词人工归一；待复核"
"karakter","karakter","名词","","en","NTNU LearnNoW","08D","8","karakteren, karakterer, karakterene","karakter · karakteren · karakterene · karakterer","NOUN","True","","","","Ordbank 词头匹配"
"kaste","kaste","动词","","å","NTNU LearnNoW","08A","8","kaster, kastet, har kastet","kast · kasta · kaste · kastede · kasten · kastende · kastene · kaster · kastes · kastet · kastete","VERB","True","","","","Ordbank 词头匹配"
"keeper","keeper","名词","","en","NTNU LearnNoW","08A","8","keeperen, keepere, keeperne","keeper · keepere · keeperen · keeperne","NOUN","True","","","","Ordbank 词头匹配"
"kikke","kikke","动词","","å","NTNU LearnNoW","08C","8","kikker, kikket, har kikket","kikk · kikka · kikke · kikkede · kikkende · kikker · kikkes · kikket · kikkete","VERB","True","","","","Ordbank 词头匹配"
"kjedelig","kjedelig","形容词","","","NTNU LearnNoW","08A","8","kjedelig, kjedelige","kjedelig · kjedelige · kjedeligere · kjedeligst · kjedeligste","ADJ","True","","","","Ordbank 词头匹配"
"kjeks","kjeks","名词","","en","NTNU NoW1","08A","8","","kjeks · kjeksen · kjeksene · kjekser","NOUN","True","","","","Ordbank 词头匹配"
"kjempekjedelig","kjempekjedelig","形容词","","","NTNU LearnNoW","08A","8","kjempekjedelig, kjempekjedelige","","","False","","","","存在多个可能词头；需人工消歧"
"kjempelett","kjempelett","形容词","","","NTNU LearnNoW","08D","8","kjempelett, kjempelette","","","False","","","","存在多个可能词头；需人工消歧"
"klasseliste","klasseliste","名词","","ei","NTNU NoW1","08A","8","","","","False","","","","存在多个可能词头；需人工消歧"
"klasserom","klasserom","名词","","et","NTNU LearnNoW","08B","8","klasseromet, klasserom, klasserommene","klasserom · klasseromma · klasserommene · klasserommet","NOUN","True","","","","Ordbank 词头匹配"
"kunstutstilling","kunstutstilling","名词","","ei","NTNU LearnNoW","08C","8","kunstutstillinga, kunstutstillinger, kunstutstillingene","","","False","","","","存在多个可能词头；需人工消歧"
"kvalm","kvalm","名词","","","NTNU NoW1","08B","8","","kvalm · kvalme · kvalmen · kvalmene · kvalmer · kvalmere · kvalmest · kvalmeste · kvalmt","NOUN; ADJ","True","","","","Ordbank 词头匹配"
"land","land","名词","","et","NTNU LearnNoW","08B","8","landet, land, landene","land · landa · landene · landet","NOUN","True","","","","Ordbank 词头匹配"
"låne","låne","动词","","å","NTNU LearnNoW","08A","8","låner, lånte, har lånt","lån · låne · lånende · låner · lånes · lånt · lånte","VERB","True","","","","Ordbank 词头匹配"
"lillebror","lillebror","名词","","en","NTNU LearnNoW","08A","8","lillebroren, lillebrødre, lillebrødrene","lillebrødre · lillebrødrene · lillebror · lillebroren","NOUN","True","","","","Ordbank 词头匹配"
"male","male","动词","","å","NTNU LearnNoW","08A","8","maler, malte, har malt","mal · male · malende · maler · males · malt · malte · mol","VERB","True","","","","Ordbank 词头匹配"
"måned","måned","名词","","en","NTNU LearnNoW","08B","8","måneden, måneder, månedene","måned · måneden · månedene · måneder","NOUN","True","","","","Ordbank 词头匹配"
"matematikk","matematikk","名词","","en","NTNU LearnNoW","08D","8","matematikken, matematikker, matematikkene","matematikk · matematikken · matematikkene · matematikker","NOUN","True","","","","Ordbank 词头匹配"
"menneske","menneske","名词","","et","NTNU LearnNoW","08B","8","mennesket, mennesker, menneskene","menneska · menneske · menneskene · mennesker · mennesket","NOUN","True","","","","Ordbank 词头匹配"
"mest","mest","形容词","","","NTNU LearnNoW","08C","8","","mest · meste","ADJ","True","","","","Ordbank 词头匹配"
"nam","nam","感叹词","","","NTNU LearnNoW","08A","8","","nam","INTJ","True","","","","Ordbank 词头匹配"
"naturfag","naturfag","名词","","et","NTNU LearnNoW","08D","8","naturfaget, naturfag, naturfagene","naturfag · naturfaga · naturfagene · naturfaget","NOUN","True","","","","Ordbank 词头匹配"
"neste","neste","形容词","","","NTNU LearnNoW","08B","8","","nest · nesta · neste · nestede · nesten · nestende · nestene · nester · nestes · nestet · nestete","ADJ","True","","","","Ordbank 词头匹配"
"nettopp","nettopp","副词","","","NTNU LearnNoW","08C","8","","nettopp","ADV","True","","","","Ordbank 词头匹配"
"norskkurs","norskkurs","名词","","et","NTNU LearnNoW","08B","8","norskkurset, norskkurs, norskkursene","norskkurs · norskkursa · norskkursene · norskkurser · norskkurset","NOUN","True","","","","Ordbank 词头匹配"
"opptatt","opptatt","形容词","","","NTNU LearnNoW","08D","8","","opptatt · opptatte","ADJ","True","","","","Ordbank 词头匹配"
"overskyet","overskyet","形容词","","","NTNU LearnNoW","08C","8","overskyet, overskyede","overskyede · overskyet · overskyete","ADJ","True","","","","Ordbank 词头匹配"
"pakke","pakke","动词","","å","NTNU LearnNoW","08C","8","pakker, pakket, har pakket","pakk · pakka · pakke · pakkede · pakken · pakkende · pakkene · pakker · pakkes · pakket · pakkete","VERB","True","","","","Ordbank 词头匹配"
"pannekake","pannekake","名词","","ei","NTNU LearnNoW","08A","8","pannekaka, pannekaker, pannekakene","pannekaka · pannekake · pannekaken · pannekakene · pannekaker","NOUN","True","","","","Ordbank 词头匹配"
"pen","pen","形容词","","","NTNU LearnNoW","08C","8","pent, pene","pen · pene · penere · penest · peneste · pent","ADJ","True","","","","Ordbank 词头匹配"
"perfekt","perfekt","形容词","","","NTNU LearnNoW","08C","8","perfekt, perfekte","perfekt · perfekte","ADJ","True","","","","Ordbank 词头匹配"
"prøve","prøve","名词","","en","NTNU LearnNoW","08D","8","prøven, prøver, prøvene","prøv · prøva · prøvd · prøvde · prøve · prøven · prøvende · prøvene · prøver · prøves","NOUN","True","","","","Ordbank 词头匹配"
"rødme","rødme","动词","","å","NTNU LearnNoW","08A","8","rødmer, rødmet, har rødmet","rødm · rødma · rødme · rødmede · rødmen · rødmende · rødmene · rødmer · rødmes · rødmet · rødmete","VERB","True","","","","Ordbank 词头匹配"
"rute","rute","名词","","ei","NTNU LearnNoW","08C","8","ruta, ruter, rutene","rut · ruta · rute · rutede · ruten · rutende · rutene · ruter · rutes · rutet · rutete","NOUN","True","","","","Ordbank 词头匹配"
"samfunnsfag","samfunnsfag","名词","","et","NTNU LearnNoW","08D","8","samfunnsfaget, samfunnsfag, samfunnsfagene","samfunnsfag · samfunnsfaga · samfunnsfagene · samfunnsfaget","NOUN","True","","","","Ordbank 词头匹配"
"ses","ses","动词","","å","NTNU LearnNoW","08C","8","ses, sås, har settes","sås · ses · settes","VERB","True","","","","Ordbank 词头匹配"
"sjokolade","sjokolade","名词","","en","NTNU LearnNoW","08C","8","sjokoladen, sjokolader, sjokoladene","sjokolade · sjokoladen · sjokoladene · sjokolader","NOUN","True","","","","Ordbank 词头匹配"
"skogsvei","skogsvei","名词","","en","NTNU LearnNoW","08C","8","skogsveien, skogsveier, skogsveiene","skogsvei · skogsveien · skogsveiene · skogsveier","NOUN","True","","","","Ordbank 词头匹配"
"skrivebok","skrivebok","名词","","ei","NTNU LearnNoW","08B","8","skriveboka, skriveboker, skrivebokene","skrivebok · skriveboka · skriveboken · skrivebøkene · skrivebøker","NOUN","True","","","","Ordbank 词头匹配"
"søster","søster","名词","","ei","NTNU LearnNoW","08A","8","søstera, søstre, søstrene","søster · søstera · søsteren · søstre · søstrene · søstrer","NOUN","True","","","","Ordbank 词头匹配"
"stenge","stenge","动词","","å","NTNU LearnNoW","08A","8","stenger, stengte, har stengt","steng · stenga · stenge · stengende · stengene · stenger · stenges · stenget · stengt · stengte","VERB","True","","","","Ordbank 词头匹配"
"storesøster","storesøster","名词","","ei","NTNU LearnNoW","08A","8","storesøstera, storesøstre, storesøstrene","storesøster · storesøstera · storesøsteren · storesøstre · storesøstrene · storesøstrer","NOUN","True","","","","Ordbank 词头匹配"
"studere","studere","动词","","å","NTNU LearnNoW","08B","8","studerer, studerte, har studert","studer · studere · studerende · studerer · studeres · studert · studerte","VERB","True","","","","Ordbank 词头匹配"
"supermarked","supermarked","名词","","et","NTNU LearnNoW","08C","8","supermarkedet, supermarkeder, supermarkedene","supermarked · supermarkeda · supermarkedene · supermarkeder · supermarkedet","NOUN","True","","","","Ordbank 词头匹配"
"sykkel","sykkel","名词","","en","NTNU LearnNoW","08C","8","sykkelen, sykler, syklene","sykkel · sykkelen · syklene · sykler","NOUN","True","","","","Ordbank 词头匹配"
"sykkeltur","sykkeltur","名词","","en","NTNU LearnNoW","08C","8","sykkelturen, sykkelturer, sykkelturene","sykkeltur · sykkelturen · sykkelturene · sykkelturer","NOUN","True","","","","Ordbank 词头匹配"
"sykle","sykle","动词","","å","NTNU LearnNoW","08A","8","sykler, syklet, har syklet","sykl · sykla · sykle · syklede · syklende · sykler · sykles · syklet · syklete","VERB","True","","","","Ordbank 词头匹配"
"sykling","sykling","名词","","ei","NTNU LearnNoW","08C","8","syklinga","sykling · syklinga · syklingen · syklingene · syklinger","NOUN","True","","","","Ordbank 词头匹配"
"tavle","tavle","名词","","ei","NTNU LearnNoW","08D","8","tavla, tavler, tavlene","tavla · tavle · tavlen · tavlene · tavler","NOUN","True","","","","Ordbank 词头匹配"
"tekst","tekst","名词","","en","NTNU LearnNoW","08D","8","teksten, tekster, tekstene","tekst · teksta · teksten · tekstene · tekster","NOUN","True","","","","Ordbank 词头匹配"
"torsdag","torsdag","名词","","en","NTNU LearnNoW","08D","8","torsdagen, torsdager, torsdagene","torsdag · torsdagen · torsdagene · torsdager","NOUN","True","","","","Ordbank 词头匹配"
"trinn","trinn","名词","","et","NTNU LearnNoW","08D","8","trinnet, trinn, trinnene","trinn · trinna · trinne · trinnene · trinnere · trinnest · trinneste · trinnet · trint","NOUN","True","","","","Ordbank 词头匹配"
"tung","tung","形容词","","","NTNU LearnNoW","08B","8","tungt, tunge","tung · tunge · tungt · tyngre · tyngst · tyngste","ADJ","True","","","","Ordbank 词头匹配"
"tursekk","tursekk","名词","","en","NTNU LearnNoW","08C","8","tursekken, tursekker, tursekkene","","","False","","","","存在多个可能词头；需人工消歧"
"undervise","undervise","动词","","å","NTNU LearnNoW","08B","8","underviser, underviste, har undervist","undervis · undervise · undervisende · underviser · undervises · undervist · underviste","VERB","True","","","","Ordbank 词头匹配"
"urettferdig","urettferdig","形容词","","","NTNU LearnNoW","08D","8","urettferdig, urettferdige","urettferdig · urettferdige","ADJ","True","","","","Ordbank 词头匹配"
"uten","uten","介词","","","NTNU LearnNoW","08D","8","","uten","ADP","True","","","","Ordbank 词头匹配"
"utrolig","utrolig","形容词","","","NTNU LearnNoW","08D","8","utrolig, utrolige","utrolig · utrolige · utroligere · utroligst · utroligste","ADJ","True","","","","Ordbank 词头匹配"
"uttale","uttale","动词","","å","NTNU LearnNoW","08B","8","uttaler, uttalte, har uttalt","uttal · uttale · uttalen · uttalende · uttalene · uttaler · uttales · uttalt · uttalte","VERB","True","","","","Ordbank 词头匹配"
"værvarsel","værvarsel","名词","","et","NTNU LearnNoW","08C","8","værvarselet, værvarsler, værvarslene","værvarsel · værvarselet · værvarsla · værvarslene · værvarsler","NOUN","True","","","","Ordbank 词头匹配"
"vanskelig","vanskelig","形容词","","","NTNU LearnNoW","08D","8","vanskelig, vanskelige","vanskelig · vanskelige · vanskeligere · vanskeligst · vanskeligste","ADJ","True","","","","Ordbank 词头匹配"
"via","via","介词","","","NTNU LearnNoW","08C","8","","via","ADP","True","","","","Ordbank 词头匹配"
"viskelær","viskelær","名词","","et","NTNU LearnNoW","08B","8","viskelæret, viskelær, viskelærene","viskelær · viskelæra · viskelærene · viskelæret","NOUN","True","","","","Ordbank 词头匹配"
"burde","burde","动词","","å","NTNU LearnNoW; NorweigenLearn 当前词库","09C","9","bør, burde, har burdet / burde – bør – burde – burdet","bør · burde · burdet","VERB","True","应该","Jeg bør hvile.","","Ordbank 词头匹配"
"dokument","dokument","名词","","et","NTNU LearnNoW; NTNU NoW1","09A; 09B","9","dokumentet, dokumenter, dokumentene","dokument · dokumenta · dokumentene · dokumenter · dokumentet","NOUN","True","","","","Ordbank 词头匹配"
"gjelde","gjelde","动词","","å","NTNU LearnNoW; NTNU NoW1","09B","9","gjelder, gjaldt, har gjeldt","gjaldt · gjeld · gjelda · gjelde · gjeldede · gjeldende · gjelder · gjeldes · gjeldet · gjeldete · gjelds · gjeldt · gjeldte","VERB","True","","","","Ordbank 词头匹配"
"ord","ord","名词","","et","NTNU LearnNoW; NorweigenLearn 当前词库","09B","9","et ord · ordet · ord · ordene / ordet, ord, ordene","ord · orda · ordene · ordet","NOUN","True","单词","Jeg lærer fem nye ord.","我学五个新单词。","Ordbank 词头匹配"
"planlegge","planlegge","动词","","å","NTNU LearnNoW; NorweigenLearn 当前词库","09B","9","planlegger – planla – har planlagt / planlegger, planla, har planlagt","planla · planlagt · planlagte · planlegg · planlegge · planleggende · planlegger · planlegges","VERB","True","计划","Jeg planlegger en reise.","我在计划一次旅行。","Ordbank 词头匹配"
"starte","starte","动词","","å","NTNU LearnNoW; NorweigenLearn 当前词库","09B","9","starter – startet – har startet / starter, startet, har startet","start · starta · starte · startede · startende · starter · startes · startet · startete","VERB","True","开始；启动","Jeg skal starte et nytt prosjekt.","我准备开始一个新项目。","Ordbank 词头匹配"
"utfordring","utfordring","名词","","ei","NTNU LearnNoW; NorweigenLearn 当前词库","09C","9","en utfordring – utfordringen – utfordringer – utfordringene / utfordringa, utfordringer, utfordringene","utfordring · utfordringa · utfordringen · utfordringene · utfordringer","NOUN","True","挑战","Det kan bli en spennende utfordring.","这可能会成为一个令人兴奋的挑战。","Ordbank 词头匹配"
"velge","velge","动词","","å","NTNU LearnNoW; NorweigenLearn 当前词库","09D","9","velge – velger – valgte – valgt / velger, valgte, har valgt","valgt · valgte · velg · velge · velgende · velger · velges","VERB","True","选择","Jeg velger denne.","","Ordbank 词头匹配"
"absolutt","absolutt","形容词","","","NTNU LearnNoW","09A","9","absolutt, absolutte","absolutt · absolutta · absolutte · absoluttene · absolutter · absoluttet","ADJ","True","","","","Ordbank 词头匹配"
"akutt","akutt","形容词","","","NTNU LearnNoW","09C","9","akutt, akutte","akutt · akutte · akutten · akuttene · akutter","ADJ","True","","","","Ordbank 词头匹配"
"analyse","analyse","名词","","en","NTNU LearnNoW","09C","9","analysen, analyser, analysene","analyse · analysen · analysene · analyser","NOUN","True","","","","Ordbank 词头匹配"
"ansvar","ansvar","名词","","et","NTNU LearnNoW","09B","9","ansvaret","ansvar · ansvara · ansvarene · ansvaret","NOUN","True","","","","Ordbank 词头匹配"
"arbeid","arbeid","名词","","et","NTNU LearnNoW","09A","9","arbeidet, arbeider, arbeidene","arbeid · arbeida · arbeidene · arbeider · arbeidet","NOUN","True","","","","Ordbank 词头匹配"
"arbeidsliv","arbeidsliv","名词","","et","NTNU LearnNoW","09D","9","arbeidslivet","arbeidsliv · arbeidsliva · arbeidslivene · arbeidslivet","NOUN","True","","","","Ordbank 词头匹配"
"artikkel","artikkel","名词","","en","NTNU LearnNoW","09D","9","artikkelen, artikkeler, artikkelene","artikkel · artikkelen · artiklene · artikler","NOUN","True","","","","Ordbank 词头匹配"
"avdelingsleder","avdelingsleder","名词","","en","NTNU LearnNoW","09A","9","avdelingslederen, avdelingsledere, avdelingslederne","avdelingsleder · avdelingsledere · avdelingslederen · avdelingslederne","NOUN","True","","","","Ordbank 词头匹配"
"avtale","avtale","名词","","en","NTNU LearnNoW","09B","9","avtalen, avtaler, avtalene","avtal · avtala · avtale · avtalen · avtalende · avtalene · avtaler · avtales · avtalt · avtalte","NOUN","True","","","","Ordbank 词头匹配"
"bærbar","bærbar","形容词","","","NTNU NoW1","09B","9","","bærbar · bærbare · bærbart","ADJ","True","","","","Ordbank 词头匹配"
"bagasjerom","bagasjerom","名词","","et","NTNU LearnNoW","09A","9","bagasjerommet, bagasjerom, bagasjerommene","bagasjerom · bagasjeromma · bagasjerommene · bagasjerommet","NOUN","True","","","","Ordbank 词头匹配"
"baker","baker","名词","","en","NTNU LearnNoW","09D","9","bakeren, bakere, bakerne","baker · bakere · bakeren · bakerne","NOUN","True","","","","Ordbank 词头匹配"
"barnehagelærer","barnehagelærer","名词","","en","NTNU LearnNoW","09A","9","barnehagelæreren, barnehagelærere, barnehagelærerne","barnehagelærer · barnehagelærere · barnehagelæreren · barnehagelærerne","NOUN","True","","","","Ordbank 词头匹配"
"behandle","behandle","动词","","å","NTNU LearnNoW","09C","9","behandler, behandlet, har behandlet","behandl · behandla · behandle · behandlede · behandlende · behandler · behandles · behandlet · behandlete","VERB","True","","","","Ordbank 词头匹配"
"blod","blod","名词","","et","NTNU LearnNoW","09C","9","blodet","blod · bloda · blodene · blodet","NOUN","True","","","","Ordbank 词头匹配"
"blodåre","blodåre","名词","","en","NTNU LearnNoW","09C","9","blodåren, blodårer, blodårene","blodåra · blodåre · blodåren · blodårene · blodårer","NOUN","True","","","","Ordbank 词头匹配"
"blodprøve","blodprøve","名词","","en","NTNU LearnNoW","09C","9","blodprøven, blodprøver, blodprøvene","blodprøva · blodprøve · blodprøven · blodprøvene · blodprøver","NOUN","True","","","","Ordbank 词头匹配"
"bløtkake","bløtkake","名词","","ei","NTNU NoW1","09A","9","","bløtkaka · bløtkake · bløtkaken · bløtkakene · bløtkaker","NOUN","True","","","","Ordbank 词头匹配"
"bomull","bomull","名词","","en","NTNU LearnNoW","09C","9","bomullen, bomuller, bomullene","bomull · bomulla · bomullen · bomullene · bomuller","NOUN","True","","","","Ordbank 词头匹配"
"bonde","bonde","名词","","en","NTNU LearnNoW","09D","9","bonden, bønder, bøndene","bonde · bonden · bøndene · bønder","NOUN","True","","","","Ordbank 词头匹配"
"bonde","bønder","名词","","","NTNU LearnNoW","09D","9","","bonde · bonden · bøndene · bønder","NOUN","True","","","","按 Ordbank 屈折形式归回词头"
"bøyd","bøyd","形容词","","","NTNU LearnNoW","09C","9","bøyd, bøyde","","","False","","","","存在多个可能词头；需人工消歧"
"brukernavn","brukernavn","名词","","et","NTNU NoW1","09B","9","","brukernavn · brukernavna · brukernavnene · brukernavnet","NOUN","True","","","","Ordbank 词头匹配"
"budsjett","budsjett","名词","","et","NTNU LearnNoW","09B","9","budsjettet, budsjetter, budsjettene","budsjett · budsjetta · budsjettene · budsjetter · budsjettet","NOUN","True","","","","Ordbank 词头匹配"
"bursdag","bursdag","名词","","en","NTNU NoW1","09A","9","","bursdag · bursdagen · bursdagene · bursdager","NOUN","True","","","","Ordbank 词头匹配"
"byggeprosjekt","byggeprosjekt","名词","","et","NTNU LearnNoW","09B","9","byggeprosjektet, byggeprosjekter, byggeprosjektene","byggeprosjekt · byggeprosjekta · byggeprosjektene · byggeprosjekter · byggeprosjektet","NOUN","True","","","","Ordbank 词头匹配"
"bygging","bygging","名词","","en","NTNU LearnNoW","09B","9","byggingen, bygginger, byggingene","bygging · bygginga · byggingen · byggingene · bygginger","NOUN","True","","","","Ordbank 词头匹配"
"colaboks","colaboks","名词","","en","NTNU NoW1","09B","9","","","","False","","","","存在多个可能词头；需人工消歧"
"datamaskin","datamaskin","名词","","en","NTNU LearnNoW","09C","9","datamaskinen, datamaskiner, datamaskinene","datamaskin · datamaskinen · datamaskinene · datamaskiner","NOUN","True","","","","Ordbank 词头匹配"
"del","del","名词","","en","NTNU NoW1","09A","9","","del · delen · delene · deler","NOUN","True","","","","Ordbank 词头匹配"
"din","dine","限定词","","","NTNU LearnNoW","09A","9","","di · din · dine · ditt","DET","True","","","","常见屈折形式/透明构词人工归一；待复核"
"direkte","direkte","形容词","","","NTNU LearnNoW","09C","9","direkte, direkte","direkte","ADJ","True","","","","Ordbank 词头匹配"
"ditt","ditt","名词","","","NTNU LearnNoW","09A","9","dine","ditt","NOUN","True","","","","Ordbank 词头匹配"
"dyp","dyp","名词","","","NTNU NoW1","09B","9","","dyp · dypa · dype · dypene · dypere · dypest · dypeste · dypet · dypt","NOUN; ADJ","True","","","","Ordbank 词头匹配"
"egentlig","egentlig","形容词","","","NTNU NoW1","09A","9","","egentlig · egentlige","ADJ","True","","","","Ordbank 词头匹配"
"ekstra","ekstra","形容词","","","NTNU NoW1","09A","9","","ekstra","ADJ","True","","","","Ordbank 词头匹配"
"engasjert","engasjert","形容词","","","NTNU LearnNoW","09D","9","engasjert, engasjerte","","","False","","","","存在多个可能词头；需人工消歧"
"ennå","ennå","副词","","","NTNU LearnNoW","09A","9","","ennå","ADV","True","","","","Ordbank 词头匹配"
"ferdig","ferdig","形容词","","","NTNU NoW1","09A","9","","ferdig · ferdige","ADJ","True","","","","Ordbank 词头匹配"
"fikse","fikse","动词","","å","NTNU NoW1","09B","9","","fiks · fiksa · fikse · fiksede · fiksende · fikser · fikses · fikset · fiksete","VERB","True","","","","Ordbank 词头匹配"
"fisker","fisker","名词","","en","NTNU LearnNoW","09D","9","fiskeren, fiskere, fiskerne","fisker · fiskere · fiskeren · fiskerne","NOUN","True","","","","Ordbank 词头匹配"
"fjelltur","fjelltur","名词","","en","NTNU LearnNoW","09A","9","fjellturen, fjellturer, fjellturene","fjelltur · fjellturen · fjellturene · fjellturer","NOUN","True","","","","Ordbank 词头匹配"
"flybillett","flybillett","名词","","en","NTNU NoW1","09B","9","","flybillett · flybilletten · flybillettene · flybilletter","NOUN","True","","","","Ordbank 词头匹配"
"forslag","forslag","名词","","et","NTNU LearnNoW","09B","9","forslaget, forslag, forslagene","forslag · forslaga · forslagene · forslaget","NOUN","True","","","","Ordbank 词头匹配"
"frisør","frisør","名词","","en","NTNU LearnNoW","09D","9","frisøren, frisører, frisørene","frisør · frisøren · frisørene · frisører","NOUN","True","","","","Ordbank 词头匹配"
"gjennomføring","gjennomføring","名词","","ei","NTNU LearnNoW","09B","9","gjennomføringa, gjennomføringer, gjennomføringene","gjennomføring · gjennomføringa · gjennomføringen · gjennomføringene · gjennomføringer","NOUN","True","","","","Ordbank 词头匹配"
"gratis","gratis","形容词","","","NTNU NoW1","09B","9","","gratis","ADJ","True","","","","Ordbank 词头匹配"
"hate","hate","动词","","å","NTNU LearnNoW","09D","9","hater, hatet, har hatet","hat · hata · hate · hatede · hatende · hater · hates · hatet · hatete","VERB","True","","","","Ordbank 词头匹配"
"hel","hel","形容词","","","NTNU LearnNoW","09C","9","helt, hele","hel · hele · helt","ADJ","True","","","","Ordbank 词头匹配"
"heller","heller","副词","","","NTNU LearnNoW","09D","9","","heller · hellere · helleren · hellerne","ADV","True","","","","Ordbank 词头匹配"
"hensyn","hensyn","名词","","et","NTNU LearnNoW","09B","9","hensynet, hensyn, hensynene","hensyn · hensyna · hensynene · hensynet","NOUN","True","","","","Ordbank 词头匹配"
"hotellrom","hotellrom","名词","","et","NTNU NoW1","09B","9","","hotellrom · hotellromma · hotellrommene · hotellrommet","NOUN","True","","","","Ordbank 词头匹配"
"hovedpunkt","hovedpunkt","名词","","et","NTNU NoW1","09A","9","","hovedpunkt · hovedpunkta · hovedpunktene · hovedpunkter · hovedpunktet","NOUN","True","","","","Ordbank 词头匹配"
"hvem","hvem","代词","","","NTNU LearnNoW","09B","9","","hvem","PRON","True","","","","Ordbank 词头匹配"
"imens","imens","副词","","","NTNU LearnNoW","09C","9","","imens","ADV","True","","","","Ordbank 词头匹配"
"innen","innen","介词","","","NTNU LearnNoW","09A","9","","innen","ADP","True","","","","Ordbank 词头匹配"
"innlegg","innlegg","名词","","et","NTNU NoW1","09B","9","","innlegg · innlegga · innleggene · innlegget","NOUN","True","","","","Ordbank 词头匹配"
"instituttleder","instituttleder","名词","","en","NTNU NoW1","09A","9","","instituttleder · instituttledere · instituttlederen · instituttlederne","NOUN","True","","","","Ordbank 词头匹配"
"interessert","interessert","形容词","","","NTNU LearnNoW","09D","9","interessert, interesserte","interessert · interesserte","ADJ","True","","","","Ordbank 词头匹配"
"internettilgang","internettilgang","名词","","","NTNU NoW1","09B","9","","","","False","","","","常见屈折形式/透明构词人工归一；待复核"
"intervjue","intervjue","动词","","å","NTNU LearnNoW","09D","9","intervjuer, intervjuet, har intervjuet","intervju · intervjua · intervjue · intervjuede · intervjuende · intervjuer · intervjues · intervjuet · intervjuete","VERB","True","","","","Ordbank 词头匹配"
"joggesko","joggesko","名词","","en","NTNU LearnNoW","09A","9","joggeskoen, joggesko, joggeskoene","joggesko · joggeskoa · joggeskoen · joggeskoene","NOUN","True","","","","Ordbank 词头匹配"
"journal","journal","名词","","en","NTNU LearnNoW","09C","9","journalen, journaler, journalene","journal · journalen · journalene · journaler","NOUN","True","","","","Ordbank 词头匹配"
"journalist","journalist","名词","","en","NTNU LearnNoW","09D","9","journalisten, journalister, journalistene","journalist · journalisten · journalistene · journalister","NOUN","True","","","","Ordbank 词头匹配"
"kakao","kakao","名词","","en","NTNU LearnNoW","09A","9","kakaoen, kakaoer, kakaoene","kakao · kakaoen · kakaoene · kakaoer","NOUN","True","","","","Ordbank 词头匹配"
"kjemisk","kjemisk","形容词","","","NTNU NoW1","09A","9","","kjemisk · kjemiske","ADJ","True","","","","Ordbank 词头匹配"
"klare","klare","动词","","å","NTNU LearnNoW","09B","9","klarer, klarte, har klart","klar · klara · klare · klarede · klaren · klarende · klarene · klarer · klares · klaret · klarete · klart · klarte","VERB","True","","","","Ordbank 词头匹配"
"klasseavis","klasseavis","名词","","ei","NTNU LearnNoW","09D","9","klasseavisa, klasseaviser, klasseavisene","klasseavis · klasseavisa · klasseavisen · klasseavisene · klasseaviser","NOUN","True","","","","Ordbank 词头匹配"
"kommunikasjon","kommunikasjon","名词","","en","NTNU LearnNoW","09C","9","kommunikasjonen, kommunikasjoner, kommunikasjonene","kommunikasjon · kommunikasjonen · kommunikasjonene · kommunikasjoner","NOUN","True","","","","Ordbank 词头匹配"
"konferanse","konferanse","名词","","en","NTNU NoW1","09B","9","","konferanse · konferansen · konferansene · konferanser","NOUN","True","","","","Ordbank 词头匹配"
"konsulenthjelp","konsulenthjelp","名词","","en","NTNU LearnNoW","09B","9","konsulenthjelpen, konsulenthjelper, konsulenthjelpene","","","False","","","","存在多个可能词头；需人工消歧"
"kontakte","kontakte","动词","","å","NTNU LearnNoW","09A","9","kontakter, kontaktet, har kontaktet","kontakt · kontakta · kontakte · kontaktede · kontaktende · kontakter · kontaktes · kontaktet · kontaktete","VERB","True","","","","Ordbank 词头匹配"
"kontroll","kontroll","名词","","en","NTNU LearnNoW","09C","9","kontrollen, kontroller, kontrollene","kontroll · kontrollen · kontrollene · kontroller","NOUN","True","","","","Ordbank 词头匹配"
"korrektur","korrektur","名词","","en","NTNU NoW1","09A","9","","korrektur · korrekturen · korrekturene · korrekturer","NOUN","True","","","","Ordbank 词头匹配"
"kritisk","kritisk","形容词","","","NTNU LearnNoW","09C","9","kritisk, kritiske","kritisk · kritiske","ADJ","True","","","","Ordbank 词头匹配"
"kronisk","kronisk","形容词","","","NTNU LearnNoW","09C","9","kronisk, kroniske","kronisk · kroniske","ADJ","True","","","","Ordbank 词头匹配"
"kunnskap","kunnskap","名词","","en","NTNU LearnNoW","09D","9","kunnskapen, kunnskaper, kunnskapene","kunnskap · kunnskapen · kunnskapene · kunnskaper","NOUN","True","","","","Ordbank 词头匹配"
"laboratorium","laboratorium","名词","","et","NTNU LearnNoW","09C","9","laboratoriet, laboratorier, laboratoriene","laboratoria · laboratoriene · laboratorier · laboratoriet · laboratorium","NOUN","True","","","","Ordbank 词头匹配"
"læreryrke","læreryrke","名词","","et","NTNU LearnNoW","09D","9","læreryrket, læreryrker, læreryrkene","læreryrka · læreryrke · læreryrkene · læreryrker · læreryrket","NOUN","True","","","","Ordbank 词头匹配"
"likevel","likevel","副词","","","NTNU LearnNoW","09A","9","","likevel","ADV","True","","","","Ordbank 词头匹配"
"lønn","lønn","名词","","ei","NTNU LearnNoW","09D","9","lønna, lønner, lønnene","lønn · lønna · lønnen · lønnene · lønner","NOUN","True","","","","Ordbank 词头匹配"
"matpakke","matpakke","名词","","en","NTNU LearnNoW","09A","9","matpakken, matpakker, matpakkene","matpakka · matpakke · matpakken · matpakkene · matpakker","NOUN","True","","","","Ordbank 词头匹配"
"merke","merke","动词","","å","NTNU LearnNoW","09C","9","merker, merket, har merket","merk · merka · merke · merkede · merkende · merkene · merker · merkes · merket · merkete","VERB","True","","","","Ordbank 词头匹配"
"møterom","møterom","名词","","et","NTNU LearnNoW","09B","9","møteromet, møterom, møterommene","møterom · møteromma · møterommene · møterommet","NOUN","True","","","","Ordbank 词头匹配"
"ni","ni","符号","","","NTNU LearnNoW","09A","9","","Ni","SYM; DET","True","","","","Ordbank 词头匹配"
"nikke","nikke","动词","","å","NTNU LearnNoW","09A","9","nikker, nikket, har nikket","nikk · nikka · nikke · nikkede · nikkende · nikker · nikkes · nikket · nikkete","VERB","True","","","","Ordbank 词头匹配"
"nyttig","nyttig","形容词","","","NTNU LearnNoW","09D","9","nyttig, nyttige","nyttig · nyttige · nyttigere · nyttigst · nyttigste","ADJ","True","","","","Ordbank 词头匹配"
"organisere","organisere","动词","","å","NTNU LearnNoW","09A","9","organiserer, organiserte, har organisert","organiser · organisere · organiserende · organiserer · organiseres · organisert · organiserte","VERB","True","","","","Ordbank 词头匹配"
"overvåke","overvåke","动词","","å","NTNU LearnNoW","09C","9","overvåker, overvåket, har overvåket","overvåk · overvåka · overvåke · overvåkede · overvåkende · overvåker · overvåkes · overvåket · overvåkete · overvåkt · overvåkte","VERB","True","","","","Ordbank 词头匹配"
"øyeblikkelig","øyeblikkelig","形容词","","","NTNU LearnNoW","09C","9","øyeblikkelig, øyeblikkelige","øyeblikkelig · øyeblikkelige","ADJ","True","","","","Ordbank 词头匹配"
"pasient","pasient","名词","","en","NTNU LearnNoW","09C","9","pasienten, pasienter, pasientene","pasient · pasienten · pasientene · pasienter","NOUN","True","","","","Ordbank 词头匹配"
"pilot","pilot","名词","","en","NTNU LearnNoW","09D","9","piloten, piloter, pilotene","pilot · piloten · pilotene · piloter","NOUN","True","","","","Ordbank 词头匹配"
"planlegging","planlegging","名词","","ei","NTNU LearnNoW","09B","9","planlegginga, planlegginger, planleggingene","planlegging · planlegginga · planleggingen · planleggingene · planlegginger","NOUN","True","","","","Ordbank 词头匹配"
"planleggingsperiode","planleggingsperiode","名词","","en","NTNU LearnNoW","09B","9","planleggingsperioden, planleggingsperioder, planleggingsperiodene","","","False","","","","存在多个可能词头；需人工消歧"
"plaster","plaster","名词","","et","NTNU LearnNoW","09C","9","plasteret, plastre, plastrene","plaster · plastera · plasteret · plastre · plastrene","NOUN","True","","","","Ordbank 词头匹配"
"pleie","pleie","动词","","å","NTNU LearnNoW","09C","9","pleier, pleide, har pleid","plei · pleia · pleid · pleide · pleie · pleiede · pleien · pleiende · pleiene · pleier · pleies · pleiet · pleiete","VERB","True","","","","Ordbank 词头匹配"
"popstjerne","popstjerne","名词","","ei","NTNU LearnNoW","09D","9","popstjerna, popstjerner, popstjernene","popstjerna · popstjerne · popstjernen · popstjernene · popstjerner","NOUN","True","","","","Ordbank 词头匹配"
"presentasjon","presentasjon","名词","","en","NTNU LearnNoW","09B","9","presentasjonen, presentasjoner, presentasjonene","presentasjon · presentasjonen · presentasjonene · presentasjoner","NOUN","True","","","","Ordbank 词头匹配"
"presentere","presentere","动词","","å","NTNU LearnNoW","09B","9","presenterer, presenterte, har presentert","presenter · presentere · presenterende · presenterer · presenteres · presentert · presenterte","VERB","True","","","","Ordbank 词头匹配"
"profesjonell","profesjonell","形容词","","","NTNU LearnNoW","09D","9","profesjonelt, profesjonelle","profesjonell · profesjonelle · profesjonelt","ADJ","True","","","","Ordbank 词头匹配"
"prosjektdokument","prosjektdokument","名词","","et","NTNU LearnNoW","09B","9","prosjektdokumentet, prosjektdokumenter, prosjektdokumentene","","","False","","","","存在多个可能词头；需人工消歧"
"prosjektleder","prosjektleder","名词","","en","NTNU LearnNoW","09B","9","prosjektlederen, prosjektledere, prosjektlederne","prosjektleder · prosjektledere · prosjektlederen · prosjektlederne","NOUN","True","","","","Ordbank 词头匹配"
"redd","redd","形容词","","","NTNU LearnNoW","09C","9","redd, redde","redd · redde · reddere · reddest · reddeste","ADJ","True","","","","Ordbank 词头匹配"
"regntøy","regntøy","名词","","et","NTNU LearnNoW","09A","9","regntøyet, regntøy, regntøyene","regntøy · regntøya · regntøyene · regntøyet","NOUN","True","","","","Ordbank 词头匹配"
"samarbeide","samarbeide","动词","","å","NTNU LearnNoW","09D","9","samarbeider, samarbeidet, har samarbeidet","samarbeid · samarbeida · samarbeidd · samarbeidde · samarbeide · samarbeidede · samarbeidende · samarbeider · samarbeides · samarbeidet · samarbeidete","VERB","True","","","","Ordbank 词头匹配"
"samfunn","samfunn","名词","","et","NTNU LearnNoW","09D","9","samfunnet, samfunn, samfunnene","samfunn · samfunna · samfunnene · samfunnet","NOUN","True","","","","Ordbank 词头匹配"
"sånn","sånn","副词","","","NTNU LearnNoW","09C","9","","sånn · sånne · sånt","DET","True","","","","Ordbank 词头匹配"
"sekk","sekk","名词","","en","NTNU LearnNoW","09A","9","sekken, sekker, sekkene","sekk · sekken · sekkene · sekker","NOUN","True","","","","Ordbank 词头匹配"
"selger","selger","名词","","en","NTNU LearnNoW","09D","9","selgeren, selgere, selgerne","selger · selgere · selgeren · selgerne","NOUN","True","","","","Ordbank 词头匹配"
"selvsagt","selvsagt","形容词","","","NTNU LearnNoW","09B","9","selvsagt, selvsagte","selvsagt · selvsagte","ADJ","True","","","","Ordbank 词头匹配"
"senter","senter","名词","","et","NTNU LearnNoW","09B","9","senteret, senter, sentrene","senter · sentera · sentere · senteren · senteret · senterne · sentre · sentrene","NOUN","True","","","","Ordbank 词头匹配"
"servitør","servitør","名词","","en","NTNU LearnNoW","09D","9","servitøren, servitører, servitørene","servitør · servitøren · servitørene · servitører","NOUN","True","","","","Ordbank 词头匹配"
"sete","sete","名词","","et","NTNU LearnNoW","09A","9","setet, seter, setene","seta · sete · setene · seter · setet","NOUN","True","","","","Ordbank 词头匹配"
"sikker","sikker","形容词","","","NTNU LearnNoW","09B","9","sikkert, sikre","sikker · sikkert · sikre · sikrere · sikrest · sikreste","ADJ","True","","","","Ordbank 词头匹配"
"skjema","skjema","名词","","et","NTNU LearnNoW","09C","9","skjemaet, skjema, skjemaene","skjema · skjemaene · skjemaer · skjemaet","NOUN","True","","","","Ordbank 词头匹配"
"slik","slik","副词","","","NTNU LearnNoW","09B","9","","slik · slike · slikt","DET","True","","","","Ordbank 词头匹配"
"snu","snu","动词","","å","NTNU LearnNoW","09C","9","snur, snudde, har snudd","snu · snudd · snudde · snuen · snuende · snuene · snuer · snur · snus","VERB","True","","","","Ordbank 词头匹配"
"som","som","从属连词","","","NTNU LearnNoW","09B","9","","som","SCONJ","True","","","","Ordbank 词头匹配"
"spent","spent","形容词","","","NTNU LearnNoW","09A","9","spent, spente","spent · spente","ADJ","True","","","","Ordbank 词头匹配"
"spørsmål","spørsmål","名词","","et","NTNU LearnNoW","09B","9","spørsmålet, spørsmål, spørsmålene","spørsmål · spørsmåla · spørsmålene · spørsmålet","NOUN","True","","","","Ordbank 词头匹配"
"stikke","stikke","动词","","å","NTNU LearnNoW","09C","9","stikker, stakk, har stukket","stakk · stikk · stikka · stikke · stikken · stikkende · stikkene · stikker · stikkes · stukken · stukket · stukne","VERB","True","","","","Ordbank 词头匹配"
"stolt","stolt","形容词","","","NTNU LearnNoW","09B","9","stolt, stolte","stolt · stolte · stoltere · stoltest · stolteste","ADJ","True","","","","Ordbank 词头匹配"
"støvel","støvel","名词","","en","NTNU LearnNoW","09A","9","støvelen, støvler, støvlene","støvel · støvelen · støvlene · støvler","NOUN","True","","","","Ordbank 词头匹配"
"stress","stress","名词","","et","NTNU LearnNoW","09A","9","stresset","stress · stressa · stressen · stressene · stresser · stresset","NOUN","True","","","","Ordbank 词头匹配"
"stressende","stressende","形容词","","","NTNU LearnNoW","09C","9","stressende, stressende","stressende","ADJ","True","","","","Ordbank 词头匹配"
"stund","stund","名词","","en","NTNU LearnNoW","09C","9","stunden, stunder, stundene","stund · stunda · stunden · stundene · stunder","NOUN","True","","","","Ordbank 词头匹配"
"svimmel","svimmel","形容词","","","NTNU LearnNoW","09C","9","svimmelt, svimle","svimle · svimlere · svimlest · svimleste · svimmel · svimmelt","ADJ","True","","","","Ordbank 词头匹配"
"syk","syk","形容词","","","NTNU LearnNoW","09A","9","sykt, syke","syk · syke · sykere · sykest · sykeste · sykt","ADJ","True","","","","Ordbank 词头匹配"
"sykdom","sykdom","名词","","en","NTNU LearnNoW","09C","9","sykdommen, sykdommer, sykdommene","sykdom · sykdommen · sykdommene · sykdommer","NOUN","True","","","","Ordbank 词头匹配"
"tall","tall","名词","","et","NTNU LearnNoW","09B","9","tallet, tall, tallene","tall · talla · tallen · tallene · taller · tallet","NOUN","True","","","","Ordbank 词头匹配"
"telefonnummer","telefonnummer","名词","","et","NTNU LearnNoW","09D","9","telefonnummeret, telefonnummer, telefonnumrene","telefonnummer · telefonnummera · telefonnummeret · telefonnumre · telefonnumrene","NOUN","True","","","","Ordbank 词头匹配"
"termos","termos","名词","","en","NTNU LearnNoW","09A","9","termosen, termoser, termosene","termos · termosen · termosene · termoser","NOUN","True","","","","Ordbank 词头匹配"
"tidsfrist","tidsfrist","名词","","en","NTNU LearnNoW","09B","9","tidsfristen, tidsfrister, tidsfristene","tidsfrist · tidsfristen · tidsfristene · tidsfrister","NOUN","True","","","","Ordbank 词头匹配"
"undersøkelse","undersøkelse","名词","","en","NTNU LearnNoW","09C","9","undersøkelsen, undersøkelser, undersøkelsene","undersøkelse · undersøkelsen · undersøkelsene · undersøkelser","NOUN","True","","","","Ordbank 词头匹配"
"utdanning","utdanning","名词","","ei","NTNU LearnNoW","09D","9","utdanninga, utdanninger, utdanningene","utdanning · utdanninga · utdanningen · utdanningene · utdanninger","NOUN","True","","","","Ordbank 词头匹配"
"veileder","veileder","名词","","en","NTNU LearnNoW","09C","9","veilederen, veiledere, veilederne","veileder · veiledere · veilederen · veilederne","NOUN","True","","","","Ordbank 词头匹配"
"vikar","vikar","名词","","en","NTNU LearnNoW","09A","9","vikaren, vikarer, vikarene","vikar · vikaren · vikarene · vikarer","NOUN","True","","","","Ordbank 词头匹配"
"vikarbyrå","vikarbyrå","名词","","et","NTNU LearnNoW","09A","9","vikarbyrået, vikarbyråer, vikarbyråene","vikarbyrå · vikarbyråa · vikarbyråene · vikarbyråer · vikarbyrået","NOUN","True","","","","Ordbank 词头匹配"
"vondt","vondt","形容词","","","NTNU LearnNoW","09C","9","vondt, vonde","vondt · vondta · vondtene · vondter · vondtet","NOUN","True","","","","Ordbank 词头匹配"
"yrke","yrke","名词","","et","NTNU LearnNoW","09D","9","yrket, yrker, yrkene","yrk · yrka · yrke · yrkede · yrken · yrkende · yrkene · yrker · yrkes · yrket · yrkete","NOUN","True","","","","Ordbank 词头匹配"
"aktiv","aktiv","形容词","","","NTNU LearnNoW; NorweigenLearn 当前词库","10D","10","aktivt, aktive / mer aktiv – mest aktiv","aktiv · aktive · aktiven · aktivene · aktiver · aktivt","ADJ","True","积极的；活跃的","Jeg skal være mer aktiv.","我会更积极一些。","Ordbank 词头匹配"
"dessert","dessert","名词","","en","NTNU LearnNoW; NTNU NoW1","10B; 12B","10","desserten, desserter, dessertene","dessert · desserten · dessertene · desserter","NOUN","True","","","","Ordbank 词头匹配"
"drøm","drøm","名词","","en","NTNU LearnNoW; NorweigenLearn 当前词库","10D","10","drømmen, drømmer, drømmene / en drøm – drømmen – drømmer – drømmene","drøm · drømmen · drømmene · drømmer","NOUN","True","梦想","Drømmen hennes er å bo nær fjellet.","她的梦想是住在山附近。","Ordbank 词头匹配"
"drømme","drømme","动词","","å","NTNU LearnNoW; NorweigenLearn 当前词库","10A","10","drømmer – drømte – har drømt / drømmer, drømte, har drømt","drøm · drømme · drømmende · drømmer · drømmes · drømt · drømte","VERB","True","做梦；梦想","Han drømmer om en ny jobb.","他梦想着一份新工作。","Ordbank 词头匹配"
"feire","feire","动词","","å","NTNU LearnNoW; NTNU NoW1","10B; 12B","10","feirer, feiret, har feiret","feir · feira · feire · feirede · feirende · feirer · feires · feiret · feirete","VERB","True","","","","Ordbank 词头匹配"
"flagg","flagg","名词","","et","NTNU LearnNoW; NTNU NoW1","10B; 12C","10","flagget, flagg, flaggene","flagg · flagga · flaggene · flagget","NOUN","True","","","","Ordbank 词头匹配"
"fredag","fredag","名词","","en","NTNU LearnNoW; NTNU NoW1","10A; 10B","10","fredagen, fredager, fredagene","fredag · fredagen · fredagene · fredager","NOUN","True","","","","Ordbank 词头匹配"
"frisk","frisk","形容词","","","NTNU LearnNoW; NorweigenLearn 当前词库","10C","10","friskere – friskest / friskt, friske","frisk · friske · friskere · friskest · friskeste · friskt","ADJ","True","健康的；清新的","Jeg vil bli friskere.","我想变得更健康。","Ordbank 词头匹配"
"helse","helse","名词","","ei","NTNU LearnNoW; NorweigenLearn 当前词库","10B","10","ei helse – helsa / helsa, helser, helsene","helsa · helse · helsen · helsene · helser","NOUN","True","健康","Jeg skal gå tur for helsa.","我打算散步来保持健康。","Ordbank 词头匹配"
"hovedstad","hovedstad","名词","","en","NTNU LearnNoW; NTNU NoW1","10A; 11C","10","hovedstaden, hovedstader, hovedstadene","hovedstad · hovedstaden · hovedstedene · hovedsteder","NOUN","True","","","","Ordbank 词头匹配"
"jul","jul","名词","","ei","NTNU LearnNoW; NTNU NoW1","10B; 12B","10","jula, juler, julene","jul · jula · julen · julene · juler","NOUN","True","","","","Ordbank 词头匹配"
"julaften","julaften","名词","","en","NTNU LearnNoW; NTNU NoW1","10B; 12A","10","julaftenen, julaftener, julaftenene","julaften · julaftenen · julaftenene · julaftener","NOUN","True","","","","Ordbank 词头匹配"
"julegave","julegave","名词","","en","NTNU LearnNoW; NTNU NoW1","10B; 12A","10","julegaven, julegaver, julegavene","julegava · julegave · julegaven · julegavene · julegaver","NOUN","True","","","","Ordbank 词头匹配"
"julekule","julekule","名词","","ei","NTNU LearnNoW; NTNU NoW1","10B; 12C","10","julekula, julekuler, julekulene","","","False","","","","存在多个可能词头；需人工消歧"
"julemiddag","julemiddag","名词","","en","NTNU LearnNoW; NTNU NoW1","10B; 12C","10","julemiddagen, julemiddager, julemiddagene","julemiddag · julemiddagen · julemiddagene · julemiddager","NOUN","True","","","","Ordbank 词头匹配"
"juletre","juletre","名词","","et","NTNU LearnNoW; NTNU NoW1","10B; 12A","10","juletreet, juletrær, juletrærne","juletrær · juletrærne · juletre · juletrea · juletreet","NOUN","True","","","","Ordbank 词头匹配"
"sterk","sterk","形容词","","","NTNU LearnNoW; NorweigenLearn 当前词库","10D","10","sterkere – sterkest / sterkt, sterke","sterk · sterke · sterkere · sterkest · sterkeste · sterkt","ADJ","True","强壮的；强有力的","Trening gjør kroppen sterkere.","锻炼让身体更强壮。","Ordbank 词头匹配"
"trening","trening","名词","","ei","NTNU LearnNoW; NorweigenLearn 当前词库","10D","10","ei trening – treninga – treninger – treningene / treninga, treninger, treningene","trening · treninga · treningen · treningene · treninger","NOUN","True","锻炼；训练","Jeg skal trene tre ganger i uka.","我计划每周锻炼三次。","Ordbank 词头匹配"
"altså","altså","副词","","","NTNU LearnNoW","10B","10","","altså","ADV","True","","","","Ordbank 词头匹配"
"avansert","avansert","形容词","","","NTNU LearnNoW","10C","10","avansert, avanserte","avansert · avanserte","ADJ","True","","","","Ordbank 词头匹配"
"bærbar","bærbar","形容词","","","NTNU LearnNoW","10B","10","bærbart, bærbare","bærbar · bærbare · bærbart","ADJ","True","","","","Ordbank 词头匹配"
"bake","bake","动词","","å","NTNU NoW1","10B","10","","bak · bake · bakende · baker · bakes · bakt · bakte","VERB","True","","","","Ordbank 词头匹配"
"ball","ball","名词","","en","NTNU LearnNoW","10D","10","ballen, baller, ballene","ball · balla · ballen · ballene · baller · ballet","NOUN","True","","","","Ordbank 词头匹配"
"bedre","bedre","形容词","","","NTNU LearnNoW","10A","10","","bedr · bedra · bedre · bedrede · bedrende · bedrer · bedres · bedret · bedrete","ADJ","True","","","","Ordbank 词头匹配"
"bein","bein","名词","","et","NTNU LearnNoW","10D","10","beinet, bein, beina","bein · beina · beine · beinene · beinere · beinest · beineste · beinet · beint","NOUN","True","","","","Ordbank 词头匹配"
"berømt","berømt","形容词","","","NTNU NoW1","10A","10","","berømt · berømte","ADJ","True","","","","Ordbank 词头匹配"
"burde","burde","动词","","","NTNU NoW1","10B","10","","bør · burde · burdet","VERB","True","","","","Ordbank 词头匹配"
"dårlig","dårligst","形容词","","","NTNU LearnNoW","10B","10","","dårlig · dårlige · dårligere · dårligst · dårligste · verre · verst · verste","ADJ","True","","","","按 Ordbank 屈折形式归回词头"
"desember","desember","名词","","","NTNU NoW1","10A","10","","desember · desemberen · desemberene · desemberer","NOUN","True","","","","Ordbank 词头匹配"
"dronning","dronning","名词","","en","NTNU NoW1","10A","10","","dronning · dronninga · dronningen · dronningene · dronninger","NOUN","True","","","","Ordbank 词头匹配"
"egenmelding","egenmelding","名词","","ei","NTNU LearnNoW","10B","10","egenmeldinga, egenmeldinger, egenmeldingene","egenmelding · egenmeldinga · egenmeldingen · egenmeldingene · egenmeldinger","NOUN","True","","","","Ordbank 词头匹配"
"ekspert","ekspert","名词","","en","NTNU LearnNoW","10A","10","eksperten, eksperter, ekspertene","ekspert · eksperten · ekspertene · eksperter","NOUN","True","","","","Ordbank 词头匹配"
"ellers","ellers","副词","","","NTNU LearnNoW","10B","10","","ellers","ADV","True","","","","Ordbank 词头匹配"
"ende","ende","名词","","en","NTNU NoW1","10A","10","","end · ende · enden · endende · endene · ender · endes · endt · endte","NOUN","True","","","","Ordbank 词头匹配"
"fall","fall","名词","","et","NTNU LearnNoW","10B","10","fallet, fall, fallene","fall · falla · fallen · fallene · faller · fallet","NOUN","True","","","","Ordbank 词头匹配"
"fantastisk","fantastisk","形容词","","","NTNU NoW1","10A","10","","fantastisk · fantastiske","ADJ","True","","","","Ordbank 词头匹配"
"feile","feile","动词","","å","NTNU LearnNoW","10A","10","feiler, feilet, har feilet","feil · feila · feile · feilede · feilende · feiler · feiles · feilet · feilete · feilt · feilte","VERB","True","","","","Ordbank 词头匹配"
"festning","festning","名词","","en","NTNU NoW1","10A","10","","festning · festninga · festningen · festningene · festninger","NOUN","True","","","","Ordbank 词头匹配"
"finger","finger","名词","","en","NTNU LearnNoW","10C","10","fingeren, fingre, fingrene","finger · fingeren · fingre · fingrene · fingrer","NOUN","True","","","","Ordbank 词头匹配"
"form","form","名词","","en","NTNU LearnNoW","10D","10","formen, former, formene","form · forma · formen · formene · former","NOUN","True","","","","Ordbank 词头匹配"
"forresten","forresten","副词","","","NTNU LearnNoW","10A","10","","forresten","ADV","True","","","","Ordbank 词头匹配"
"fredspris","fredspris","名词","","en","NTNU NoW1","10A","10","","fredspris · fredsprisen · fredsprisene · fredspriser","NOUN","True","","","","Ordbank 词头匹配"
"fri","fri","动词","","","NTNU NoW1","10A","10","","fri · fridd · fridde · frie · friende · friere · friest · frieste · frir · fris · fritt","VERB; NOUN; ADJ","True","","","","Ordbank 词头匹配"
"glitter","glitter","名词","","","NTNU NoW1","10B","10","","glitre · glitrene · glitter · glittera · glitteret","NOUN","True","","","","Ordbank 词头匹配"
"grad","grad","名词","","en","NTNU LearnNoW","10A","10","graden, grader, gradene","grad · graden · gradene · grader","NOUN","True","","","","Ordbank 词头匹配"
"gråte","gråte","动词","","å","NTNU LearnNoW","10A","10","gråter, gråt, har grått","gråt · gråte · gråtende · gråter · gråtes · grått · gråtte","VERB","True","","","","Ordbank 词头匹配"
"grøt","grøt","名词","","en","NTNU NoW1","10B","10","","grøt · grøten · grøtene · grøter","NOUN","True","","","","Ordbank 词头匹配"
"gudstjeneste","gudstjeneste","名词","","en","NTNU NoW1","10B","10","","gudstjeneste · gudstjenesten · gudstjenestene · gudstjenester","NOUN","True","","","","Ordbank 词头匹配"
"håndball","håndball","名词","","en","NTNU LearnNoW","10D","10","håndballen, håndballer, håndballene","håndball · håndballen · håndballene · håndballer","NOUN","True","","","","Ordbank 词头匹配"
"håndballspiller","håndballspiller","名词","","en","NTNU LearnNoW","10D","10","håndballspilleren, håndballspillere, håndballspillerne","håndballspiller · håndballspillere · håndballspilleren · håndballspillerne","NOUN","True","","","","Ordbank 词头匹配"
"hard","hardere","形容词","","","NTNU LearnNoW","10D","10","","hardere","ADJ","True","","","","按 Ordbank 屈折形式归回词头"
"hevelse","hevelse","名词","","en","NTNU LearnNoW","10C","10","hevelsen, hevelser, hevelsene","hevelse · hevelsen · hevelsene · hevelser","NOUN","True","","","","Ordbank 词头匹配"
"hjemmefra","hjemmefra","副词","","","NTNU LearnNoW","10B","10","","hjemmefra","ADV","True","","","","Ordbank 词头匹配"
"hoste","hoste","动词","","å","NTNU LearnNoW","10A","10","hoster, hostet, har hostet","host · hosta · hoste · hostede · hosten · hostende · hostene · hoster · hostes · hostet · hostete","VERB","True","","","","Ordbank 词头匹配"
"høstferie","høstferie","名词","","en","NTNU NoW1","10A","10","","høstferie · høstferien · høstferiene · høstferier","NOUN","True","","","","Ordbank 词头匹配"
"hovedgate","hovedgate","名词","","ei","NTNU NoW1","10A","10","","hovedgata · hovedgate · hovedgaten · hovedgatene · hovedgater","NOUN","True","","","","Ordbank 词头匹配"
"hvit","hvit","形容词","","","NTNU NoW1","10B","10","","hvit · hvite · hvitere · hvitest · hviteste · hvitt","ADJ","True","","","","Ordbank 词头匹配"
"idrett","idrett","名词","","en","NTNU LearnNoW","10D","10","idretten, idretter, idrettene","idrett · idretten · idrettene · idretter","NOUN","True","","","","Ordbank 词头匹配"
"innom","innom","介词","","","NTNU LearnNoW","10B","10","","innom","ADP","True","","","","Ordbank 词头匹配"
"insistere","insistere","动词","","å","NTNU NoW1","10B","10","","insister · insistere · insisterende · insisterer · insisteres · insistert · insisterte","VERB","True","","","","Ordbank 词头匹配"
"jentelag","jentelag","名词","","et","NTNU LearnNoW","10D","10","jentelaget, jentelag, jentelagene","jentelag · jentelaga · jentelagene · jentelaget","NOUN","True","","","","Ordbank 词头匹配"
"julebord","julebord","名词","","et","NTNU NoW1","10B","10","","julebord · juleborda · julebordene · juleborder · julebordet","NOUN","True","","","","Ordbank 词头匹配"
"julekveld","julekveld","名词","","en","NTNU NoW1","10B","10","","julekveld · julekvelden · julekveldene · julekvelder","NOUN","True","","","","Ordbank 词头匹配"
"julestemning","julestemning","名词","","en","NTNU NoW1","10B","10","","julestemning · julestemninga · julestemningen · julestemningene · julestemninger","NOUN","True","","","","Ordbank 词头匹配"
"juletradisjon","juletradisjon","名词","","en","NTNU NoW1","10B","10","","","","False","","","","存在多个可能词头；需人工消歧"
"kald","kaldere","形容词","","","NTNU LearnNoW","10A","10","","kald · kalde · kaldere · kaldest · kaldeste · kaldt","ADJ","True","","","","常见屈折形式/透明构词人工归一；待复核"
"kamp","kamp","名词","","en","NTNU LearnNoW","10D","10","kampen, kamper, kampene","kamp · kampen · kampene · kamper","NOUN","True","","","","Ordbank 词头匹配"
"kjempeflink","kjempeflink","形容词","","","NTNU LearnNoW","10D","10","kjempeflinkt, kjempeflinke","","","False","","","","常见屈折形式/透明构词人工归一；待复核"
"kjent","kjent","形容词","","","NTNU NoW1","10A","10","","kjent · kjente","ADJ","True","","","","Ordbank 词头匹配"
"klemme","klemme","动词","","å","NTNU LearnNoW","10A","10","klemmer, klemte, har klemt","klem · klemma · klemme · klemmen · klemmende · klemmene · klemmer · klemmes · klemt · klemte","VERB","True","","","","Ordbank 词头匹配"
"kondisjon","kondisjon","名词","","en","NTNU LearnNoW","10D","10","kondisjonen, kondisjoner, kondisjonene","kondisjon · kondisjonen · kondisjonene · kondisjoner","NOUN","True","","","","Ordbank 词头匹配"
"kul","kul","形容词","","","NTNU LearnNoW","10D","10","kult, kule","kul · kule · kulen · kulene · kuler · kulere · kulest · kuleste · kult","ADJ","True","","","","Ordbank 词头匹配"
"kvalm","kvalm","形容词","","","NTNU LearnNoW","10A","10","kvalmt, kvalme","kvalm · kvalme · kvalmen · kvalmene · kvalmer · kvalmere · kvalmest · kvalmeste · kvalmt","ADJ","True","","","","Ordbank 词头匹配"
"landslag","landslag","名词","","et","NTNU LearnNoW","10D","10","landslaget, landslag, landslagene","landslag · landslaga · landslagene · landslaget","NOUN","True","","","","Ordbank 词头匹配"
"legeattest","legeattest","名词","","en","NTNU LearnNoW","10B","10","legeattesten, legeattester, legeattestene","legeattest · legeattesten · legeattestene · legeattester","NOUN","True","","","","Ordbank 词头匹配"
"legeerklæring","legeerklæring","名词","","ei","NTNU LearnNoW","10B","10","legeerklæringa, legeerklæringer, legeerklæringene","legeerklæring · legeerklæringa · legeerklæringen · legeerklæringene · legeerklæringer","NOUN","True","","","","Ordbank 词头匹配"
"leppe","leppe","名词","","ei","NTNU LearnNoW","10C","10","leppa, lepper, leppene","leppa · leppe · leppen · leppene · lepper","NOUN","True","","","","Ordbank 词头匹配"
"lett","lett","形容词","","","NTNU LearnNoW","10D","10","lett, lette","lett · lette · lettere · lettest · letteste","ADJ","True","","","","Ordbank 词头匹配"
"levere","levere","动词","","å","NTNU LearnNoW","10B","10","leverer, leverte, har levert","lever · levere · leverende · leverer · leveres · levert · leverte","VERB","True","","","","Ordbank 词头匹配"
"lunge","lunge","名词","","ei","NTNU LearnNoW","10C","10","lunga, lunger, lungene","lunga · lunge · lungen · lungene · lunger","NOUN","True","","","","Ordbank 词头匹配"
"lungeredning","lungeredning","名词","","ei","NTNU LearnNoW","10C","10","lungeredninga, lungeredninger, lungeredningene","","","False","","","","存在多个可能词头；需人工消歧"
"mage","mage","名词","","en","NTNU LearnNoW","10A","10","magen, mager, magene","mag · maga · mage · magede · magen · magende · magene · mager · mages · maget · magete","NOUN","True","","","","Ordbank 词头匹配"
"medisinskap","medisinskap","名词","","et","NTNU LearnNoW","10C","10","medisinskapet, medisinskap, medisinskapene","medisinskap · medisinskapa · medisinskapene · medisinskapet","NOUN","True","","","","Ordbank 词头匹配"
"mester","mester","名词","","en","NTNU LearnNoW","10D","10","mesteren, mestre, mestrene","mester · mestere · mesteren · mesterne · mestre · mestrene · mestrer","NOUN","True","","","","Ordbank 词头匹配"
"morsom","morsomst","形容词","","","NTNU LearnNoW","10D","10","","morsom · morsomme · morsommere · morsomst · morsomste · morsomt","ADJ","True","","","","按 Ordbank 屈折形式归回词头"
"munn","munn","名词","","en","NTNU LearnNoW","10C","10","munnen, munner, munnene","munn · munnen · munnene · munner","NOUN","True","","","","Ordbank 词头匹配"
"muskel","muskel","名词","","en","NTNU LearnNoW","10D","10","muskelen, muskeler, muskelene","muskel · muskelen · musklene · muskler","NOUN","True","","","","Ordbank 词头匹配"
"normal","normal","形容词","","","NTNU LearnNoW","10B","10","normalt, normale","normal · normale · normalen · normalene · normaler · normalt","ADJ","True","","","","Ordbank 词头匹配"
"oktober","oktober","名词","","","NTNU LearnNoW","10A","10","","oktober · oktoberen · oktoberene · oktoberer","NOUN","True","","","","Ordbank 词头匹配"
"olympisk","olympisk","形容词","","","NTNU LearnNoW","10D","10","olympisk, olympiske","olympisk · olympiske","ADJ","True","","","","Ordbank 词头匹配"
"ordning","ordning","名词","","en","NTNU LearnNoW","10B","10","ordningen, ordninger, ordningene","ordning · ordninga · ordningen · ordningene · ordninger","NOUN","True","","","","Ordbank 词头匹配"
"overtid","overtid","名词","","ei","NTNU LearnNoW","10B","10","overtida, overtider, overtidene","overtid · overtida · overtiden · overtidene · overtider","NOUN","True","","","","Ordbank 词头匹配"
"panne","panne","名词","","ei","NTNU LearnNoW","10A","10","panna, panner, pannene","panna · panne · pannen · pannene · panner","NOUN","True","","","","Ordbank 词头匹配"
"peke","peke","动词","","å","NTNU LearnNoW","10C","10","peker, pekte, har pekt","pek · peke · pekende · peker · pekes · pekt · pekte","VERB","True","","","","Ordbank 词头匹配"
"periode","periode","名词","","en","NTNU LearnNoW","10B","10","perioden, perioder, periodene","periode · perioden · periodene · perioder","NOUN","True","","","","Ordbank 词头匹配"
"puste","puste","动词","","å","NTNU LearnNoW","10A","10","puster, pustet, har pustet","pust · pusta · puste · pustede · pustende · puster · pustes · pustet · pustete","VERB","True","","","","Ordbank 词头匹配"
"pyjamasjakke","pyjamasjakke","名词","","ei","NTNU LearnNoW","10A","10","pyjamasjakka, pyjamasjakker, pyjamasjakkene","","","False","","","","存在多个可能词头；需人工消歧"
"rask","rask","形容词","","","NTNU LearnNoW","10D","10","rask, raske","rask · raska · raske · raskene · raskere · raskest · raskeste · rasket · raskt","ADJ","True","","","","Ordbank 词头匹配"
"regne","regne","动词","","å","NTNU LearnNoW","10A","10","regner, regnet, har regnet","regn · regna · regne · regnede · regnende · regner · regnes · regnet · regnete · regnt · regnte","VERB","True","","","","Ordbank 词头匹配"
"representere","representere","动词","","å","NTNU LearnNoW","10D","10","representerer, representerte, har representert","representer · representere · representerende · representerer · representeres · representert · representerte","VERB","True","","","","Ordbank 词头匹配"
"rest","rest","名词","","en","NTNU LearnNoW","10C","10","resten, rester, restene","rest · resten · restene · rester","NOUN","True","","","","Ordbank 词头匹配"
"risikere","risikere","动词","","å","NTNU LearnNoW","10C","10","risikerer, risikerte, har risikert","risiker · risikere · risikerende · risikerer · risikeres · risikert · risikerte","VERB","True","","","","Ordbank 词头匹配"
"rygg","rygg","名词","","en","NTNU LearnNoW","10A","10","ryggen, rygger, ryggene","rygg · ryggen · ryggene · rygger","NOUN","True","","","","Ordbank 词头匹配"
"sesong","sesong","名词","","en","NTNU LearnNoW","10D","10","sesongen, sesonger, sesongene","sesong · sesongen · sesongene · sesonger","NOUN","True","","","","Ordbank 词头匹配"
"side","side","名词","","en","NTNU LearnNoW","10A","10","siden, sider, sidene","sida · side · siden · sidene · sider","NOUN","True","","","","Ordbank 词头匹配"
"sin","sin","限定词","","","NTNU LearnNoW","10C","10","sin, si, sitt, sine","si · sin · sine · sitt","DET; SYM","True","","","","Ordbank 词头匹配"
"skadet","skadet","形容词","","","NTNU LearnNoW","10D","10","skadet, skadede","","","False","","","","存在多个可能词头；需人工消歧"
"skjønne","skjønne","动词","","å","NTNU LearnNoW","10C","10","skjønner, skjønte, har skjønt","skjønn · skjønne · skjønnende · skjønner · skjønnes · skjønt · skjønte","VERB","True","","","","Ordbank 词头匹配"
"skogstur","skogstur","名词","","en","NTNU LearnNoW","10A","10","skogsturen, skogsturer, skogsturene","skogstur · skogsturen · skogsturene · skogsturer","NOUN","True","","","","Ordbank 词头匹配"
"skranke","skranke","名词","","en","NTNU LearnNoW","10C","10","skranken, skranker, skrankene","skranke · skranken · skrankene · skranker","NOUN","True","","","","Ordbank 词头匹配"
"skummel","skummel","形容词","","","NTNU LearnNoW","10A","10","skummelt, skumle","skumle · skumlere · skumlest · skumleste · skummel · skummelt","ADJ","True","","","","Ordbank 词头匹配"
"slapp","slapp","形容词","","","NTNU LearnNoW","10A","10","slapt, slappe","slapp · slappe · slappere · slappest · slappeste · slapt","ADJ","True","","","","Ordbank 词头匹配"
"smake","smake","动词","","å","NTNU LearnNoW","10B","10","smaker, smakte, har smakt","smak · smake · smakende · smaker · smakes · smakt · smakte","VERB","True","","","","Ordbank 词头匹配"
"smertestillende","smertestillende","形容词","","","NTNU LearnNoW","10C","10","","smertestillende","ADJ","True","","","","Ordbank 词头匹配"
"smitte","smitte","动词","","å","NTNU LearnNoW","10A","10","smitter, smittet, har smittet","smitt · smitta · smitte · smittede · smitten · smittende · smittene · smitter · smittes · smittet · smittete","VERB","True","","","","Ordbank 词头匹配"
"sovne","sovne","动词","","å","NTNU LearnNoW","10A","10","sovner, sovnet, har sovnet","sovn · sovna · sovne · sovnede · sovnende · sovner · sovnes · sovnet · sovnete","VERB","True","","","","Ordbank 词头匹配"
"sport","sport","名词","","en","NTNU LearnNoW","10D","10","sporten, sporter, sportene","sport · sporten · sportene · sporter","NOUN","True","","","","Ordbank 词头匹配"
"stakkars","stakkars","形容词","","","NTNU LearnNoW","10A","10","stakkars, stakkars","stakkars","ADJ","True","","","","Ordbank 词头匹配"
"stanse","stanse","动词","","å","NTNU LearnNoW","10C","10","stanser, stanset, har stanset","stans · stansa · stanse · stansede · stansen · stansende · stansene · stanser · stanses · stanset · stansete","VERB","True","","","","Ordbank 词头匹配"
"sterk","sterkere","形容词","","","NTNU LearnNoW","10D","10","","sterk · sterke · sterkere · sterkest · sterkeste · sterkt","ADJ","True","","","","按 Ordbank 屈折形式归回词头"
"størst","størst","形容词","","","NTNU LearnNoW","10D","10","","størst · største","ADJ","True","","","","Ordbank 词头匹配"
"stryke","stryke","动词","","å","NTNU LearnNoW","10A","10","stryker, strøk, har strøket","strøk · strøken · strøket · strøkne · strøyk · stryk · stryke · strykende · stryker · strykes","VERB","True","","","","Ordbank 词头匹配"
"super","super","形容词","","","NTNU LearnNoW","10B","10","supert, supre","super · supert · supre · suprere · suprest · supreste","ADJ","True","","","","Ordbank 词头匹配"
"svare","svare","动词","","å","NTNU LearnNoW","10C","10","svarer, svarte, har svart","svar · svare · svarende · svarer · svarere · svares · svarest · svareste · svart · svarte","VERB","True","","","","Ordbank 词头匹配"
"svikte","svikte","动词","","å","NTNU LearnNoW","10C","10","svikter, sviktet, har sviktet","svikt · svikta · svikte · sviktede · sviktende · svikter · sviktes · sviktet · sviktete","VERB","True","","","","Ordbank 词头匹配"
"tablett","tablett","名词","","en","NTNU LearnNoW","10C","10","tabletten, tabletter, tablettene","tablett · tabletten · tablettene · tabletter","NOUN","True","","","","Ordbank 词头匹配"
"tåke","tåke","名词","","ei","NTNU LearnNoW","10B","10","tåka, tåker, tåkene","tåka · tåke · tåken · tåkene · tåker","NOUN","True","","","","Ordbank 词头匹配"
"taktikk","taktikk","名词","","en","NTNU LearnNoW","10D","10","taktikken, taktikker, taktikkene","taktikk · taktikken · taktikkene · taktikker","NOUN","True","","","","Ordbank 词头匹配"
"tann","tann","名词","","ei","NTNU LearnNoW","10C","10","tanna, tenner, tennene","tann · tanna · tannen · tennene · tenner","NOUN","True","","","","Ordbank 词头匹配"
"tannlege","tannlege","名词","","en","NTNU LearnNoW","10C","10","tannlegen, tannleger, tannlegene","tannlege · tannlegen · tannlegene · tannleger","NOUN","True","","","","Ordbank 词头匹配"
"tannlegetime","tannlegetime","名词","","en","NTNU LearnNoW","10C","10","tannlegetimen, tannlegetimer, tannlegetimene","tannlegetime · tannlegetimen · tannlegetimene · tannlegetimer","NOUN","True","","","","Ordbank 词头匹配"
"tegnefilm","tegnefilm","名词","","en","NTNU LearnNoW","10B","10","tegnefilmen, tegnefilmer, tegnefilmene","tegnefilm · tegnefilmen · tegnefilmene · tegnefilmer","NOUN","True","","","","Ordbank 词头匹配"
"termometer","termometer","名词","","et","NTNU LearnNoW","10A","10","termometeret, termometer, termometerne","termometer · termometera · termometeret · termometre · termometrene","NOUN","True","","","","Ordbank 词头匹配"
"tøff","tøff","形容词","","","NTNU LearnNoW","10D","10","tøft, tøffe","tøff · tøffa · tøffe · tøffene · tøffere · tøffest · tøffeste · tøffet · tøft","ADJ","True","","","","Ordbank 词头匹配"
"tran","tran","名词","","ei","NTNU LearnNoW","10B","10","trana","tran · trana · tranen · tranene · traner","NOUN","True","","","","Ordbank 词头匹配"
"trankapsel","trankapsel","名词","","en","NTNU LearnNoW","10B","10","trankapselen, trankapsler, trankapslene","","","False","","","","存在多个可能词头；需人工消歧"
"travel","travel","形容词","","","NTNU LearnNoW","10B","10","travelt, travle","travel · travelt · travle · travlere · travlest · travleste","ADJ","True","","","","Ordbank 词头匹配"
"trekke","trekke","动词","","å","NTNU LearnNoW","10C","10","trekker, trakk, har trukket","trakk · trekk · trekke · trekkende · trekker · trekkes · trukken · trukket · trukne","VERB","True","","","","Ordbank 词头匹配"
"trener","trener","名词","","en","NTNU LearnNoW","10D","10","treneren, trenere, trenerne","trener · trenere · treneren · trenerne","NOUN","True","","","","Ordbank 词头匹配"
"tro","tro","动词","","å","NTNU LearnNoW","10A","10","tror, trodde, har trodd","tro · troa · trodd · trodde · troen · troende · troene · troer · troet · tror · tros","VERB","True","","","","Ordbank 词头匹配"
"tydelig","tydelig","形容词","","","NTNU LearnNoW","10A","10","tydelig, tydelige","tydelig · tydelige · tydeligere · tydeligst · tydeligste","ADJ","True","","","","Ordbank 词头匹配"
"urolig","urolig","形容词","","","NTNU LearnNoW","10A","10","urolig, urolige","urolig · urolige · uroligere · uroligst · uroligste","ADJ","True","","","","Ordbank 词头匹配"
"utslett","utslett","名词","","et","NTNU LearnNoW","10A","10","utslettet, utslett, utslettene","utslett · utsletta · utslettene · utslettet","NOUN","True","","","","Ordbank 词头匹配"
"vare","vare","动词","","å","NTNU LearnNoW","10C","10","varer, varte, har vart","var · vara · vare · varen · varende · varene · varer · vares · vart · varte","VERB","True","","","","Ordbank 词头匹配"
"varmegrad","varmegrad","名词","","en","NTNU LearnNoW","10A","10","varmegraden, varmegrader, varmegradene","varmegrad · varmegraden · varmegradene · varmegrader","NOUN","True","","","","Ordbank 词头匹配"
"videre","videre","形容词","","","NTNU LearnNoW","10B","10","","videre","ADJ","True","","","","Ordbank 词头匹配"
"virkelig","virkelig","副词","","","NTNU LearnNoW","10B","10","","virkelig · virkelige · virkeligere · virkeligst · virkeligste","ADJ","True","","","","Ordbank 词头匹配"
"alder","alder","名词","","en","NTNU LearnNoW","11D","11","alderen, aldre, aldrene","alder · aldere · alderen · alderne · aldre · aldrene · aldrer","NOUN","True","","","","Ordbank 词头匹配"
"all","all","限定词","","","NTNU LearnNoW","11D","11","","all · alle · alt","DET","True","","","","Ordbank 词头匹配"
"årstid","årstid","名词","","ei","NTNU LearnNoW","11B","11","årstida, årstider, årstidene","årstid · årstida · årstiden · årstidene · årstider","NOUN","True","","","","Ordbank 词头匹配"
"begeistret","begeistret","形容词","","","NTNU LearnNoW","11A","11","begeistret, begeistrede","begeistrede · begeistret · begeistrete","ADJ","True","","","","Ordbank 词头匹配"
"bitte","bitte","副词","","","NTNU LearnNoW","11B","11","","bitte","ADV","True","","","","Ordbank 词头匹配"
"bratt","bratt","形容词","","","NTNU LearnNoW","11B","11","bratt, bratte","bratt · bratte · brattere · brattest · bratteste","ADJ","True","","","","Ordbank 词头匹配"
"bryllup","bryllup","名词","","et","NTNU LearnNoW","11C","11","bryllupet, brylluper, bryllupene","bryllup · bryllupa · bryllupene · brylluper · bryllupet","NOUN","True","","","","Ordbank 词头匹配"
"dikt","dikt","名词","","et","NTNU LearnNoW","11B","11","diktet, dikt, diktene","dikt · dikta · diktene · diktet","NOUN","True","","","","Ordbank 词头匹配"
"dokke","dokke","名词","","ei","NTNU LearnNoW","11A","11","dokka, dokker, dokkene","dokk · dokka · dokke · dokkede · dokken · dokkende · dokkene · dokker · dokkes · dokket · dokkete","NOUN","True","","","","Ordbank 词头匹配"
"dokketeater","dokketeater","名词","","et","NTNU LearnNoW","11A","11","dokketeateret, dokketeatre, dokketeatrene","dokketeater · dokketeatera · dokketeateret · dokketeatre · dokketeatrene","NOUN","True","","","","Ordbank 词头匹配"
"ekte","ekte","形容词","","","NTNU LearnNoW","11B","11","ekte, ekte","ekt · ekta · ekte · ektede · ektende · ekter · ektere · ektes · ektest · ekteste · ektet · ektete","ADJ","True","","","","Ordbank 词头匹配"
"ektepar","ektepar","名词","","et","NTNU LearnNoW","11A","11","ekteparet, ektepar, ekteparene","ektepar · ektepara · ekteparene · ekteparet","NOUN","True","","","","Ordbank 词头匹配"
"endelig","endelig","副词","","","NTNU LearnNoW","11B","11","","endelig · endelige","ADJ","True","","","","Ordbank 词头匹配"
"eventyr","eventyr","名词","","et","NTNU LearnNoW","11A","11","eventyret, eventyr, eventyrene","eventyr · eventyra · eventyrene · eventyret","NOUN","True","","","","Ordbank 词头匹配"
"eventyrteater","eventyrteater","名词","","et","NTNU LearnNoW","11A","11","eventyrteateret, eventyrteatre, eventyrteatrene","","","False","","","","存在多个可能词头；需人工消歧"
"faktisk","faktisk","副词","","","NTNU LearnNoW","11C","11","","faktisk · faktiske","ADJ","True","","","","Ordbank 词头匹配"
"fan","fan","名词","","en","NTNU LearnNoW","11D","11","fansen, fans, fansene","fan · fanen · fanene · fans","NOUN","True","","","","Ordbank 词头匹配"
"fantastisk","fantastisk","形容词","","","NTNU LearnNoW","11C","11","fantastisk, fantastiske","fantastisk · fantastiske","ADJ","True","","","","Ordbank 词头匹配"
"fiskelykke","fiskelykke","名词","","en","NTNU LearnNoW","11B","11","fiskelykken, fiskelykker, fiskelykkene","fiskelykka · fiskelykke · fiskelykken · fiskelykkene · fiskelykker","NOUN","True","","","","Ordbank 词头匹配"
"fiskestang","fiskestang","名词","","ei","NTNU LearnNoW","11B","11","fiskestanga, fiskestanger, fiskestangene","fiskestang · fiskestanga · fiskestangen · fiskestengene · fiskestenger","NOUN","True","","","","Ordbank 词头匹配"
"fjell","fjell","名词","","et","NTNU LearnNoW","11B","11","fjellet, fjell, fjellene","fjell · fjella · fjellene · fjellet","NOUN","True","","","","Ordbank 词头匹配"
"flyplass","flyplass","名词","","en","NTNU LearnNoW","11D","11","flyplassen, flyplasser, flyplassene","flyplass · flyplassen · flyplassene · flyplasser","NOUN","True","","","","Ordbank 词头匹配"
"folk","folk","名词","","et","NTNU LearnNoW","11A","11","folket, folk, folkene","folk · folka · folkene · folket","NOUN","True","","","","Ordbank 词头匹配"
"forestilling","forestilling","名词","","en","NTNU LearnNoW","11A","11","forestillingen, forestillinger, forestillingene","forestilling · forestillinga · forestillingen · forestillingene · forestillinger","NOUN","True","","","","Ordbank 词头匹配"
"galleri","galleri","名词","","et","NTNU LearnNoW","11C","11","galleriet, gallerier, galleriene","galleri · galleria · galleriene · gallerier · galleriet","NOUN","True","","","","Ordbank 词头匹配"
"gammeldags","gammeldags","形容词","","","NTNU LearnNoW","11B","11","gammeldags, gammeldagse","gammeldags · gammeldagse","ADJ","True","","","","Ordbank 词头匹配"
"gratis","gratis","形容词","","","NTNU LearnNoW","11D","11","gratis, gratis","gratis","ADJ","True","","","","Ordbank 词头匹配"
"hjelpsom","hjelpsom","形容词","","","NTNU LearnNoW","11A","11","hjelpsomt, hjelpsome","hjelpsom · hjelpsomme · hjelpsommere · hjelpsomst · hjelpsomste · hjelpsomt","ADJ","True","","","","Ordbank 词头匹配"
"hjemover","hjemover","副词","","","NTNU LearnNoW","11D","11","","hjemover","ADV","True","","","","Ordbank 词头匹配"
"hull","hull","名词","","et","NTNU LearnNoW","11B","11","hullet, hull, hullene","hull · hulla · hulle · hullene · huller · hullet · hult","NOUN","True","","","","Ordbank 词头匹配"
"hyle","hyle","动词","","å","NTNU LearnNoW","11D","11","hyler, hylte, har hylt","hyl · hyle · hylende · hyler · hyles · hylt · hylte","VERB","True","","","","Ordbank 词头匹配"
"hyling","hyling","名词","","en","NTNU LearnNoW","11D","11","hylingen, hylinger, hylingene","hyling · hylinga · hylingen · hylingene · hylinger","NOUN","True","","","","Ordbank 词头匹配"
"hyttetradisjon","hyttetradisjon","名词","","en","NTNU LearnNoW","11B","11","hyttetradisjonen, hyttetradisjoner, hyttetradisjonene","","","False","","","","存在多个可能词头；需人工消歧"
"innover","innover","介词","","","NTNU LearnNoW","11B","11","","innover","ADP","True","","","","Ordbank 词头匹配"
"invitasjon","invitasjon","名词","","en","NTNU LearnNoW","11C","11","invitasjonen, invitasjoner, invitasjonene","invitasjon · invitasjonen · invitasjonene · invitasjoner","NOUN","True","","","","Ordbank 词头匹配"
"kaos","kaos","名词","","et","NTNU LearnNoW","11D","11","kaoset","kaos · kaosa · kaosene · kaoser · kaoset","NOUN","True","","","","Ordbank 词头匹配"
"kjempebra","kjempebra","形容词","","","NTNU LearnNoW","11D","11","kjempebra, kjempebra","kjempebra","ADJ","True","","","","Ordbank 词头匹配"
"kjølig","kjølig","形容词","","","NTNU LearnNoW","11B","11","kjølig, kjølige","kjølig · kjølige · kjøligere · kjøligst · kjøligste","ADJ","True","","","","Ordbank 词头匹配"
"kor","kor","名词","","et","NTNU LearnNoW","11C","11","koret, kor, korene","kor · kora · korene · koret","NOUN","True","","","","Ordbank 词头匹配"
"kultur","kultur","名词","","en","NTNU LearnNoW","11C","11","kulturen, kulturer, kulturene","kultur · kulturen · kulturene · kulturer","NOUN","True","","","","Ordbank 词头匹配"
"kunst","kunst","名词","","en","NTNU LearnNoW","11C","11","kunsten, kunster, kunstene","kunst · kunsten · kunstene · kunster","NOUN","True","","","","Ordbank 词头匹配"
"larm","larm","名词","","en","NTNU LearnNoW","11B","11","larmen","larm · larmen · larmene · larmer","NOUN","True","","","","Ordbank 词头匹配"
"ligne","ligne","动词","","å","NTNU LearnNoW","11D","11","ligner, lignet, har lignet","lign · ligna · ligne · lignede · lignende · ligner · lignes · lignet · lignete","VERB","True","","","","Ordbank 词头匹配"
"liv","liv","名词","","et","NTNU LearnNoW","11B","11","livet, liv, livene","liv · liva · livene · livet","NOUN","True","","","","Ordbank 词头匹配"
"love","love","动词","","å","NTNU LearnNoW","11D","11","lover, lovte, har lovt","lov · lova · lovd · lovde · love · lovede · loven · lovende · lovene · lover · loves · lovet · lovete · lovt · lovte","VERB","True","","","","Ordbank 词头匹配"
"lukte","lukte","动词","","å","NTNU LearnNoW","11B","11","lukter, luktet, har luktet","lukt · lukta · lukte · luktede · luktende · lukter · luktes · luktet · luktete","VERB","True","","","","Ordbank 词头匹配"
"lykke","lykke","名词","","en","NTNU LearnNoW","11D","11","lykken, lykker, lykkene","lykka · lykke · lykken · lykkene · lykker","NOUN","True","","","","Ordbank 词头匹配"
"maleri","maleri","名词","","et","NTNU LearnNoW","11C","11","maleriet, malerier, maleriene","maleri · maleria · maleriene · malerier · maleriet","NOUN","True","","","","Ordbank 词头匹配"
"melding","melding","名词","","ei","NTNU LearnNoW","11D","11","meldinga, meldinger, meldingene","melding · meldinga · meldingen · meldingene · meldinger","NOUN","True","","","","Ordbank 词头匹配"
"mindre","mindre","形容词","","","NTNU LearnNoW","11A","11","","mindre","ADJ","True","","","","Ordbank 词头匹配"
"miste","miste","动词","","å","NTNU LearnNoW","11A","11","mister, mistet, har mistet","mist · mista · miste · mistede · mistende · mister · mistes · mistet · mistete","VERB","True","","","","Ordbank 词头匹配"
"nasjonalgalleri","nasjonalgalleri","名词","","et","NTNU LearnNoW","11C","11","nasjonalgalleriet, nasjonalgallerier, nasjonalgalleriene","nasjonalgalleri · nasjonalgalleria · nasjonalgalleriene · nasjonalgallerier · nasjonalgalleriet","NOUN","True","","","","Ordbank 词头匹配"
"natur","natur","名词","","en","NTNU LearnNoW","11B","11","naturen, naturer, naturene","natur · naturen · naturene · naturer","NOUN","True","","","","Ordbank 词头匹配"
"nede","nede","副词","","","NTNU LearnNoW","11B","11","","nede","ADV","True","","","","Ordbank 词头匹配"
"nordmann","nordmann","名词","","en","NTNU LearnNoW","11B","11","nordmannen, nordmenn, nordmennene","nordmann · nordmannen · nordmenn · nordmennene","NOUN","True","","","","Ordbank 词头匹配"
"opera","opera","名词","","en","NTNU LearnNoW","11C","11","operaen, operaer, operaene","opera · operaen · operaene · operaer","NOUN","True","","","","Ordbank 词头匹配"
"oppleve","oppleve","动词","","å","NTNU LearnNoW","11C","11","opplever, opplevde, har opplevd","opplev · opplevd · opplevde · oppleve · opplevende · opplever · oppleves","VERB","True","","","","Ordbank 词头匹配"
"ordentlig","ordentlig","形容词","","","NTNU LearnNoW","11A","11","ordentlig, ordentlige","ordentlig · ordentlige · ordentligere · ordentligst · ordentligste","ADJ","True","","","","Ordbank 词头匹配"
"ørret","ørret","名词","","en","NTNU LearnNoW","11B","11","ørreten, ørreter, ørretene","ørret · ørreten · ørretene · ørreter","NOUN","True","","","","Ordbank 词头匹配"
"overnatte","overnatte","动词","","å","NTNU LearnNoW","11D","11","overnatter, overnattet, har overnattet","overnatt · overnatta · overnatte · overnattede · overnattende · overnatter · overnattes · overnattet · overnattete","VERB","True","","","","Ordbank 词头匹配"
"politi","politi","名词","","et","NTNU LearnNoW","11D","11","politiet","politi · politia · politien · politiene · politier · politiet","NOUN","True","","","","Ordbank 词头匹配"
"ramme","ramme","名词","","ei","NTNU LearnNoW","11B","11","ramma, rammer, rammene","ram · ramma · ramme · rammede · rammen · rammende · rammene · rammer · rammes · rammet · rammete","NOUN","True","","","","Ordbank 词头匹配"
"ring","ring","名词","","en","NTNU LearnNoW","11A","11","ringen, ringer, ringene","ring · ringa · ringe · ringen · ringene · ringer · ringere · ringest · ringeste · ringet · ringt","NOUN","True","","","","Ordbank 词头匹配"
"romantiker","romantiker","名词","","en","NTNU LearnNoW","11B","11","romantikeren, romantikere, romantikerne","romantiker · romantikere · romantikeren · romantikerne","NOUN","True","","","","Ordbank 词头匹配"
"rotete","rotete","形容词","","","NTNU LearnNoW","11A","11","rotete, rotete","rotete","ADJ","True","","","","Ordbank 词头匹配"
"rusle","rusle","动词","","å","NTNU LearnNoW","11B","11","rusler, ruslet, har ruslet","rusl · rusla · rusle · ruslede · ruslende · rusler · rusles · ruslet · ruslete","VERB","True","","","","Ordbank 词头匹配"
"rydde","rydde","动词","","å","NTNU LearnNoW","11A","11","rydder, ryddet, har ryddet","rydd · rydda · rydde · ryddede · ryddende · rydder · ryddes · ryddet · ryddete","VERB","True","","","","Ordbank 词头匹配"
"ryddig","ryddig","形容词","","","NTNU LearnNoW","11A","11","ryddig, ryddige","ryddig · ryddige · ryddigere · ryddigst · ryddigste","ADJ","True","","","","Ordbank 词头匹配"
"ryggsekk","ryggsekk","名词","","en","NTNU LearnNoW","11B","11","ryggsekken, ryggsekker, ryggsekkene","ryggsekk · ryggsekken · ryggsekkene · ryggsekker","NOUN","True","","","","Ordbank 词头匹配"
"rykte","rykte","名词","","et","NTNU LearnNoW","11D","11","ryktet, rykter, ryktene","rykta · rykte · ryktene · rykter · ryktet","NOUN","True","","","","Ordbank 词头匹配"
"samlet","samlet","形容词","","","NTNU LearnNoW","11D","11","samlet, samlede","","","False","","","","存在多个可能词头；需人工消歧"
"sang","sang","名词","","en","NTNU LearnNoW","11C","11","sangen, sanger, sangene","sang · sangen · sangene · sanger","NOUN","True","","","","Ordbank 词头匹配"
"scene","scene","名词","","en","NTNU LearnNoW","11D","11","scenen, scener, scenene","scene · scenen · scenene · scener","NOUN","True","","","","Ordbank 词头匹配"
"show","show","名词","","et","NTNU LearnNoW","11D","11","showet, show, showene","show · showa · showene · showet","NOUN","True","","","","Ordbank 词头匹配"
"si","si","动词","","","NTNU LearnNoW","11B","11","sin, si, sitt, sine","sa · sagt · sagte · si · sien · siende · siene · sier · sies","VERB; ABBR; SYM; NOUN","True","","","","Ordbank 词头匹配"
"sjekke","sjekke","动词","","å","NTNU LearnNoW","11D","11","sjekker, sjekket, har sjekket","sjekk · sjekka · sjekke · sjekkede · sjekkende · sjekker · sjekkes · sjekket · sjekkete","VERB","True","","","","Ordbank 词头匹配"
"skitten","skitten","形容词","","","NTNU LearnNoW","11A","11","skittent, skitne","skitne · skitnere · skitnest · skitneste · skitten · skittent","ADJ","True","","","","Ordbank 词头匹配"
"skje","skje","动词","","å","NTNU LearnNoW","11D","11","skjer, skjedde, har skjedd","skje · skjea · skjedd · skjedde · skjeen · skjeende · skjeene · skjeer · skjer · skjes","VERB","True","","","","Ordbank 词头匹配"
"skjønnhet","skjønnhet","名词","","en","NTNU LearnNoW","11B","11","skjønnheten, skjønnheter, skjønnhetene","skjønnhet · skjønnheta · skjønnheten · skjønnhetene · skjønnheter","NOUN","True","","","","Ordbank 词头匹配"
"skomaker","skomaker","名词","","en","NTNU LearnNoW","11A","11","skomakeren, skomakere, skomakerne","skomaker · skomakere · skomakeren · skomakerne","NOUN","True","","","","Ordbank 词头匹配"
"skulke","skulke","动词","","å","NTNU LearnNoW","11D","11","skulker, skulket, har skulket","skulk · skulka · skulke · skulkede · skulkende · skulker · skulkes · skulket · skulkete","VERB","True","","","","Ordbank 词头匹配"
"sliten","sliten","形容词","","","NTNU LearnNoW","11B","11","slitent, slitne","sliten · slitent · slitne","ADJ","True","","","","Ordbank 词头匹配"
"slutt","slutt","名词","","en","NTNU LearnNoW","11A","11","slutten, slutter, sluttene","slutt · slutten · sluttene · slutter","NOUN","True","","","","Ordbank 词头匹配"
"sti","sti","名词","","en","NTNU LearnNoW","11B","11","stien, stier, stiene","sti · stia · stien · stiene · stier · stiet","NOUN","True","","","","Ordbank 词头匹配"
"storby","storby","名词","","en","NTNU LearnNoW","11B","11","storbyen, storbyer, storbyene","storby · storbyen · storbyene · storbyer","NOUN","True","","","","Ordbank 词头匹配"
"strøm","strøm","名词","","en","NTNU LearnNoW","11B","11","strømmen, strømmer, strømmene","strøm · strømmen · strømmene · strømmer","NOUN","True","","","","Ordbank 词头匹配"
"synd","synd","名词","","ei","NTNU LearnNoW","11A","11","synda, synder, syndene","synd · synda · synden · syndene · synder","NOUN","True","","","","Ordbank 词头匹配"
"tak","tak","名词","","et","NTNU LearnNoW","11D","11","taket, tak, takene","tak · taka · takene · taket","NOUN","True","","","","Ordbank 词头匹配"
"tankefull","tankefull","形容词","","","NTNU LearnNoW","11A","11","tankefullt, tankefulle","tankefull · tankefulle · tankefullt","ADJ","True","","","","Ordbank 词头匹配"
"tåre","tåre","名词","","en","NTNU LearnNoW","11D","11","tåren, tårer, tårene","tåra · tåre · tåren · tårene · tårer","NOUN","True","","","","Ordbank 词头匹配"
"teater","teater","名词","","et","NTNU LearnNoW","11C","11","teateret, teatre, teatrene","teater · teatera · teateret · teatre · teatrene","NOUN","True","","","","Ordbank 词头匹配"
"teaterforestilling","teaterforestilling","名词","","en","NTNU LearnNoW","11A","11","teaterforestillingen, teaterforestillinger, teaterforestillingene","teaterforestilling · teaterforestillinga · teaterforestillingen · teaterforestillingene · teaterforestillinger","NOUN","True","","","","Ordbank 词头匹配"
"tenåring","tenåring","名词","","en","NTNU LearnNoW","11C","11","tenåringen, tenåringer, tenåringene","tenåring · tenåringen · tenåringene · tenåringer","NOUN","True","","","","Ordbank 词头匹配"
"tenåringsjente","tenåringsjente","名词","","ei","NTNU LearnNoW","11D","11","tenåringsjenta, tenåringsjenter, tenåringsjentene","tenåringsjenta · tenåringsjente · tenåringsjenten · tenåringsjentene · tenåringsjenter","NOUN","True","","","","Ordbank 词头匹配"
"toalett","toalett","名词","","et","NTNU LearnNoW","11B","11","toalettet, toaletter, toalettene","toalett · toaletta · toalettene · toaletter · toalettet","NOUN","True","","","","Ordbank 词头匹配"
"total","totalt","形容词","","","NTNU LearnNoW","11D","11","","totalt","ADJ","True","","","","按 Ordbank 屈折形式归回词头"
"usikker","usikker","形容词","","","NTNU LearnNoW","11D","11","usikkert, usikre","usikker · usikkert · usikre · usikrere · usikrest · usikreste","ADJ","True","","","","Ordbank 词头匹配"
"utedo","utedo","名词","","en","NTNU LearnNoW","11B","11","utedoen, utedoer, utedoene","utedo · utedoa · utedoen · utedoene · utedoer · utedoet","NOUN","True","","","","Ordbank 词头匹配"
"utsikt","utsikt","名词","","en","NTNU LearnNoW","11B","11","utsikten, utsikter, utsiktene","utsikt · utsikten · utsiktene · utsikter","NOUN","True","","","","Ordbank 词头匹配"
"utstilling","utstilling","名词","","en","NTNU LearnNoW","11C","11","utstillingen, utstillinger, utstillingene","utstilling · utstillinga · utstillingen · utstillingene · utstillinger","NOUN","True","","","","Ordbank 词头匹配"
"vakker","vakker","形容词","","","NTNU LearnNoW","11B","11","vakkert, vakre","vakker · vakkert · vakre · vakrere · vakrest · vakreste","ADJ","True","","","","Ordbank 词头匹配"
"ønske","ønske","动词","","å","NTNU LearnNoW; NorweigenLearn 当前词库","12C","12","ønsker – ønsket – har ønsket / ønsker, ønsket, har ønsket","ønsk · ønska · ønske · ønskede · ønskende · ønskene · ønsker · ønskes · ønsket · ønskete · ønskt · ønskte","VERB","True","希望；想要","Jeg ønsker meg en ny jobb.","我希望找到一份新工作。","Ordbank 词头匹配"
"akevitt","akevitt","名词","","en","NTNU LearnNoW","12C","12","akevitten, akevitter, akevittene","akevitt · akevitten · akevittene · akevitter","NOUN","True","","","","Ordbank 词头匹配"
"altfor","altfor","副词","","","NTNU LearnNoW","12B","12","","altfor","ADV","True","","","","Ordbank 词头匹配"
"barnebarn","barnebarn","名词","","et","NTNU LearnNoW","12B","12","barnebarnet, barnebarn, barnebarna","barnebarn · barnebarna · barnebarnene · barnebarnet","NOUN","True","","","","Ordbank 词头匹配"
"be","be","动词","","å","NTNU LearnNoW","12D","12","ber, ba, har bedt","ba · bad · be · bedt · bedte · beende · ber · bes","VERB","True","","","","Ordbank 词头匹配"
"besteforelder","besteforelder","名词","","en","NTNU LearnNoW","12B","12","besteforelderen, besteforeldre, besteforeldrene","besteforelder · besteforelderen · besteforeldra · besteforeldre · besteforeldrene","NOUN","True","","","","Ordbank 词头匹配"
"besteforelder","besteforeldre","名词","","","NTNU LearnNoW","12B","12","besteforeldrene","besteforelder · besteforelderen · besteforeldra · besteforeldre · besteforeldrene","NOUN","True","","","","常见屈折形式/透明构词人工归一；待复核"
"beundre","beundre","动词","","å","NTNU LearnNoW","12B","12","beundrer, beundret, har beundret","beundr · beundra · beundre · beundrede · beundrende · beundrer · beundres · beundret · beundrete","VERB","True","","","","Ordbank 词头匹配"
"bortskjemt","bortskjemt","形容词","","","NTNU LearnNoW","12B","12","bortskjemt, bortskjemte","bortskjemt · bortskjemte","ADJ","True","","","","Ordbank 词头匹配"
"byggesett","byggesett","名词","","et","NTNU LearnNoW","12D","12","byggesettet, byggesett, byggesettene","byggesett · byggesetta · byggesettene · byggesettet","NOUN","True","","","","Ordbank 词头匹配"
"dekorasjon","dekorasjon","名词","","en","NTNU LearnNoW","12C","12","dekorasjonen, dekorasjoner, dekorasjonene","dekorasjon · dekorasjonen · dekorasjonene · dekorasjoner","NOUN","True","","","","Ordbank 词头匹配"
"desember","desember","名词","","","NTNU LearnNoW","12A","12","","desember · desemberen · desemberene · desemberer","NOUN","True","","","","Ordbank 词头匹配"
"din","di","限定词","","","NTNU LearnNoW","12A","12","di, ditt, dine","di · din · dine · ditt","DET","True","","","","常见屈折形式/透明构词人工归一；待复核"
"do","do","名词","","en","NTNU LearnNoW","12C","12","doen, doer, doene","do · doa · doen · doene · doer · doet","NOUN","True","","","","Ordbank 词头匹配"
"dufte","dufte","动词","","å","NTNU LearnNoW","12C","12","dufter, duftet, har duftet","duft · dufta · dufte · duftede · duftende · dufter · duftes · duftet · duftete","VERB","True","","","","Ordbank 词头匹配"
"dunk","dunk","名词","","et","NTNU LearnNoW","12A","12","dunket, dunk, dunkene","dunk · dunka · dunken · dunkene · dunker · dunket","NOUN","True","","","","Ordbank 词头匹配"
"egen","egen","形容词","","","NTNU LearnNoW","12C","12","eget, egne","egen · egent · eget · egne · egnere · egnest · egneste","ADJ","True","","","","Ordbank 词头匹配"
"enig","enig","形容词","","","NTNU LearnNoW","12B","12","enig, enige","enig · enige · enigere · enigst · enigste","ADJ","True","","","","Ordbank 词头匹配"
"eske","eske","名词","","ei","NTNU LearnNoW","12D","12","eska, esker, eskene","esk · eska · eske · eskede · esken · eskende · eskene · esker · eskes · esket · eskete","NOUN","True","","","","Ordbank 词头匹配"
"forsyne","forsyne","动词","","å","NTNU LearnNoW","12C","12","forsyner, forsynte, har forsynt","forsyn · forsyne · forsynende · forsyner · forsynes · forsynt · forsynte","VERB","True","","","","Ordbank 词头匹配"
"fort","fortere","形容词","","","NTNU LearnNoW","12A","12","","fort · forta · forte · fortene · forter · fortere · fortest · forteste · fortet","ADJ","True","","","","按 Ordbank 屈折形式归回词头"
"fotografere","fotografere","动词","","å","NTNU LearnNoW","12A","12","fotograferer, fotograferte, har fotografert","fotografer · fotografere · fotograferende · fotograferer · fotograferes · fotografert · fotograferte","VERB","True","","","","Ordbank 词头匹配"
"glitter","glitter","名词","","et","NTNU LearnNoW","12C","12","glitteret","glitre · glitrene · glitter · glittera · glitteret","NOUN","True","","","","Ordbank 词头匹配"
"hage","hage","名词","","en","NTNU LearnNoW","12A","12","hagen, hager, hagene","hag · haga · hage · hagede · hagen · hagende · hagene · hager · hages · haget · hagete","NOUN","True","","","","Ordbank 词头匹配"
"herlig","herlig","形容词","","","NTNU LearnNoW","12C","12","herlig, herlige","herlig · herlige · herligere · herligst · herligste","ADJ","True","","","","Ordbank 词头匹配"
"juleblomst","juleblomst","名词","","en","NTNU LearnNoW","12C","12","juleblomsten, juleblomster, juleblomstene","","","False","","","","存在多个可能词头；需人工消歧"
"julegaveåpning","julegaveåpning","名词","","ei","NTNU LearnNoW","12D","12","julegaveåpninga, julegaveåpninger, julegaveåpningene","","","False","","","","存在多个可能词头；需人工消歧"
"julepynt","julepynt","名词","","en","NTNU LearnNoW","12C","12","julepynten, julepynter, julepyntene","julepynt · julepynten · julepyntene · julepynter","NOUN","True","","","","Ordbank 词头匹配"
"karamellpudding","karamellpudding","名词","","en","NTNU LearnNoW","12C","12","karamellpuddingen, karamellpuddinger, karamellpuddingene","karamellpudding · karamellpuddingen · karamellpuddingene · karamellpuddinger","NOUN","True","","","","Ordbank 词头匹配"
"kinn","kinn","名词","","et","NTNU LearnNoW","12B","12","kinnet, kinn, kinnene","kinn · kinna · kinnene · kinner · kinnet","NOUN","True","","","","Ordbank 词头匹配"
"kle","kle","动词","","å","NTNU LearnNoW","12A","12","kler, kledde, har kledd","kle · kledd · kledde · kleende · kler · kles","VERB","True","","","","Ordbank 词头匹配"
"lov","lov","名词","","en","NTNU LearnNoW","12D","12","loven, lover, lovene","lov · loven · lovene · lover","NOUN","True","","","","Ordbank 词头匹配"
"lutefisk","lutefisk","名词","","en","NTNU LearnNoW","12C","12","lutefisken, lutefisker, lutefiskene","lutefisk · lutefisken · lutefiskene · lutefisker","NOUN","True","","","","Ordbank 词头匹配"
"man","man","名词","","","NTNU LearnNoW","12C","12","","man · mana · manen · manene · maner","NOUN; PRON","True","","","","Ordbank 词头匹配"
"masse","masse","名词","","","NTNU LearnNoW","12C","12","","masse · massen · massene · masser","NOUN","True","","","","Ordbank 词头匹配"
"matrett","matrett","名词","","en","NTNU LearnNoW","12C","12","matretten, matretter, matrettene","matrett · matretten · matrettene · matretter","NOUN","True","","","","Ordbank 词头匹配"
"merkelig","merkelig","形容词","","","NTNU LearnNoW","12C","12","merkelig, merkelige","merkelig · merkelige · merkeligere · merkeligst · merkeligste","ADJ","True","","","","Ordbank 词头匹配"
"minst","minst","形容词","","","NTNU LearnNoW","12C","12","","minst · minste","ADJ","True","","","","Ordbank 词头匹配"
"nærmere","nærmere","形容词","","","NTNU LearnNoW","12D","12","","nærmere","ADJ","True","","","","Ordbank 词头匹配"
"nisse","nisse","名词","","en","NTNU LearnNoW","12C","12","nissen, nisser, nissene","niss · nissa · nisse · nissede · nissen · nissende · nissene · nisser · nisses · nisset · nissete","NOUN","True","","","","Ordbank 词头匹配"
"nysnø","nysnø","名词","","en","NTNU LearnNoW","12A","12","nysnøen","nysnø · nysnøen · nysnøene · nysnøer","NOUN","True","","","","Ordbank 词头匹配"
"øl","øl","名词","","et","NTNU LearnNoW","12C","12","ølet, øl, ølene","øl · øla · ølen · ølene · øler · ølet","NOUN","True","","","","Ordbank 词头匹配"
"onkel","onkel","名词","","en","NTNU LearnNoW","12D","12","onkelen, onkler, onklene","onkel · onkelen · onklene · onkler","NOUN","True","","","","Ordbank 词头匹配"
"oppå","oppå","介词","","","NTNU LearnNoW","12A","12","","oppå","ADP","True","","","","Ordbank 词头匹配"
"overalt","overalt","副词","","","NTNU LearnNoW","12C","12","","overalt","ADV","True","","","","Ordbank 词头匹配"
"overraskelse","overraskelse","名词","","en","NTNU LearnNoW","12C","12","overraskelsen, overraskelser, overraskelsene","overraskelse · overraskelsen · overraskelsene · overraskelser","NOUN","True","","","","Ordbank 词头匹配"
"pakkesjef","pakkesjef","名词","","en","NTNU LearnNoW","12D","12","pakkesjefen, pakkesjefer, pakkesjefene","","","False","","","","存在多个可能词头；需人工消歧"
"papir","papir","名词","","et","NTNU LearnNoW","12D","12","papiret, papirer, papirene","papir · papira · papirene · papirer · papiret","NOUN","True","","","","Ordbank 词头匹配"
"pinnekjøtt","pinnekjøtt","名词","","et","NTNU LearnNoW","12C","12","pinnekjøttet","pinnekjøtt · pinnekjøtta · pinnekjøttene · pinnekjøttet","NOUN","True","","","","Ordbank 词头匹配"
"presang","presang","名词","","en","NTNU LearnNoW","12B","12","presangen, presanger, presangene","presang · presangen · presangene · presanger","NOUN","True","","","","Ordbank 词头匹配"
"pudding","pudding","名词","","en","NTNU LearnNoW","12C","12","puddingen, puddinger, puddingene","pudding · puddingen · puddingene · puddinger","NOUN","True","","","","Ordbank 词头匹配"
"rett","rett","名词","","en","NTNU LearnNoW","12C","12","retten, retter, rettene","rett · rette · retten · rettene · retter · rettere · rettest · retteste","NOUN","True","","","","Ordbank 词头匹配"
"ribbe","ribbe","名词","","ei","NTNU LearnNoW","12C","12","ribba, ribber, ribbene (uncountable)","ribb · ribba · ribbe · ribbede · ribben · ribbende · ribbene · ribber · ribbes · ribbet · ribbete","NOUN","True","","","","Ordbank 词头匹配"
"rive","rive","动词","","å","NTNU LearnNoW","12D","12","river, reiv, har revet","reiv · rev · reven · revet · revne · riv · riva · rive · riven · rivende · rivene · river · rives","VERB","True","","","","Ordbank 词头匹配"
"servere","servere","动词","","å","NTNU LearnNoW","12C","12","serverer, serverte, har servert","server · servere · serverende · serverer · serveres · servert · serverte","VERB","True","","","","Ordbank 词头匹配"
"skåle","skåle","动词","","å","NTNU LearnNoW","12C","12","skåler, skålte, har skålt","skål · skåle · skålen · skålende · skålene · skåler · skåles · skålt · skålte","VERB","True","","","","Ordbank 词头匹配"
"skeptisk","skeptisk","形容词","","","NTNU LearnNoW","12C","12","skeptisk, skeptiske","skeptisk · skeptiske","ADJ","True","","","","Ordbank 词头匹配"
"skifte","skifte","动词","","å","NTNU LearnNoW","12B","12","skifter, skiftet, har skiftet","skift · skifta · skifte · skiftede · skiftende · skiftene · skifter · skiftes · skiftet · skiftete","VERB","True","","","","Ordbank 词头匹配"
"skjerf","skjerf","名词","","et","NTNU LearnNoW","12A","12","skjerfet, skjerf, skjerfene","skjerf · skjerfa · skjerfene · skjerfet","NOUN","True","","","","Ordbank 词头匹配"
"snø","snø","名词","","","NTNU LearnNoW","12A","12","snøen (uncountable)","snø · snødd · snødde · snøen · snøende · snøene · snøer · snør · snøs","NOUN","True","","","","Ordbank 词头匹配"
"snøball","snøball","名词","","en","NTNU LearnNoW","12A","12","snøballen, snøballer, snøballene","snøball · snøballen · snøballene · snøballer","NOUN","True","","","","Ordbank 词头匹配"
"snøballkrig","snøballkrig","名词","","en","NTNU LearnNoW","12A","12","snøballkrigen, snøballkriger, snøballkrigene","snøballkrig · snøballkrigen · snøballkrigene · snøballkriger","NOUN","True","","","","Ordbank 词头匹配"
"snømann","snømann","名词","","en","NTNU LearnNoW","12A","12","snømannen, snømanner, snømannene","snømann · snømannen · snømenn · snømennene","NOUN","True","","","","Ordbank 词头匹配"
"speilreflekskamera","speilreflekskamera","名词","","et","NTNU LearnNoW","12D","12","speilreflekskameraet, speilreflekskameraer, speilreflekskameraene","speilreflekskamera · speilreflekskameraene · speilreflekskameraer · speilreflekskameraet","NOUN","True","","","","Ordbank 词头匹配"
"svigerforelder","svigerforelder","名词","","en","NTNU LearnNoW","12B","12","svigerforelderen, svigerforeldre, svigerforeldrene","svigerforelder · svigerforelderen · svigerforeldra · svigerforeldre · svigerforeldrene","NOUN","True","","","","Ordbank 词头匹配"
"svigermor","svigermor","名词","","ei","NTNU LearnNoW","12B","12","svigermora, svigermødre, svigermødrene","svigermødre · svigermødrene · svigermødrer · svigermor · svigermora · svigermoren","NOUN","True","","","","Ordbank 词头匹配"
"svineribbe","svineribbe","名词","","ei","NTNU LearnNoW","12C","12","svineribba, svineribber, svineribbene","svineribba · svineribbe · svineribben · svineribbene · svineribber","NOUN","True","","","","Ordbank 词头匹配"
"tante","tante","名词","","ei","NTNU LearnNoW","12D","12","tanta, tanter, tantene","tanta · tante · tanten · tantene · tanter","NOUN","True","","","","Ordbank 词头匹配"
"torsk","torsk","名词","","en","NTNU LearnNoW","12C","12","torsken, torsker, torskene","torsk · torsken · torskene · torsker","NOUN","True","","","","Ordbank 词头匹配"
"tradisjon","tradisjon","名词","","en","NTNU LearnNoW","12B","12","tradisjonen, tradisjoner, tradisjonene","tradisjon · tradisjonen · tradisjonene · tradisjoner","NOUN","True","","","","Ordbank 词头匹配"
"tre","tre","名词","","et","NTNU LearnNoW","12A","12","treet, trær, trærne","trådt · trådte · trær · trærne · tre · trea · tredd · tredde · tredende · treende · treet · trer · tres","NOUN","True","","","","Ordbank 词头匹配"
"tulle","tulle","动词","","å","NTNU LearnNoW","12C","12","tuller, tullet, har tullet","tull · tulla · tulle · tullede · tullen · tullende · tullene · tuller · tulles · tullet · tullete","VERB","True","","","","Ordbank 词头匹配"
"tykk","tykk","形容词","","","NTNU LearnNoW","12A","12","tykt, tykke","tykk · tykke · tykkere · tykkest · tykkeste · tykt","ADJ","True","","","","Ordbank 词头匹配"
"typisk","typisk","形容词","","","NTNU LearnNoW","12D","12","typisk, typiske","typisk · typiske","ADJ","True","","","","Ordbank 词头匹配"
"uskarp","uskarp","形容词","","","NTNU LearnNoW","12A","12","uskarpt, uskarpe","uskarp · uskarpe · uskarpere · uskarpest · uskarpeste · uskarpt","ADJ","True","","","","Ordbank 词头匹配"
"våt","våt","形容词","","","NTNU LearnNoW","12B","12","vått, våte","våt · våte · våtere · våtest · våteste · vått","ADJ","True","","","","Ordbank 词头匹配"
"vinterbilde","vinterbilde","名词","","et","NTNU LearnNoW","12A","12","vinterbildet, vinterbilder, vinterbildene","","","False","","","","存在多个可能词头；需人工消歧"
"vott","vott","名词","","en","NTNU LearnNoW","12A","12","votten, votter, vottene","vott · votten · vottene · votter","NOUN","True","","","","Ordbank 词头匹配"
"aktivitet","aktivitet","名词","","","NorweigenLearn 当前词库","","","en aktivitet – aktiviteten – aktiviteter – aktivitetene","aktivitet · aktiviteten · aktivitetene · aktiviteter","NOUN","True","活动","Vi skal velge en aktivitet for helgen.","我们要为周末选一项活动。","Ordbank 词头匹配"
"beslutning","beslutning","名词","","","NorweigenLearn 当前词库","","","en beslutning – beslutningen – beslutninger – beslutningene","beslutning · beslutninga · beslutningen · beslutningene · beslutninger","NOUN","True","决定","Hun skal ta en viktig beslutning.","她要做一个重要决定。","Ordbank 词头匹配"
"bestå","bestå","动词","","","NorweigenLearn 当前词库","","","bestå – består – besto – bestått","bestå · bestående · består · bestås · bestått · beståtte · besto · bestod","VERB","True","通过（考试）","Jeg består B1.","","Ordbank 词头匹配"
"endring","endring","名词","","","NorweigenLearn 当前词库","","","en endring – endringen – endringer – endringene","endring · endringa · endringen · endringene · endringer","NOUN","True","改变","Jeg vil gjøre noen endringer.","我想做一些改变。","Ordbank 词头匹配"
"energisk","energisk","形容词","","","NorweigenLearn 当前词库","","","mer energisk – mest energisk","energisk · energiske","ADJ","True","精力充沛的","En god rutine gjør meg mer energisk.","良好的习惯让我更有精力。","Ordbank 词头匹配"
"fokusere","fokusere","动词","","","NorweigenLearn 当前词库","","","fokuserer – fokuserte – har fokusert","fokuser · fokusere · fokuserende · fokuserer · fokuseres · fokusert · fokuserte","VERB","True","专注；集中注意力","Jeg skal fokusere mer på norsk.","我会更专注于挪威语。","Ordbank 词头匹配"
"fokusert","fokusert","形容词","","","NorweigenLearn 当前词库","","","mer fokusert – mest fokusert","","","False","专注的","Jeg vil være mer fokusert på norsk.","我想更专注于挪威语。","存在多个可能词头；需人工消歧"
"forandre","forandre","动词","","","NorweigenLearn 当前词库","","","forandrer – forandret – har forandret","forandr · forandra · forandre · forandrede · forandrende · forandrer · forandres · forandret · forandrete","VERB","True","改变；使变化","Små steg kan forandre hverdagen.","小小的进步可以改变日常生活。","Ordbank 词头匹配"
"forbedre","forbedre","动词","","","NorweigenLearn 当前词库","","","forbedrer – forbedret – har forbedret","forbedr · forbedra · forbedre · forbedrede · forbedrende · forbedrer · forbedres · forbedret · forbedrete","VERB","True","改善；提高","Jeg vil forbedre norsken min.","我想提高自己的挪威语。","Ordbank 词头匹配"
"forbedring","forbedring","名词","","","NorweigenLearn 当前词库","","","en forbedring – forbedringen – forbedringer – forbedringene","forbedring · forbedringa · forbedringen · forbedringene · forbedringer","NOUN","True","改善；进步","Jeg merker en forbedring i norsken min.","我感觉自己的挪威语有了进步。","Ordbank 词头匹配"
"forsett","forsett","名词","","","NorweigenLearn 当前词库","","","et forsett – forsettet – forsetter – forsettene","forsett · forsetta · forsettene · forsetter · forsettet","NOUN","True","决心；新年计划","Nyttårsforsettet mitt er å lese mer.","我的新年计划是多读书。","Ordbank 词头匹配"
"framgang","framgang","名词","","","NorweigenLearn 当前词库","","","en framgang – framgangen – framganger – framgangene","framgang · framgangen · framgangene · framganger","NOUN","True","进展；进步","Jeg har hatt god framgang.","我进步很大。","Ordbank 词头匹配"
"framtid","framtid","名词","","","NorweigenLearn 当前词库","","","en framtid – framtiden – framtider – framtidene","framtid · framtida · framtiden · framtidene · framtider","NOUN","True","未来","Vi snakker om framtiden.","我们在谈论未来。","Ordbank 词头匹配"
"fullføre","fullføre","动词","","","NorweigenLearn 当前词库","","","fullfører – fullførte – har fullført","fullfør · fullføre · fullførende · fullfører · fullføres · fullført · fullførte","VERB","True","完成；做完","Jeg skal fullføre kurset.","我准备完成这门课程。","Ordbank 词头匹配"
"glede","glede","名词","","","NorweigenLearn 当前词库","","","en glede – gleden – gleder – gledene","gled · gleda · gledd · gledde · glede · gledede · gleden · gledende · gledene · gleder · gledes · gledet · gledete","NOUN","True","快乐；喜悦","Det blir en glede å møte familien.","见到家人会是一件开心的事。","Ordbank 词头匹配"
"håp","håp","名词","","","NorweigenLearn 当前词库","","","et håp – håpet – håp – håpene","håp · håpa · håpene · håpet","NOUN","True","希望","Jeg håper at det blir fint vær.","我希望天气会很好。","Ordbank 词头匹配"
"innsats","innsats","名词","","","NorweigenLearn 当前词库","","","en innsats – innsatsen – innsatser – innsatsene","innsats · innsatsen · innsatsene · innsatser","NOUN","True","努力；付出","Med jevn innsats lærer jeg mer.","持续努力，我就能学得更多。","Ordbank 词头匹配"
"karriere","karriere","名词","","","NorweigenLearn 当前词库","","","en karriere – karrieren – karrierer – karrierene","karriere · karrieren · karrierene · karrierer","NOUN","True","职业生涯","Hun vil starte en ny karriere.","她想开启一段新的职业生涯。","Ordbank 词头匹配"
"kreativ","kreativ","形容词","","","NorweigenLearn 当前词库","","","mer kreativ – mest kreativ","kreativ · kreative · kreativt","ADJ","True","有创造力的","Hun vil være mer kreativ på jobben.","她想在工作中更有创造力。","Ordbank 词头匹配"
"løsning","løsning","名词","","","NorweigenLearn 当前词库","","","en løsning – løsningen – løsninger – løsningene","løsning · løsninga · løsningen · løsningene · løsninger","NOUN","True","解决办法","Vi skal finne en god løsning.","我们会找到一个好办法。","Ordbank 词头匹配"
"mer","mer","副词","","","NorweigenLearn 当前词库","","","比较级形式常用 mer","mer","ADJ","True","更多；更加","Jeg vil lese mer.","我想多读一些。","Ordbank 词头匹配"
"motivasjon","motivasjon","名词","","","NorweigenLearn 当前词库","","","en motivasjon – motivasjonen – motivasjoner – motivasjonene","motivasjon · motivasjonen · motivasjonene · motivasjoner","NOUN","True","动力","Familien gir meg motivasjon.","家人给我动力。","Ordbank 词头匹配"
"motivert","motivert","形容词","","","NorweigenLearn 当前词库","","","mer motivert – mest motivert","","","False","有动力的","Jeg føler meg mer motivert nå.","我现在感觉更有动力了。","存在多个可能词头；需人工消歧"
"mulighet","mulighet","名词","","","NorweigenLearn 当前词库","","","en mulighet – muligheten – muligheter – mulighetene","mulighet · muligheta · muligheten · mulighetene · muligheter","NOUN","True","机会；可能性","Kanskje får jeg en ny mulighet på jobben.","也许我会在工作中获得一个新机会。","Ordbank 词头匹配"
"nær","nær","介词","","","NorweigenLearn 当前词库","","","nær + 名词；nærmere – nærmest","nær · nære · nærere · nærest · næreste · nærmere · nærmest · nærmeste · nært","ADJ; ADV","True","靠近","Marta vil bo nær fjell og natur.","Marta 想住在靠近山和自然的地方。","Ordbank 词头匹配"
"neste","neste","限定词/形容词","","","NorweigenLearn 当前词库","","","neste uke / neste år","nest · nesta · neste · nestede · nesten · nestende · nestene · nester · nestes · nestet · nestete","ADJ","True","下一个；接下来的","Vi reiser neste sommer.","我们明年夏天旅行。","Ordbank 词头匹配"
"nyttår","nyttår","名词","","","NorweigenLearn 当前词库","","","et nyttår – nyttåret – nyttår – nyttårene","nyttår · nyttåra · nyttårene · nyttåret","NOUN","True","新年","Vi skal feire nyttår med familien.","我们要和家人一起庆祝新年。","Ordbank 词头匹配"
"om","om","介词","","","NorweigenLearn 当前词库","","","snakke om / om fem år","om · omen · omene · omer","ADP","True","关于；在……后","Vi snakker om framtida.","我们在谈论未来。","Ordbank 词头匹配"
"oppdage","oppdage","动词","","","NorweigenLearn 当前词库","","","oppdager – oppdaget – har oppdaget","oppdag · oppdaga · oppdage · oppdagede · oppdagende · oppdager · oppdages · oppdaget · oppdagete","VERB","True","发现；察觉","Jeg kommer til å oppdage nye steder.","我会发现一些新地方。","Ordbank 词头匹配"
"opplevelse","opplevelse","名词","","","NorweigenLearn 当前词库","","","en opplevelse – opplevelsen – opplevelser – opplevelsene","opplevelse · opplevelsen · opplevelsene · opplevelser","NOUN","True","经历；体验","Reisen blir en fin opplevelse.","这次旅行会是一次美好的体验。","Ordbank 词头匹配"
"oppnå","oppnå","动词","","","NorweigenLearn 当前词库","","","oppnår – oppnådde – har oppnådd","oppnå · oppnådd · oppnådde · oppnående · oppnår · oppnås","VERB","True","达到；实现","Jeg håper å oppnå målet mitt.","我希望实现自己的目标。","Ordbank 词头匹配"
"plan","plan","名词","","","NorweigenLearn 当前词库","","","en plan – planen – planer – planene","plan · plana · plane · planen · planene · planer · planere · planest · planeste · planet · plant","NOUN","True","计划","Vi har en plan for neste år.","我们对明年有一个计划。","Ordbank 词头匹配"
"positiv","positiv","形容词","","","NorweigenLearn 当前词库","","","mer positiv – mest positiv","positiv · positiva · positive · positiven · positivene · positiver · positivet · positivt","ADJ","True","积极的；正面的","Jeg prøver å være mer positiv.","我努力让自己更积极。","Ordbank 词头匹配"
"prioritere","prioritere","动词","","","NorweigenLearn 当前词库","","","prioriterer – prioriterte – har prioritert","prioriter · prioritere · prioriterende · prioriterer · prioriteres · prioritert · prioriterte","VERB","True","优先安排；优先考虑","Jeg vil prioritere helsa mi.","我想把健康放在优先位置。","Ordbank 词头匹配"
"reise","reise","名词","","","NorweigenLearn 当前词库","","","ei reise – reisa – reiser – reisene","reis · reisa · reise · reisen · reisende · reisene · reiser · reises · reist · reiste","NOUN","True","旅行；旅程","Jeg skal planlegge ei reise.","我打算计划一次旅行。","Ordbank 词头匹配"
"rolig","rolig","形容词","","","NorweigenLearn 当前词库","","","roligere – roligst","rolig · rolige · roligere · roligst · roligste","ADJ","True","平静的；安静的","Det blir roligere etter ferien.","假期后会安静一些。","Ordbank 词头匹配"
"rutine","rutine","名词","","","NorweigenLearn 当前词库","","","en rutine – rutinen – rutiner – rutinene","rutine · rutinen · rutinene · rutiner","NOUN","True","日常习惯；固定程序","Jeg skal lage en ny rutine.","我打算建立一个新的日常习惯。","Ordbank 词头匹配"
"selge","selge","动词","","","NorweigenLearn 当前词库","","","selge – selger – solgte – solgt","selg · selge · selgende · selger · selges · solgt · solgte","VERB","True","卖","Jeg selger bilen.","","Ordbank 词头匹配"
"skape","skape","动词","","","NorweigenLearn 当前词库","","","skaper – skapte – har skapt","skap · skape · skapende · skaper · skapes · skapt · skapte","VERB","True","创造；营造","Vi kan skape en god rutine.","我们可以建立一个好习惯。","Ordbank 词头匹配"
"søke","søke","动词","","","NorweigenLearn 当前词库","","","søke – søker – søkte – søkt","søk · søke · søkende · søker · søkes · søkt · søkte","VERB","True","申请、搜索","Jeg søker på en jobb.","","Ordbank 词头匹配"
"spare","spare","动词","","","NorweigenLearn 当前词库","","","sparer – sparte – har spart","spar · spare · sparende · sparer · spares · spart · sparte","VERB","True","存钱；节省","Jeg vil spare mer penger.","我想多存一些钱。","Ordbank 词头匹配"
"suksess","suksess","名词","","","NorweigenLearn 当前词库","","","en suksess – suksessen – suksesser – suksessene","suksess · suksessen · suksessene · suksesser","NOUN","True","成功","Små steg kan føre til suksess.","小小的进步也能带来成功。","Ordbank 词头匹配"
"sunn","sunn","形容词","","","NorweigenLearn 当前词库","","","sunnere – sunnest","sunn · sunne · sunnere · sunnest · sunneste · sunt","ADJ","True","健康的","Jeg vil spise sunnere.","我想吃得更健康。","Ordbank 词头匹配"
"tålmodig","tålmodig","形容词","","","NorweigenLearn 当前词库","","","mer tålmodig – mest tålmodig","tålmodig · tålmodige · tålmodigere · tålmodigst · tålmodigste","ADJ","True","有耐心的","Jeg skal være tålmodig og øve litt hver dag.","我会耐心一些，每天练习一点。","Ordbank 词头匹配"
"trene","trene","动词","","","NorweigenLearn 当前词库","","","trener – trente – har trent","tren · trena · trene · trenede · trenende · trener · trenes · trenet · trenete · trent · trente","VERB","True","锻炼；训练","Jeg skal trene tre ganger i uka.","我每周要锻炼三次。","Ordbank 词头匹配"
"utvikling","utvikling","名词","","","NorweigenLearn 当前词库","","","en utvikling – utviklingen – utviklinger – utviklingene","utvikling · utviklinga · utviklingen · utviklingene · utviklinger","NOUN","True","发展；进步","Jeg ser en positiv utvikling.","我看到了积极的进步。","Ordbank 词头匹配"
"valg","valg","名词","","","NorweigenLearn 当前词库","","","et valg – valget – valg – valgene","valg · valga · valgene · valget","NOUN","True","选择","Det er et viktig valg.","这是一个重要的选择。","Ordbank 词头匹配"
"vennskap","vennskap","名词","","","NorweigenLearn 当前词库","","","et vennskap – vennskapet – vennskap – vennskapene","vennskap · vennskapa · vennskapene · vennskapet","NOUN","True","友谊","Et godt vennskap betyr mye.","一段美好的友谊很重要。","Ordbank 词头匹配"
